from date,NH3,NO2,NO,NOx,CO,Ozone,SO2,Benzene,Eth-Benzene,Toluene,PM2.5,PM10,AT,RH,RF,SR,WD,WS,Temp,to date,station
01-Jan-2019 - 00:00,15.47,33.38,9.88,25.78,1.02,100.95,9.18,2.26,1.64,7.79,51.23,115.18,26.62,30.06,0.0,60.81,160.27,1.6,29.56,02-Jan-2019 - 00:00,"Bhopal Chauraha, Dewas - MPPCB"
02-Jan-2019 - 00:00,16.42,39.88,4.75,25.07,0.72,104.45,34.14,2.5,1.71,10.58,68.68,147.57,26.77,32.42,0.0,58.76,224.58,2.64,29.08,03-Jan-2019 - 00:00,"Bhopal Chauraha, Dewas - MPPCB"
03-Jan-2019 - 00:00,22.5,37.59,2.15,21.73,0.52,31.14,4.77,1.99,1.06,12.67,49.02,117.21,26.54,37.36,0.0,73.47,83.89,2.39,28.43,04-Jan-2019 - 00:00,"Bhopal Chauraha, Dewas - MPPCB"
04-Jan-2019 - 00:00,24.44,42.21,2.99,24.87,0.39,20.97,5.29,1.59,0.88,19.08,56.57,122.0,25.8,42.73,0.0,58.5,115.18,1.93,28.57,05-Jan-2019 - 00:00,"Bhopal Chauraha, Dewas - MPPCB"
05-Jan-2019 - 00:00,26.83,44.07,6.51,28.73,0.63,21.89,5.39,2.91,2.19,55.24,78.02,175.05,26.78,40.92,0.0,58.77,208.08,2.26,28.92,06-Jan-2019 - 00:00,"Bhopal Chauraha, Dewas - MPPCB"
06-Jan-2019 - 00:00,24.91,40.24,3.52,24.27,0.56,24.46,5.4,2.78,3.02,53.03,68.08,168.98,25.55,43.22,0.0,57.93,195.17,2.96,28.7,07-Jan-2019 - 00:00,"Bhopal Chauraha, Dewas - MPPCB"
07-Jan-2019 - 00:00,28.89,37.13,2.61,21.88,0.63,23.26,5.7,3.22,1.02,15.73,159.04,246.67,22.95,70.86,0.0,47.26,79.22,3.27,28.72,08-Jan-2019 - 00:00,"Bhopal Chauraha, Dewas - MPPCB"
08-Jan-2019 - 00:00,30.18,38.7,2.94,22.98,0.55,25.48,6.29,2.6,48.77,19.06,110.89,166.3,23.77,61.1,0.0,58.93,106.99,2.08,29.32,09-Jan-2019 - 00:00,"Bhopal Chauraha, Dewas - MPPCB"
09-Jan-2019 - 00:00,28.99,38.2,2.61,22.45,0.52,24.79,5.21,2.24,0.96,15.09,83.73,154.1,24.36,50.18,0.0,56.86,75.04,1.83,29.03,10-Jan-2019 - 00:00,"Bhopal Chauraha, Dewas - MPPCB"
10-Jan-2019 - 00:00,28.68,38.07,5.15,24.45,0.6,18.05,3.96,2.03,1.17,15.48,67.5,154.49,24.26,48.95,0.0,59.06,88.62,1.9,29.16,11-Jan-2019 - 00:00,"Bhopal Chauraha, Dewas - MPPCB"
11-Jan-2019 - 00:00,30.13,39.94,3.69,24.26,0.56,11.93,5.25,1.87,1.13,17.52,57.05,143.2,24.86,49.05,0.0,56.8,95.77,1.79,29.46,12-Jan-2019 - 00:00,"Bhopal Chauraha, Dewas - MPPCB"
12-Jan-2019 - 00:00,32.17,37.84,2.45,22.13,0.55,11.95,8.32,1.86,1.03,18.05,65.62,146.11,24.98,52.14,0.0,53.1,101.54,2.24,29.49,13-Jan-2019 - 00:00,"Bhopal Chauraha, Dewas - MPPCB"
13-Jan-2019 - 00:00,30.36,34.9,2.14,20.3,0.46,15.58,7.66,1.72,0.75,14.04,64.22,135.12,25.04,53.61,0.0,56.91,75.04,2.28,29.53,14-Jan-2019 - 00:00,"Bhopal Chauraha, Dewas - MPPCB"
14-Jan-2019 - 00:00,29.62,32.73,2.32,19.29,0.56,13.33,7.17,2.12,0.71,13.12,98.01,175.83,24.12,58.27,0.0,57.27,81.32,3.06,29.13,15-Jan-2019 - 00:00,"Bhopal Chauraha, Dewas - MPPCB"
15-Jan-2019 - 00:00,28.26,37.0,3.27,22.34,0.7,13.52,6.29,1.98,0.86,14.25,71.83,151.24,24.41,46.93,0.0,60.16,94.42,1.28,28.75,16-Jan-2019 - 00:00,"Bhopal Chauraha, Dewas - MPPCB"
16-Jan-2019 - 00:00,29.7,36.83,5.67,24.2,0.55,10.7,7.04,1.86,1.1,21.16,43.73,105.12,26.19,33.23,0.0,62.99,141.27,1.22,29.03,17-Jan-2019 - 00:00,"Bhopal Chauraha, Dewas - MPPCB"
17-Jan-2019 - 00:00,31.97,42.93,4.76,26.71,0.53,11.16,6.43,2.46,1.79,44.33,48.67,124.92,26.82,32.78,0.0,60.36,174.19,1.8,29.22,18-Jan-2019 - 00:00,"Bhopal Chauraha, Dewas - MPPCB"
18-Jan-2019 - 00:00,31.49,35.36,4.2,22.22,0.53,19.22,4.94,1.57,0.92,19.49,41.15,117.14,25.66,39.44,0.0,62.95,89.49,2.58,28.82,19-Jan-2019 - 00:00,"Bhopal Chauraha, Dewas - MPPCB"
19-Jan-2019 - 00:00,32.76,33.25,5.35,22.04,0.5,22.64,6.74,1.34,0.75,17.56,35.61,89.81,26.46,33.46,0.0,63.78,121.04,1.88,28.78,20-Jan-2019 - 00:00,"Bhopal Chauraha, Dewas - MPPCB"
20-Jan-2019 - 00:00,31.69,38.77,6.86,26.21,0.67,21.95,6.61,2.39,1.38,48.53,57.17,123.92,27.74,31.84,0.0,62.09,192.03,1.51,28.39,21-Jan-2019 - 00:00,"Bhopal Chauraha, Dewas - MPPCB"
21-Jan-2019 - 00:00,32.76,31.52,2.49,18.79,0.58,33.23,6.06,2.36,1.65,60.72,63.04,167.21,28.09,33.69,0.0,55.07,226.25,3.29,28.68,22-Jan-2019 - 00:00,"Bhopal Chauraha, Dewas - MPPCB"
22-Jan-2019 - 00:00,34.71,31.77,2.98,19.32,0.41,47.17,8.05,3.0,3.03,88.46,71.67,187.12,26.23,52.35,0.0,58.46,274.22,3.03,29.38,23-Jan-2019 - 00:00,"Bhopal Chauraha, Dewas - MPPCB"
23-Jan-2019 - 00:00,28.44,32.2,4.06,20.43,0.53,9.75,6.85,1.81,1.62,37.71,49.62,152.17,25.75,51.88,0.0,61.02,165.01,1.15,29.01,24-Jan-2019 - 00:00,"Bhopal Chauraha, Dewas - MPPCB"
24-Jan-2019 - 00:00,29.61,30.68,3.29,18.98,0.41,18.74,5.29,1.9,0.76,15.37,84.5,160.96,24.76,63.73,0.0,53.04,83.07,2.9,28.54,25-Jan-2019 - 00:00,"Bhopal Chauraha, Dewas - MPPCB"
25-Jan-2019 - 00:00,28.23,23.18,2.05,14.0,0.34,23.36,5.54,1.7,0.48,8.69,96.62,145.42,23.6,81.12,0.0,36.92,64.38,3.94,28.39,26-Jan-2019 - 00:00,"Bhopal Chauraha, Dewas - MPPCB"
26-Jan-2019 - 00:00,18.93,22.5,1.92,13.53,0.34,25.88,5.82,1.39,0.46,9.59,58.29,106.42,23.21,68.56,0.0,59.89,74.61,4.8,28.49,27-Jan-2019 - 00:00,"Bhopal Chauraha, Dewas - MPPCB"
27-Jan-2019 - 00:00,16.49,22.94,1.82,13.67,0.47,25.52,5.77,1.11,0.39,8.93,45.96,93.88,22.38,54.59,0.0,63.98,70.01,3.99,28.45,28-Jan-2019 - 00:00,"Bhopal Chauraha, Dewas - MPPCB"
28-Jan-2019 - 00:00,21.59,25.31,2.06,15.14,0.52,23.44,6.74,1.25,0.41,9.51,47.75,107.21,22.49,45.35,0.0,65.93,77.7,3.92,27.98,29-Jan-2019 - 00:00,"Bhopal Chauraha, Dewas - MPPCB"
29-Jan-2019 - 00:00,27.16,31.59,3.47,19.63,0.39,22.82,7.7,1.38,1.33,11.9,43.08,107.67,22.99,38.59,0.0,66.66,90.82,2.58,27.49,30-Jan-2019 - 00:00,"Bhopal Chauraha, Dewas - MPPCB"
30-Jan-2019 - 00:00,28.59,35.61,6.3,24.05,0.49,20.13,6.58,1.68,1.84,21.29,45.42,106.58,24.31,34.94,0.0,66.98,124.74,1.96,27.65,31-Jan-2019 - 00:00,"Bhopal Chauraha, Dewas - MPPCB"
31-Jan-2019 - 00:00,27.64,28.33,2.27,16.91,0.35,20.36,6.42,1.39,0.8,31.03,40.46,120.88,25.74,34.35,0.0,53.61,183.85,2.44,27.8,01-Feb-2019 - 00:00,"Bhopal Chauraha, Dewas - MPPCB"
01-Feb-2019 - 00:00,31.29,37.74,5.69,24.7,0.46,21.25,7.27,2.41,1.83,32.2,71.92,157.0,26.51,40.46,0.0,57.77,140.22,2.27,27.93,02-Feb-2019 - 00:00,"Bhopal Chauraha, Dewas - MPPCB"
02-Feb-2019 - 00:00,31.7,29.32,2.16,17.35,0.41,23.55,7.12,1.54,0.68,13.28,76.84,140.46,24.99,57.78,0.0,57.6,82.51,3.77,27.69,03-Feb-2019 - 00:00,"Bhopal Chauraha, Dewas - MPPCB"
03-Feb-2019 - 00:00,24.87,28.47,1.92,16.69,0.36,23.64,6.79,1.9,0.5,23.57,96.25,165.89,25.95,57.64,0.0,51.04,128.5,2.95,28.09,04-Feb-2019 - 00:00,"Bhopal Chauraha, Dewas - MPPCB"
04-Feb-2019 - 00:00,,,,,0.28,10.13,,3.13,0.6,24.5,110.0,173.5,25.23,72.67,0.0,2.0,86.5,3.3,,05-Feb-2019 - 00:00,"Bhopal Chauraha, Dewas - MPPCB"
05-Feb-2019 - 00:00,44.54,25.88,3.04,16.23,0.54,21.3,5.62,2.15,0.95,84.05,60.11,145.94,29.7,33.3,0.0,44.08,228.07,2.52,28.74,06-Feb-2019 - 00:00,"Bhopal Chauraha, Dewas - MPPCB"
06-Feb-2019 - 00:00,55.31,30.77,3.31,19.06,0.47,27.57,5.36,2.47,1.81,89.34,76.23,185.61,27.13,41.54,0.0,54.1,265.9,3.59,29.4,07-Feb-2019 - 00:00,"Bhopal Chauraha, Dewas - MPPCB"
07-Feb-2019 - 00:00,38.86,27.39,2.28,16.42,0.5,24.55,6.34,2.06,1.31,88.38,42.82,159.38,21.56,45.65,0.0,66.46,269.58,4.87,29.04,08-Feb-2019 - 00:00,"Bhopal Chauraha, Dewas - MPPCB"
08-Feb-2019 - 00:00,30.21,29.04,3.18,18.03,0.37,20.46,5.44,1.55,1.07,67.82,62.57,260.96,20.13,37.02,0.0,68.46,210.23,2.62,28.9,09-Feb-2019 - 00:00,"Bhopal Chauraha, Dewas - MPPCB"
09-Feb-2019 - 00:00,27.3,29.29,2.75,17.82,0.44,21.49,5.93,1.22,0.62,28.83,37.99,160.44,19.38,34.44,0.0,71.84,99.39,3.44,28.81,10-Feb-2019 - 00:00,"Bhopal Chauraha, Dewas - MPPCB"
10-Feb-2019 - 00:00,24.81,37.99,4.92,24.21,0.57,21.44,4.79,1.76,0.7,51.61,35.91,111.04,20.19,34.19,0.0,71.73,109.58,2.32,29.02,11-Feb-2019 - 00:00,"Bhopal Chauraha, Dewas - MPPCB"
11-Feb-2019 - 00:00,33.19,38.73,4.49,24.24,0.38,21.08,5.69,1.69,0.77,58.91,38.49,122.65,21.48,37.47,0.0,69.28,119.89,2.78,28.87,12-Feb-2019 - 00:00,"Bhopal Chauraha, Dewas - MPPCB"
12-Feb-2019 - 00:00,39.95,35.23,3.65,21.71,0.4,21.11,7.0,1.59,0.79,63.36,49.04,130.05,23.45,42.94,0.0,65.34,166.66,2.54,28.82,13-Feb-2019 - 00:00,"Bhopal Chauraha, Dewas - MPPCB"
13-Feb-2019 - 00:00,40.83,33.86,4.06,21.31,0.29,20.2,5.69,1.71,0.81,74.27,62.78,143.9,24.69,47.12,0.0,50.21,175.29,2.55,29.0,14-Feb-2019 - 00:00,"Bhopal Chauraha, Dewas - MPPCB"
14-Feb-2019 - 00:00,38.05,32.7,4.14,20.76,0.34,20.88,7.55,1.61,1.12,73.39,50.46,104.88,24.62,51.07,0.0,59.89,189.94,2.89,29.07,15-Feb-2019 - 00:00,"Bhopal Chauraha, Dewas - MPPCB"
15-Feb-2019 - 00:00,43.94,34.18,3.71,21.19,0.4,21.52,6.28,1.87,1.13,70.67,48.61,125.15,23.46,43.74,0.0,66.82,193.73,2.63,29.24,16-Feb-2019 - 00:00,"Bhopal Chauraha, Dewas - MPPCB"
16-Feb-2019 - 00:00,43.06,33.02,2.94,19.95,0.41,22.95,6.88,1.56,0.71,27.12,57.54,129.97,21.79,49.53,0.0,68.6,76.64,3.23,28.72,17-Feb-2019 - 00:00,"Bhopal Chauraha, Dewas - MPPCB"
17-Feb-2019 - 00:00,32.49,36.8,3.56,22.46,0.39,21.83,6.75,1.42,0.76,46.01,36.21,92.31,21.95,38.84,0.0,74.22,128.33,2.24,28.94,18-Feb-2019 - 00:00,"Bhopal Chauraha, Dewas - MPPCB"
18-Feb-2019 - 00:00,37.7,38.39,4.63,24.18,0.45,20.68,8.24,2.64,1.85,96.87,56.16,158.75,23.61,31.97,0.0,44.91,262.27,2.14,28.52,19-Feb-2019 - 00:00,"Bhopal Chauraha, Dewas - MPPCB"
19-Feb-2019 - 00:00,35.07,38.94,6.52,26.01,0.6,20.41,5.75,2.51,4.5,107.07,46.53,128.69,24.66,30.69,0.0,70.46,241.79,2.22,29.02,20-Feb-2019 - 00:00,"Bhopal Chauraha, Dewas - MPPCB"
20-Feb-2019 - 00:00,37.18,37.57,11.26,29.13,0.55,21.1,5.64,1.74,1.62,83.14,30.35,100.05,25.73,27.03,0.0,71.79,155.58,2.34,28.99,21-Feb-2019 - 00:00,"Bhopal Chauraha, Dewas - MPPCB"
21-Feb-2019 - 00:00,42.24,34.21,5.95,23.04,0.31,22.71,7.46,2.11,1.28,86.27,52.83,136.75,26.31,37.52,0.0,67.93,227.03,3.34,29.04,22-Feb-2019 - 00:00,"Bhopal Chauraha, Dewas - MPPCB"
22-Feb-2019 - 00:00,41.33,33.3,4.2,21.13,0.42,21.09,6.35,1.53,1.16,67.68,34.84,98.88,24.89,45.66,0.0,73.48,185.67,2.89,29.04,23-Feb-2019 - 00:00,"Bhopal Chauraha, Dewas - MPPCB"
23-Feb-2019 - 00:00,40.75,34.71,4.56,22.18,0.45,17.67,6.83,1.65,1.0,44.21,40.39,121.44,23.81,51.23,0.0,66.33,102.53,3.1,29.09,24-Feb-2019 - 00:00,"Bhopal Chauraha, Dewas - MPPCB"
24-Feb-2019 - 00:00,37.16,36.87,4.39,23.18,0.34,20.5,8.47,1.48,0.84,64.66,32.81,105.08,23.64,42.18,0.0,58.07,189.17,2.79,29.24,25-Feb-2019 - 00:00,"Bhopal Chauraha, Dewas - MPPCB"
25-Feb-2019 - 00:00,34.99,32.94,3.89,20.67,0.44,21.43,7.99,1.7,1.04,79.01,36.07,123.59,23.65,28.84,0.0,77.69,247.06,3.03,29.01,26-Feb-2019 - 00:00,"Bhopal Chauraha, Dewas - MPPCB"
26-Feb-2019 - 00:00,32.38,34.06,7.07,23.87,0.56,20.39,9.48,2.24,2.8,98.03,57.08,211.12,23.64,32.7,0.0,74.4,276.17,3.92,29.01,27-Feb-2019 - 00:00,"Bhopal Chauraha, Dewas - MPPCB"
27-Feb-2019 - 00:00,35.96,33.51,4.03,21.1,0.46,20.71,6.79,1.58,1.2,90.68,42.0,118.92,22.52,50.27,0.01,65.65,255.01,3.31,29.07,28-Feb-2019 - 00:00,"Bhopal Chauraha, Dewas - MPPCB"
28-Feb-2019 - 00:00,34.19,35.39,3.98,22.07,0.38,20.43,8.01,1.06,0.72,43.47,28.94,95.44,21.35,44.49,0.0,86.29,92.16,3.59,29.07,01-Mar-2019 - 00:00,"Bhopal Chauraha, Dewas - MPPCB"
01-Mar-2019 - 00:00,33.25,35.77,3.97,22.25,0.37,24.29,7.87,1.06,0.59,42.24,22.57,82.3,21.86,33.65,0.0,86.28,103.38,3.64,29.36,02-Mar-2019 - 00:00,"Bhopal Chauraha, Dewas - MPPCB"
02-Mar-2019 - 00:00,33.78,36.14,4.25,22.68,0.42,25.87,8.97,1.3,1.14,53.69,37.61,109.73,23.86,34.33,0.0,75.65,144.09,3.32,29.24,03-Mar-2019 - 00:00,"Bhopal Chauraha, Dewas - MPPCB"
03-Mar-2019 - 00:00,31.72,32.92,3.04,19.99,0.4,23.15,7.89,1.88,1.23,91.67,52.97,165.27,25.32,36.66,0.0,76.97,250.26,3.74,29.45,04-Mar-2019 - 00:00,"Bhopal Chauraha, Dewas - MPPCB"
04-Mar-2019 - 00:00,30.19,33.73,4.61,21.7,0.51,20.77,8.44,1.78,1.4,97.17,50.77,190.4,24.1,53.41,0.0,68.15,281.14,3.38,29.69,05-Mar-2019 - 00:00,"Bhopal Chauraha, Dewas - MPPCB"
05-Mar-2019 - 00:00,32.53,33.19,3.21,20.26,0.44,22.74,9.11,1.35,0.78,50.26,41.59,113.0,22.89,41.43,0.0,84.64,144.32,3.17,29.23,06-Mar-2019 - 00:00,"Bhopal Chauraha, Dewas - MPPCB"
06-Mar-2019 - 00:00,34.52,39.08,5.81,25.51,0.39,20.24,8.79,1.71,1.07,69.35,42.53,112.71,23.26,36.12,0.0,85.98,154.24,2.2,29.31,07-Mar-2019 - 00:00,"Bhopal Chauraha, Dewas - MPPCB"
07-Mar-2019 - 00:00,35.74,38.35,5.59,24.94,0.39,20.26,7.16,1.53,0.97,71.94,41.72,90.34,24.04,29.84,0.0,87.09,153.5,2.19,29.25,08-Mar-2019 - 00:00,"Bhopal Chauraha, Dewas - MPPCB"
08-Mar-2019 - 00:00,35.34,36.29,4.38,22.86,0.33,21.98,8.09,1.61,1.13,86.73,37.4,113.3,25.07,28.5,0.0,84.22,205.57,2.55,29.3,09-Mar-2019 - 00:00,"Bhopal Chauraha, Dewas - MPPCB"
09-Mar-2019 - 00:00,35.97,34.62,3.7,21.43,0.39,22.22,8.29,1.65,1.12,85.19,41.23,140.2,24.78,31.52,0.0,88.67,262.92,3.67,29.52,10-Mar-2019 - 00:00,"Bhopal Chauraha, Dewas - MPPCB"
10-Mar-2019 - 00:00,31.33,39.76,5.72,25.8,0.54,20.92,7.79,2.13,2.27,95.82,49.77,153.05,25.08,29.67,0.0,82.89,227.86,2.32,30.0,11-Mar-2019 - 00:00,"Bhopal Chauraha, Dewas - MPPCB"
11-Mar-2019 - 00:00,35.3,35.8,5.01,23.11,0.41,21.58,7.35,2.13,2.39,96.07,60.31,182.55,25.55,30.35,0.0,81.29,266.71,3.34,29.59,12-Mar-2019 - 00:00,"Bhopal Chauraha, Dewas - MPPCB"
12-Mar-2019 - 00:00,34.52,37.21,4.06,23.09,0.44,23.96,6.41,1.34,0.96,61.81,39.24,144.35,24.99,24.92,0.0,87.44,181.3,3.0,29.63,13-Mar-2019 - 00:00,"Bhopal Chauraha, Dewas - MPPCB"
13-Mar-2019 - 00:00,35.64,40.11,4.8,25.23,0.35,21.67,7.79,1.62,1.24,71.32,39.56,146.69,25.56,24.64,0.0,86.03,188.04,2.6,29.63,14-Mar-2019 - 00:00,"Bhopal Chauraha, Dewas - MPPCB"
14-Mar-2019 - 00:00,35.61,36.88,3.83,22.72,0.46,22.73,7.46,1.79,1.3,75.78,43.32,158.34,25.26,30.78,0.0,82.01,230.48,3.09,29.66,15-Mar-2019 - 00:00,"Bhopal Chauraha, Dewas - MPPCB"
15-Mar-2019 - 00:00,34.94,37.47,3.43,22.72,0.34,23.02,8.97,1.31,0.76,54.04,36.93,125.57,24.18,32.69,0.0,88.51,114.29,3.64,29.6,16-Mar-2019 - 00:00,"Bhopal Chauraha, Dewas - MPPCB"
16-Mar-2019 - 00:00,36.98,37.52,3.36,22.69,0.43,24.89,8.34,1.05,0.49,33.38,33.94,138.03,24.46,35.92,0.0,88.03,87.11,4.3,29.69,17-Mar-2019 - 00:00,"Bhopal Chauraha, Dewas - MPPCB"
17-Mar-2019 - 00:00,32.31,38.48,2.91,22.83,0.41,23.02,9.79,1.11,0.57,42.19,34.3,114.91,25.06,31.33,0.0,84.12,108.32,3.75,30.14,18-Mar-2019 - 00:00,"Bhopal Chauraha, Dewas - MPPCB"
18-Mar-2019 - 00:00,36.37,40.58,4.18,24.98,0.36,23.85,9.18,1.18,0.66,50.84,35.99,120.95,25.4,28.41,0.0,90.29,114.66,2.96,29.73,19-Mar-2019 - 00:00,"Bhopal Chauraha, Dewas - MPPCB"
19-Mar-2019 - 00:00,40.14,43.95,7.75,29.67,0.38,21.69,8.83,1.53,1.09,74.72,36.71,122.02,26.38,22.01,0.0,88.82,145.56,2.09,29.76,20-Mar-2019 - 00:00,"Bhopal Chauraha, Dewas - MPPCB"
20-Mar-2019 - 00:00,41.5,41.67,14.97,34.34,0.4,21.85,9.05,2.41,2.7,88.32,50.75,155.21,27.17,22.06,0.0,85.0,236.47,2.55,29.64,21-Mar-2019 - 00:00,"Bhopal Chauraha, Dewas - MPPCB"
21-Mar-2019 - 00:00,37.01,32.23,3.11,19.67,0.44,22.97,9.34,1.42,0.81,76.38,34.4,98.04,26.28,24.35,0.0,99.4,229.54,2.94,30.19,22-Mar-2019 - 00:00,"Bhopal Chauraha, Dewas - MPPCB"
22-Mar-2019 - 00:00,36.52,36.45,2.7,21.58,0.4,22.75,9.69,1.06,0.57,56.68,29.08,97.97,26.45,22.11,0.0,95.26,124.73,1.91,29.68,23-Mar-2019 - 00:00,"Bhopal Chauraha, Dewas - MPPCB"
23-Mar-2019 - 00:00,42.38,39.13,3.64,23.77,0.38,24.19,10.17,1.15,0.63,49.11,34.25,118.25,26.19,25.48,0.0,94.39,107.39,2.77,29.78,24-Mar-2019 - 00:00,"Bhopal Chauraha, Dewas - MPPCB"
24-Mar-2019 - 00:00,39.06,40.58,5.45,26.0,0.41,21.76,8.83,1.6,0.93,83.43,41.27,123.33,27.26,19.77,0.0,94.26,160.9,2.03,30.64,25-Mar-2019 - 00:00,"Bhopal Chauraha, Dewas - MPPCB"
25-Mar-2019 - 00:00,34.93,37.06,4.93,23.73,0.43,22.25,8.48,1.83,1.81,83.35,57.32,150.75,28.0,20.5,0.0,92.17,191.98,2.18,30.71,26-Mar-2019 - 00:00,"Bhopal Chauraha, Dewas - MPPCB"
26-Mar-2019 - 00:00,36.28,34.34,4.16,21.65,0.44,22.69,6.64,1.05,0.56,38.09,38.56,146.2,26.99,26.51,0.0,98.42,85.73,2.14,30.08,27-Mar-2019 - 00:00,"Bhopal Chauraha, Dewas - MPPCB"
27-Mar-2019 - 00:00,38.05,41.32,7.12,27.77,0.45,21.15,7.53,1.32,0.84,58.64,40.72,123.15,27.07,23.56,0.0,99.05,104.77,1.7,29.63,28-Mar-2019 - 00:00,"Bhopal Chauraha, Dewas - MPPCB"
28-Mar-2019 - 00:00,37.58,43.64,7.88,29.61,0.36,20.84,9.27,1.3,0.9,62.25,34.24,118.33,28.39,16.82,0.0,97.92,96.91,1.08,29.17,29-Mar-2019 - 00:00,"Bhopal Chauraha, Dewas - MPPCB"
29-Mar-2019 - 00:00,40.66,39.14,6.33,25.96,0.35,22.16,12.12,1.86,1.37,79.03,76.61,165.52,29.37,16.94,0.0,95.25,224.3,1.5,29.27,30-Mar-2019 - 00:00,"Bhopal Chauraha, Dewas - MPPCB"
30-Mar-2019 - 00:00,42.37,35.41,4.17,22.22,0.39,22.44,8.61,1.77,1.43,79.81,64.96,165.04,29.27,18.41,0.0,93.97,249.12,2.32,29.2,31-Mar-2019 - 00:00,"Bhopal Chauraha, Dewas - MPPCB"
31-Mar-2019 - 00:00,36.43,34.34,3.26,20.92,0.39,23.14,11.26,1.82,1.69,86.18,54.41,172.48,28.76,18.03,0.0,98.97,233.74,2.57,29.57,01-Apr-2019 - 00:00,"Bhopal Chauraha, Dewas - MPPCB"
01-Apr-2019 - 00:00,39.6,37.55,4.73,23.83,0.47,23.02,8.25,1.89,1.97,66.09,58.26,158.6,28.47,19.29,0.0,88.6,167.11,1.82,29.37,02-Apr-2019 - 00:00,"Bhopal Chauraha, Dewas - MPPCB"
02-Apr-2019 - 00:00,44.7,43.32,6.93,28.68,0.5,21.44,8.63,2.08,2.61,77.61,55.47,144.17,29.12,13.25,0.0,96.42,186.06,1.11,29.16,03-Apr-2019 - 00:00,"Bhopal Chauraha, Dewas - MPPCB"
03-Apr-2019 - 00:00,44.18,39.0,4.65,24.53,0.47,23.18,7.1,2.06,2.4,75.06,66.66,159.17,29.84,12.15,0.0,96.19,234.24,1.94,29.3,04-Apr-2019 - 00:00,"Bhopal Chauraha, Dewas - MPPCB"
04-Apr-2019 - 00:00,40.36,34.56,5.75,23.05,0.36,23.16,8.63,2.11,3.74,80.07,66.25,163.69,29.83,13.99,0.0,94.25,248.9,2.32,27.96,05-Apr-2019 - 00:00,"Bhopal Chauraha, Dewas - MPPCB"
05-Apr-2019 - 00:00,36.79,30.41,2.91,18.54,0.47,24.14,7.38,1.77,3.54,72.81,76.74,180.44,29.31,21.18,0.0,95.52,256.23,3.32,25.6,06-Apr-2019 - 00:00,"Bhopal Chauraha, Dewas - MPPCB"
06-Apr-2019 - 00:00,29.46,30.28,3.06,18.59,0.51,22.47,6.76,1.63,3.2,73.2,69.08,166.98,28.66,24.56,0.0,97.01,271.15,3.06,25.43,07-Apr-2019 - 00:00,"Bhopal Chauraha, Dewas - MPPCB"
07-Apr-2019 - 00:00,19.42,29.94,3.94,19.13,0.48,22.5,8.02,1.69,3.69,71.94,82.43,176.28,28.79,22.57,0.0,96.49,263.97,3.17,23.89,08-Apr-2019 - 00:00,"Bhopal Chauraha, Dewas - MPPCB"
08-Apr-2019 - 00:00,28.16,30.32,3.76,19.19,0.36,21.3,7.18,1.57,3.31,61.64,58.76,155.89,28.75,25.56,0.0,102.04,210.94,1.79,25.7,09-Apr-2019 - 00:00,"Bhopal Chauraha, Dewas - MPPCB"
09-Apr-2019 - 00:00,35.9,31.74,3.67,19.88,0.31,21.75,7.09,1.65,3.04,74.24,59.1,152.53,28.71,20.52,0.0,102.84,274.94,3.22,27.09,10-Apr-2019 - 00:00,"Bhopal Chauraha, Dewas - MPPCB"
10-Apr-2019 - 00:00,45.6,34.55,3.31,21.07,0.42,21.05,6.3,1.73,2.04,72.7,60.36,151.98,29.27,21.18,0.0,97.21,235.56,2.78,29.63,11-Apr-2019 - 00:00,"Bhopal Chauraha, Dewas - MPPCB"
11-Apr-2019 - 00:00,43.78,35.48,4.74,22.73,0.39,20.74,4.78,1.95,2.4,80.93,71.93,160.9,29.69,21.56,0.0,91.2,245.85,2.26,29.41,12-Apr-2019 - 00:00,"Bhopal Chauraha, Dewas - MPPCB"
12-Apr-2019 - 00:00,41.96,33.25,5.28,21.97,0.32,20.56,5.95,1.82,2.33,78.15,57.69,142.21,29.85,16.83,0.0,98.34,237.73,2.75,29.19,13-Apr-2019 - 00:00,"Bhopal Chauraha, Dewas - MPPCB"
13-Apr-2019 - 00:00,45.78,34.22,3.58,21.11,0.46,22.62,6.06,1.69,2.09,70.9,74.33,153.11,29.78,16.7,0.0,96.91,227.32,3.13,29.27,14-Apr-2019 - 00:00,"Bhopal Chauraha, Dewas - MPPCB"
14-Apr-2019 - 00:00,46.53,35.96,3.72,22.17,0.39,23.43,9.5,1.72,2.35,66.87,56.72,130.33,30.18,17.77,0.0,92.3,204.55,2.89,29.42,15-Apr-2019 - 00:00,"Bhopal Chauraha, Dewas - MPPCB"
15-Apr-2019 - 00:00,45.8,32.29,2.96,19.58,0.45,24.39,7.15,1.57,1.66,64.73,54.29,185.61,28.71,25.01,0.0,33.73,215.17,3.44,29.38,16-Apr-2019 - 00:00,"Bhopal Chauraha, Dewas - MPPCB"
16-Apr-2019 - 00:00,47.2,29.75,3.78,18.89,0.45,27.41,8.9,1.18,1.52,55.54,34.27,110.15,26.68,40.86,0.07,69.6,172.46,3.63,29.88,17-Apr-2019 - 00:00,"Bhopal Chauraha, Dewas - MPPCB"
17-Apr-2019 - 00:00,86.5,35.2,3.56,21.74,0.33,20.76,7.29,1.13,1.25,50.15,29.55,78.12,24.89,54.19,0.0,101.69,183.07,3.8,30.13,18-Apr-2019 - 00:00,"Bhopal Chauraha, Dewas - MPPCB"
18-Apr-2019 - 00:00,40.11,32.68,4.57,21.09,0.27,21.06,6.32,1.41,1.87,65.68,43.23,129.23,26.54,32.83,0.0,95.77,202.17,2.23,29.19,19-Apr-2019 - 00:00,"Bhopal Chauraha, Dewas - MPPCB"
19-Apr-2019 - 00:00,36.6,30.68,3.37,19.06,0.36,22.17,5.03,1.17,1.67,44.44,33.14,104.14,27.22,30.78,0.0,99.69,126.82,3.11,29.3,20-Apr-2019 - 00:00,"Bhopal Chauraha, Dewas - MPPCB"
20-Apr-2019 - 00:00,36.69,34.59,5.19,22.62,0.4,21.47,5.29,1.25,1.55,52.2,27.11,83.86,27.67,25.76,0.0,106.44,130.41,2.81,29.34,21-Apr-2019 - 00:00,"Bhopal Chauraha, Dewas - MPPCB"
21-Apr-2019 - 00:00,38.17,40.14,4.51,25.02,0.4,21.9,5.26,1.36,1.65,55.06,31.01,82.22,28.8,18.76,0.0,105.04,148.83,2.43,29.48,22-Apr-2019 - 00:00,"Bhopal Chauraha, Dewas - MPPCB"
22-Apr-2019 - 00:00,41.19,37.55,4.06,23.28,0.36,21.45,5.7,1.52,2.06,59.54,35.73,95.56,29.61,16.3,0.0,87.55,168.48,2.26,29.36,23-Apr-2019 - 00:00,"Bhopal Chauraha, Dewas - MPPCB"
23-Apr-2019 - 00:00,42.72,39.03,6.65,26.16,0.46,21.13,4.94,1.69,2.22,60.58,52.46,141.83,29.97,15.92,0.0,100.79,186.82,2.75,29.01,24-Apr-2019 - 00:00,"Bhopal Chauraha, Dewas - MPPCB"
24-Apr-2019 - 00:00,42.53,38.71,7.08,26.36,0.42,23.34,5.19,1.57,2.3,56.96,47.95,140.28,30.87,14.45,0.0,104.71,171.39,3.17,29.21,25-Apr-2019 - 00:00,"Bhopal Chauraha, Dewas - MPPCB"
25-Apr-2019 - 00:00,35.12,33.97,5.16,22.26,0.51,53.12,6.93,1.28,1.41,34.62,41.98,124.12,30.95,15.11,0.0,99.07,146.81,3.18,29.29,26-Apr-2019 - 00:00,"Bhopal Chauraha, Dewas - MPPCB"
26-Apr-2019 - 00:00,16.41,14.97,2.51,10.01,0.39,94.25,8.31,0.69,0.52,6.12,37.6,105.14,30.72,17.83,0.0,106.99,188.0,3.22,28.94,27-Apr-2019 - 00:00,"Bhopal Chauraha, Dewas - MPPCB"
27-Apr-2019 - 00:00,12.8,15.58,2.56,10.37,0.44,101.27,9.38,0.7,0.52,5.83,45.02,122.72,31.4,13.65,0.0,102.24,190.19,3.62,29.02,28-Apr-2019 - 00:00,"Bhopal Chauraha, Dewas - MPPCB"
28-Apr-2019 - 00:00,11.86,18.52,2.78,12.12,0.4,95.72,9.46,0.73,0.36,6.4,43.4,122.7,31.08,11.16,0.0,105.38,215.51,3.05,29.43,29-Apr-2019 - 00:00,"Bhopal Chauraha, Dewas - MPPCB"
29-Apr-2019 - 00:00,12.89,16.16,2.57,10.68,0.51,70.49,6.43,0.79,0.46,7.05,37.1,124.31,30.64,11.28,0.0,107.28,270.71,3.76,29.26,30-Apr-2019 - 00:00,"Bhopal Chauraha, Dewas - MPPCB"
30-Apr-2019 - 00:00,14.44,17.76,1.95,11.04,0.4,76.75,10.96,0.86,0.81,8.24,41.46,139.03,29.92,16.99,0.0,110.14,274.65,4.14,29.04,01-May-2019 - 00:00,"Bhopal Chauraha, Dewas - MPPCB"
01-May-2019 - 00:00,16.89,17.52,2.44,11.31,0.46,80.26,11.96,0.96,0.58,7.98,61.09,248.4,29.38,22.52,0.0,104.18,269.2,4.0,29.02,02-May-2019 - 00:00,"Bhopal Chauraha, Dewas - MPPCB"
02-May-2019 - 00:00,15.4,17.21,2.06,10.83,0.47,92.21,6.5,0.92,0.7,7.02,61.95,243.11,29.39,22.84,0.0,101.97,262.65,3.69,28.79,03-May-2019 - 00:00,"Bhopal Chauraha, Dewas - MPPCB"
03-May-2019 - 00:00,14.15,15.64,2.3,10.19,0.36,99.39,6.66,0.77,0.48,5.45,48.34,194.68,31.31,22.04,0.0,96.94,253.07,4.0,29.22,04-May-2019 - 00:00,"Bhopal Chauraha, Dewas - MPPCB"
04-May-2019 - 00:00,14.67,8.78,1.99,6.29,0.34,110.3,4.02,0.57,0.24,4.3,41.28,162.69,32.76,28.59,0.0,95.57,229.4,3.88,29.24,05-May-2019 - 00:00,"Bhopal Chauraha, Dewas - MPPCB"
05-May-2019 - 00:00,15.52,14.72,2.08,9.53,0.53,100.16,5.95,0.77,0.91,5.37,38.62,119.46,31.32,34.64,0.0,88.25,251.75,3.3,29.16,06-May-2019 - 00:00,"Bhopal Chauraha, Dewas - MPPCB"
06-May-2019 - 00:00,13.61,16.02,2.1,10.22,0.53,97.82,10.11,0.72,0.4,5.62,36.21,132.83,32.49,25.66,0.0,95.0,250.25,3.31,29.14,07-May-2019 - 00:00,"Bhopal Chauraha, Dewas - MPPCB"
07-May-2019 - 00:00,12.19,14.97,2.06,9.63,0.44,96.92,8.06,0.67,0.34,5.31,35.33,127.08,32.81,19.69,0.0,103.14,274.0,4.06,29.14,08-May-2019 - 00:00,"Bhopal Chauraha, Dewas - MPPCB"
08-May-2019 - 00:00,13.77,14.47,2.32,9.59,0.34,91.95,7.33,0.61,0.33,4.91,44.05,116.1,32.42,21.21,0.0,108.97,268.08,4.6,29.16,09-May-2019 - 00:00,"Bhopal Chauraha, Dewas - MPPCB"
09-May-2019 - 00:00,16.71,14.79,2.43,9.84,0.3,77.36,6.15,0.64,0.31,4.86,33.88,102.41,31.89,25.69,0.0,109.31,265.44,4.14,29.1,10-May-2019 - 00:00,"Bhopal Chauraha, Dewas - MPPCB"
10-May-2019 - 00:00,17.16,12.66,2.35,8.64,0.44,74.96,6.62,0.63,0.34,5.12,26.46,88.41,31.58,30.15,0.0,104.53,275.93,4.58,29.28,11-May-2019 - 00:00,"Bhopal Chauraha, Dewas - MPPCB"
11-May-2019 - 00:00,15.45,11.5,2.39,8.06,0.4,80.32,5.81,0.56,0.51,4.76,31.0,117.99,31.78,28.89,0.0,105.9,255.64,3.71,28.39,12-May-2019 - 00:00,"Bhopal Chauraha, Dewas - MPPCB"
12-May-2019 - 00:00,15.85,11.92,2.71,8.54,0.43,85.69,6.51,0.46,0.39,4.12,36.3,149.48,32.54,28.76,0.0,94.54,201.24,3.19,28.0,13-May-2019 - 00:00,"Bhopal Chauraha, Dewas - MPPCB"
13-May-2019 - 00:00,16.12,16.78,3.48,11.76,0.4,70.09,5.24,0.61,0.37,4.85,30.43,118.21,32.66,24.79,0.0,91.03,258.29,3.24,29.07,14-May-2019 - 00:00,"Bhopal Chauraha, Dewas - MPPCB"
14-May-2019 - 00:00,16.73,15.44,2.8,10.49,0.43,62.02,8.21,0.71,0.41,5.78,41.76,170.8,32.5,25.05,0.0,103.42,267.6,3.77,29.55,15-May-2019 - 00:00,"Bhopal Chauraha, Dewas - MPPCB"
15-May-2019 - 00:00,15.92,15.83,2.47,10.43,0.42,71.08,6.74,0.69,0.55,6.01,35.43,128.34,32.67,26.01,0.0,100.84,262.75,3.23,29.35,16-May-2019 - 00:00,"Bhopal Chauraha, Dewas - MPPCB"
16-May-2019 - 00:00,16.31,12.28,2.55,8.61,0.39,69.53,5.86,0.53,0.25,4.6,30.62,123.24,32.28,29.0,0.0,103.04,266.92,3.72,29.45,17-May-2019 - 00:00,"Bhopal Chauraha, Dewas - MPPCB"
17-May-2019 - 00:00,15.04,12.55,2.71,8.88,0.46,67.39,8.49,0.59,0.32,5.23,37.67,153.62,32.25,27.48,0.0,99.96,271.21,3.92,29.46,18-May-2019 - 00:00,"Bhopal Chauraha, Dewas - MPPCB"
18-May-2019 - 00:00,15.55,11.51,2.79,8.38,0.39,59.05,7.68,0.54,0.35,5.15,35.83,149.25,31.87,29.67,0.0,114.03,260.55,3.76,29.41,19-May-2019 - 00:00,"Bhopal Chauraha, Dewas - MPPCB"
19-May-2019 - 00:00,14.26,10.48,2.08,7.27,0.44,76.47,4.6,0.48,0.22,4.29,28.04,111.54,32.49,25.12,0.0,99.53,251.31,3.3,29.48,20-May-2019 - 00:00,"Bhopal Chauraha, Dewas - MPPCB"
20-May-2019 - 00:00,15.08,13.08,2.63,9.1,0.46,93.48,8.57,0.61,0.34,5.49,30.92,110.21,33.83,21.58,0.0,102.69,222.39,2.53,29.42,21-May-2019 - 00:00,"Bhopal Chauraha, Dewas - MPPCB"
21-May-2019 - 00:00,14.97,12.66,2.67,8.9,0.37,61.88,6.61,0.58,0.34,4.89,25.84,102.35,34.88,21.04,0.0,106.52,252.35,3.64,29.59,22-May-2019 - 00:00,"Bhopal Chauraha, Dewas - MPPCB"
22-May-2019 - 00:00,15.34,13.41,2.56,9.23,0.33,58.1,7.14,0.59,0.35,5.46,25.27,126.14,34.47,23.08,0.0,109.19,264.05,3.89,29.47,23-May-2019 - 00:00,"Bhopal Chauraha, Dewas - MPPCB"
23-May-2019 - 00:00,17.15,11.47,2.25,7.94,0.4,62.43,10.91,0.61,0.31,5.7,31.12,132.3,34.21,28.17,0.0,106.34,276.92,4.24,29.49,24-May-2019 - 00:00,"Bhopal Chauraha, Dewas - MPPCB"
24-May-2019 - 00:00,15.41,11.33,2.37,7.95,0.42,68.3,5.52,0.55,0.28,5.72,37.46,158.55,34.12,27.6,0.0,107.67,276.81,4.71,29.31,25-May-2019 - 00:00,"Bhopal Chauraha, Dewas - MPPCB"
25-May-2019 - 00:00,16.44,13.08,2.22,8.76,0.36,70.44,4.83,0.62,0.39,5.29,37.79,162.68,34.2,29.64,0.0,94.61,247.34,3.46,29.3,26-May-2019 - 00:00,"Bhopal Chauraha, Dewas - MPPCB"
26-May-2019 - 00:00,14.38,12.59,2.02,8.34,0.45,81.36,6.92,0.62,0.32,5.46,31.56,129.2,34.79,24.18,0.0,105.6,252.65,3.32,29.61,27-May-2019 - 00:00,"Bhopal Chauraha, Dewas - MPPCB"
27-May-2019 - 00:00,15.23,13.23,2.27,8.89,0.45,71.21,6.2,0.4,0.17,4.18,35.18,136.8,34.76,25.52,0.0,104.65,257.23,3.55,29.49,28-May-2019 - 00:00,"Bhopal Chauraha, Dewas - MPPCB"
28-May-2019 - 00:00,13.71,14.03,2.33,9.34,0.51,79.42,6.18,0.3,0.28,2.17,31.23,134.76,35.14,21.78,0.0,97.69,239.74,3.34,29.34,29-May-2019 - 00:00,"Bhopal Chauraha, Dewas - MPPCB"
29-May-2019 - 00:00,14.68,13.68,2.4,9.22,0.45,81.13,6.83,0.59,0.37,4.13,37.59,145.41,35.3,21.54,0.0,101.3,226.97,3.17,29.4,30-May-2019 - 00:00,"Bhopal Chauraha, Dewas - MPPCB"
30-May-2019 - 00:00,15.26,12.69,2.29,8.62,0.33,77.25,9.16,0.51,0.4,4.48,36.25,159.08,35.36,23.73,0.0,92.3,241.0,3.71,29.45,31-May-2019 - 00:00,"Bhopal Chauraha, Dewas - MPPCB"
31-May-2019 - 00:00,14.54,11.67,2.25,8.04,0.39,77.43,6.12,0.54,0.38,4.08,31.18,133.27,35.27,24.21,0.0,100.35,261.38,3.64,29.38,01-Jun-2019 - 00:00,"Bhopal Chauraha, Dewas - MPPCB"
01-Jun-2019 - 00:00,16.03,11.45,2.19,7.88,0.45,66.93,5.07,0.54,0.37,4.78,30.17,137.96,34.52,29.45,0.0,99.53,263.93,4.03,29.36,02-Jun-2019 - 00:00,"Bhopal Chauraha, Dewas - MPPCB"
02-Jun-2019 - 00:00,19.85,11.28,2.15,7.74,0.38,61.58,7.06,0.56,0.51,4.46,30.81,122.75,33.78,40.19,0.02,83.62,259.33,4.61,29.47,03-Jun-2019 - 00:00,"Bhopal Chauraha, Dewas - MPPCB"
03-Jun-2019 - 00:00,23.84,14.64,2.35,9.7,0.36,70.92,8.74,0.71,0.54,4.47,33.47,147.24,34.79,35.11,0.0,91.07,272.67,4.7,29.42,04-Jun-2019 - 00:00,"Bhopal Chauraha, Dewas - MPPCB"
04-Jun-2019 - 00:00,20.16,11.73,2.57,8.33,0.42,67.09,8.16,0.57,0.52,4.17,30.88,136.08,34.72,35.64,0.0,104.58,265.56,4.96,29.92,05-Jun-2019 - 00:00,"Bhopal Chauraha, Dewas - MPPCB"
05-Jun-2019 - 00:00,15.16,9.9,2.38,7.21,0.38,67.66,6.42,0.53,0.46,4.28,36.25,166.01,35.22,29.04,0.0,104.95,268.82,4.28,29.81,06-Jun-2019 - 00:00,"Bhopal Chauraha, Dewas - MPPCB"
06-Jun-2019 - 00:00,13.61,10.86,2.39,7.72,0.47,71.12,7.74,0.52,0.49,4.11,35.9,136.5,35.6,26.76,0.0,100.59,260.16,3.9,29.25,07-Jun-2019 - 00:00,"Bhopal Chauraha, Dewas - MPPCB"
07-Jun-2019 - 00:00,15.81,12.63,2.4,8.68,0.42,74.43,5.3,0.54,0.48,3.19,31.84,142.01,35.73,27.81,0.0,92.74,209.67,3.43,28.94,08-Jun-2019 - 00:00,"Bhopal Chauraha, Dewas - MPPCB"
08-Jun-2019 - 00:00,15.22,12.62,2.06,8.39,0.43,90.27,7.61,0.56,0.53,4.23,34.55,152.89,35.77,25.26,0.0,98.19,247.36,3.94,28.85,09-Jun-2019 - 00:00,"Bhopal Chauraha, Dewas - MPPCB"
09-Jun-2019 - 00:00,13.91,11.03,1.85,7.38,0.48,94.13,6.85,0.52,0.93,3.82,35.02,137.51,35.63,25.61,0.0,92.43,250.57,3.68,28.4,10-Jun-2019 - 00:00,"Bhopal Chauraha, Dewas - MPPCB"
10-Jun-2019 - 00:00,15.14,8.91,2.35,6.65,0.35,82.34,5.31,0.54,0.59,3.56,31.36,129.79,34.38,33.36,0.1,101.65,248.42,5.17,28.81,11-Jun-2019 - 00:00,"Bhopal Chauraha, Dewas - MPPCB"
11-Jun-2019 - 00:00,17.69,11.69,2.41,8.17,0.54,78.76,3.95,0.47,0.77,3.95,26.64,88.74,34.57,33.92,0.0,101.21,240.54,3.38,28.87,12-Jun-2019 - 00:00,"Bhopal Chauraha, Dewas - MPPCB"
12-Jun-2019 - 00:00,15.82,9.7,2.09,6.87,0.54,91.15,8.19,0.56,0.7,4.52,32.41,109.27,35.16,31.07,0.0,80.48,235.02,3.15,29.18,13-Jun-2019 - 00:00,"Bhopal Chauraha, Dewas - MPPCB"
13-Jun-2019 - 00:00,20.19,9.77,2.08,6.88,0.44,73.63,4.05,0.56,0.86,4.64,16.95,58.19,33.1,49.23,0.0,78.45,262.44,3.81,28.9,14-Jun-2019 - 00:00,"Bhopal Chauraha, Dewas - MPPCB"
14-Jun-2019 - 00:00,15.82,8.91,2.05,6.41,0.48,79.87,3.84,0.42,0.29,3.45,25.65,72.89,32.96,48.39,0.0,90.89,203.33,3.09,28.78,15-Jun-2019 - 00:00,"Bhopal Chauraha, Dewas - MPPCB"
15-Jun-2019 - 00:00,16.63,7.4,2.21,5.73,0.48,57.49,4.57,0.46,0.43,4.32,24.6,85.35,32.89,50.67,0.0,98.52,275.9,4.9,28.64,16-Jun-2019 - 00:00,"Bhopal Chauraha, Dewas - MPPCB"
16-Jun-2019 - 00:00,19.31,3.33,1.89,3.31,0.4,46.93,4.11,0.39,0.28,4.01,24.22,87.86,32.17,56.33,0.03,83.39,271.99,5.98,28.32,17-Jun-2019 - 00:00,"Bhopal Chauraha, Dewas - MPPCB"
17-Jun-2019 - 00:00,0.1,16.88,1.09,9.88,0.39,41.87,4.25,0.43,0.36,3.78,23.23,77.58,31.78,57.5,0.0,111.27,284.83,6.55,28.73,18-Jun-2019 - 00:00,"Bhopal Chauraha, Dewas - MPPCB"
18-Jun-2019 - 00:00,,,,,,,,,,,,,,,,,,,,19-Jun-2019 - 00:00,"Bhopal Chauraha, Dewas - MPPCB"
19-Jun-2019 - 00:00,22.95,9.67,1.13,6.07,0.69,96.91,2.26,0.22,0.24,2.32,15.5,61.7,34.88,52.2,0.0,83.0,240.0,4.42,30.1,20-Jun-2019 - 00:00,"Bhopal Chauraha, Dewas - MPPCB"
20-Jun-2019 - 00:00,2.58,16.87,1.25,10.01,0.39,79.95,107.18,5.9,0.87,2.79,38.0,96.0,51.0,5.09,0.0,2.0,59.2,5.6,29.02,21-Jun-2019 - 00:00,"Bhopal Chauraha, Dewas - MPPCB"
21-Jun-2019 - 00:00,10.43,16.88,1.26,10.02,0.27,74.91,6.29,0.61,0.64,4.44,30.32,83.28,31.4,63.56,0.08,86.15,262.31,3.5,29.18,22-Jun-2019 - 00:00,"Bhopal Chauraha, Dewas - MPPCB"
22-Jun-2019 - 00:00,13.3,16.94,1.19,9.98,0.48,90.56,5.52,0.5,0.49,3.54,24.03,63.55,31.47,62.89,0.06,82.38,225.07,4.26,29.68,23-Jun-2019 - 00:00,"Bhopal Chauraha, Dewas - MPPCB"
23-Jun-2019 - 00:00,13.3,16.94,1.22,10.01,0.54,92.38,4.85,0.59,0.42,4.8,27.66,66.24,30.6,68.11,0.09,75.44,265.58,4.36,29.91,24-Jun-2019 - 00:00,"Bhopal Chauraha, Dewas - MPPCB"
24-Jun-2019 - 00:00,13.3,16.91,1.29,10.03,0.42,105.86,6.48,0.6,0.46,5.28,33.48,73.4,30.83,69.68,0.18,86.77,255.66,4.18,29.57,25-Jun-2019 - 00:00,"Bhopal Chauraha, Dewas - MPPCB"
25-Jun-2019 - 00:00,12.48,16.94,1.23,10.02,0.41,114.97,5.95,0.63,0.59,5.11,26.02,53.44,31.07,72.81,0.02,93.07,255.26,2.93,29.26,26-Jun-2019 - 00:00,"Bhopal Chauraha, Dewas - MPPCB"
26-Jun-2019 - 00:00,11.9,16.87,1.3,10.03,0.41,79.93,3.77,0.78,0.51,4.34,37.83,80.11,31.18,73.26,0.0,81.82,283.56,3.85,29.35,27-Jun-2019 - 00:00,"Bhopal Chauraha, Dewas - MPPCB"
27-Jun-2019 - 00:00,11.93,16.85,1.21,9.96,0.32,70.43,6.05,0.36,0.22,2.93,19.54,37.58,30.0,79.33,0.0,84.17,285.46,4.86,29.5,28-Jun-2019 - 00:00,"Bhopal Chauraha, Dewas - MPPCB"
28-Jun-2019 - 00:00,13.97,17.05,1.3,10.12,0.18,54.75,5.67,0.65,0.45,4.47,32.75,77.0,31.68,69.75,0.0,176.75,291.5,4.78,29.88,29-Jun-2019 - 00:00,"Bhopal Chauraha, Dewas - MPPCB"
29-Jun-2019 - 00:00,14.02,16.8,1.28,9.97,0.48,88.04,5.49,0.58,0.56,4.67,15.62,48.85,30.5,68.71,0.0,61.31,262.54,4.59,29.58,30-Jun-2019 - 00:00,"Bhopal Chauraha, Dewas - MPPCB"
30-Jun-2019 - 00:00,14.01,16.89,1.18,9.96,0.47,61.48,4.88,0.51,0.43,5.27,21.9,49.08,29.49,81.69,0.06,47.56,253.95,4.17,29.69,01-Jul-2019 - 00:00,"Bhopal Chauraha, Dewas - MPPCB"
01-Jul-2019 - 00:00,13.71,16.89,1.23,10.0,0.44,81.97,4.77,0.47,0.39,3.85,15.55,43.23,30.54,72.49,0.0,91.82,260.21,3.91,29.57,02-Jul-2019 - 00:00,"Bhopal Chauraha, Dewas - MPPCB"
02-Jul-2019 - 00:00,13.31,16.94,1.23,10.03,0.57,77.89,5.89,0.49,0.37,3.49,25.94,65.24,31.9,63.98,0.23,60.25,233.2,4.03,29.83,03-Jul-2019 - 00:00,"Bhopal Chauraha, Dewas - MPPCB"
03-Jul-2019 - 00:00,12.84,16.88,1.31,10.05,0.41,73.31,6.66,0.54,0.39,3.63,18.08,32.28,29.01,87.59,0.14,34.29,276.77,4.78,29.37,04-Jul-2019 - 00:00,"Bhopal Chauraha, Dewas - MPPCB"
04-Jul-2019 - 00:00,11.82,16.88,1.29,10.03,0.42,70.43,4.63,0.51,0.68,3.44,7.38,14.63,27.32,90.77,0.11,16.89,279.74,3.92,29.17,05-Jul-2019 - 00:00,"Bhopal Chauraha, Dewas - MPPCB"
05-Jul-2019 - 00:00,12.49,16.85,1.3,10.02,0.39,50.96,6.09,0.48,0.88,3.52,10.89,19.15,26.35,92.22,0.16,11.36,277.46,3.91,29.42,06-Jul-2019 - 00:00,"Bhopal Chauraha, Dewas - MPPCB"
06-Jul-2019 - 00:00,11.18,16.95,1.23,10.02,0.42,38.12,6.67,0.57,0.99,3.93,15.97,27.01,25.88,92.16,0.63,17.61,267.05,3.81,29.08,07-Jul-2019 - 00:00,"Bhopal Chauraha, Dewas - MPPCB"
07-Jul-2019 - 00:00,17.93,24.63,2.01,14.74,0.45,46.82,6.93,0.59,0.48,4.13,22.17,61.82,26.52,82.74,0.0,42.25,283.55,4.37,29.61,08-Jul-2019 - 00:00,"Bhopal Chauraha, Dewas - MPPCB"
08-Jul-2019 - 00:00,20.97,20.76,2.87,13.36,0.45,34.49,6.45,0.64,0.48,4.98,27.79,83.32,27.29,78.05,0.0,54.49,281.74,5.17,29.47,09-Jul-2019 - 00:00,"Bhopal Chauraha, Dewas - MPPCB"
09-Jul-2019 - 00:00,19.88,10.97,2.64,7.99,0.35,38.45,4.69,0.56,0.82,4.5,25.98,79.25,27.48,75.39,0.0,63.73,273.96,5.37,29.47,10-Jul-2019 - 00:00,"Bhopal Chauraha, Dewas - MPPCB"
10-Jul-2019 - 00:00,18.58,12.08,2.75,8.67,0.41,40.78,5.44,0.57,0.43,4.33,22.33,81.31,27.61,71.86,0.0,64.14,275.93,4.79,29.3,11-Jul-2019 - 00:00,"Bhopal Chauraha, Dewas - MPPCB"
11-Jul-2019 - 00:00,18.17,11.85,3.07,8.79,0.37,42.86,6.6,0.55,0.54,4.33,24.58,94.89,28.15,63.95,0.0,83.86,278.89,6.19,29.41,12-Jul-2019 - 00:00,"Bhopal Chauraha, Dewas - MPPCB"
12-Jul-2019 - 00:00,18.63,11.1,2.45,7.89,0.37,44.86,8.48,0.53,0.52,4.11,25.55,86.01,28.08,65.42,0.0,71.6,270.55,5.56,29.66,13-Jul-2019 - 00:00,"Bhopal Chauraha, Dewas - MPPCB"
13-Jul-2019 - 00:00,18.51,8.22,2.28,6.22,0.43,41.66,8.54,0.43,0.43,3.53,20.32,70.44,27.79,66.39,0.0,66.43,272.1,6.11,29.44,14-Jul-2019 - 00:00,"Bhopal Chauraha, Dewas - MPPCB"
14-Jul-2019 - 00:00,16.9,10.14,2.39,7.33,0.47,46.54,7.09,0.44,0.36,3.81,22.82,84.64,28.09,61.38,0.0,84.47,275.94,6.45,29.7,15-Jul-2019 - 00:00,"Bhopal Chauraha, Dewas - MPPCB"
15-Jul-2019 - 00:00,16.66,9.33,2.56,7.05,0.44,45.96,6.1,0.49,0.4,4.04,25.01,92.85,28.26,59.84,0.0,79.55,275.2,6.77,29.47,16-Jul-2019 - 00:00,"Bhopal Chauraha, Dewas - MPPCB"
16-Jul-2019 - 00:00,16.49,9.79,2.74,7.44,0.42,45.53,6.96,0.51,0.44,3.88,27.51,83.53,28.35,59.17,0.0,88.1,279.09,5.68,29.34,17-Jul-2019 - 00:00,"Bhopal Chauraha, Dewas - MPPCB"
17-Jul-2019 - 00:00,16.51,10.53,2.98,8.02,0.36,45.73,6.24,0.47,0.3,3.91,23.0,83.28,28.35,58.98,0.0,86.36,280.13,4.72,29.32,18-Jul-2019 - 00:00,"Bhopal Chauraha, Dewas - MPPCB"
18-Jul-2019 - 00:00,16.43,10.97,3.27,8.5,0.4,52.69,5.49,0.46,0.58,3.99,27.66,83.94,28.54,60.0,0.0,72.15,247.65,3.39,29.4,19-Jul-2019 - 00:00,"Bhopal Chauraha, Dewas - MPPCB"
19-Jul-2019 - 00:00,15.48,9.12,3.0,7.29,0.36,62.33,6.3,0.44,0.32,2.7,31.05,73.1,28.24,64.61,0.03,89.59,207.05,3.4,29.36,20-Jul-2019 - 00:00,"Bhopal Chauraha, Dewas - MPPCB"
20-Jul-2019 - 00:00,19.57,17.26,3.95,12.39,0.43,60.98,6.12,0.46,0.26,3.18,25.66,54.45,28.3,67.65,0.0,83.69,163.08,2.52,29.31,21-Jul-2019 - 00:00,"Bhopal Chauraha, Dewas - MPPCB"
21-Jul-2019 - 00:00,17.76,14.77,2.66,10.03,0.45,62.86,8.92,0.4,0.31,3.06,16.35,33.54,27.74,74.3,0.16,81.86,147.88,2.56,29.58,22-Jul-2019 - 00:00,"Bhopal Chauraha, Dewas - MPPCB"
22-Jul-2019 - 00:00,18.69,9.18,2.05,6.54,0.45,55.08,7.82,0.23,0.09,1.7,13.76,22.24,27.73,77.08,0.0,101.96,172.71,1.78,29.53,23-Jul-2019 - 00:00,"Bhopal Chauraha, Dewas - MPPCB"
23-Jul-2019 - 00:00,14.53,18.55,2.1,11.57,0.59,53.42,5.21,0.65,0.69,4.99,12.6,52.6,30.48,49.52,0.0,127.76,233.9,2.64,29.47,24-Jul-2019 - 00:00,"Bhopal Chauraha, Dewas - MPPCB"
24-Jul-2019 - 00:00,23.11,23.19,2.51,14.36,0.53,52.44,9.66,0.81,1.28,7.01,35.08,91.38,28.89,64.99,0.0,75.95,263.05,3.02,29.19,25-Jul-2019 - 00:00,"Bhopal Chauraha, Dewas - MPPCB"
25-Jul-2019 - 00:00,24.0,10.69,3.02,8.13,0.49,44.93,5.13,0.52,0.65,3.76,25.21,54.62,27.64,76.1,0.0,46.39,278.95,5.27,28.89,26-Jul-2019 - 00:00,"Bhopal Chauraha, Dewas - MPPCB"
26-Jul-2019 - 00:00,20.16,9.07,3.59,7.74,0.45,26.3,5.95,0.49,0.47,3.63,21.67,47.12,26.34,84.61,0.23,38.86,283.11,5.42,29.41,27-Jul-2019 - 00:00,"Bhopal Chauraha, Dewas - MPPCB"
27-Jul-2019 - 00:00,19.19,10.04,3.34,8.06,0.53,34.28,6.4,0.48,0.57,3.24,25.83,61.42,26.32,86.07,0.47,30.99,268.26,5.08,29.36,28-Jul-2019 - 00:00,"Bhopal Chauraha, Dewas - MPPCB"
28-Jul-2019 - 00:00,17.62,8.8,3.02,7.14,0.5,30.66,5.3,0.4,0.38,3.1,21.38,38.0,25.72,91.16,0.35,13.01,281.65,5.08,29.44,29-Jul-2019 - 00:00,"Bhopal Chauraha, Dewas - MPPCB"
29-Jul-2019 - 00:00,13.67,10.09,3.12,7.9,0.61,40.2,6.4,0.51,0.68,3.73,15.41,27.5,25.95,90.75,0.4,31.77,267.11,3.66,29.46,30-Jul-2019 - 00:00,"Bhopal Chauraha, Dewas - MPPCB"
30-Jul-2019 - 00:00,10.28,10.79,3.32,8.45,0.56,41.66,5.32,0.59,1.13,4.18,8.99,19.68,25.89,88.54,0.09,22.74,288.41,4.98,29.33,31-Jul-2019 - 00:00,"Bhopal Chauraha, Dewas - MPPCB"
31-Jul-2019 - 00:00,9.92,7.33,3.12,6.43,0.25,32.64,6.78,0.46,0.6,3.91,6.84,12.82,25.39,90.2,0.03,17.0,282.91,6.11,29.19,01-Aug-2019 - 00:00,"Bhopal Chauraha, Dewas - MPPCB"
01-Aug-2019 - 00:00,10.65,8.93,4.13,8.11,0.42,23.17,10.23,0.54,0.82,3.66,8.57,15.5,25.72,90.36,0.02,18.35,287.76,4.94,29.19,02-Aug-2019 - 00:00,"Bhopal Chauraha, Dewas - MPPCB"
02-Aug-2019 - 00:00,12.64,10.23,3.94,8.64,0.38,30.31,8.47,0.55,0.88,3.44,22.15,43.97,26.44,85.47,0.0,45.5,283.18,3.81,29.18,03-Aug-2019 - 00:00,"Bhopal Chauraha, Dewas - MPPCB"
03-Aug-2019 - 00:00,14.17,7.21,3.17,6.41,0.32,36.27,5.63,0.47,0.4,3.0,14.58,30.54,26.75,84.54,0.01,53.68,280.52,3.9,29.22,04-Aug-2019 - 00:00,"Bhopal Chauraha, Dewas - MPPCB"
04-Aug-2019 - 00:00,14.4,6.38,2.11,5.11,0.24,50.19,11.31,0.36,0.32,2.65,13.2,27.18,26.81,83.33,0.0,55.91,244.96,3.2,29.33,05-Aug-2019 - 00:00,"Bhopal Chauraha, Dewas - MPPCB"
05-Aug-2019 - 00:00,14.29,9.47,3.5,7.9,0.4,33.32,7.77,0.57,0.6,3.4,19.78,45.19,26.57,86.08,0.0,34.25,287.17,4.27,29.39,06-Aug-2019 - 00:00,"Bhopal Chauraha, Dewas - MPPCB"
06-Aug-2019 - 00:00,15.89,10.44,3.92,8.75,0.37,30.36,7.81,0.54,1.07,3.43,26.65,66.1,26.75,83.46,0.0,45.86,286.49,4.46,29.32,07-Aug-2019 - 00:00,"Bhopal Chauraha, Dewas - MPPCB"
07-Aug-2019 - 00:00,14.64,9.02,3.49,7.64,0.54,30.46,9.22,0.41,1.07,2.84,19.12,35.2,25.67,91.24,0.44,16.12,265.74,4.02,29.1,08-Aug-2019 - 00:00,"Bhopal Chauraha, Dewas - MPPCB"
08-Aug-2019 - 00:00,11.86,9.58,3.36,7.83,0.35,36.23,9.86,0.47,1.38,3.69,19.09,32.15,26.15,90.28,0.41,30.72,196.57,2.71,29.21,09-Aug-2019 - 00:00,"Bhopal Chauraha, Dewas - MPPCB"
09-Aug-2019 - 00:00,9.67,8.09,2.14,6.04,0.37,32.34,7.0,0.39,0.96,3.48,9.96,18.77,25.67,92.06,0.57,18.24,261.88,4.53,29.04,10-Aug-2019 - 00:00,"Bhopal Chauraha, Dewas - MPPCB"
10-Aug-2019 - 00:00,8.41,4.01,1.64,3.46,0.35,39.78,9.92,0.23,0.27,1.99,14.5,31.5,26.11,83.55,0.0,57.1,226.16,5.04,29.26,11-Aug-2019 - 00:00,"Bhopal Chauraha, Dewas - MPPCB"
11-Aug-2019 - 00:00,12.24,9.56,2.2,6.88,0.56,33.99,9.84,0.47,0.52,4.07,25.17,56.25,25.89,83.67,0.02,50.29,255.67,4.56,29.2,12-Aug-2019 - 00:00,"Bhopal Chauraha, Dewas - MPPCB"
12-Aug-2019 - 00:00,15.89,12.46,3.75,9.67,0.31,22.66,9.21,0.57,0.51,4.81,34.71,97.46,26.38,82.41,0.0,58.2,283.36,4.09,29.42,13-Aug-2019 - 00:00,"Bhopal Chauraha, Dewas - MPPCB"
13-Aug-2019 - 00:00,17.67,12.59,3.86,9.84,0.39,28.63,14.82,0.56,0.66,4.12,28.61,76.96,25.96,87.17,0.11,36.44,264.44,3.51,29.47,14-Aug-2019 - 00:00,"Bhopal Chauraha, Dewas - MPPCB"
14-Aug-2019 - 00:00,26.33,70.13,6.38,45.73,0.37,24.82,9.85,0.56,0.51,3.35,26.3,49.72,25.6,91.91,0.16,14.3,282.0,3.95,29.17,15-Aug-2019 - 00:00,"Bhopal Chauraha, Dewas - MPPCB"
15-Aug-2019 - 00:00,,,,,0.27,30.97,12.07,0.4,0.24,2.84,17.26,28.19,25.05,92.49,0.5,13.19,282.45,5.96,29.18,16-Aug-2019 - 00:00,"Bhopal Chauraha, Dewas - MPPCB"
16-Aug-2019 - 00:00,,,,,0.6,32.02,10.04,0.38,0.23,3.53,16.85,34.68,25.9,85.09,0.05,58.51,273.16,6.35,29.36,17-Aug-2019 - 00:00,"Bhopal Chauraha, Dewas - MPPCB"
17-Aug-2019 - 00:00,22.73,15.3,3.43,10.92,0.35,29.64,9.4,0.41,0.37,4.32,18.64,49.76,26.17,82.54,0.03,75.86,266.93,4.9,29.46,18-Aug-2019 - 00:00,"Bhopal Chauraha, Dewas - MPPCB"
18-Aug-2019 - 00:00,22.41,14.08,4.45,11.11,0.42,24.01,10.34,0.42,0.37,3.48,22.59,58.29,25.75,86.3,0.01,31.27,232.71,3.81,29.48,19-Aug-2019 - 00:00,"Bhopal Chauraha, Dewas - MPPCB"
19-Aug-2019 - 00:00,24.37,18.03,4.66,13.38,0.49,25.37,8.35,0.57,0.56,4.84,23.88,70.6,26.43,83.5,0.0,67.25,274.68,3.47,29.57,20-Aug-2019 - 00:00,"Bhopal Chauraha, Dewas - MPPCB"
20-Aug-2019 - 00:00,22.36,17.38,3.37,11.98,0.41,36.53,10.28,0.47,0.48,3.74,24.58,66.43,26.28,84.1,0.09,51.98,254.84,3.26,29.51,21-Aug-2019 - 00:00,"Bhopal Chauraha, Dewas - MPPCB"
21-Aug-2019 - 00:00,21.83,14.14,3.31,10.23,0.33,42.66,6.52,0.43,0.35,3.88,30.87,66.64,26.82,80.84,0.0,100.04,277.96,3.91,29.16,22-Aug-2019 - 00:00,"Bhopal Chauraha, Dewas - MPPCB"
22-Aug-2019 - 00:00,19.71,14.65,3.64,10.77,0.43,56.13,10.83,0.5,0.66,5.42,29.88,80.69,27.53,69.88,0.0,98.54,232.92,3.34,29.65,23-Aug-2019 - 00:00,"Bhopal Chauraha, Dewas - MPPCB"
23-Aug-2019 - 00:00,26.62,15.34,3.57,11.07,0.38,37.31,7.59,0.58,0.73,4.2,35.48,81.08,26.21,83.71,0.01,37.92,248.54,2.87,29.54,24-Aug-2019 - 00:00,"Bhopal Chauraha, Dewas - MPPCB"
24-Aug-2019 - 00:00,25.15,14.91,3.67,10.91,0.29,34.13,6.75,0.55,0.58,3.77,32.29,64.39,25.72,88.28,0.04,23.67,262.71,3.55,29.46,25-Aug-2019 - 00:00,"Bhopal Chauraha, Dewas - MPPCB"
25-Aug-2019 - 00:00,20.61,12.83,2.82,9.11,0.41,39.89,12.16,0.45,0.49,3.8,21.18,33.32,25.44,90.16,0.16,21.88,240.34,2.75,29.3,26-Aug-2019 - 00:00,"Bhopal Chauraha, Dewas - MPPCB"
26-Aug-2019 - 00:00,14.76,15.54,4.1,11.6,0.52,38.05,5.87,0.53,0.62,3.53,19.46,28.77,25.42,92.35,0.23,17.16,237.0,2.21,29.29,27-Aug-2019 - 00:00,"Bhopal Chauraha, Dewas - MPPCB"
27-Aug-2019 - 00:00,13.13,11.13,3.62,8.85,0.34,29.72,8.87,0.49,0.35,3.44,13.27,22.01,25.37,92.65,0.14,28.0,279.53,3.55,29.22,28-Aug-2019 - 00:00,"Bhopal Chauraha, Dewas - MPPCB"
28-Aug-2019 - 00:00,19.9,12.6,2.87,9.03,0.38,28.23,8.99,0.54,0.64,4.69,22.64,50.77,25.75,87.32,0.01,40.01,271.11,3.98,29.35,29-Aug-2019 - 00:00,"Bhopal Chauraha, Dewas - MPPCB"
29-Aug-2019 - 00:00,21.77,12.08,3.99,9.66,0.29,26.17,8.73,0.53,0.52,5.64,21.05,52.02,26.63,81.82,0.07,68.68,278.34,2.56,29.32,30-Aug-2019 - 00:00,"Bhopal Chauraha, Dewas - MPPCB"
30-Aug-2019 - 00:00,21.47,12.66,3.8,9.83,0.34,33.64,11.51,0.53,0.46,4.02,27.34,49.27,26.43,86.5,0.08,48.28,255.16,2.4,29.38,31-Aug-2019 - 00:00,"Bhopal Chauraha, Dewas - MPPCB"
31-Aug-2019 - 00:00,19.93,16.73,4.03,12.19,0.49,32.07,7.84,0.57,0.44,4.41,25.93,47.12,26.71,85.32,0.1,55.94,252.53,2.46,29.41,01-Sep-2019 - 00:00,"Bhopal Chauraha, Dewas - MPPCB"
01-Sep-2019 - 00:00,22.56,11.57,3.15,8.71,0.34,35.59,11.39,0.49,0.4,3.67,26.99,43.22,26.81,85.54,0.09,53.23,248.19,2.64,29.41,02-Sep-2019 - 00:00,"Bhopal Chauraha, Dewas - MPPCB"
02-Sep-2019 - 00:00,22.25,11.96,3.72,9.38,0.64,28.05,12.94,0.55,0.45,3.78,19.17,41.12,26.71,83.73,0.01,48.23,270.49,2.96,29.37,03-Sep-2019 - 00:00,"Bhopal Chauraha, Dewas - MPPCB"
03-Sep-2019 - 00:00,21.84,15.73,5.33,12.7,0.47,24.0,8.83,0.66,0.74,4.35,24.25,57.81,26.57,84.73,0.02,38.86,281.75,2.71,29.41,04-Sep-2019 - 00:00,"Bhopal Chauraha, Dewas - MPPCB"
04-Sep-2019 - 00:00,20.63,14.57,2.32,9.63,0.34,36.14,4.89,0.54,0.58,3.73,30.15,50.85,26.47,87.81,0.12,29.91,235.35,2.59,29.43,05-Sep-2019 - 00:00,"Bhopal Chauraha, Dewas - MPPCB"
05-Sep-2019 - 00:00,16.19,18.9,3.03,12.51,0.46,34.36,9.31,0.58,0.56,3.47,21.13,36.28,26.65,86.73,0.29,38.22,203.02,2.22,29.4,06-Sep-2019 - 00:00,"Bhopal Chauraha, Dewas - MPPCB"
06-Sep-2019 - 00:00,24.33,20.61,3.47,13.79,0.54,26.05,7.02,0.78,0.93,5.49,34.34,56.61,26.78,88.1,0.06,38.69,264.9,2.73,29.33,07-Sep-2019 - 00:00,"Bhopal Chauraha, Dewas - MPPCB"
07-Sep-2019 - 00:00,22.33,16.13,2.25,10.4,0.57,31.93,7.21,0.6,0.54,4.37,18.22,38.94,27.16,83.25,0.03,66.16,279.21,3.07,29.43,08-Sep-2019 - 00:00,"Bhopal Chauraha, Dewas - MPPCB"
08-Sep-2019 - 00:00,18.19,15.09,3.32,10.73,0.44,26.52,6.12,0.56,0.44,5.44,19.69,32.17,26.09,90.58,0.7,20.6,247.97,2.3,29.4,09-Sep-2019 - 00:00,"Bhopal Chauraha, Dewas - MPPCB"
09-Sep-2019 - 00:00,12.51,13.42,3.39,9.89,0.62,28.51,8.33,0.55,0.37,3.59,11.15,21.88,25.91,92.53,0.39,16.3,269.91,2.92,29.32,10-Sep-2019 - 00:00,"Bhopal Chauraha, Dewas - MPPCB"
10-Sep-2019 - 00:00,16.27,17.37,2.86,11.56,0.4,40.96,5.02,0.65,0.52,4.25,27.43,39.12,25.8,91.81,0.14,14.04,254.72,2.75,29.22,11-Sep-2019 - 00:00,"Bhopal Chauraha, Dewas - MPPCB"
11-Sep-2019 - 00:00,18.48,16.78,3.42,11.69,0.54,34.28,8.01,0.68,0.61,3.95,30.94,46.71,25.69,92.78,0.31,12.1,284.69,3.86,28.99,12-Sep-2019 - 00:00,"Bhopal Chauraha, Dewas - MPPCB"
12-Sep-2019 - 00:00,16.28,15.17,3.61,11.01,0.34,38.29,8.67,0.59,0.49,3.34,20.12,28.78,25.41,93.02,0.54,13.29,284.89,4.1,28.7,13-Sep-2019 - 00:00,"Bhopal Chauraha, Dewas - MPPCB"
13-Sep-2019 - 00:00,11.07,13.01,2.38,8.84,0.44,48.58,6.06,0.43,0.31,2.79,13.66,21.18,24.93,94.25,0.62,9.58,276.88,3.89,28.66,14-Sep-2019 - 00:00,"Bhopal Chauraha, Dewas - MPPCB"
14-Sep-2019 - 00:00,16.99,9.35,2.22,6.79,0.32,47.47,6.95,0.34,0.2,2.44,13.3,26.36,25.19,92.71,0.54,12.05,243.54,3.87,28.73,15-Sep-2019 - 00:00,"Bhopal Chauraha, Dewas - MPPCB"
15-Sep-2019 - 00:00,46.58,13.18,3.32,9.72,0.75,29.69,6.41,0.52,0.43,3.21,19.02,35.78,25.41,91.68,0.16,13.26,282.88,3.58,28.7,16-Sep-2019 - 00:00,"Bhopal Chauraha, Dewas - MPPCB"
16-Sep-2019 - 00:00,24.94,12.93,4.05,10.18,0.37,28.17,6.87,0.55,0.53,3.86,24.96,61.62,26.26,87.5,0.01,37.15,251.78,3.15,29.01,17-Sep-2019 - 00:00,"Bhopal Chauraha, Dewas - MPPCB"
17-Sep-2019 - 00:00,16.24,18.44,3.96,13.03,0.6,46.53,10.28,0.59,0.5,3.41,32.8,80.34,26.42,82.48,0.01,33.98,218.95,2.56,29.08,18-Sep-2019 - 00:00,"Bhopal Chauraha, Dewas - MPPCB"
18-Sep-2019 - 00:00,8.33,18.09,5.08,13.75,0.38,47.57,7.62,0.46,0.4,2.65,25.79,71.44,26.69,80.69,0.3,70.78,116.64,3.42,29.19,19-Sep-2019 - 00:00,"Bhopal Chauraha, Dewas - MPPCB"
19-Sep-2019 - 00:00,11.87,11.86,3.72,9.35,0.4,33.82,7.28,0.36,0.27,2.1,16.99,43.93,26.41,84.0,0.16,58.47,107.17,3.08,29.04,20-Sep-2019 - 00:00,"Bhopal Chauraha, Dewas - MPPCB"
20-Sep-2019 - 00:00,15.88,9.65,2.95,7.53,0.36,29.75,9.57,0.29,0.25,1.99,12.99,24.53,26.33,85.62,0.03,53.08,129.16,2.73,29.24,21-Sep-2019 - 00:00,"Bhopal Chauraha, Dewas - MPPCB"
21-Sep-2019 - 00:00,15.23,8.32,1.49,5.56,0.33,41.56,9.09,0.31,0.31,2.34,9.94,26.89,26.35,82.32,0.0,49.1,186.4,2.03,29.17,22-Sep-2019 - 00:00,"Bhopal Chauraha, Dewas - MPPCB"
22-Sep-2019 - 00:00,15.66,7.92,1.33,5.27,0.26,45.71,10.85,0.27,0.27,2.71,10.42,29.45,26.57,79.64,0.12,66.79,171.24,2.19,29.16,23-Sep-2019 - 00:00,"Bhopal Chauraha, Dewas - MPPCB"
23-Sep-2019 - 00:00,17.94,13.32,2.72,9.29,0.38,41.19,9.51,0.38,0.29,3.62,14.21,36.06,26.34,83.53,0.22,70.22,184.93,2.19,29.1,24-Sep-2019 - 00:00,"Bhopal Chauraha, Dewas - MPPCB"
24-Sep-2019 - 00:00,14.57,15.11,3.49,10.87,0.47,34.98,7.49,0.38,0.29,2.51,12.9,47.14,26.55,81.25,0.0,64.52,94.2,1.97,29.31,25-Sep-2019 - 00:00,"Bhopal Chauraha, Dewas - MPPCB"
25-Sep-2019 - 00:00,13.4,18.47,5.22,14.07,0.44,28.42,12.43,0.48,0.47,2.44,26.85,55.83,25.95,88.72,0.1,27.26,94.08,2.73,29.17,26-Sep-2019 - 00:00,"Bhopal Chauraha, Dewas - MPPCB"
26-Sep-2019 - 00:00,12.12,7.22,1.37,4.95,0.27,39.8,8.35,0.21,0.04,1.3,14.68,25.6,26.16,84.58,0.01,40.44,176.74,2.29,29.03,27-Sep-2019 - 00:00,"Bhopal Chauraha, Dewas - MPPCB"
27-Sep-2019 - 00:00,12.54,10.32,2.46,7.49,0.5,38.86,9.03,0.2,0.0,1.6,13.14,24.62,25.85,86.97,0.33,47.05,218.36,2.51,28.88,28-Sep-2019 - 00:00,"Bhopal Chauraha, Dewas - MPPCB"
28-Sep-2019 - 00:00,14.52,12.88,3.83,9.97,0.56,24.72,6.52,0.2,0.0,1.6,13.46,27.66,25.45,88.22,0.09,38.76,264.78,3.53,28.95,29-Sep-2019 - 00:00,"Bhopal Chauraha, Dewas - MPPCB"
29-Sep-2019 - 00:00,16.89,13.45,4.48,10.8,0.55,23.11,7.93,0.2,0.0,1.6,14.11,33.12,25.78,83.31,0.27,64.43,266.84,3.1,29.25,30-Sep-2019 - 00:00,"Bhopal Chauraha, Dewas - MPPCB"
30-Sep-2019 - 00:00,15.49,10.54,3.39,8.36,0.38,32.32,7.07,0.2,0.0,1.6,14.07,35.07,26.17,79.71,0.04,65.45,230.58,2.39,29.19,01-Oct-2019 - 00:00,"Bhopal Chauraha, Dewas - MPPCB"
01-Oct-2019 - 00:00,12.32,10.45,2.19,7.34,0.47,41.6,8.26,0.2,0.0,1.6,12.96,31.44,25.43,84.49,0.02,37.51,253.34,4.74,29.1,02-Oct-2019 - 00:00,"Bhopal Chauraha, Dewas - MPPCB"
02-Oct-2019 - 00:00,12.6,19.01,3.91,13.27,0.51,53.33,13.39,0.2,0.0,1.6,19.56,53.02,25.68,78.77,0.01,59.57,232.36,3.31,28.95,03-Oct-2019 - 00:00,"Bhopal Chauraha, Dewas - MPPCB"
03-Oct-2019 - 00:00,16.02,23.69,4.54,16.28,0.65,48.85,10.34,0.2,0.0,1.6,30.07,100.25,26.21,75.46,0.0,66.85,223.34,2.61,28.95,04-Oct-2019 - 00:00,"Bhopal Chauraha, Dewas - MPPCB"
04-Oct-2019 - 00:00,16.65,20.86,3.69,14.09,0.42,53.91,9.29,0.41,0.38,3.71,31.5,85.98,26.32,75.8,0.0,54.53,211.97,2.53,28.92,05-Oct-2019 - 00:00,"Bhopal Chauraha, Dewas - MPPCB"
05-Oct-2019 - 00:00,15.25,18.14,3.42,12.42,0.46,62.07,13.91,0.56,0.8,5.05,21.92,68.76,26.1,72.95,0.0,62.55,151.72,2.35,29.22,06-Oct-2019 - 00:00,"Bhopal Chauraha, Dewas - MPPCB"
06-Oct-2019 - 00:00,16.32,24.09,4.81,16.72,0.68,47.78,10.7,0.73,1.4,5.61,34.18,94.74,25.73,77.44,0.01,50.41,175.85,2.02,29.25,07-Oct-2019 - 00:00,"Bhopal Chauraha, Dewas - MPPCB"
07-Oct-2019 - 00:00,19.08,24.92,8.23,19.95,0.61,40.34,16.16,0.86,1.28,6.44,39.27,91.36,26.22,77.44,0.07,59.41,157.51,1.49,29.26,08-Oct-2019 - 00:00,"Bhopal Chauraha, Dewas - MPPCB"
08-Oct-2019 - 00:00,17.26,25.16,5.66,18.0,0.79,64.02,18.04,0.8,0.89,5.06,46.52,122.55,26.86,67.61,0.0,79.2,94.35,1.88,29.31,09-Oct-2019 - 00:00,"Bhopal Chauraha, Dewas - MPPCB"
09-Oct-2019 - 00:00,16.67,26.82,3.91,17.43,0.47,77.37,7.84,0.74,0.56,4.37,55.93,165.03,27.04,63.19,0.0,75.95,100.42,1.92,29.32,10-Oct-2019 - 00:00,"Bhopal Chauraha, Dewas - MPPCB"
10-Oct-2019 - 00:00,18.17,26.35,5.51,18.49,0.53,71.18,7.09,0.67,0.73,5.19,47.54,126.12,27.06,64.07,0.0,67.35,150.99,1.54,29.33,11-Oct-2019 - 00:00,"Bhopal Chauraha, Dewas - MPPCB"
11-Oct-2019 - 00:00,17.35,28.49,6.91,20.77,0.69,61.66,11.91,0.79,1.53,7.28,51.44,128.74,26.45,68.99,0.01,58.3,143.47,1.57,29.24,12-Oct-2019 - 00:00,"Bhopal Chauraha, Dewas - MPPCB"
12-Oct-2019 - 00:00,13.79,29.27,4.63,19.33,0.56,84.86,11.04,0.57,0.5,3.37,40.46,127.2,27.13,45.78,0.0,81.08,76.85,1.96,29.26,13-Oct-2019 - 00:00,"Bhopal Chauraha, Dewas - MPPCB"
13-Oct-2019 - 00:00,11.94,29.55,4.17,19.11,0.67,102.94,13.21,0.55,0.42,3.4,39.11,134.76,27.27,37.25,0.0,81.59,82.23,1.79,29.17,14-Oct-2019 - 00:00,"Bhopal Chauraha, Dewas - MPPCB"
14-Oct-2019 - 00:00,20.38,38.19,4.88,24.28,0.81,76.52,22.92,0.96,1.33,7.27,69.76,181.46,27.54,45.56,0.0,76.73,212.69,2.12,29.34,15-Oct-2019 - 00:00,"Bhopal Chauraha, Dewas - MPPCB"
15-Oct-2019 - 00:00,24.45,44.73,8.1,30.39,0.53,52.22,12.83,0.88,1.16,6.54,66.79,213.78,27.56,45.46,0.0,76.04,146.82,2.48,29.38,16-Oct-2019 - 00:00,"Bhopal Chauraha, Dewas - MPPCB"
16-Oct-2019 - 00:00,21.7,35.42,3.59,21.07,0.5,81.05,10.74,0.65,0.57,3.44,51.81,187.56,26.97,45.74,0.0,72.7,78.71,2.55,29.47,17-Oct-2019 - 00:00,"Bhopal Chauraha, Dewas - MPPCB"
17-Oct-2019 - 00:00,24.95,42.69,4.72,25.76,0.8,80.65,11.21,0.76,0.57,3.56,59.82,169.83,26.67,51.3,0.0,71.72,95.76,2.0,29.66,18-Oct-2019 - 00:00,"Bhopal Chauraha, Dewas - MPPCB"
18-Oct-2019 - 00:00,18.51,33.92,5.44,22.47,0.59,92.18,12.01,0.64,0.57,3.67,49.41,139.44,26.8,51.81,0.0,75.26,100.19,2.17,29.84,19-Oct-2019 - 00:00,"Bhopal Chauraha, Dewas - MPPCB"
19-Oct-2019 - 00:00,24.06,24.2,2.91,15.23,0.38,74.8,8.56,0.62,0.26,2.45,79.61,152.83,25.86,69.77,0.0,32.95,135.77,1.8,29.83,20-Oct-2019 - 00:00,"Bhopal Chauraha, Dewas - MPPCB"
20-Oct-2019 - 00:00,22.42,26.21,3.83,17.04,0.75,68.19,11.71,0.66,0.43,3.02,86.57,154.98,25.2,77.94,0.0,26.06,124.48,1.92,29.89,21-Oct-2019 - 00:00,"Bhopal Chauraha, Dewas - MPPCB"
21-Oct-2019 - 00:00,20.12,29.55,4.88,19.67,0.32,67.79,10.16,0.61,0.32,2.67,81.21,146.61,25.64,69.91,0.0,50.88,99.26,2.4,29.88,22-Oct-2019 - 00:00,"Bhopal Chauraha, Dewas - MPPCB"
22-Oct-2019 - 00:00,21.2,25.66,5.56,18.16,0.42,51.13,11.47,0.55,0.28,2.58,64.62,119.35,25.28,77.02,0.0,29.72,129.93,1.68,29.69,23-Oct-2019 - 00:00,"Bhopal Chauraha, Dewas - MPPCB"
23-Oct-2019 - 00:00,15.55,30.75,6.51,21.66,0.57,68.56,9.11,0.6,0.38,3.12,35.76,91.95,23.85,72.04,0.0,17.04,103.25,2.72,29.28,24-Oct-2019 - 00:00,"Bhopal Chauraha, Dewas - MPPCB"
24-Oct-2019 - 00:00,18.38,24.33,6.13,17.92,0.41,78.44,13.17,0.49,0.16,2.39,36.2,95.3,25.32,59.32,0.0,64.27,114.06,2.4,29.28,25-Oct-2019 - 00:00,"Bhopal Chauraha, Dewas - MPPCB"
25-Oct-2019 - 00:00,17.47,29.11,5.16,19.69,0.75,97.03,10.55,0.81,0.61,3.0,63.34,159.29,25.25,54.1,0.0,45.73,78.42,3.14,29.65,26-Oct-2019 - 00:00,"Bhopal Chauraha, Dewas - MPPCB"
26-Oct-2019 - 00:00,16.48,13.59,3.38,9.98,0.34,80.83,17.09,0.54,0.16,2.1,39.83,87.18,25.16,64.93,0.0,50.77,112.67,3.14,29.7,27-Oct-2019 - 00:00,"Bhopal Chauraha, Dewas - MPPCB"
27-Oct-2019 - 00:00,16.99,10.52,3.55,8.47,0.32,48.63,10.38,0.43,0.18,2.17,23.78,38.73,24.41,84.92,0.01,23.43,116.06,2.15,29.65,28-Oct-2019 - 00:00,"Bhopal Chauraha, Dewas - MPPCB"
28-Oct-2019 - 00:00,15.66,7.98,2.31,6.13,0.39,53.14,10.53,0.3,0.1,2.18,13.83,26.73,25.54,78.71,0.0,56.28,125.35,2.81,29.61,29-Oct-2019 - 00:00,"Bhopal Chauraha, Dewas - MPPCB"
29-Oct-2019 - 00:00,14.35,12.55,4.19,10.09,0.64,46.88,16.46,0.33,0.22,2.55,6.66,21.82,25.89,78.03,0.04,57.66,136.88,1.76,29.79,30-Oct-2019 - 00:00,"Bhopal Chauraha, Dewas - MPPCB"
30-Oct-2019 - 00:00,16.76,20.6,5.18,15.16,0.76,53.79,19.92,0.53,0.44,4.2,28.88,71.51,26.71,69.82,0.0,65.36,141.54,2.67,29.89,31-Oct-2019 - 00:00,"Bhopal Chauraha, Dewas - MPPCB"
31-Oct-2019 - 00:00,18.62,22.84,4.66,15.93,0.49,72.21,13.36,0.57,0.27,2.91,54.36,106.77,26.81,63.78,0.0,58.67,109.61,1.8,29.71,01-Nov-2019 - 00:00,"Bhopal Chauraha, Dewas - MPPCB"
01-Nov-2019 - 00:00,15.52,19.41,3.8,13.41,0.45,90.81,6.75,0.48,0.18,3.06,56.44,91.47,26.87,60.46,0.0,66.04,151.09,1.69,29.6,02-Nov-2019 - 00:00,"Bhopal Chauraha, Dewas - MPPCB"
02-Nov-2019 - 00:00,13.86,18.96,8.37,16.89,0.63,47.47,12.55,0.59,0.39,2.71,33.97,75.31,25.51,76.1,0.0,27.02,166.2,1.84,29.75,03-Nov-2019 - 00:00,"Bhopal Chauraha, Dewas - MPPCB"
03-Nov-2019 - 00:00,14.47,19.23,5.89,15.02,0.55,45.82,14.74,0.37,0.27,2.17,20.6,47.88,25.16,80.62,0.02,36.25,109.16,1.96,29.78,04-Nov-2019 - 00:00,"Bhopal Chauraha, Dewas - MPPCB"
04-Nov-2019 - 00:00,16.07,29.85,14.77,27.89,0.64,59.14,13.19,0.82,1.15,7.19,31.32,86.08,26.36,65.28,0.0,66.72,203.95,1.72,29.8,05-Nov-2019 - 00:00,"Bhopal Chauraha, Dewas - MPPCB"
05-Nov-2019 - 00:00,21.88,34.97,17.56,32.88,0.84,61.87,16.42,0.92,1.22,7.63,44.09,114.77,26.64,62.44,0.0,61.52,196.0,1.39,29.52,06-Nov-2019 - 00:00,"Bhopal Chauraha, Dewas - MPPCB"
06-Nov-2019 - 00:00,19.91,27.42,6.93,20.21,0.48,81.2,10.18,0.6,0.48,3.81,43.16,111.36,26.53,57.72,0.14,58.38,150.16,2.08,29.43,07-Nov-2019 - 00:00,"Bhopal Chauraha, Dewas - MPPCB"
07-Nov-2019 - 00:00,19.37,21.35,4.11,14.68,0.48,80.8,22.56,0.58,0.43,4.45,35.88,72.93,25.8,71.97,0.0,48.79,192.58,2.21,29.49,08-Nov-2019 - 00:00,"Bhopal Chauraha, Dewas - MPPCB"
08-Nov-2019 - 00:00,13.96,18.38,4.14,13.15,0.59,71.64,11.01,0.4,0.24,2.54,27.88,57.22,26.02,69.72,0.0,64.05,135.5,2.05,29.13,09-Nov-2019 - 00:00,"Bhopal Chauraha, Dewas - MPPCB"
09-Nov-2019 - 00:00,14.63,24.58,2.97,15.49,0.49,108.52,11.71,0.64,0.26,2.38,69.51,124.42,25.92,62.25,0.0,62.96,91.1,3.09,28.82,10-Nov-2019 - 00:00,"Bhopal Chauraha, Dewas - MPPCB"
10-Nov-2019 - 00:00,15.91,29.56,4.28,19.2,0.47,106.23,10.5,0.8,0.3,2.5,76.0,141.96,25.59,54.14,0.0,63.42,95.23,2.71,28.9,11-Nov-2019 - 00:00,"Bhopal Chauraha, Dewas - MPPCB"
11-Nov-2019 - 00:00,14.58,18.75,2.72,12.17,0.43,116.11,8.71,0.64,0.22,2.5,54.14,96.6,25.96,50.28,0.0,60.92,174.01,2.09,28.83,12-Nov-2019 - 00:00,"Bhopal Chauraha, Dewas - MPPCB"
12-Nov-2019 - 00:00,14.82,17.79,2.48,11.49,0.33,97.25,10.45,0.52,0.21,2.7,48.6,83.59,26.12,51.97,0.0,58.61,194.47,1.68,28.92,13-Nov-2019 - 00:00,"Bhopal Chauraha, Dewas - MPPCB"
13-Nov-2019 - 00:00,13.93,35.19,7.59,24.89,0.55,90.7,15.56,0.64,0.52,3.27,54.42,126.56,25.87,52.55,0.0,47.24,117.86,1.55,28.83,14-Nov-2019 - 00:00,"Bhopal Chauraha, Dewas - MPPCB"
14-Nov-2019 - 00:00,13.39,22.88,3.17,14.74,0.37,112.57,10.93,0.49,0.21,2.02,58.78,102.96,25.25,51.22,0.0,65.59,139.43,2.0,28.85,15-Nov-2019 - 00:00,"Bhopal Chauraha, Dewas - MPPCB"
15-Nov-2019 - 00:00,12.82,38.23,10.77,29.1,0.72,80.69,9.75,0.72,0.71,3.67,62.63,124.98,25.25,46.3,0.0,64.39,126.88,1.65,28.88,16-Nov-2019 - 00:00,"Bhopal Chauraha, Dewas - MPPCB"
16-Nov-2019 - 00:00,14.74,39.72,5.25,25.4,0.61,93.33,10.57,0.69,0.46,2.88,71.83,146.84,25.52,42.93,0.0,61.69,107.52,1.64,28.67,17-Nov-2019 - 00:00,"Bhopal Chauraha, Dewas - MPPCB"
17-Nov-2019 - 00:00,18.37,32.93,4.15,20.88,0.38,104.26,11.71,0.84,0.46,2.64,86.88,156.58,24.98,48.93,0.0,60.34,65.99,2.64,28.53,18-Nov-2019 - 00:00,"Bhopal Chauraha, Dewas - MPPCB"
18-Nov-2019 - 00:00,16.3,46.71,10.62,33.48,0.76,80.11,8.03,0.77,0.72,3.22,54.46,117.42,24.99,46.4,0.0,62.69,94.42,1.92,28.59,19-Nov-2019 - 00:00,"Bhopal Chauraha, Dewas - MPPCB"
19-Nov-2019 - 00:00,16.8,30.06,5.01,20.06,0.45,103.14,9.56,0.66,0.53,3.3,53.55,104.91,25.35,43.98,0.0,63.26,160.4,1.74,28.8,20-Nov-2019 - 00:00,"Bhopal Chauraha, Dewas - MPPCB"
20-Nov-2019 - 00:00,19.38,39.96,8.14,26.42,0.56,94.0,13.74,0.54,0.26,2.11,59.25,103.1,24.22,54.5,0.0,44.14,129.69,1.69,28.9,21-Nov-2019 - 00:00,"Bhopal Chauraha, Dewas - MPPCB"
21-Nov-2019 - 00:00,14.02,54.18,19.79,44.91,0.92,92.6,9.0,0.81,0.88,3.5,65.78,125.53,24.87,48.89,0.0,55.09,134.65,1.49,28.79,22-Nov-2019 - 00:00,"Bhopal Chauraha, Dewas - MPPCB"
22-Nov-2019 - 00:00,15.2,31.79,3.38,19.65,0.34,110.22,9.05,0.65,0.48,3.13,65.74,109.08,25.4,51.49,0.0,61.58,147.86,1.58,28.99,23-Nov-2019 - 00:00,"Bhopal Chauraha, Dewas - MPPCB"
23-Nov-2019 - 00:00,15.93,43.59,6.59,28.55,0.62,75.45,13.04,0.75,0.67,3.61,74.57,136.85,25.3,52.8,0.0,59.52,95.14,1.55,29.08,24-Nov-2019 - 00:00,"Bhopal Chauraha, Dewas - MPPCB"
24-Nov-2019 - 00:00,18.89,32.04,3.56,19.94,0.55,98.63,12.41,0.66,0.38,2.59,77.04,132.25,25.05,55.65,0.0,56.72,107.96,2.23,29.1,25-Nov-2019 - 00:00,"Bhopal Chauraha, Dewas - MPPCB"
25-Nov-2019 - 00:00,18.0,24.84,3.1,15.74,0.3,104.14,11.92,0.61,0.28,2.15,76.83,120.5,25.18,56.02,0.0,57.86,126.08,2.17,28.95,26-Nov-2019 - 00:00,"Bhopal Chauraha, Dewas - MPPCB"
26-Nov-2019 - 00:00,15.82,27.3,3.72,17.56,0.46,96.31,13.61,0.54,0.28,1.71,77.72,118.0,24.92,58.3,0.0,58.18,145.74,1.81,28.96,27-Nov-2019 - 00:00,"Bhopal Chauraha, Dewas - MPPCB"
27-Nov-2019 - 00:00,12.93,23.75,3.67,15.61,,92.47,10.21,0.46,0.2,1.97,66.87,104.47,25.36,57.01,0.0,55.94,165.2,1.74,28.87,28-Nov-2019 - 00:00,"Bhopal Chauraha, Dewas - MPPCB"
28-Nov-2019 - 00:00,12.43,25.52,4.89,17.55,0.41,86.34,10.64,0.53,0.34,2.22,63.3,103.48,25.55,51.86,0.0,59.46,176.78,1.86,29.37,29-Nov-2019 - 00:00,"Bhopal Chauraha, Dewas - MPPCB"
29-Nov-2019 - 00:00,16.78,49.32,14.86,38.32,1.55,79.08,10.18,0.97,1.06,5.95,71.32,148.56,25.51,51.17,0.0,55.96,160.06,1.75,29.62,30-Nov-2019 - 00:00,"Bhopal Chauraha, Dewas - MPPCB"
30-Nov-2019 - 00:00,22.06,36.19,10.07,27.44,0.83,73.63,9.1,0.8,0.53,2.51,82.8,157.22,24.61,62.86,0.0,56.91,101.75,2.2,29.25,01-Dec-2019 - 00:00,"Bhopal Chauraha, Dewas - MPPCB"
01-Dec-2019 - 00:00,20.46,24.51,2.96,15.44,0.67,75.81,10.51,0.72,0.36,2.25,77.75,129.71,24.37,65.51,0.0,43.73,131.39,2.66,29.76,02-Dec-2019 - 00:00,"Bhopal Chauraha, Dewas - MPPCB"
02-Dec-2019 - 00:00,25.94,23.96,4.02,16.0,0.66,73.27,11.93,0.76,0.32,2.08,91.54,146.31,23.93,75.47,0.0,49.59,70.29,3.01,29.42,03-Dec-2019 - 00:00,"Bhopal Chauraha, Dewas - MPPCB"
03-Dec-2019 - 00:00,23.23,27.49,4.02,17.89,0.61,84.73,7.84,0.7,0.24,1.83,89.28,146.21,23.61,68.0,0.0,52.47,89.82,3.24,29.05,04-Dec-2019 - 00:00,"Bhopal Chauraha, Dewas - MPPCB"
04-Dec-2019 - 00:00,16.29,32.59,4.3,20.83,0.59,80.69,10.07,0.58,0.32,1.84,45.11,107.23,23.67,54.92,0.0,57.82,94.08,2.81,29.31,05-Dec-2019 - 00:00,"Bhopal Chauraha, Dewas - MPPCB"
05-Dec-2019 - 00:00,15.44,34.8,4.51,22.17,0.53,75.93,12.81,0.62,0.36,1.98,35.44,108.97,23.54,53.53,0.0,48.64,82.17,2.62,29.61,06-Dec-2019 - 00:00,"Bhopal Chauraha, Dewas - MPPCB"
06-Dec-2019 - 00:00,17.24,31.15,3.89,19.73,0.5,86.79,10.79,0.59,0.25,1.59,41.32,110.12,22.59,48.14,0.0,49.18,83.41,2.96,29.52,07-Dec-2019 - 00:00,"Bhopal Chauraha, Dewas - MPPCB"
07-Dec-2019 - 00:00,23.59,39.65,4.33,24.6,0.74,97.6,8.77,0.86,0.39,2.17,87.08,168.99,22.76,54.96,0.0,54.7,82.55,2.97,29.48,08-Dec-2019 - 00:00,"Bhopal Chauraha, Dewas - MPPCB"
08-Dec-2019 - 00:00,23.78,37.93,2.63,22.31,0.74,110.07,19.24,0.85,0.36,1.96,101.23,168.61,22.67,60.12,0.0,56.66,78.67,2.51,29.56,09-Dec-2019 - 00:00,"Bhopal Chauraha, Dewas - MPPCB"
09-Dec-2019 - 00:00,22.72,38.57,3.12,23.06,0.77,109.38,15.85,0.83,0.4,2.22,98.96,166.69,23.05,63.16,0.0,55.52,93.64,2.28,29.56,10-Dec-2019 - 00:00,"Bhopal Chauraha, Dewas - MPPCB"
10-Dec-2019 - 00:00,20.17,39.46,4.14,24.36,0.76,102.55,15.46,0.77,0.44,2.29,83.65,143.8,23.56,61.71,0.0,55.65,105.73,1.73,29.42,11-Dec-2019 - 00:00,"Bhopal Chauraha, Dewas - MPPCB"
11-Dec-2019 - 00:00,20.19,34.8,6.09,23.47,0.77,108.33,11.23,0.72,0.38,2.73,77.5,134.29,24.14,65.93,0.0,51.15,153.82,1.52,29.66,12-Dec-2019 - 00:00,"Bhopal Chauraha, Dewas - MPPCB"
12-Dec-2019 - 00:00,22.52,36.16,3.01,21.69,0.95,94.34,16.29,1.04,1.38,5.53,84.83,165.24,24.11,67.33,0.0,36.48,243.11,2.09,29.4,13-Dec-2019 - 00:00,"Bhopal Chauraha, Dewas - MPPCB"
13-Dec-2019 - 00:00,22.56,35.29,4.94,22.79,0.59,60.16,13.95,0.86,0.97,5.19,40.42,116.39,23.59,58.53,0.0,51.38,272.21,2.63,29.2,14-Dec-2019 - 00:00,"Bhopal Chauraha, Dewas - MPPCB"
14-Dec-2019 - 00:00,22.04,22.54,3.58,14.91,0.54,54.16,13.06,0.62,0.34,1.9,39.28,80.19,22.24,73.76,0.0,54.81,89.26,3.27,29.5,15-Dec-2019 - 00:00,"Bhopal Chauraha, Dewas - MPPCB"
15-Dec-2019 - 00:00,22.26,21.86,3.13,14.17,0.47,46.79,16.51,0.67,0.23,1.53,53.83,92.84,20.49,82.42,0.0,24.96,70.89,3.73,29.4,16-Dec-2019 - 00:00,"Bhopal Chauraha, Dewas - MPPCB"
16-Dec-2019 - 00:00,20.74,28.04,4.89,18.89,0.58,43.63,8.86,0.74,0.31,1.69,60.28,109.24,19.92,82.07,0.0,35.6,78.93,3.58,29.49,17-Dec-2019 - 00:00,"Bhopal Chauraha, Dewas - MPPCB"
17-Dec-2019 - 00:00,23.17,25.47,3.37,16.29,0.6,59.14,12.45,0.74,0.22,1.55,63.41,106.64,19.97,77.9,0.0,54.61,78.1,3.63,29.09,18-Dec-2019 - 00:00,"Bhopal Chauraha, Dewas - MPPCB"
18-Dec-2019 - 00:00,23.21,29.13,5.55,20.01,0.72,45.3,8.68,0.77,0.29,1.76,68.58,115.72,20.57,78.5,0.0,42.38,99.38,2.46,28.45,19-Dec-2019 - 00:00,"Bhopal Chauraha, Dewas - MPPCB"
19-Dec-2019 - 00:00,20.5,31.67,4.36,20.39,0.78,56.74,10.34,0.73,0.5,2.2,57.82,107.51,22.29,71.43,0.0,53.17,109.27,1.93,28.59,20-Dec-2019 - 00:00,"Bhopal Chauraha, Dewas - MPPCB"
20-Dec-2019 - 00:00,22.44,33.37,5.01,21.81,0.92,58.83,12.42,0.75,0.42,2.39,60.43,112.39,23.34,74.58,0.0,52.08,123.8,1.58,28.8,21-Dec-2019 - 00:00,"Bhopal Chauraha, Dewas - MPPCB"
21-Dec-2019 - 00:00,21.34,28.63,3.41,18.0,0.98,64.6,10.2,0.61,0.27,1.71,57.22,110.28,23.66,75.57,0.0,48.64,104.99,1.91,28.62,22-Dec-2019 - 00:00,"Bhopal Chauraha, Dewas - MPPCB"
22-Dec-2019 - 00:00,18.49,27.01,3.59,17.28,0.49,61.4,9.75,0.6,0.21,1.42,50.5,98.81,22.45,68.15,0.0,52.51,84.35,3.06,28.29,23-Dec-2019 - 00:00,"Bhopal Chauraha, Dewas - MPPCB"
23-Dec-2019 - 00:00,19.67,28.83,3.37,18.07,0.66,70.38,10.76,0.75,0.28,1.68,66.43,111.3,22.37,65.32,0.0,47.6,101.56,3.04,28.25,24-Dec-2019 - 00:00,"Bhopal Chauraha, Dewas - MPPCB"
24-Dec-2019 - 00:00,20.5,22.29,2.55,13.94,0.62,58.76,8.31,0.82,0.9,4.56,55.02,94.96,22.94,74.06,0.0,35.21,129.26,2.66,28.53,25-Dec-2019 - 00:00,"Bhopal Chauraha, Dewas - MPPCB"
25-Dec-2019 - 00:00,24.1,19.17,3.19,12.79,0.75,49.81,17.7,0.83,0.41,2.2,88.07,126.8,21.99,83.53,0.0,43.58,79.71,3.32,28.44,26-Dec-2019 - 00:00,"Bhopal Chauraha, Dewas - MPPCB"
26-Dec-2019 - 00:00,16.96,25.31,3.84,16.59,0.57,54.14,11.25,0.71,0.26,1.65,55.22,96.58,20.99,68.81,0.0,54.86,71.31,3.1,28.28,27-Dec-2019 - 00:00,"Bhopal Chauraha, Dewas - MPPCB"
27-Dec-2019 - 00:00,12.07,31.39,5.0,20.75,0.4,57.06,8.8,0.54,0.23,1.45,32.3,78.57,20.06,46.41,0.0,65.35,87.91,3.13,28.04,28-Dec-2019 - 00:00,"Bhopal Chauraha, Dewas - MPPCB"
28-Dec-2019 - 00:00,11.78,31.25,5.01,20.69,0.46,55.07,18.9,0.55,0.24,1.41,38.98,78.7,19.89,49.8,0.0,64.64,95.31,2.97,28.13,29-Dec-2019 - 00:00,"Bhopal Chauraha, Dewas - MPPCB"
29-Dec-2019 - 00:00,13.28,27.16,3.69,17.44,0.53,54.22,18.17,0.58,0.25,1.4,44.24,76.33,20.27,57.12,0.0,55.64,100.96,2.99,28.13,30-Dec-2019 - 00:00,"Bhopal Chauraha, Dewas - MPPCB"
30-Dec-2019 - 00:00,28.37,19.66,2.16,12.2,0.63,24.64,11.32,0.67,0.4,7.06,57.47,94.47,20.82,63.67,0.0,48.2,111.71,2.75,28.22,31-Dec-2019 - 00:00,"Bhopal Chauraha, Dewas - MPPCB"
31-Dec-2019 - 00:00,36.8,22.3,1.65,13.2,0.7,5.3,12.8,0.75,0.35,10.2,74.0,100.0,19.95,78.0,0.0,2.0,89.5,3.0,28.15,01-Jan-2020 - 00:00,"Bhopal Chauraha, Dewas - MPPCB"
