from date,Eth-Benzene,Toluene,BP,PM2.5,PM10,RF,RH,Temp,WD,WS,CO,NH3,NO,NO2,NOx,Ozone,SO2,to date,station
01-Jan-2019 - 00:00,0.59,13.54,764.37,51.35,155.43,0.0,44.31,14.93,185.68,1.19,1.23,34.9,42.74,58.48,101.22,31.9,15.17,02-Jan-2019 - 00:00,"Civil Lines,  Ajmer - RSPCB"
02-Jan-2019 - 00:00,0.58,13.66,764.5,50.74,171.79,0.0,45.71,15.37,193.85,1.45,0.94,35.92,35.67,52.34,87.84,31.49,7.87,03-Jan-2019 - 00:00,"Civil Lines,  Ajmer - RSPCB"
03-Jan-2019 - 00:00,0.15,6.6,765.77,53.18,117.27,0.0,35.32,16.57,235.14,1.42,0.88,28.24,14.16,46.28,59.05,32.93,5.96,04-Jan-2019 - 00:00,"Civil Lines,  Ajmer - RSPCB"
04-Jan-2019 - 00:00,0.15,5.06,764.49,85.73,150.43,0.0,46.63,15.42,210.18,1.67,0.85,31.4,13.72,47.76,61.48,46.15,8.84,05-Jan-2019 - 00:00,"Civil Lines,  Ajmer - RSPCB"
05-Jan-2019 - 00:00,0.21,7.35,762.75,86.69,136.98,0.0,52.32,16.56,176.59,1.43,0.94,34.49,12.93,50.61,63.54,38.9,10.5,06-Jan-2019 - 00:00,"Civil Lines,  Ajmer - RSPCB"
06-Jan-2019 - 00:00,0.02,2.09,763.2,108.52,138.78,0.0,63.59,14.08,249.71,2.03,0.71,31.54,4.65,28.19,32.83,61.78,6.12,07-Jan-2019 - 00:00,"Civil Lines,  Ajmer - RSPCB"
07-Jan-2019 - 00:00,0.32,1.03,765.27,57.48,120.49,0.0,60.99,13.12,125.3,1.42,0.91,31.08,12.81,33.57,46.36,40.72,5.84,08-Jan-2019 - 00:00,"Civil Lines,  Ajmer - RSPCB"
08-Jan-2019 - 00:00,0.49,0.81,764.76,63.45,128.98,0.0,54.25,13.81,190.5,1.41,0.59,34.46,21.71,39.2,60.89,37.92,4.69,09-Jan-2019 - 00:00,"Civil Lines,  Ajmer - RSPCB"
09-Jan-2019 - 00:00,0.42,0.64,765.64,67.88,109.88,0.0,44.97,14.47,183.09,2.0,0.62,31.13,13.97,36.27,50.24,48.17,3.37,10-Jan-2019 - 00:00,"Civil Lines,  Ajmer - RSPCB"
10-Jan-2019 - 00:00,0.5,0.91,765.73,77.7,151.84,0.0,47.12,14.42,172.7,2.14,0.63,32.03,22.67,44.13,66.8,37.71,5.38,11-Jan-2019 - 00:00,"Civil Lines,  Ajmer - RSPCB"
11-Jan-2019 - 00:00,0.27,0.51,765.33,55.18,118.27,0.0,38.85,16.15,131.72,2.57,0.48,27.31,6.25,36.24,42.49,48.57,6.82,12-Jan-2019 - 00:00,"Civil Lines,  Ajmer - RSPCB"
12-Jan-2019 - 00:00,0.44,0.87,764.38,68.9,148.39,0.0,48.66,15.04,170.53,2.0,0.66,32.17,21.18,44.67,65.85,40.04,5.74,13-Jan-2019 - 00:00,"Civil Lines,  Ajmer - RSPCB"
13-Jan-2019 - 00:00,0.27,0.53,766.08,86.57,117.1,0.0,46.34,15.95,112.18,2.49,0.78,28.76,8.33,32.71,41.04,64.86,6.93,14-Jan-2019 - 00:00,"Civil Lines,  Ajmer - RSPCB"
14-Jan-2019 - 00:00,0.2,0.38,769.12,55.75,92.34,0.0,45.03,14.36,191.02,3.07,0.53,25.2,6.49,24.23,30.72,49.13,5.61,15-Jan-2019 - 00:00,"Civil Lines,  Ajmer - RSPCB"
15-Jan-2019 - 00:00,0.53,0.84,768.05,61.19,119.18,0.0,26.81,14.47,214.83,2.27,0.75,29.41,34.78,39.16,73.92,40.07,5.79,16-Jan-2019 - 00:00,"Civil Lines,  Ajmer - RSPCB"
16-Jan-2019 - 00:00,0.6,1.08,766.88,82.7,154.89,0.0,39.87,15.78,169.38,2.62,0.62,35.36,26.18,53.0,79.18,42.2,7.16,17-Jan-2019 - 00:00,"Civil Lines,  Ajmer - RSPCB"
17-Jan-2019 - 00:00,0.5,0.74,766.46,62.44,125.71,0.0,42.4,16.2,170.29,2.68,0.88,41.57,34.45,53.06,87.51,36.41,7.55,18-Jan-2019 - 00:00,"Civil Lines,  Ajmer - RSPCB"
18-Jan-2019 - 00:00,2.83,10.31,767.43,82.85,161.89,0.0,40.46,16.21,204.38,2.52,0.74,37.63,34.72,54.31,89.03,46.88,6.71,19-Jan-2019 - 00:00,"Civil Lines,  Ajmer - RSPCB"
19-Jan-2019 - 00:00,3.64,4.85,767.6,77.11,155.73,0.0,38.63,18.49,179.9,2.13,0.78,43.55,43.15,59.82,95.88,35.14,8.96,20-Jan-2019 - 00:00,"Civil Lines,  Ajmer - RSPCB"
20-Jan-2019 - 00:00,4.61,1.38,766.56,64.14,124.57,0.0,38.58,19.78,195.6,2.28,0.68,38.25,24.59,52.13,76.72,32.59,8.49,21-Jan-2019 - 00:00,"Civil Lines,  Ajmer - RSPCB"
21-Jan-2019 - 00:00,3.01,0.81,763.0,69.73,265.08,0.0,51.57,17.21,228.94,2.23,0.58,37.56,13.81,41.63,55.44,37.17,7.45,22-Jan-2019 - 00:00,"Civil Lines,  Ajmer - RSPCB"
22-Jan-2019 - 00:00,4.54,1.11,763.04,28.01,67.68,0.03,62.65,14.61,230.33,2.52,0.58,32.32,11.69,31.06,42.75,37.99,4.79,23-Jan-2019 - 00:00,"Civil Lines,  Ajmer - RSPCB"
23-Jan-2019 - 00:00,3.55,1.58,761.64,47.42,79.9,0.0,57.49,15.39,119.68,2.17,0.58,33.63,6.51,24.41,30.92,44.9,5.74,24-Jan-2019 - 00:00,"Civil Lines,  Ajmer - RSPCB"
24-Jan-2019 - 00:00,3.98,2.03,763.53,51.57,80.01,0.1,81.37,11.47,133.01,2.27,0.7,34.11,5.5,23.19,28.69,29.04,5.92,25-Jan-2019 - 00:00,"Civil Lines,  Ajmer - RSPCB"
25-Jan-2019 - 00:00,3.1,1.56,763.76,35.75,70.78,0.0,62.02,11.95,165.95,2.7,0.62,27.09,3.01,19.92,22.93,51.2,4.15,26-Jan-2019 - 00:00,"Civil Lines,  Ajmer - RSPCB"
26-Jan-2019 - 00:00,3.13,1.61,765.83,35.05,72.09,0.0,48.7,11.57,169.76,3.27,0.61,29.72,8.34,26.53,34.87,50.63,5.51,27-Jan-2019 - 00:00,"Civil Lines,  Ajmer - RSPCB"
27-Jan-2019 - 00:00,3.37,2.0,766.36,54.19,89.65,0.0,48.52,11.31,202.98,2.7,0.81,34.5,26.79,37.54,64.31,42.99,7.15,28-Jan-2019 - 00:00,"Civil Lines,  Ajmer - RSPCB"
28-Jan-2019 - 00:00,4.18,23.26,769.05,58.17,107.73,0.0,47.4,11.81,191.04,2.61,0.62,38.95,28.11,37.45,65.55,37.78,4.9,29-Jan-2019 - 00:00,"Civil Lines,  Ajmer - RSPCB"
29-Jan-2019 - 00:00,10.87,59.08,767.32,49.75,82.51,0.0,40.69,12.22,172.43,2.18,0.6,39.72,30.91,39.22,70.13,28.08,6.08,30-Jan-2019 - 00:00,"Civil Lines,  Ajmer - RSPCB"
30-Jan-2019 - 00:00,4.07,11.03,765.56,58.0,96.01,0.0,38.68,14.1,155.43,2.25,0.34,39.04,21.92,37.53,59.44,52.38,6.41,31-Jan-2019 - 00:00,"Civil Lines,  Ajmer - RSPCB"
31-Jan-2019 - 00:00,0.39,16.83,763.63,45.03,73.73,0.0,38.18,16.48,181.44,2.47,0.44,34.63,5.82,30.21,36.03,45.68,8.76,01-Feb-2019 - 00:00,"Civil Lines,  Ajmer - RSPCB"
01-Feb-2019 - 00:00,0.43,16.51,765.4,39.64,66.98,0.0,50.11,14.15,229.15,2.96,0.46,29.5,4.85,16.02,20.86,51.62,5.47,02-Feb-2019 - 00:00,"Civil Lines,  Ajmer - RSPCB"
02-Feb-2019 - 00:00,0.81,14.94,765.48,46.05,72.36,0.0,60.11,12.37,178.98,2.64,0.37,27.8,5.33,19.07,24.39,53.71,4.81,03-Feb-2019 - 00:00,"Civil Lines,  Ajmer - RSPCB"
03-Feb-2019 - 00:00,1.36,23.3,765.97,50.45,105.27,0.0,52.53,13.89,177.14,2.34,0.57,32.83,5.34,31.18,36.52,54.16,5.75,04-Feb-2019 - 00:00,"Civil Lines,  Ajmer - RSPCB"
04-Feb-2019 - 00:00,2.11,16.68,766.22,63.33,132.53,0.0,52.13,16.13,179.45,2.22,0.68,36.81,8.41,37.96,46.37,49.96,6.84,05-Feb-2019 - 00:00,"Civil Lines,  Ajmer - RSPCB"
05-Feb-2019 - 00:00,3.87,21.6,764.12,68.85,139.04,0.0,55.51,18.95,173.57,2.6,0.55,48.63,22.61,43.77,66.38,37.29,7.48,06-Feb-2019 - 00:00,"Civil Lines,  Ajmer - RSPCB"
06-Feb-2019 - 00:00,4.27,18.87,760.8,57.02,138.71,0.0,39.08,18.53,198.33,2.48,0.42,40.86,17.74,45.54,50.83,28.4,7.52,07-Feb-2019 - 00:00,"Civil Lines,  Ajmer - RSPCB"
07-Feb-2019 - 00:00,4.75,20.39,759.73,42.26,134.27,0.0,28.14,16.14,220.52,4.21,0.39,30.06,6.28,25.03,31.27,45.0,6.11,08-Feb-2019 - 00:00,"Civil Lines,  Ajmer - RSPCB"
08-Feb-2019 - 00:00,1.46,22.01,764.32,41.3,111.75,0.0,38.39,13.07,228.91,3.03,0.32,25.13,6.1,20.28,26.38,57.1,5.8,09-Feb-2019 - 00:00,"Civil Lines,  Ajmer - RSPCB"
09-Feb-2019 - 00:00,4.02,27.79,766.46,49.64,95.11,0.0,36.43,13.23,195.6,2.98,0.52,30.7,19.08,33.18,52.26,40.36,6.32,10-Feb-2019 - 00:00,"Civil Lines,  Ajmer - RSPCB"
10-Feb-2019 - 00:00,3.12,26.31,766.59,55.66,106.17,0.0,35.93,13.93,193.01,2.8,0.46,32.67,18.11,42.24,60.34,45.58,5.92,11-Feb-2019 - 00:00,"Civil Lines,  Ajmer - RSPCB"
11-Feb-2019 - 00:00,2.01,28.32,766.66,47.59,93.28,0.0,38.39,15.69,151.69,2.12,0.44,29.68,4.47,33.5,37.96,60.93,8.58,12-Feb-2019 - 00:00,"Civil Lines,  Ajmer - RSPCB"
12-Feb-2019 - 00:00,1.36,22.49,767.06,47.05,88.54,0.0,39.27,18.17,161.65,2.06,0.37,28.32,2.58,27.96,30.54,69.15,6.69,13-Feb-2019 - 00:00,"Civil Lines,  Ajmer - RSPCB"
13-Feb-2019 - 00:00,1.77,21.53,772.85,78.48,122.52,0.0,43.62,20.21,169.23,2.28,0.6,35.31,7.06,41.31,48.37,55.52,8.69,14-Feb-2019 - 00:00,"Civil Lines,  Ajmer - RSPCB"
14-Feb-2019 - 00:00,1.91,24.17,767.72,70.71,117.32,0.0,48.78,20.87,216.82,3.32,0.36,35.06,2.43,24.76,27.19,78.24,7.04,15-Feb-2019 - 00:00,"Civil Lines,  Ajmer - RSPCB"
15-Feb-2019 - 00:00,2.28,26.89,765.04,74.09,128.91,0.0,38.79,17.89,193.91,3.03,0.51,23.25,7.07,27.01,34.08,67.87,4.67,16-Feb-2019 - 00:00,"Civil Lines,  Ajmer - RSPCB"
16-Feb-2019 - 00:00,2.96,28.86,765.59,37.81,75.03,0.0,36.62,16.17,237.82,3.0,0.56,19.56,4.79,21.37,26.14,60.48,9.51,17-Feb-2019 - 00:00,"Civil Lines,  Ajmer - RSPCB"
17-Feb-2019 - 00:00,5.74,30.01,755.79,72.33,143.77,0.0,39.52,17.06,216.24,1.67,0.51,31.89,12.34,33.12,45.45,33.58,6.52,18-Feb-2019 - 00:00,"Civil Lines,  Ajmer - RSPCB"
18-Feb-2019 - 00:00,2.88,22.84,755.67,55.93,174.23,0.0,29.59,20.54,196.74,2.99,0.36,29.41,9.25,29.24,38.49,43.75,7.47,19-Feb-2019 - 00:00,"Civil Lines,  Ajmer - RSPCB"
19-Feb-2019 - 00:00,2.26,24.86,761.31,48.29,123.15,0.0,38.34,21.33,224.61,2.0,0.56,34.39,19.05,34.62,53.66,22.91,4.94,20-Feb-2019 - 00:00,"Civil Lines,  Ajmer - RSPCB"
20-Feb-2019 - 00:00,2.33,25.22,765.15,22.76,52.49,0.0,48.36,22.49,137.12,2.82,0.27,33.29,2.81,19.17,21.98,44.16,4.45,21-Feb-2019 - 00:00,"Civil Lines,  Ajmer - RSPCB"
21-Feb-2019 - 00:00,1.44,20.5,765.4,45.8,78.03,0.0,53.94,22.23,223.49,3.22,0.31,35.41,4.71,26.35,30.0,41.24,9.26,22-Feb-2019 - 00:00,"Civil Lines,  Ajmer - RSPCB"
22-Feb-2019 - 00:00,2.63,24.57,766.54,25.28,51.72,0.0,49.27,18.88,257.54,3.4,0.41,30.16,2.02,14.5,16.51,54.91,5.05,23-Feb-2019 - 00:00,"Civil Lines,  Ajmer - RSPCB"
23-Feb-2019 - 00:00,1.38,19.85,762.88,31.76,58.25,0.0,33.76,17.27,170.0,2.53,0.32,24.3,8.77,22.74,31.51,60.19,5.69,24-Feb-2019 - 00:00,"Civil Lines,  Ajmer - RSPCB"
24-Feb-2019 - 00:00,2.5,25.2,759.43,45.6,88.87,0.0,30.09,18.73,227.61,2.12,0.35,30.39,12.42,32.35,44.76,51.87,5.61,25-Feb-2019 - 00:00,"Civil Lines,  Ajmer - RSPCB"
25-Feb-2019 - 00:00,1.75,22.11,758.67,44.26,87.51,0.0,29.06,18.88,203.48,2.4,0.34,29.35,9.97,29.97,39.93,53.53,5.71,26-Feb-2019 - 00:00,"Civil Lines,  Ajmer - RSPCB"
26-Feb-2019 - 00:00,0.29,19.29,758.25,38.38,84.38,0.01,34.46,17.78,149.24,2.53,0.36,23.6,2.25,19.63,21.42,68.95,5.25,27-Feb-2019 - 00:00,"Civil Lines,  Ajmer - RSPCB"
27-Feb-2019 - 00:00,0.31,20.01,757.62,29.79,59.51,0.0,46.22,16.15,204.7,3.39,0.33,28.35,2.5,21.09,23.62,57.32,4.84,28-Feb-2019 - 00:00,"Civil Lines,  Ajmer - RSPCB"
28-Feb-2019 - 00:00,0.62,20.56,759.81,43.13,75.69,0.0,37.32,16.29,169.31,2.87,0.25,26.92,5.19,26.01,31.15,62.4,5.44,01-Mar-2019 - 00:00,"Civil Lines,  Ajmer - RSPCB"
01-Mar-2019 - 00:00,0.35,26.98,761.47,38.32,78.1,0.0,28.03,18.1,154.25,3.35,0.25,21.22,3.37,21.8,25.12,73.1,6.18,02-Mar-2019 - 00:00,"Civil Lines,  Ajmer - RSPCB"
02-Mar-2019 - 00:00,1.43,20.05,760.11,43.24,86.5,0.0,38.45,17.48,97.83,3.68,0.3,21.76,4.85,14.18,19.03,76.52,9.9,03-Mar-2019 - 00:00,"Civil Lines,  Ajmer - RSPCB"
03-Mar-2019 - 00:00,0.51,33.08,758.23,62.57,118.96,0.0,55.03,17.92,123.47,2.96,0.59,33.12,12.42,27.68,40.37,36.26,8.5,04-Mar-2019 - 00:00,"Civil Lines,  Ajmer - RSPCB"
04-Mar-2019 - 00:00,0.61,33.35,757.51,74.38,120.76,0.0,53.56,18.87,237.21,3.47,0.34,32.98,9.17,26.01,35.18,61.33,8.23,05-Mar-2019 - 00:00,"Civil Lines,  Ajmer - RSPCB"
05-Mar-2019 - 00:00,0.26,23.28,758.55,38.36,154.63,0.0,44.27,18.77,203.83,2.77,0.35,30.3,12.73,34.22,46.96,53.21,7.44,06-Mar-2019 - 00:00,"Civil Lines,  Ajmer - RSPCB"
06-Mar-2019 - 00:00,3.07,26.05,759.17,35.6,84.03,0.0,34.17,19.02,189.01,2.31,0.33,29.65,14.33,36.63,50.96,52.59,7.15,07-Mar-2019 - 00:00,"Civil Lines,  Ajmer - RSPCB"
07-Mar-2019 - 00:00,0.96,4.21,758.75,37.75,80.18,0.0,24.95,21.03,178.83,2.05,0.19,26.72,10.94,35.55,46.48,57.84,6.68,08-Mar-2019 - 00:00,"Civil Lines,  Ajmer - RSPCB"
08-Mar-2019 - 00:00,1.86,8.1,759.67,45.34,91.83,0.0,28.44,22.6,190.0,2.68,0.32,28.95,13.06,34.23,47.29,58.97,11.71,09-Mar-2019 - 00:00,"Civil Lines,  Ajmer - RSPCB"
09-Mar-2019 - 00:00,1.85,8.04,765.72,42.65,85.31,0.0,36.21,21.07,168.28,3.25,0.31,25.46,5.97,17.11,23.07,91.09,5.13,10-Mar-2019 - 00:00,"Civil Lines,  Ajmer - RSPCB"
10-Mar-2019 - 00:00,1.86,8.08,766.13,42.44,90.25,0.0,33.39,21.1,180.06,3.18,0.36,28.06,10.29,30.19,40.48,76.34,4.75,11-Mar-2019 - 00:00,"Civil Lines,  Ajmer - RSPCB"
11-Mar-2019 - 00:00,1.86,8.02,761.89,50.09,125.44,0.0,33.63,21.45,215.59,3.67,0.3,29.88,15.25,30.07,45.32,69.28,4.38,12-Mar-2019 - 00:00,"Civil Lines,  Ajmer - RSPCB"
12-Mar-2019 - 00:00,1.85,8.04,759.49,50.88,113.62,0.0,36.82,20.74,187.78,3.06,0.34,25.18,7.7,23.53,31.23,72.9,5.1,13-Mar-2019 - 00:00,"Civil Lines,  Ajmer - RSPCB"
13-Mar-2019 - 00:00,1.77,7.78,757.97,48.6,105.06,0.0,38.74,20.33,169.33,2.78,0.3,31.38,7.67,27.56,33.52,51.12,6.28,14-Mar-2019 - 00:00,"Civil Lines,  Ajmer - RSPCB"
14-Mar-2019 - 00:00,1.85,8.05,759.92,61.0,113.29,0.0,43.87,20.37,161.35,3.05,0.38,57.12,8.82,25.91,34.72,68.77,5.35,15-Mar-2019 - 00:00,"Civil Lines,  Ajmer - RSPCB"
15-Mar-2019 - 00:00,1.59,8.57,761.86,30.23,59.7,0.0,37.31,20.05,203.21,3.07,0.29,51.87,7.08,15.59,22.67,60.43,4.07,16-Mar-2019 - 00:00,"Civil Lines,  Ajmer - RSPCB"
16-Mar-2019 - 00:00,0.95,9.6,760.87,40.39,63.16,0.0,31.06,20.71,172.14,3.19,0.29,46.75,7.31,18.04,25.35,68.99,4.63,17-Mar-2019 - 00:00,"Civil Lines,  Ajmer - RSPCB"
17-Mar-2019 - 00:00,0.95,9.6,759.11,28.85,51.59,0.0,22.62,22.52,201.34,3.16,0.28,51.53,9.08,21.19,30.28,61.86,4.38,18-Mar-2019 - 00:00,"Civil Lines,  Ajmer - RSPCB"
18-Mar-2019 - 00:00,0.95,9.59,758.8,34.61,75.0,0.0,26.24,22.78,207.15,3.13,0.48,57.59,14.59,30.56,44.33,59.17,5.47,19-Mar-2019 - 00:00,"Civil Lines,  Ajmer - RSPCB"
19-Mar-2019 - 00:00,0.95,8.45,760.88,48.34,100.36,0.0,25.55,24.34,192.04,2.62,0.52,62.48,17.72,38.97,56.68,50.69,6.13,20-Mar-2019 - 00:00,"Civil Lines,  Ajmer - RSPCB"
20-Mar-2019 - 00:00,0.89,6.55,763.86,46.45,95.23,0.0,19.4,26.13,239.22,3.09,0.34,48.74,7.95,20.23,28.18,52.98,9.53,21-Mar-2019 - 00:00,"Civil Lines,  Ajmer - RSPCB"
21-Mar-2019 - 00:00,0.84,5.66,765.18,55.68,78.03,0.0,30.08,24.81,204.39,3.25,0.42,45.15,6.82,14.76,21.59,80.9,5.63,22-Mar-2019 - 00:00,"Civil Lines,  Ajmer - RSPCB"
22-Mar-2019 - 00:00,0.85,5.64,762.67,34.78,74.15,0.0,26.09,24.59,143.77,3.49,0.32,39.83,6.67,16.22,22.88,69.69,5.81,23-Mar-2019 - 00:00,"Civil Lines,  Ajmer - RSPCB"
23-Mar-2019 - 00:00,0.85,5.62,757.04,46.52,99.25,0.0,23.3,24.79,215.78,2.62,0.42,50.98,14.03,30.35,44.38,52.66,5.75,24-Mar-2019 - 00:00,"Civil Lines,  Ajmer - RSPCB"
24-Mar-2019 - 00:00,0.85,5.67,757.72,48.24,104.7,0.0,22.36,27.07,209.97,3.45,0.25,51.34,8.0,21.72,29.72,57.17,6.84,25-Mar-2019 - 00:00,"Civil Lines,  Ajmer - RSPCB"
25-Mar-2019 - 00:00,0.86,5.63,757.8,45.79,93.18,0.0,34.17,25.8,181.65,3.28,0.31,54.34,7.25,15.57,22.82,46.89,6.15,26-Mar-2019 - 00:00,"Civil Lines,  Ajmer - RSPCB"
26-Mar-2019 - 00:00,0.85,5.68,759.32,30.38,96.46,0.0,28.56,25.07,198.13,3.13,0.39,51.27,8.78,22.81,31.6,54.07,6.08,27-Mar-2019 - 00:00,"Civil Lines,  Ajmer - RSPCB"
27-Mar-2019 - 00:00,0.85,5.63,759.63,45.87,103.37,0.0,25.23,25.76,227.13,2.91,0.46,62.36,20.06,34.32,54.38,44.92,5.82,28-Mar-2019 - 00:00,"Civil Lines,  Ajmer - RSPCB"
28-Mar-2019 - 00:00,0.85,5.65,757.98,46.56,114.21,0.0,22.66,28.46,212.71,2.7,0.4,68.05,23.69,38.37,62.07,34.67,7.4,29-Mar-2019 - 00:00,"Civil Lines,  Ajmer - RSPCB"
29-Mar-2019 - 00:00,0.74,5.0,755.8,41.72,103.01,0.0,21.17,29.87,215.57,3.21,0.43,68.92,29.55,36.01,65.56,27.8,10.51,30-Mar-2019 - 00:00,"Civil Lines,  Ajmer - RSPCB"
30-Mar-2019 - 00:00,0.64,3.19,754.94,56.57,118.72,0.0,16.74,31.93,206.64,3.05,0.37,60.11,12.28,30.41,42.69,46.84,6.56,31-Mar-2019 - 00:00,"Civil Lines,  Ajmer - RSPCB"
31-Mar-2019 - 00:00,0.85,2.06,755.89,54.33,108.16,0.0,23.49,29.93,173.07,3.83,0.36,55.67,7.16,15.32,22.48,51.96,6.85,01-Apr-2019 - 00:00,"Civil Lines,  Ajmer - RSPCB"
01-Apr-2019 - 00:00,0.61,1.47,777.86,48.55,109.73,0.0,14.74,28.42,227.78,3.0,0.54,59.28,11.77,32.04,43.81,44.85,7.75,02-Apr-2019 - 00:00,"Civil Lines,  Ajmer - RSPCB"
02-Apr-2019 - 00:00,0.57,1.04,756.36,49.22,99.28,0.0,16.17,28.58,194.61,3.16,0.55,59.03,14.44,32.24,46.8,51.32,7.96,03-Apr-2019 - 00:00,"Civil Lines,  Ajmer - RSPCB"
03-Apr-2019 - 00:00,0.53,0.99,755.44,58.22,122.5,0.0,17.49,29.65,211.31,3.29,0.36,57.99,22.78,35.77,58.55,34.75,6.53,04-Apr-2019 - 00:00,"Civil Lines,  Ajmer - RSPCB"
04-Apr-2019 - 00:00,0.61,0.95,755.89,61.72,119.42,0.0,16.33,31.21,227.14,2.6,0.6,40.19,23.24,36.08,59.31,41.61,7.74,05-Apr-2019 - 00:00,"Civil Lines,  Ajmer - RSPCB"
05-Apr-2019 - 00:00,0.85,0.94,755.49,38.85,107.43,0.0,15.61,32.57,222.21,4.01,0.41,29.57,8.54,26.21,34.75,42.71,6.18,06-Apr-2019 - 00:00,"Civil Lines,  Ajmer - RSPCB"
06-Apr-2019 - 00:00,0.85,0.95,755.35,48.05,136.4,0.0,19.42,31.95,211.71,4.2,0.41,30.5,6.6,25.58,32.18,48.87,8.66,07-Apr-2019 - 00:00,"Civil Lines,  Ajmer - RSPCB"
07-Apr-2019 - 00:00,0.85,0.96,754.03,42.34,114.37,0.01,22.31,31.45,222.51,4.18,0.4,24.37,3.85,14.13,17.98,64.04,8.92,08-Apr-2019 - 00:00,"Civil Lines,  Ajmer - RSPCB"
08-Apr-2019 - 00:00,0.85,0.95,756.13,58.21,105.02,0.0,28.12,29.88,193.64,3.54,0.52,36.86,13.83,27.26,41.09,56.94,6.83,09-Apr-2019 - 00:00,"Civil Lines,  Ajmer - RSPCB"
09-Apr-2019 - 00:00,0.85,0.95,757.57,99.67,182.98,0.0,19.61,32.61,228.94,3.38,0.46,34.17,13.67,26.63,40.29,51.66,8.62,10-Apr-2019 - 00:00,"Civil Lines,  Ajmer - RSPCB"
10-Apr-2019 - 00:00,0.68,1.04,759.18,85.93,145.62,0.0,21.72,32.71,228.03,3.74,0.54,30.6,11.97,23.79,35.75,44.36,9.3,11-Apr-2019 - 00:00,"Civil Lines,  Ajmer - RSPCB"
11-Apr-2019 - 00:00,0.44,1.07,758.93,69.23,114.51,0.0,17.9,33.21,207.44,1.63,0.39,24.46,8.06,26.45,34.52,41.34,8.2,12-Apr-2019 - 00:00,"Civil Lines,  Ajmer - RSPCB"
12-Apr-2019 - 00:00,0.35,1.05,758.75,135.35,306.74,0.0,21.17,32.25,169.65,1.59,0.48,22.86,13.87,25.46,39.07,47.06,6.72,13-Apr-2019 - 00:00,"Civil Lines,  Ajmer - RSPCB"
13-Apr-2019 - 00:00,0.35,1.06,757.28,70.85,125.09,0.0,20.57,33.0,146.32,1.97,0.36,20.41,7.83,22.44,30.27,61.62,9.66,14-Apr-2019 - 00:00,"Civil Lines,  Ajmer - RSPCB"
14-Apr-2019 - 00:00,0.33,0.98,755.83,53.85,343.4,0.0,23.55,32.05,144.44,2.17,0.59,27.22,17.43,29.95,44.88,39.05,10.85,15-Apr-2019 - 00:00,"Civil Lines,  Ajmer - RSPCB"
15-Apr-2019 - 00:00,0.4,1.31,755.53,66.49,146.56,0.06,28.94,29.74,171.87,4.52,0.38,24.11,9.96,27.09,37.05,55.13,7.07,16-Apr-2019 - 00:00,"Civil Lines,  Ajmer - RSPCB"
16-Apr-2019 - 00:00,0.41,2.36,756.76,37.73,72.08,0.07,60.0,22.9,161.47,4.52,0.44,50.03,10.75,22.3,33.03,42.82,6.37,17-Apr-2019 - 00:00,"Civil Lines,  Ajmer - RSPCB"
17-Apr-2019 - 00:00,0.28,2.3,758.31,35.15,70.1,0.0,62.48,21.55,169.56,2.38,0.46,37.63,7.95,16.94,24.89,58.47,9.38,18-Apr-2019 - 00:00,"Civil Lines,  Ajmer - RSPCB"
18-Apr-2019 - 00:00,0.31,2.36,757.96,22.63,53.93,0.0,48.89,24.05,230.23,1.31,0.41,27.96,7.52,16.51,24.03,65.37,5.16,19-Apr-2019 - 00:00,"Civil Lines,  Ajmer - RSPCB"
19-Apr-2019 - 00:00,0.23,2.17,756.48,24.93,63.22,0.0,37.26,25.53,248.82,1.22,0.33,22.88,7.61,17.35,24.97,88.81,5.68,20-Apr-2019 - 00:00,"Civil Lines,  Ajmer - RSPCB"
20-Apr-2019 - 00:00,0.28,2.08,754.38,45.1,79.95,0.0,29.97,27.74,252.8,1.15,0.39,24.73,12.14,28.72,40.86,66.29,6.15,21-Apr-2019 - 00:00,"Civil Lines,  Ajmer - RSPCB"
21-Apr-2019 - 00:00,0.47,2.51,753.56,47.91,92.83,0.0,27.7,29.1,212.34,1.71,0.41,27.38,13.1,34.13,47.23,48.13,7.06,22-Apr-2019 - 00:00,"Civil Lines,  Ajmer - RSPCB"
22-Apr-2019 - 00:00,0.75,3.43,753.76,51.56,96.13,0.0,24.49,31.25,207.11,2.04,0.58,33.79,21.71,34.81,56.52,43.24,6.58,23-Apr-2019 - 00:00,"Civil Lines,  Ajmer - RSPCB"
23-Apr-2019 - 00:00,1.0,3.55,754.51,54.38,105.62,0.0,17.72,33.12,199.55,2.22,0.57,28.66,14.53,38.12,52.65,42.56,8.01,24-Apr-2019 - 00:00,"Civil Lines,  Ajmer - RSPCB"
24-Apr-2019 - 00:00,0.54,2.51,755.32,47.38,87.46,0.0,14.1,35.08,262.01,2.38,0.68,17.74,7.52,15.69,23.21,66.25,6.87,25-Apr-2019 - 00:00,"Civil Lines,  Ajmer - RSPCB"
25-Apr-2019 - 00:00,0.4,2.39,755.55,61.69,113.8,0.0,16.19,33.92,236.75,3.07,0.5,17.1,8.97,18.12,27.08,55.13,7.36,26-Apr-2019 - 00:00,"Civil Lines,  Ajmer - RSPCB"
26-Apr-2019 - 00:00,3.03,4.05,755.22,64.14,133.68,0.0,19.95,33.27,228.48,2.24,0.5,25.72,18.1,34.18,52.27,44.65,6.73,27-Apr-2019 - 00:00,"Civil Lines,  Ajmer - RSPCB"
27-Apr-2019 - 00:00,1.5,3.62,754.96,64.76,138.61,0.0,18.99,33.35,216.84,1.92,0.59,26.06,22.05,34.37,56.41,46.64,7.36,28-Apr-2019 - 00:00,"Civil Lines,  Ajmer - RSPCB"
28-Apr-2019 - 00:00,1.38,2.08,753.86,54.18,147.54,0.0,14.92,33.75,207.62,1.95,0.48,22.77,14.67,31.73,46.4,54.53,7.11,29-Apr-2019 - 00:00,"Civil Lines,  Ajmer - RSPCB"
29-Apr-2019 - 00:00,0.94,0.79,752.93,56.81,127.55,0.0,13.12,34.5,193.85,1.87,0.6,23.54,12.34,31.78,44.11,54.42,5.32,30-Apr-2019 - 00:00,"Civil Lines,  Ajmer - RSPCB"
30-Apr-2019 - 00:00,0.9,1.05,751.78,59.6,131.86,0.0,12.96,34.81,236.63,3.1,0.48,20.38,7.14,17.85,24.98,52.47,5.25,01-May-2019 - 00:00,"Civil Lines,  Ajmer - RSPCB"
01-May-2019 - 00:00,2.09,2.69,752.64,90.47,209.9,0.0,16.49,33.79,239.23,2.69,0.46,19.76,9.41,26.9,34.11,54.15,6.14,02-May-2019 - 00:00,"Civil Lines,  Ajmer - RSPCB"
02-May-2019 - 00:00,1.73,4.03,754.4,85.58,144.22,0.0,13.82,33.68,248.69,2.15,0.36,15.68,7.29,22.82,30.12,69.33,7.04,03-May-2019 - 00:00,"Civil Lines,  Ajmer - RSPCB"
03-May-2019 - 00:00,0.66,1.04,759.43,76.55,167.88,0.0,20.99,31.88,144.68,2.09,0.4,17.07,6.87,15.38,22.25,70.67,4.83,04-May-2019 - 00:00,"Civil Lines,  Ajmer - RSPCB"
04-May-2019 - 00:00,0.54,0.98,758.77,55.84,84.06,0.0,20.86,31.84,179.43,2.1,0.4,17.79,6.91,17.9,24.81,62.65,4.79,05-May-2019 - 00:00,"Civil Lines,  Ajmer - RSPCB"
05-May-2019 - 00:00,0.45,0.94,759.81,40.6,80.67,0.0,19.06,31.94,198.24,1.37,0.48,22.16,15.26,33.38,48.63,58.98,9.52,06-May-2019 - 00:00,"Civil Lines,  Ajmer - RSPCB"
06-May-2019 - 00:00,0.57,1.56,758.7,49.66,99.25,0.0,10.85,33.43,231.4,2.18,0.37,14.21,7.23,21.5,28.73,64.2,5.59,07-May-2019 - 00:00,"Civil Lines,  Ajmer - RSPCB"
07-May-2019 - 00:00,0.65,2.0,757.74,60.4,135.78,0.0,10.45,34.36,236.23,3.28,0.4,11.73,6.92,12.72,19.64,57.26,4.71,08-May-2019 - 00:00,"Civil Lines,  Ajmer - RSPCB"
08-May-2019 - 00:00,0.65,1.99,758.2,59.55,140.62,0.0,14.28,33.51,243.75,3.38,0.42,13.85,7.14,15.28,22.42,47.43,5.62,09-May-2019 - 00:00,"Civil Lines,  Ajmer - RSPCB"
09-May-2019 - 00:00,0.65,2.01,757.94,71.7,154.66,0.0,15.26,32.57,250.48,3.42,0.4,13.69,7.09,17.69,24.79,51.45,4.85,10-May-2019 - 00:00,"Civil Lines,  Ajmer - RSPCB"
10-May-2019 - 00:00,0.56,1.42,757.99,39.0,99.92,0.0,25.05,31.28,252.09,2.92,0.43,25.15,6.99,16.55,23.51,42.41,5.66,11-May-2019 - 00:00,"Civil Lines,  Ajmer - RSPCB"
11-May-2019 - 00:00,0.51,0.99,758.96,55.21,115.32,0.0,25.02,32.34,248.71,2.05,0.42,23.16,5.92,16.99,22.92,60.17,2.89,12-May-2019 - 00:00,"Civil Lines,  Ajmer - RSPCB"
12-May-2019 - 00:00,0.5,0.99,759.31,49.01,202.84,0.01,35.32,29.59,228.24,2.4,0.4,26.22,5.91,15.28,21.08,73.78,3.58,13-May-2019 - 00:00,"Civil Lines,  Ajmer - RSPCB"
13-May-2019 - 00:00,0.62,1.58,757.81,65.88,161.52,0.0,22.52,32.72,247.96,2.73,0.41,22.87,5.79,18.28,24.07,59.75,3.8,14-May-2019 - 00:00,"Civil Lines,  Ajmer - RSPCB"
14-May-2019 - 00:00,0.71,2.01,758.35,51.42,108.43,0.03,39.74,29.42,184.63,2.49,0.45,34.34,8.17,23.47,31.64,53.4,3.96,15-May-2019 - 00:00,"Civil Lines,  Ajmer - RSPCB"
15-May-2019 - 00:00,0.59,2.59,758.65,91.19,190.91,0.0,25.28,33.0,233.02,2.95,0.44,26.9,6.2,14.67,20.87,54.38,5.76,16-May-2019 - 00:00,"Civil Lines,  Ajmer - RSPCB"
16-May-2019 - 00:00,0.5,3.0,757.17,76.35,161.1,0.0,31.21,30.23,211.19,2.54,0.45,23.03,5.89,16.22,22.11,71.71,7.45,17-May-2019 - 00:00,"Civil Lines,  Ajmer - RSPCB"
17-May-2019 - 00:00,0.5,2.99,755.87,66.8,163.72,0.01,45.97,27.02,219.25,2.62,0.39,30.22,6.63,17.95,24.58,53.07,5.78,18-May-2019 - 00:00,"Civil Lines,  Ajmer - RSPCB"
18-May-2019 - 00:00,0.49,2.95,755.94,43.94,75.18,0.0,42.54,28.4,260.26,2.3,0.46,30.65,8.2,19.35,27.37,62.24,6.13,19-May-2019 - 00:00,"Civil Lines,  Ajmer - RSPCB"
19-May-2019 - 00:00,0.5,3.01,753.11,61.93,91.1,0.0,28.73,31.47,230.22,2.07,0.46,26.79,9.4,30.1,39.5,51.13,6.42,20-May-2019 - 00:00,"Civil Lines,  Ajmer - RSPCB"
20-May-2019 - 00:00,0.7,2.4,753.41,49.4,100.72,0.0,26.76,33.15,228.71,2.53,0.46,24.62,6.11,18.62,24.73,48.51,5.12,21-May-2019 - 00:00,"Civil Lines,  Ajmer - RSPCB"
21-May-2019 - 00:00,1.2,2.32,754.46,60.67,105.31,0.0,29.99,32.57,171.34,1.96,0.41,32.9,12.05,33.24,45.29,39.15,8.25,22-May-2019 - 00:00,"Civil Lines,  Ajmer - RSPCB"
22-May-2019 - 00:00,0.74,1.67,756.12,48.62,105.24,0.0,31.06,33.59,222.63,2.37,0.38,28.55,8.67,22.7,31.39,49.79,8.59,23-May-2019 - 00:00,"Civil Lines,  Ajmer - RSPCB"
23-May-2019 - 00:00,0.51,0.99,754.85,59.68,117.39,0.0,27.73,34.35,230.88,2.29,0.39,24.9,6.04,16.31,22.35,55.89,6.36,24-May-2019 - 00:00,"Civil Lines,  Ajmer - RSPCB"
24-May-2019 - 00:00,0.46,0.99,755.65,86.9,203.14,0.05,37.08,32.33,230.54,1.51,0.47,67.32,9.37,20.32,29.69,37.76,7.75,25-May-2019 - 00:00,"Civil Lines,  Ajmer - RSPCB"
25-May-2019 - 00:00,0.46,1.0,756.12,53.3,89.49,0.0,27.18,32.94,257.97,1.32,0.4,45.61,7.42,21.91,29.32,54.42,7.06,26-May-2019 - 00:00,"Civil Lines,  Ajmer - RSPCB"
26-May-2019 - 00:00,0.46,0.99,755.15,62.09,111.97,0.0,22.08,33.83,227.06,1.18,0.38,29.8,8.65,28.46,37.12,46.26,6.59,27-May-2019 - 00:00,"Civil Lines,  Ajmer - RSPCB"
27-May-2019 - 00:00,0.66,1.53,754.18,61.97,105.19,0.0,18.35,34.85,219.9,1.21,0.42,24.38,10.98,24.06,35.04,43.44,7.01,28-May-2019 - 00:00,"Civil Lines,  Ajmer - RSPCB"
28-May-2019 - 00:00,0.86,1.99,753.08,62.77,119.28,0.0,17.04,36.11,250.72,1.09,0.57,23.2,10.67,23.56,34.24,23.42,6.49,29-May-2019 - 00:00,"Civil Lines,  Ajmer - RSPCB"
29-May-2019 - 00:00,0.75,1.44,752.15,72.7,130.28,0.0,18.87,36.72,228.42,1.37,0.42,21.87,6.67,21.28,27.95,26.55,7.21,30-May-2019 - 00:00,"Civil Lines,  Ajmer - RSPCB"
30-May-2019 - 00:00,0.66,1.0,751.95,65.44,151.76,0.0,20.58,36.43,227.48,1.51,0.35,25.26,5.39,18.16,23.55,52.62,5.46,31-May-2019 - 00:00,"Civil Lines,  Ajmer - RSPCB"
31-May-2019 - 00:00,0.66,1.01,749.46,44.54,84.28,0.0,21.77,35.5,207.42,1.09,0.47,23.87,7.39,29.41,36.87,47.88,5.74,01-Jun-2019 - 00:00,"Civil Lines,  Ajmer - RSPCB"
01-Jun-2019 - 00:00,0.54,1.0,735.14,54.78,111.44,0.0,21.59,37.09,245.18,1.52,0.34,22.94,2.92,18.92,21.84,51.45,5.2,02-Jun-2019 - 00:00,"Civil Lines,  Ajmer - RSPCB"
02-Jun-2019 - 00:00,0.46,1.0,725.03,60.69,138.37,0.0,20.6,37.89,245.79,1.47,0.42,21.03,2.83,15.93,18.76,54.63,7.07,03-Jun-2019 - 00:00,"Civil Lines,  Ajmer - RSPCB"
03-Jun-2019 - 00:00,0.46,1.0,724.8,61.59,137.76,0.03,23.63,37.31,249.27,1.72,0.36,16.66,3.55,15.91,19.45,49.16,8.37,04-Jun-2019 - 00:00,"Civil Lines,  Ajmer - RSPCB"
04-Jun-2019 - 00:00,0.46,1.0,721.77,43.63,157.14,0.0,18.18,38.28,245.05,1.87,0.41,15.12,2.77,15.11,17.88,44.94,10.5,05-Jun-2019 - 00:00,"Civil Lines,  Ajmer - RSPCB"
05-Jun-2019 - 00:00,0.46,0.99,719.57,43.71,144.34,0.0,20.58,37.48,248.19,1.75,0.43,17.18,2.86,15.86,18.72,39.97,12.24,06-Jun-2019 - 00:00,"Civil Lines,  Ajmer - RSPCB"
06-Jun-2019 - 00:00,0.46,0.99,719.58,54.42,108.79,0.0,19.76,38.29,270.93,1.69,0.4,18.38,2.63,15.24,17.88,63.83,6.81,07-Jun-2019 - 00:00,"Civil Lines,  Ajmer - RSPCB"
07-Jun-2019 - 00:00,0.46,1.0,720.39,58.39,183.88,0.0,15.37,37.47,214.03,0.82,0.44,23.54,13.65,34.14,47.79,59.84,5.18,08-Jun-2019 - 00:00,"Civil Lines,  Ajmer - RSPCB"
08-Jun-2019 - 00:00,0.46,1.0,719.87,61.34,123.2,0.0,21.2,37.91,149.56,0.8,0.47,27.47,12.02,31.89,43.91,72.3,5.41,09-Jun-2019 - 00:00,"Civil Lines,  Ajmer - RSPCB"
09-Jun-2019 - 00:00,0.46,0.99,718.41,53.39,113.07,0.0,15.47,38.86,238.92,1.21,0.29,20.59,6.57,30.86,37.43,59.47,3.85,10-Jun-2019 - 00:00,"Civil Lines,  Ajmer - RSPCB"
10-Jun-2019 - 00:00,0.58,1.33,717.26,42.32,133.93,0.0,18.56,38.29,226.8,1.64,0.37,19.75,4.71,19.07,23.78,50.87,4.19,11-Jun-2019 - 00:00,"Civil Lines,  Ajmer - RSPCB"
11-Jun-2019 - 00:00,0.86,1.98,716.82,45.14,119.4,0.0,24.3,37.51,251.9,1.74,0.3,22.47,4.2,19.18,23.37,54.58,3.72,12-Jun-2019 - 00:00,"Civil Lines,  Ajmer - RSPCB"
12-Jun-2019 - 00:00,0.7,1.83,717.18,48.0,109.62,0.0,28.15,36.29,184.76,1.3,0.31,19.13,3.93,17.2,21.14,60.62,4.37,13-Jun-2019 - 00:00,"Civil Lines,  Ajmer - RSPCB"
13-Jun-2019 - 00:00,0.45,2.8,719.12,39.94,66.15,0.0,43.34,31.73,175.09,1.35,0.29,26.83,4.43,20.31,24.74,68.01,3.42,14-Jun-2019 - 00:00,"Civil Lines,  Ajmer - RSPCB"
14-Jun-2019 - 00:00,0.46,4.04,718.85,33.63,71.48,0.0,42.03,33.52,242.34,1.54,0.41,28.27,4.19,16.94,21.13,54.65,3.61,15-Jun-2019 - 00:00,"Civil Lines,  Ajmer - RSPCB"
15-Jun-2019 - 00:00,0.46,4.01,718.93,37.13,83.47,0.0,45.79,32.79,234.24,2.19,0.41,27.31,4.19,17.71,21.9,49.86,3.38,16-Jun-2019 - 00:00,"Civil Lines,  Ajmer - RSPCB"
16-Jun-2019 - 00:00,0.61,3.47,719.46,40.98,100.38,0.0,51.03,31.97,249.43,2.36,0.34,33.45,4.52,14.96,19.47,39.2,3.26,17-Jun-2019 - 00:00,"Civil Lines,  Ajmer - RSPCB"
17-Jun-2019 - 00:00,0.75,2.99,719.2,40.87,90.33,0.0,45.24,32.97,240.15,2.23,0.38,24.75,4.22,14.81,19.03,44.63,3.04,18-Jun-2019 - 00:00,"Civil Lines,  Ajmer - RSPCB"
18-Jun-2019 - 00:00,0.75,3.03,718.83,27.88,62.24,0.12,65.94,28.71,184.62,1.57,0.5,34.78,4.67,12.36,17.04,26.61,5.52,19-Jun-2019 - 00:00,"Civil Lines,  Ajmer - RSPCB"
19-Jun-2019 - 00:00,0.75,3.02,718.5,21.64,42.91,0.0,63.25,28.52,143.76,1.9,0.37,38.03,4.1,14.1,18.2,56.2,5.63,20-Jun-2019 - 00:00,"Civil Lines,  Ajmer - RSPCB"
20-Jun-2019 - 00:00,3.19,4.62,719.39,24.1,58.61,0.01,58.6,30.58,221.7,1.51,0.37,32.1,4.39,17.36,21.74,51.54,5.88,21-Jun-2019 - 00:00,"Civil Lines,  Ajmer - RSPCB"
21-Jun-2019 - 00:00,3.64,3.61,720.06,36.36,75.28,0.0,60.27,29.38,238.07,1.23,0.63,33.23,9.89,26.24,36.13,41.15,5.23,22-Jun-2019 - 00:00,"Civil Lines,  Ajmer - RSPCB"
22-Jun-2019 - 00:00,1.07,1.36,719.17,52.27,144.46,0.0,42.36,34.19,259.43,1.32,0.65,39.3,5.76,22.16,27.92,60.27,4.89,23-Jun-2019 - 00:00,"Civil Lines,  Ajmer - RSPCB"
23-Jun-2019 - 00:00,0.36,1.14,718.23,91.65,269.34,0.0,34.85,35.53,214.33,1.45,0.91,25.92,3.81,14.83,18.62,70.24,5.41,24-Jun-2019 - 00:00,"Civil Lines,  Ajmer - RSPCB"
24-Jun-2019 - 00:00,0.8,1.94,719.6,52.54,151.38,0.0,44.11,33.54,246.42,1.7,0.43,27.61,3.96,13.58,17.53,39.09,6.42,25-Jun-2019 - 00:00,"Civil Lines,  Ajmer - RSPCB"
25-Jun-2019 - 00:00,1.23,1.78,720.02,51.91,108.32,0.0,47.9,33.29,190.69,1.34,0.44,31.99,4.22,17.83,22.04,49.03,6.47,26-Jun-2019 - 00:00,"Civil Lines,  Ajmer - RSPCB"
26-Jun-2019 - 00:00,0.96,1.01,721.0,43.63,82.6,0.0,41.65,34.75,252.59,1.68,0.44,29.81,4.04,15.93,19.97,62.98,4.46,27-Jun-2019 - 00:00,"Civil Lines,  Ajmer - RSPCB"
27-Jun-2019 - 00:00,0.72,0.78,721.48,56.17,113.45,0.0,48.51,33.17,240.12,1.76,0.41,30.88,3.7,14.3,18.0,43.75,3.94,28-Jun-2019 - 00:00,"Civil Lines,  Ajmer - RSPCB"
28-Jun-2019 - 00:00,0.51,1.31,719.3,56.09,109.78,0.0,46.43,34.35,241.69,1.76,0.51,26.97,4.33,13.62,17.95,45.39,3.35,29-Jun-2019 - 00:00,"Civil Lines,  Ajmer - RSPCB"
29-Jun-2019 - 00:00,0.72,1.8,721.42,46.82,100.7,0.0,47.37,33.63,218.58,1.83,0.43,23.9,4.19,15.66,19.85,44.19,3.27,30-Jun-2019 - 00:00,"Civil Lines,  Ajmer - RSPCB"
30-Jun-2019 - 00:00,1.5,2.44,721.51,42.92,92.5,0.0,47.06,33.91,240.98,3.21,0.4,20.84,4.1,13.54,17.64,42.36,3.74,01-Jul-2019 - 00:00,"Civil Lines,  Ajmer - RSPCB"
01-Jul-2019 - 00:00,1.5,2.19,722.32,41.36,82.67,0.14,56.97,31.83,222.83,2.37,0.41,19.31,4.12,14.11,18.23,43.24,3.28,02-Jul-2019 - 00:00,"Civil Lines,  Ajmer - RSPCB"
02-Jul-2019 - 00:00,0.25,1.81,722.53,26.87,67.07,0.0,53.3,30.95,247.28,2.06,0.42,29.82,4.42,18.65,23.06,50.56,3.37,03-Jul-2019 - 00:00,"Civil Lines,  Ajmer - RSPCB"
03-Jul-2019 - 00:00,1.12,1.68,723.09,37.13,77.53,0.0,55.37,32.36,251.24,1.76,0.37,30.2,4.41,19.37,23.79,51.1,3.28,04-Jul-2019 - 00:00,"Civil Lines,  Ajmer - RSPCB"
04-Jul-2019 - 00:00,0.75,2.98,722.47,34.97,71.61,0.46,68.75,30.18,221.25,1.88,0.41,41.6,4.68,16.0,20.68,38.76,4.49,05-Jul-2019 - 00:00,"Civil Lines,  Ajmer - RSPCB"
05-Jul-2019 - 00:00,0.75,3.0,722.34,31.77,62.19,0.75,86.7,26.98,215.34,1.28,0.46,36.67,5.51,19.32,24.84,20.29,6.15,06-Jul-2019 - 00:00,"Civil Lines,  Ajmer - RSPCB"
06-Jul-2019 - 00:00,0.75,2.98,720.69,33.68,81.54,0.42,77.97,28.27,219.75,1.5,0.59,28.43,4.38,16.14,20.04,26.29,7.98,07-Jul-2019 - 00:00,"Civil Lines,  Ajmer - RSPCB"
07-Jul-2019 - 00:00,0.75,2.97,715.35,27.31,52.5,0.15,80.99,26.41,219.63,0.99,0.68,27.49,5.36,19.11,24.47,32.17,8.22,08-Jul-2019 - 00:00,"Civil Lines,  Ajmer - RSPCB"
08-Jul-2019 - 00:00,0.75,3.0,713.38,37.72,99.41,0.0,64.58,31.03,227.54,1.77,0.56,25.33,4.73,15.18,19.91,31.38,7.64,09-Jul-2019 - 00:00,"Civil Lines,  Ajmer - RSPCB"
09-Jul-2019 - 00:00,0.74,2.43,712.6,39.51,121.11,0.0,57.26,31.51,217.41,1.87,0.55,26.84,6.63,17.02,23.65,32.31,9.77,10-Jul-2019 - 00:00,"Civil Lines,  Ajmer - RSPCB"
10-Jul-2019 - 00:00,1.17,1.85,712.96,41.41,121.38,0.0,52.45,31.98,231.27,1.61,0.6,20.23,6.61,16.59,23.2,35.9,8.05,11-Jul-2019 - 00:00,"Civil Lines,  Ajmer - RSPCB"
11-Jul-2019 - 00:00,2.26,3.33,715.07,33.27,98.67,0.0,52.88,31.84,229.77,1.96,0.87,17.94,6.46,13.78,20.24,33.55,7.11,12-Jul-2019 - 00:00,"Civil Lines,  Ajmer - RSPCB"
12-Jul-2019 - 00:00,0.75,1.99,716.87,31.13,89.76,0.0,53.08,31.34,220.55,1.95,0.59,18.09,6.22,14.18,20.4,36.37,6.63,13-Jul-2019 - 00:00,"Civil Lines,  Ajmer - RSPCB"
13-Jul-2019 - 00:00,0.74,2.01,717.57,44.5,105.35,0.0,51.62,31.52,220.21,2.1,0.95,17.0,6.14,13.68,19.82,37.37,5.48,14-Jul-2019 - 00:00,"Civil Lines,  Ajmer - RSPCB"
14-Jul-2019 - 00:00,0.75,1.99,716.46,40.07,93.6,0.0,51.7,31.3,219.04,2.3,0.92,15.94,6.09,11.86,17.95,33.51,7.09,15-Jul-2019 - 00:00,"Civil Lines,  Ajmer - RSPCB"
15-Jul-2019 - 00:00,0.75,1.99,715.52,44.23,132.28,0.0,53.22,31.29,217.66,2.49,0.9,17.95,6.61,14.39,21.0,31.34,8.96,16-Jul-2019 - 00:00,"Civil Lines,  Ajmer - RSPCB"
16-Jul-2019 - 00:00,0.75,1.99,717.51,42.55,103.29,0.0,56.18,30.42,198.42,2.32,1.04,17.13,6.55,17.55,24.1,26.33,7.12,17-Jul-2019 - 00:00,"Civil Lines,  Ajmer - RSPCB"
17-Jul-2019 - 00:00,0.75,2.01,718.26,42.43,86.27,0.0,53.48,31.27,231.86,2.46,0.82,18.12,6.63,16.72,23.35,30.94,7.83,18-Jul-2019 - 00:00,"Civil Lines,  Ajmer - RSPCB"
18-Jul-2019 - 00:00,0.75,1.99,718.09,31.11,71.32,0.0,67.85,28.96,191.0,1.93,0.73,19.08,6.46,18.37,24.83,30.14,8.61,19-Jul-2019 - 00:00,"Civil Lines,  Ajmer - RSPCB"
19-Jul-2019 - 00:00,0.75,1.99,718.34,36.76,69.19,0.06,71.42,28.98,198.67,1.61,0.8,35.9,8.93,26.26,35.18,16.16,6.73,20-Jul-2019 - 00:00,"Civil Lines,  Ajmer - RSPCB"
20-Jul-2019 - 00:00,0.84,2.52,718.48,43.87,65.38,0.0,61.46,31.41,163.65,1.07,0.6,37.84,7.84,22.03,29.87,35.85,5.82,21-Jul-2019 - 00:00,"Civil Lines,  Ajmer - RSPCB"
21-Jul-2019 - 00:00,0.96,3.16,717.76,38.04,71.2,0.0,58.21,32.25,127.28,1.15,0.65,26.98,6.24,15.94,22.18,41.24,10.21,22-Jul-2019 - 00:00,"Civil Lines,  Ajmer - RSPCB"
22-Jul-2019 - 00:00,0.96,3.16,715.02,40.85,63.65,0.0,64.53,30.94,161.47,1.62,0.88,24.03,6.15,16.74,22.89,41.11,8.43,23-Jul-2019 - 00:00,"Civil Lines,  Ajmer - RSPCB"
23-Jul-2019 - 00:00,0.8,2.6,713.41,31.5,56.54,0.0,60.72,32.39,196.88,0.62,0.91,26.82,6.9,24.0,30.9,40.14,9.06,24-Jul-2019 - 00:00,"Civil Lines,  Ajmer - RSPCB"
24-Jul-2019 - 00:00,0.65,2.14,712.83,38.91,72.23,0.0,60.28,32.28,217.89,0.7,0.66,21.23,6.03,16.58,22.62,44.95,8.83,25-Jul-2019 - 00:00,"Civil Lines,  Ajmer - RSPCB"
25-Jul-2019 - 00:00,0.66,2.18,713.45,19.24,47.53,0.0,78.41,28.08,136.84,0.73,0.6,23.84,6.1,15.46,21.56,37.37,9.46,26-Jul-2019 - 00:00,"Civil Lines,  Ajmer - RSPCB"
26-Jul-2019 - 00:00,0.66,2.15,711.81,40.9,117.78,0.01,75.21,28.75,203.64,1.09,0.64,27.36,5.9,15.63,21.53,15.37,9.59,27-Jul-2019 - 00:00,"Civil Lines,  Ajmer - RSPCB"
27-Jul-2019 - 00:00,0.56,1.67,711.66,28.79,72.12,0.6,89.52,26.13,223.35,0.99,0.63,27.67,4.52,13.19,17.7,28.75,7.24,28-Jul-2019 - 00:00,"Civil Lines,  Ajmer - RSPCB"
28-Jul-2019 - 00:00,0.45,1.09,712.46,22.2,47.01,0.77,93.4,25.29,235.58,0.59,0.62,22.77,6.24,13.6,19.84,33.68,5.25,29-Jul-2019 - 00:00,"Civil Lines,  Ajmer - RSPCB"
29-Jul-2019 - 00:00,0.45,1.1,713.11,28.95,54.16,0.14,87.4,27.66,79.13,0.71,0.64,18.74,5.94,11.37,17.31,29.45,5.52,30-Jul-2019 - 00:00,"Civil Lines,  Ajmer - RSPCB"
30-Jul-2019 - 00:00,0.45,1.09,713.44,23.74,54.94,0.0,75.17,29.51,120.49,0.66,0.62,25.55,8.73,12.35,21.08,21.86,5.53,31-Jul-2019 - 00:00,"Civil Lines,  Ajmer - RSPCB"
31-Jul-2019 - 00:00,0.66,1.56,712.43,28.75,57.44,0.0,80.39,29.29,177.06,1.47,0.71,26.5,6.35,14.27,20.62,28.7,5.39,01-Aug-2019 - 00:00,"Civil Lines,  Ajmer - RSPCB"
01-Aug-2019 - 00:00,0.89,2.06,711.09,20.39,42.99,1.07,88.05,27.34,241.21,2.26,0.93,27.67,6.72,14.5,21.21,26.14,5.27,02-Aug-2019 - 00:00,"Civil Lines,  Ajmer - RSPCB"
02-Aug-2019 - 00:00,0.89,2.06,709.4,36.31,68.43,0.02,84.83,27.64,234.84,2.64,0.89,27.45,6.57,16.91,23.48,15.52,5.44,03-Aug-2019 - 00:00,"Civil Lines,  Ajmer - RSPCB"
03-Aug-2019 - 00:00,0.88,2.08,708.76,20.81,48.39,0.01,81.36,28.45,237.31,1.65,0.82,74.92,8.38,10.73,19.1,23.19,5.88,04-Aug-2019 - 00:00,"Civil Lines,  Ajmer - RSPCB"
04-Aug-2019 - 00:00,0.89,2.05,708.39,31.16,58.64,0.01,80.47,29.13,262.19,1.78,0.92,22.0,7.54,12.68,20.21,24.22,5.7,05-Aug-2019 - 00:00,"Civil Lines,  Ajmer - RSPCB"
05-Aug-2019 - 00:00,0.88,2.05,707.64,30.54,67.32,0.04,79.63,28.94,242.26,1.78,0.71,25.89,6.32,14.27,20.59,24.65,7.38,06-Aug-2019 - 00:00,"Civil Lines,  Ajmer - RSPCB"
06-Aug-2019 - 00:00,0.89,2.03,707.73,27.31,57.83,0.29,82.28,27.78,220.39,1.85,0.59,27.84,6.5,15.68,22.18,20.32,6.63,07-Aug-2019 - 00:00,"Civil Lines,  Ajmer - RSPCB"
07-Aug-2019 - 00:00,0.87,2.11,708.89,27.78,56.9,0.1,89.44,26.6,236.29,1.18,0.88,20.04,7.37,15.48,22.81,18.14,5.24,08-Aug-2019 - 00:00,"Civil Lines,  Ajmer - RSPCB"
08-Aug-2019 - 00:00,0.97,3.27,710.49,20.8,52.14,0.0,78.8,29.1,129.88,1.68,0.92,21.22,6.07,13.11,19.2,22.93,5.35,09-Aug-2019 - 00:00,"Civil Lines,  Ajmer - RSPCB"
09-Aug-2019 - 00:00,0.98,3.87,710.54,18.37,38.66,0.04,78.4,28.39,56.93,2.66,0.94,24.27,5.86,9.12,14.02,30.24,6.32,10-Aug-2019 - 00:00,"Civil Lines,  Ajmer - RSPCB"
10-Aug-2019 - 00:00,1.06,4.12,711.66,20.76,45.54,0.06,88.05,26.79,127.16,2.52,1.36,15.4,5.61,5.57,11.18,18.8,5.46,11-Aug-2019 - 00:00,"Civil Lines,  Ajmer - RSPCB"
11-Aug-2019 - 00:00,1.05,4.11,714.79,23.42,51.44,0.0,82.06,27.48,169.68,2.49,1.03,11.17,6.19,6.8,12.98,18.97,5.0,12-Aug-2019 - 00:00,"Civil Lines,  Ajmer - RSPCB"
12-Aug-2019 - 00:00,1.06,4.11,716.08,31.14,67.26,0.0,77.97,27.71,240.37,2.95,0.85,20.2,7.33,31.77,39.1,24.73,5.55,13-Aug-2019 - 00:00,"Civil Lines,  Ajmer - RSPCB"
13-Aug-2019 - 00:00,1.06,4.15,716.1,37.89,85.13,0.0,70.77,28.95,259.9,3.22,1.08,23.06,6.91,31.11,38.02,33.89,5.72,14-Aug-2019 - 00:00,"Civil Lines,  Ajmer - RSPCB"
14-Aug-2019 - 00:00,1.05,4.11,716.36,34.31,72.39,0.03,82.58,27.16,251.94,2.63,1.41,22.48,7.15,22.09,29.23,24.99,5.15,15-Aug-2019 - 00:00,"Civil Lines,  Ajmer - RSPCB"
15-Aug-2019 - 00:00,1.05,4.12,715.61,20.82,37.08,0.15,90.27,26.21,251.32,2.13,2.16,21.92,6.7,18.59,25.29,21.49,5.34,16-Aug-2019 - 00:00,"Civil Lines,  Ajmer - RSPCB"
16-Aug-2019 - 00:00,1.06,4.15,713.78,14.92,24.62,0.52,92.1,26.0,261.46,2.5,1.85,21.48,6.68,16.83,23.52,18.05,5.46,17-Aug-2019 - 00:00,"Civil Lines,  Ajmer - RSPCB"
17-Aug-2019 - 00:00,1.06,4.11,714.27,13.27,30.29,1.01,95.02,24.85,232.62,3.18,1.22,24.11,5.7,16.81,22.36,15.36,5.52,18-Aug-2019 - 00:00,"Civil Lines,  Ajmer - RSPCB"
18-Aug-2019 - 00:00,1.06,4.11,717.23,23.65,49.22,0.0,82.37,27.29,241.42,3.24,1.16,19.72,4.48,15.08,19.56,18.83,5.66,19-Aug-2019 - 00:00,"Civil Lines,  Ajmer - RSPCB"
19-Aug-2019 - 00:00,1.05,4.15,718.65,32.53,64.37,0.05,79.37,28.0,254.78,3.21,1.16,20.39,4.62,17.15,21.77,22.53,4.42,20-Aug-2019 - 00:00,"Civil Lines,  Ajmer - RSPCB"
20-Aug-2019 - 00:00,0.86,3.33,717.24,26.34,54.14,0.0,76.16,28.64,256.3,3.8,0.79,24.78,3.96,14.48,18.36,23.01,3.56,21-Aug-2019 - 00:00,"Civil Lines,  Ajmer - RSPCB"
21-Aug-2019 - 00:00,0.55,2.06,713.79,30.23,54.85,0.0,72.67,28.96,247.46,3.64,0.69,20.96,3.64,16.04,19.68,12.94,3.57,22-Aug-2019 - 00:00,"Civil Lines,  Ajmer - RSPCB"
22-Aug-2019 - 00:00,0.54,2.07,713.5,26.66,61.99,0.0,69.24,28.93,242.58,3.85,0.72,21.46,3.85,18.83,22.68,20.67,3.31,23-Aug-2019 - 00:00,"Civil Lines,  Ajmer - RSPCB"
23-Aug-2019 - 00:00,0.55,2.07,713.41,26.11,67.05,0.0,65.87,29.25,243.88,3.56,0.76,20.94,3.47,15.69,19.16,27.14,3.19,24-Aug-2019 - 00:00,"Civil Lines,  Ajmer - RSPCB"
24-Aug-2019 - 00:00,0.54,2.07,713.22,33.75,67.86,0.0,64.11,29.53,249.5,3.25,0.78,20.91,3.69,17.73,21.42,25.54,2.74,25-Aug-2019 - 00:00,"Civil Lines,  Ajmer - RSPCB"
25-Aug-2019 - 00:00,0.54,2.05,712.82,30.47,66.82,0.27,69.41,28.76,227.81,3.01,0.96,20.91,3.39,17.06,20.44,29.0,4.6,26-Aug-2019 - 00:00,"Civil Lines,  Ajmer - RSPCB"
26-Aug-2019 - 00:00,0.54,2.05,712.44,17.65,39.93,0.0,85.94,27.29,170.33,1.99,0.91,32.88,4.86,22.99,27.85,13.81,4.62,27-Aug-2019 - 00:00,"Civil Lines,  Ajmer - RSPCB"
27-Aug-2019 - 00:00,0.51,2.53,711.9,26.9,45.77,0.37,90.29,26.72,132.14,1.84,1.01,30.12,3.87,22.53,26.4,14.17,5.06,28-Aug-2019 - 00:00,"Civil Lines,  Ajmer - RSPCB"
28-Aug-2019 - 00:00,0.45,3.13,712.19,23.62,77.3,0.0,80.6,28.56,85.98,2.53,0.94,28.38,3.64,16.56,20.19,21.49,5.31,29-Aug-2019 - 00:00,"Civil Lines,  Ajmer - RSPCB"
29-Aug-2019 - 00:00,0.46,3.14,713.09,29.9,65.71,0.0,80.76,29.05,147.4,2.98,1.4,22.0,5.62,19.45,25.07,16.19,5.55,30-Aug-2019 - 00:00,"Civil Lines,  Ajmer - RSPCB"
30-Aug-2019 - 00:00,0.46,3.13,712.03,25.53,58.41,0.48,87.34,27.33,235.21,2.64,1.35,24.02,5.38,22.6,27.98,17.51,5.54,31-Aug-2019 - 00:00,"Civil Lines,  Ajmer - RSPCB"
31-Aug-2019 - 00:00,0.46,3.1,710.6,28.28,56.54,0.0,85.85,28.12,179.62,3.04,1.31,26.31,5.83,21.91,27.74,20.79,5.21,01-Sep-2019 - 00:00,"Civil Lines,  Ajmer - RSPCB"
01-Sep-2019 - 00:00,0.46,3.12,711.23,21.64,52.85,0.01,87.66,27.72,162.16,3.22,1.29,25.77,4.42,14.6,19.02,20.9,5.41,02-Sep-2019 - 00:00,"Civil Lines,  Ajmer - RSPCB"
02-Sep-2019 - 00:00,0.45,3.14,711.88,30.99,61.7,0.06,88.39,27.44,148.5,2.52,0.79,25.5,5.52,18.39,23.91,18.74,5.55,03-Sep-2019 - 00:00,"Civil Lines,  Ajmer - RSPCB"
03-Sep-2019 - 00:00,0.45,3.11,711.45,36.59,79.87,0.0,82.11,29.19,208.87,2.42,0.73,28.83,10.93,20.71,31.64,16.99,4.89,04-Sep-2019 - 00:00,"Civil Lines,  Ajmer - RSPCB"
04-Sep-2019 - 00:00,0.45,3.14,711.08,30.78,66.67,0.27,81.38,28.86,238.44,3.28,0.89,26.26,4.52,20.28,24.77,22.97,5.78,05-Sep-2019 - 00:00,"Civil Lines,  Ajmer - RSPCB"
05-Sep-2019 - 00:00,0.45,3.13,711.57,31.37,63.22,0.0,83.86,29.1,117.44,3.1,1.01,26.85,5.91,21.82,27.73,20.37,5.31,06-Sep-2019 - 00:00,"Civil Lines,  Ajmer - RSPCB"
06-Sep-2019 - 00:00,0.46,3.13,710.71,30.54,71.31,0.0,85.13,28.86,136.46,2.64,0.87,27.75,5.68,24.31,30.01,15.62,5.41,07-Sep-2019 - 00:00,"Civil Lines,  Ajmer - RSPCB"
07-Sep-2019 - 00:00,0.49,2.2,711.8,27.59,56.51,0.36,90.04,27.45,183.55,1.98,1.07,29.8,4.67,23.47,28.14,16.7,5.08,08-Sep-2019 - 00:00,"Civil Lines,  Ajmer - RSPCB"
08-Sep-2019 - 00:00,0.53,1.09,712.22,26.51,50.23,0.0,83.0,28.75,130.14,2.33,0.97,25.36,5.81,18.06,24.1,14.21,5.48,09-Sep-2019 - 00:00,"Civil Lines,  Ajmer - RSPCB"
09-Sep-2019 - 00:00,0.52,1.06,711.69,34.68,69.28,0.0,75.52,30.46,174.12,2.45,1.23,25.77,5.72,18.9,24.31,19.33,5.31,10-Sep-2019 - 00:00,"Civil Lines,  Ajmer - RSPCB"
10-Sep-2019 - 00:00,0.53,1.08,711.37,27.61,74.06,0.0,71.77,31.55,255.71,2.79,1.01,22.21,3.1,12.7,15.8,36.25,5.25,11-Sep-2019 - 00:00,"Civil Lines,  Ajmer - RSPCB"
11-Sep-2019 - 00:00,0.53,1.08,712.64,22.34,62.83,0.0,73.44,30.84,237.0,3.1,1.03,23.5,3.28,13.93,17.2,31.16,5.43,12-Sep-2019 - 00:00,"Civil Lines,  Ajmer - RSPCB"
12-Sep-2019 - 00:00,0.53,1.09,713.45,31.71,66.7,0.0,76.21,30.19,251.88,3.24,1.44,19.95,3.22,10.74,13.96,30.51,5.18,13-Sep-2019 - 00:00,"Civil Lines,  Ajmer - RSPCB"
13-Sep-2019 - 00:00,0.53,1.06,713.71,23.24,53.5,0.0,78.39,28.84,250.25,3.5,1.25,16.09,3.06,11.49,14.43,23.75,5.2,14-Sep-2019 - 00:00,"Civil Lines,  Ajmer - RSPCB"
14-Sep-2019 - 00:00,0.54,1.09,713.97,25.6,54.01,0.0,76.69,29.25,263.04,3.21,1.08,16.32,3.01,11.14,14.15,15.92,5.27,15-Sep-2019 - 00:00,"Civil Lines,  Ajmer - RSPCB"
15-Sep-2019 - 00:00,0.53,1.09,714.27,22.6,57.34,0.0,79.46,28.32,255.35,3.44,0.72,15.6,2.97,14.7,17.67,13.98,4.87,16-Sep-2019 - 00:00,"Civil Lines,  Ajmer - RSPCB"
16-Sep-2019 - 00:00,0.53,1.1,713.66,23.19,67.6,0.0,73.54,29.38,255.24,3.7,0.92,16.51,3.25,15.33,18.58,16.41,4.97,17-Sep-2019 - 00:00,"Civil Lines,  Ajmer - RSPCB"
17-Sep-2019 - 00:00,0.54,1.08,714.19,27.82,68.62,0.0,71.82,29.55,249.03,3.1,0.81,18.27,2.81,16.05,18.85,19.28,5.92,18-Sep-2019 - 00:00,"Civil Lines,  Ajmer - RSPCB"
18-Sep-2019 - 00:00,0.62,1.48,715.92,34.88,64.34,0.0,63.41,29.81,210.88,2.35,0.66,15.1,2.98,14.29,17.27,30.76,8.38,19-Sep-2019 - 00:00,"Civil Lines,  Ajmer - RSPCB"
19-Sep-2019 - 00:00,0.75,2.07,716.87,35.06,56.61,0.0,66.01,28.77,146.84,1.35,0.93,14.36,2.99,16.92,19.91,41.26,7.42,20-Sep-2019 - 00:00,"Civil Lines,  Ajmer - RSPCB"
20-Sep-2019 - 00:00,0.75,2.04,716.13,27.97,45.96,0.0,73.09,27.99,119.67,1.66,0.79,13.57,2.92,13.26,16.18,27.29,7.18,21-Sep-2019 - 00:00,"Civil Lines,  Ajmer - RSPCB"
21-Sep-2019 - 00:00,0.75,2.05,715.43,24.25,52.62,0.0,76.65,27.3,141.36,1.71,0.73,12.49,2.98,14.97,17.95,18.0,7.15,22-Sep-2019 - 00:00,"Civil Lines,  Ajmer - RSPCB"
22-Sep-2019 - 00:00,0.75,2.05,716.16,24.86,48.34,0.0,71.69,27.45,128.55,1.8,1.06,13.85,3.2,12.25,15.45,24.48,7.22,23-Sep-2019 - 00:00,"Civil Lines,  Ajmer - RSPCB"
23-Sep-2019 - 00:00,0.75,2.06,717.3,23.84,52.75,0.0,72.22,27.42,91.61,1.89,1.28,13.74,2.89,12.84,15.73,27.44,7.22,24-Sep-2019 - 00:00,"Civil Lines,  Ajmer - RSPCB"
24-Sep-2019 - 00:00,0.76,2.05,717.33,22.78,40.3,0.0,73.8,27.2,86.76,1.95,0.48,14.85,2.79,11.27,14.06,29.16,6.96,25-Sep-2019 - 00:00,"Civil Lines,  Ajmer - RSPCB"
25-Sep-2019 - 00:00,0.75,2.06,717.83,29.42,51.36,0.0,77.13,27.02,82.39,2.27,0.6,17.5,2.51,11.84,14.22,33.32,6.27,26-Sep-2019 - 00:00,"Civil Lines,  Ajmer - RSPCB"
26-Sep-2019 - 00:00,0.85,2.05,718.35,24.59,45.53,0.0,73.99,27.63,92.8,1.95,0.69,14.83,3.18,12.31,15.49,23.99,7.61,27-Sep-2019 - 00:00,"Civil Lines,  Ajmer - RSPCB"
27-Sep-2019 - 00:00,0.96,2.06,717.67,23.97,43.23,0.0,77.4,27.25,134.14,1.84,1.06,20.7,2.74,17.28,20.02,21.71,13.34,28-Sep-2019 - 00:00,"Civil Lines,  Ajmer - RSPCB"
28-Sep-2019 - 00:00,0.96,2.07,716.4,20.64,49.38,0.0,78.75,27.11,208.13,1.36,0.76,18.88,2.87,18.06,20.92,18.44,4.75,29-Sep-2019 - 00:00,"Civil Lines,  Ajmer - RSPCB"
29-Sep-2019 - 00:00,0.95,2.07,717.16,22.13,53.37,0.0,74.86,26.58,215.53,1.9,0.81,16.85,2.43,18.99,21.41,27.45,5.4,30-Sep-2019 - 00:00,"Civil Lines,  Ajmer - RSPCB"
30-Sep-2019 - 00:00,0.95,2.05,716.48,22.37,47.5,0.0,72.47,27.14,203.58,2.13,1.06,20.2,3.92,21.73,25.65,23.9,4.27,01-Oct-2019 - 00:00,"Civil Lines,  Ajmer - RSPCB"
01-Oct-2019 - 00:00,0.95,2.06,715.72,27.86,53.84,0.0,68.22,27.79,180.09,1.69,0.66,18.95,4.4,22.7,27.1,21.97,4.17,02-Oct-2019 - 00:00,"Civil Lines,  Ajmer - RSPCB"
02-Oct-2019 - 00:00,0.95,2.06,717.21,31.26,72.07,0.0,61.17,27.68,248.55,1.82,0.44,19.77,4.87,23.38,28.25,36.52,6.47,03-Oct-2019 - 00:00,"Civil Lines,  Ajmer - RSPCB"
03-Oct-2019 - 00:00,0.95,2.07,717.42,24.9,56.5,0.0,65.61,27.58,223.81,2.1,0.78,20.11,4.65,19.82,24.47,30.09,7.1,04-Oct-2019 - 00:00,"Civil Lines,  Ajmer - RSPCB"
04-Oct-2019 - 00:00,0.99,2.11,718.06,29.38,57.59,0.0,73.72,25.15,198.66,1.52,1.1,25.34,7.26,21.72,28.83,27.36,8.4,05-Oct-2019 - 00:00,"Civil Lines,  Ajmer - RSPCB"
05-Oct-2019 - 00:00,1.07,2.13,717.95,39.25,76.99,0.0,68.1,25.97,153.33,1.09,1.01,21.11,11.44,24.57,36.01,23.81,8.88,06-Oct-2019 - 00:00,"Civil Lines,  Ajmer - RSPCB"
06-Oct-2019 - 00:00,1.05,2.1,718.17,50.48,92.66,0.0,66.36,26.55,140.39,0.79,1.08,24.37,9.87,26.86,36.6,31.11,7.54,07-Oct-2019 - 00:00,"Civil Lines,  Ajmer - RSPCB"
07-Oct-2019 - 00:00,1.03,2.1,719.54,26.85,55.45,0.0,72.46,24.59,201.02,1.0,0.94,19.6,3.34,17.85,20.98,42.6,8.64,08-Oct-2019 - 00:00,"Civil Lines,  Ajmer - RSPCB"
08-Oct-2019 - 00:00,1.07,2.11,719.07,35.04,80.07,0.0,66.41,25.16,185.94,0.89,0.71,20.67,8.54,23.43,31.97,28.4,8.61,09-Oct-2019 - 00:00,"Civil Lines,  Ajmer - RSPCB"
09-Oct-2019 - 00:00,1.06,2.14,718.68,30.94,77.44,0.0,59.75,25.03,183.08,1.2,1.29,22.76,9.74,27.6,37.34,31.44,6.81,10-Oct-2019 - 00:00,"Civil Lines,  Ajmer - RSPCB"
10-Oct-2019 - 00:00,1.06,2.12,718.48,26.88,69.22,0.0,50.54,26.19,225.19,0.86,1.04,22.03,9.65,25.34,35.0,32.72,8.64,11-Oct-2019 - 00:00,"Civil Lines,  Ajmer - RSPCB"
11-Oct-2019 - 00:00,1.06,2.1,718.19,40.36,86.98,0.0,52.89,25.64,227.28,1.42,0.82,22.57,10.17,29.42,39.59,37.51,8.01,12-Oct-2019 - 00:00,"Civil Lines,  Ajmer - RSPCB"
12-Oct-2019 - 00:00,1.06,2.16,718.76,45.32,103.14,0.0,54.55,26.17,208.85,1.43,1.07,25.94,10.62,32.56,43.19,34.64,8.15,13-Oct-2019 - 00:00,"Civil Lines,  Ajmer - RSPCB"
13-Oct-2019 - 00:00,1.06,2.13,719.26,44.6,95.75,0.0,50.67,27.12,207.83,1.59,1.11,26.35,13.55,33.82,47.36,33.1,5.97,14-Oct-2019 - 00:00,"Civil Lines,  Ajmer - RSPCB"
14-Oct-2019 - 00:00,1.07,2.12,719.86,44.86,85.2,0.0,49.33,26.68,216.21,2.0,0.88,34.14,13.58,38.83,52.41,27.74,7.58,15-Oct-2019 - 00:00,"Civil Lines,  Ajmer - RSPCB"
15-Oct-2019 - 00:00,1.06,2.12,719.97,46.73,85.44,0.0,48.21,26.74,246.93,2.29,0.98,29.9,11.4,32.97,44.26,29.87,5.48,16-Oct-2019 - 00:00,"Civil Lines,  Ajmer - RSPCB"
16-Oct-2019 - 00:00,0.93,1.6,720.28,41.13,95.5,0.0,46.49,26.85,171.54,1.99,0.82,29.0,18.12,32.41,50.53,25.58,5.66,17-Oct-2019 - 00:00,"Civil Lines,  Ajmer - RSPCB"
17-Oct-2019 - 00:00,0.81,1.12,720.09,54.86,101.14,0.0,47.59,26.7,202.29,1.64,1.09,30.32,18.01,37.24,55.24,24.14,5.52,18-Oct-2019 - 00:00,"Civil Lines,  Ajmer - RSPCB"
18-Oct-2019 - 00:00,0.71,1.59,720.01,70.41,117.61,0.0,49.08,27.39,215.23,2.14,0.84,32.35,15.7,44.24,59.78,34.46,5.73,19-Oct-2019 - 00:00,"Civil Lines,  Ajmer - RSPCB"
19-Oct-2019 - 00:00,0.58,2.11,721.36,57.11,98.91,0.0,50.75,26.83,158.39,1.91,0.67,27.21,8.38,31.35,39.72,44.51,5.37,20-Oct-2019 - 00:00,"Civil Lines,  Ajmer - RSPCB"
20-Oct-2019 - 00:00,0.58,2.13,721.49,58.25,123.46,0.0,50.8,25.57,171.75,1.74,0.87,26.2,16.06,35.74,51.8,38.08,4.26,21-Oct-2019 - 00:00,"Civil Lines,  Ajmer - RSPCB"
21-Oct-2019 - 00:00,0.58,2.14,720.61,63.36,121.62,0.0,44.57,25.15,212.91,1.54,0.74,25.9,20.8,38.37,59.16,36.0,5.63,22-Oct-2019 - 00:00,"Civil Lines,  Ajmer - RSPCB"
22-Oct-2019 - 00:00,0.58,2.11,719.15,60.96,102.25,0.0,46.74,24.22,167.51,1.44,0.76,27.88,17.46,41.89,59.35,30.16,4.22,23-Oct-2019 - 00:00,"Civil Lines,  Ajmer - RSPCB"
23-Oct-2019 - 00:00,0.58,2.1,718.24,60.77,113.28,0.0,42.42,24.4,180.2,1.43,1.06,27.79,19.79,38.96,58.27,29.73,5.85,24-Oct-2019 - 00:00,"Civil Lines,  Ajmer - RSPCB"
24-Oct-2019 - 00:00,0.55,2.05,718.58,65.44,111.32,0.0,42.45,24.41,199.71,1.61,0.99,35.86,20.12,43.95,63.42,36.62,6.34,25-Oct-2019 - 00:00,"Civil Lines,  Ajmer - RSPCB"
25-Oct-2019 - 00:00,3.54,2.77,719.01,85.34,125.09,0.0,41.78,24.87,219.99,1.75,0.88,29.41,11.52,43.67,55.19,43.11,6.85,26-Oct-2019 - 00:00,"Civil Lines,  Ajmer - RSPCB"
26-Oct-2019 - 00:00,3.83,2.35,720.33,84.08,136.27,0.0,46.25,24.26,175.84,1.57,0.91,27.52,7.5,35.28,42.78,44.49,5.98,27-Oct-2019 - 00:00,"Civil Lines,  Ajmer - RSPCB"
27-Oct-2019 - 00:00,4.04,2.3,720.65,76.74,121.93,0.0,51.44,23.54,162.98,1.52,1.27,27.37,14.55,33.4,47.94,37.14,5.54,28-Oct-2019 - 00:00,"Civil Lines,  Ajmer - RSPCB"
28-Oct-2019 - 00:00,3.79,2.35,721.05,185.64,241.38,0.0,55.79,23.02,194.11,1.64,1.2,29.76,11.06,36.4,47.46,30.56,8.42,29-Oct-2019 - 00:00,"Civil Lines,  Ajmer - RSPCB"
29-Oct-2019 - 00:00,4.34,2.59,721.36,96.98,124.84,0.0,50.73,24.69,195.35,1.71,0.95,29.38,4.27,38.99,43.26,34.54,7.89,30-Oct-2019 - 00:00,"Civil Lines,  Ajmer - RSPCB"
30-Oct-2019 - 00:00,4.2,2.46,720.61,65.32,102.79,0.0,52.52,26.18,202.97,1.78,1.02,31.92,7.8,40.2,47.99,34.46,9.05,31-Oct-2019 - 00:00,"Civil Lines,  Ajmer - RSPCB"
31-Oct-2019 - 00:00,4.68,2.57,719.96,53.12,103.47,0.0,56.27,26.98,232.59,1.9,1.11,33.94,18.36,40.57,58.92,31.35,8.24,01-Nov-2019 - 00:00,"Civil Lines,  Ajmer - RSPCB"
01-Nov-2019 - 00:00,3.51,1.92,719.94,49.13,106.99,0.0,57.45,26.16,167.2,1.68,1.16,30.35,6.2,30.18,36.38,45.34,7.86,02-Nov-2019 - 00:00,"Civil Lines,  Ajmer - RSPCB"
02-Nov-2019 - 00:00,2.28,1.57,720.98,106.45,171.26,0.0,55.71,24.55,162.56,2.06,1.21,23.95,1.2,18.79,19.98,54.43,7.98,03-Nov-2019 - 00:00,"Civil Lines,  Ajmer - RSPCB"
03-Nov-2019 - 00:00,2.6,1.68,721.87,70.96,132.37,0.0,62.66,24.63,173.18,1.77,1.5,27.94,2.31,23.49,25.56,36.05,8.09,04-Nov-2019 - 00:00,"Civil Lines,  Ajmer - RSPCB"
04-Nov-2019 - 00:00,3.64,2.25,722.07,79.12,158.97,0.0,67.28,23.35,220.24,2.02,1.28,38.6,25.6,30.94,53.65,26.41,9.81,05-Nov-2019 - 00:00,"Civil Lines,  Ajmer - RSPCB"
05-Nov-2019 - 00:00,4.22,2.29,720.4,57.66,122.35,0.0,54.4,23.16,233.12,1.72,0.94,45.33,31.32,29.85,60.18,29.35,7.67,06-Nov-2019 - 00:00,"Civil Lines,  Ajmer - RSPCB"
06-Nov-2019 - 00:00,11.11,2.8,717.93,61.36,120.23,0.0,53.95,23.48,194.1,1.51,0.84,56.79,24.42,23.89,48.31,18.5,6.86,07-Nov-2019 - 00:00,"Civil Lines,  Ajmer - RSPCB"
07-Nov-2019 - 00:00,11.23,1.41,717.85,39.83,66.18,0.03,78.65,21.8,153.93,1.53,0.67,70.64,6.23,12.06,18.29,26.14,5.77,08-Nov-2019 - 00:00,"Civil Lines,  Ajmer - RSPCB"
08-Nov-2019 - 00:00,1.29,1.23,720.3,60.88,100.36,0.0,72.91,22.51,157.09,2.12,0.78,46.96,6.07,14.72,20.79,49.17,6.27,09-Nov-2019 - 00:00,"Civil Lines,  Ajmer - RSPCB"
09-Nov-2019 - 00:00,1.14,1.0,721.41,60.7,114.88,0.0,65.8,22.08,149.49,0.92,0.87,36.77,3.08,11.39,14.47,64.86,5.49,10-Nov-2019 - 00:00,"Civil Lines,  Ajmer - RSPCB"
10-Nov-2019 - 00:00,1.15,1.31,721.23,47.13,123.44,0.0,60.34,22.63,201.13,0.5,0.57,40.03,6.63,18.75,25.25,57.04,5.25,11-Nov-2019 - 00:00,"Civil Lines,  Ajmer - RSPCB"
11-Nov-2019 - 00:00,1.13,1.34,720.23,66.53,112.67,0.0,62.36,23.18,218.12,0.39,0.86,49.24,7.36,18.83,26.19,39.99,5.73,12-Nov-2019 - 00:00,"Civil Lines,  Ajmer - RSPCB"
12-Nov-2019 - 00:00,1.21,1.56,720.66,48.33,103.14,0.0,55.94,24.27,205.97,0.7,0.9,46.73,16.08,20.18,36.25,36.1,5.49,13-Nov-2019 - 00:00,"Civil Lines,  Ajmer - RSPCB"
13-Nov-2019 - 00:00,1.66,1.56,722.18,64.0,125.47,0.0,59.83,24.25,148.94,0.62,0.83,46.98,11.43,19.86,31.29,41.84,5.6,14-Nov-2019 - 00:00,"Civil Lines,  Ajmer - RSPCB"
14-Nov-2019 - 00:00,1.52,0.85,723.18,49.98,96.77,0.0,61.78,22.9,249.47,0.92,0.77,39.67,4.55,16.38,20.93,51.41,5.1,15-Nov-2019 - 00:00,"Civil Lines,  Ajmer - RSPCB"
15-Nov-2019 - 00:00,10.92,3.74,722.65,87.97,136.98,0.0,60.05,21.6,120.12,1.46,1.06,25.56,7.97,34.0,41.98,43.74,4.55,16-Nov-2019 - 00:00,"Civil Lines,  Ajmer - RSPCB"
16-Nov-2019 - 00:00,2.39,2.83,722.62,70.27,126.23,0.0,56.04,22.39,119.8,2.01,0.77,23.19,6.4,27.26,33.65,47.61,4.21,17-Nov-2019 - 00:00,"Civil Lines,  Ajmer - RSPCB"
17-Nov-2019 - 00:00,1.79,3.58,723.44,34.32,74.4,0.0,60.1,21.76,242.99,1.97,0.86,24.81,7.12,26.82,33.94,46.2,4.21,18-Nov-2019 - 00:00,"Civil Lines,  Ajmer - RSPCB"
18-Nov-2019 - 00:00,1.65,5.3,722.63,46.04,99.04,0.0,63.09,20.71,183.88,1.63,0.82,29.68,13.83,34.57,48.4,32.53,4.53,19-Nov-2019 - 00:00,"Civil Lines,  Ajmer - RSPCB"
19-Nov-2019 - 00:00,1.55,5.5,721.61,35.78,78.99,0.0,60.43,20.47,201.36,1.82,0.6,29.0,20.02,35.05,55.0,31.27,4.86,20-Nov-2019 - 00:00,"Civil Lines,  Ajmer - RSPCB"
20-Nov-2019 - 00:00,1.42,5.86,721.34,45.09,87.39,0.0,62.1,20.45,213.47,1.76,1.24,31.42,15.81,39.51,55.32,31.92,4.44,21-Nov-2019 - 00:00,"Civil Lines,  Ajmer - RSPCB"
21-Nov-2019 - 00:00,1.19,4.98,722.45,46.25,96.23,0.0,59.39,21.68,154.39,2.0,1.09,32.09,10.29,40.96,51.25,43.54,4.33,22-Nov-2019 - 00:00,"Civil Lines,  Ajmer - RSPCB"
22-Nov-2019 - 00:00,1.23,6.69,722.96,66.86,128.93,0.0,60.34,21.8,187.81,2.07,1.32,32.73,17.42,45.4,62.82,42.12,4.76,23-Nov-2019 - 00:00,"Civil Lines,  Ajmer - RSPCB"
23-Nov-2019 - 00:00,1.16,7.78,722.92,64.27,162.14,0.0,67.5,21.81,208.36,1.7,1.11,40.1,14.58,48.39,62.71,33.87,4.52,24-Nov-2019 - 00:00,"Civil Lines,  Ajmer - RSPCB"
24-Nov-2019 - 00:00,0.68,4.59,722.41,55.46,115.74,0.0,61.12,21.83,114.2,2.32,0.44,32.2,4.07,25.33,29.4,51.46,4.53,25-Nov-2019 - 00:00,"Civil Lines,  Ajmer - RSPCB"
25-Nov-2019 - 00:00,0.74,5.01,722.15,60.63,125.22,0.0,61.77,21.91,173.83,1.97,0.89,29.86,5.3,34.54,39.84,51.48,4.17,26-Nov-2019 - 00:00,"Civil Lines,  Ajmer - RSPCB"
26-Nov-2019 - 00:00,0.73,4.69,721.62,56.56,109.76,0.0,62.13,21.6,197.01,1.66,0.7,29.95,7.43,36.3,43.73,38.33,4.56,27-Nov-2019 - 00:00,"Civil Lines,  Ajmer - RSPCB"
27-Nov-2019 - 00:00,4.83,6.31,721.18,59.95,111.53,0.0,64.34,21.53,171.23,1.91,0.62,34.41,7.98,36.86,44.85,40.58,5.32,28-Nov-2019 - 00:00,"Civil Lines,  Ajmer - RSPCB"
28-Nov-2019 - 00:00,1.49,2.09,721.78,46.19,94.87,0.0,72.04,20.91,173.71,2.64,0.51,30.19,3.25,15.81,19.06,52.84,5.08,29-Nov-2019 - 00:00,"Civil Lines,  Ajmer - RSPCB"
29-Nov-2019 - 00:00,1.64,3.98,722.03,59.04,124.06,0.0,81.96,18.7,131.22,2.65,0.82,30.63,3.46,19.04,22.5,40.25,5.73,30-Nov-2019 - 00:00,"Civil Lines,  Ajmer - RSPCB"
30-Nov-2019 - 00:00,1.41,3.22,722.26,46.74,99.85,0.0,77.34,18.3,50.65,2.15,0.69,26.34,4.03,18.84,22.87,46.2,5.12,01-Dec-2019 - 00:00,"Civil Lines,  Ajmer - RSPCB"
01-Dec-2019 - 00:00,1.92,4.17,722.11,52.08,116.66,0.0,72.65,18.27,84.42,2.24,0.74,25.59,6.25,27.0,33.25,39.16,5.31,02-Dec-2019 - 00:00,"Civil Lines,  Ajmer - RSPCB"
02-Dec-2019 - 00:00,2.22,3.74,723.0,51.4,95.72,0.0,53.17,17.6,185.36,2.03,0.9,28.55,13.2,37.2,50.41,33.21,5.49,03-Dec-2019 - 00:00,"Civil Lines,  Ajmer - RSPCB"
03-Dec-2019 - 00:00,3.75,2.28,722.07,48.69,89.2,0.0,44.06,17.12,196.74,2.14,0.54,28.01,22.69,34.32,57.01,33.49,5.84,04-Dec-2019 - 00:00,"Civil Lines,  Ajmer - RSPCB"
04-Dec-2019 - 00:00,3.6,1.97,722.15,51.65,114.51,0.0,48.61,16.32,144.06,1.42,0.9,31.1,24.18,41.78,65.96,30.94,6.23,05-Dec-2019 - 00:00,"Civil Lines,  Ajmer - RSPCB"
05-Dec-2019 - 00:00,3.07,1.59,723.29,48.53,100.53,0.0,49.22,17.23,158.21,1.44,0.89,32.95,15.0,36.92,51.91,43.1,5.69,06-Dec-2019 - 00:00,"Civil Lines,  Ajmer - RSPCB"
06-Dec-2019 - 00:00,2.77,1.71,723.29,59.52,127.56,0.0,51.89,16.67,158.95,1.29,0.77,31.64,13.82,41.83,55.44,46.88,5.51,07-Dec-2019 - 00:00,"Civil Lines,  Ajmer - RSPCB"
07-Dec-2019 - 00:00,2.95,2.18,722.5,81.72,160.35,0.0,59.96,16.03,121.13,1.62,0.86,35.23,15.0,38.84,53.84,46.19,5.27,08-Dec-2019 - 00:00,"Civil Lines,  Ajmer - RSPCB"
08-Dec-2019 - 00:00,3.0,1.84,722.3,73.06,145.43,0.0,63.07,15.71,184.05,2.02,0.58,36.02,15.23,39.7,54.93,44.23,5.86,09-Dec-2019 - 00:00,"Civil Lines,  Ajmer - RSPCB"
09-Dec-2019 - 00:00,4.03,2.29,721.67,76.33,157.43,0.0,70.03,15.67,163.84,1.62,0.66,41.03,22.08,45.36,67.44,37.49,5.48,10-Dec-2019 - 00:00,"Civil Lines,  Ajmer - RSPCB"
10-Dec-2019 - 00:00,4.26,2.34,719.76,75.47,151.04,0.0,71.6,16.3,166.24,2.44,1.02,43.14,26.32,41.25,67.56,36.0,5.32,11-Dec-2019 - 00:00,"Civil Lines,  Ajmer - RSPCB"
11-Dec-2019 - 00:00,4.16,2.53,718.24,89.45,177.26,0.0,71.59,17.61,152.97,2.17,1.08,45.03,19.69,45.38,65.07,35.96,5.32,12-Dec-2019 - 00:00,"Civil Lines,  Ajmer - RSPCB"
12-Dec-2019 - 00:00,2.25,1.38,716.45,69.11,167.34,0.01,69.12,18.97,174.25,3.21,0.72,37.58,6.6,32.78,39.38,43.72,5.32,13-Dec-2019 - 00:00,"Civil Lines,  Ajmer - RSPCB"
13-Dec-2019 - 00:00,1.53,1.01,718.35,44.13,74.73,0.0,83.64,15.01,245.1,1.95,0.66,35.0,6.22,20.22,26.44,32.33,5.47,14-Dec-2019 - 00:00,"Civil Lines,  Ajmer - RSPCB"
14-Dec-2019 - 00:00,1.7,1.03,722.45,28.88,70.36,0.0,77.83,12.86,131.98,1.97,1.06,28.58,8.73,24.83,33.31,27.35,5.7,15-Dec-2019 - 00:00,"Civil Lines,  Ajmer - RSPCB"
15-Dec-2019 - 00:00,1.15,0.84,722.8,23.32,56.98,0.0,68.83,13.89,140.52,2.16,0.76,31.18,3.85,19.33,23.18,43.86,5.36,16-Dec-2019 - 00:00,"Civil Lines,  Ajmer - RSPCB"
16-Dec-2019 - 00:00,1.11,0.74,723.1,24.28,51.64,0.0,73.28,12.13,182.23,1.95,0.75,26.56,3.3,18.18,21.47,33.19,5.31,17-Dec-2019 - 00:00,"Civil Lines,  Ajmer - RSPCB"
17-Dec-2019 - 00:00,3.65,3.8,723.69,42.44,83.72,0.0,71.39,12.07,121.38,1.92,0.82,30.92,18.67,25.43,44.11,26.8,6.72,18-Dec-2019 - 00:00,"Civil Lines,  Ajmer - RSPCB"
18-Dec-2019 - 00:00,3.8,3.26,722.74,33.98,78.19,0.0,63.74,13.54,156.66,1.77,0.99,29.29,11.67,30.92,42.59,29.33,7.02,19-Dec-2019 - 00:00,"Civil Lines,  Ajmer - RSPCB"
19-Dec-2019 - 00:00,5.94,5.43,721.33,34.4,83.99,0.0,61.08,14.57,168.94,1.75,0.69,30.09,8.5,34.61,43.14,34.81,6.91,20-Dec-2019 - 00:00,"Civil Lines,  Ajmer - RSPCB"
20-Dec-2019 - 00:00,7.65,7.04,719.79,49.06,115.15,0.0,61.99,16.59,171.12,1.69,0.72,36.29,14.01,42.71,56.73,34.25,7.91,21-Dec-2019 - 00:00,"Civil Lines,  Ajmer - RSPCB"
21-Dec-2019 - 00:00,5.76,4.33,720.45,46.02,83.61,0.0,58.75,17.12,88.83,2.25,0.5,30.6,4.69,26.76,31.45,49.22,7.21,22-Dec-2019 - 00:00,"Civil Lines,  Ajmer - RSPCB"
22-Dec-2019 - 00:00,6.61,3.78,721.72,30.33,64.18,0.0,46.2,16.06,160.59,1.73,0.91,23.0,6.24,24.53,30.77,36.62,6.17,23-Dec-2019 - 00:00,"Civil Lines,  Ajmer - RSPCB"
23-Dec-2019 - 00:00,9.46,5.15,720.74,35.04,72.38,0.0,50.59,15.7,179.6,1.23,0.65,25.15,12.65,32.11,44.76,32.41,6.54,24-Dec-2019 - 00:00,"Civil Lines,  Ajmer - RSPCB"
24-Dec-2019 - 00:00,6.82,5.26,721.21,53.1,96.64,0.0,59.59,15.85,145.24,1.61,0.61,28.6,5.85,32.56,38.41,39.58,6.4,25-Dec-2019 - 00:00,"Civil Lines,  Ajmer - RSPCB"
25-Dec-2019 - 00:00,7.73,5.51,721.4,50.81,87.58,0.0,55.73,14.6,152.84,1.65,0.58,27.68,7.5,27.05,34.55,35.9,6.74,26-Dec-2019 - 00:00,"Civil Lines,  Ajmer - RSPCB"
26-Dec-2019 - 00:00,9.95,5.41,721.19,37.65,89.57,0.0,43.58,12.95,172.82,1.72,0.75,30.08,25.7,32.28,57.98,29.04,6.72,27-Dec-2019 - 00:00,"Civil Lines,  Ajmer - RSPCB"
27-Dec-2019 - 00:00,16.04,9.72,721.5,41.96,95.35,0.0,45.53,12.25,134.27,1.88,0.79,31.34,26.07,32.67,58.74,24.74,6.93,28-Dec-2019 - 00:00,"Civil Lines,  Ajmer - RSPCB"
28-Dec-2019 - 00:00,7.25,7.84,721.66,44.08,101.14,0.0,46.72,12.87,164.26,2.44,0.66,31.14,10.98,33.73,44.71,34.28,7.29,29-Dec-2019 - 00:00,"Civil Lines,  Ajmer - RSPCB"
29-Dec-2019 - 00:00,8.5,5.72,722.01,48.5,104.58,0.0,45.71,12.16,134.59,1.78,0.69,32.49,19.77,36.43,56.2,32.62,7.85,30-Dec-2019 - 00:00,"Civil Lines,  Ajmer - RSPCB"
30-Dec-2019 - 00:00,7.3,5.66,721.0,56.48,109.04,0.0,55.49,11.16,144.81,1.56,0.53,32.54,8.51,32.25,40.75,38.73,7.79,31-Dec-2019 - 00:00,"Civil Lines,  Ajmer - RSPCB"
31-Dec-2019 - 00:00,4.75,5.85,721.16,73.05,119.7,0.0,75.75,8.98,280.24,0.98,0.9,34.84,3.5,19.38,22.88,24.07,6.9,01-Jan-2020 - 00:00,"Civil Lines,  Ajmer - RSPCB"
