from date,AT,BP,PM10,PM2.5,RH,SR,Toluene,WD,WS,CO,Benzene,NH3,NO,NO2,NOx,Ozone,SO2,to date,station
01-Jan-2019 - 00:00,14.14,996.9,504.52,361.69,67.48,84.27,120.27,107.58,0.76,2.86,12.54,65.24,79.47,62.2,97.86,24.49,29.01,02-Jan-2019 - 00:00,"Mundka, Delhi - DPCC"
02-Jan-2019 - 00:00,15.64,997.02,676.05,477.42,69.5,73.78,192.88,203.49,0.71,4.1,17.88,83.14,133.83,84.39,153.85,23.67,28.03,03-Jan-2019 - 00:00,"Mundka, Delhi - DPCC"
03-Jan-2019 - 00:00,12.86,998.35,625.24,451.91,82.65,68.14,110.83,82.98,1.44,2.26,9.85,95.93,32.71,57.13,57.06,18.47,23.88,04-Jan-2019 - 00:00,"Mundka, Delhi - DPCC"
04-Jan-2019 - 00:00,12.0,997.17,463.94,320.97,86.06,72.59,105.25,109.1,0.96,2.3,8.38,81.88,47.69,47.75,64.32,15.36,24.46,05-Jan-2019 - 00:00,"Mundka, Delhi - DPCC"
05-Jan-2019 - 00:00,14.82,995.21,583.27,348.89,66.36,104.93,172.24,292.78,1.19,3.06,14.34,82.0,83.23,75.09,107.79,28.77,25.28,06-Jan-2019 - 00:00,"Mundka, Delhi - DPCC"
06-Jan-2019 - 00:00,14.84,995.01,275.58,175.69,77.55,85.08,37.75,169.52,1.32,1.29,5.64,78.93,7.29,42.67,28.7,32.91,23.2,07-Jan-2019 - 00:00,"Mundka, Delhi - DPCC"
07-Jan-2019 - 00:00,13.13,996.91,441.6,238.03,84.51,91.45,67.27,107.16,1.23,1.81,6.19,77.24,19.65,43.88,39.35,15.44,25.81,08-Jan-2019 - 00:00,"Mundka, Delhi - DPCC"
08-Jan-2019 - 00:00,13.6,995.05,383.61,206.13,78.44,112.8,50.34,87.67,1.6,1.44,4.81,71.44,22.62,42.16,40.85,27.91,26.03,09-Jan-2019 - 00:00,"Mundka, Delhi - DPCC"
09-Jan-2019 - 00:00,13.92,994.37,392.35,174.54,68.69,127.47,64.94,91.04,2.03,1.47,4.16,62.14,20.59,46.19,41.33,34.08,27.73,10-Jan-2019 - 00:00,"Mundka, Delhi - DPCC"
10-Jan-2019 - 00:00,13.59,994.04,423.55,245.78,69.87,115.3,96.99,70.94,0.91,2.08,5.64,79.51,61.6,47.63,75.48,19.81,24.38,11-Jan-2019 - 00:00,"Mundka, Delhi - DPCC"
11-Jan-2019 - 00:00,13.91,995.43,643.95,274.88,69.78,99.11,206.51,171.12,0.5,3.34,8.14,101.7,102.73,49.28,109.91,20.4,28.34,12-Jan-2019 - 00:00,"Mundka, Delhi - DPCC"
12-Jan-2019 - 00:00,15.22,994.47,689.26,303.38,67.82,89.63,216.61,165.47,0.55,4.12,8.58,107.59,93.15,64.44,113.03,23.07,31.76,13-Jan-2019 - 00:00,"Mundka, Delhi - DPCC"
13-Jan-2019 - 00:00,16.07,996.52,441.55,180.17,75.03,83.11,121.51,139.55,1.37,2.05,8.09,104.78,35.3,46.73,53.57,28.97,28.43,14-Jan-2019 - 00:00,"Mundka, Delhi - DPCC"
14-Jan-2019 - 00:00,13.15,996.49,394.19,125.17,60.88,130.38,47.58,106.41,2.58,1.29,2.69,89.41,8.4,32.19,23.98,36.76,27.75,15-Jan-2019 - 00:00,"Mundka, Delhi - DPCC"
15-Jan-2019 - 00:00,11.54,995.44,457.21,173.16,66.53,81.89,60.48,88.64,1.54,1.9,4.33,85.13,23.07,39.62,39.88,27.91,30.7,16-Jan-2019 - 00:00,"Mundka, Delhi - DPCC"
16-Jan-2019 - 00:00,12.74,995.07,502.87,286.36,68.96,74.39,159.4,209.19,0.57,3.23,14.61,94.29,116.89,72.82,134.01,14.97,31.38,17-Jan-2019 - 00:00,"Mundka, Delhi - DPCC"
17-Jan-2019 - 00:00,13.63,994.14,700.62,376.65,73.14,84.39,129.91,114.79,1.02,2.81,10.73,108.41,90.14,76.42,114.07,29.51,30.34,18-Jan-2019 - 00:00,"Mundka, Delhi - DPCC"
18-Jan-2019 - 00:00,12.28,994.64,425.58,271.58,78.75,83.04,106.1,71.3,1.11,2.24,6.27,93.57,58.16,61.32,80.07,22.56,27.86,19-Jan-2019 - 00:00,"Mundka, Delhi - DPCC"
19-Jan-2019 - 00:00,15.6,994.27,508.07,365.58,67.87,95.06,141.77,96.01,0.62,2.68,7.0,84.33,105.16,65.75,120.7,26.5,32.83,20-Jan-2019 - 00:00,"Mundka, Delhi - DPCC"
20-Jan-2019 - 00:00,19.09,993.07,579.07,470.19,60.29,88.51,256.5,195.44,0.54,4.85,16.89,88.09,242.87,93.14,262.8,36.4,31.37,21-Jan-2019 - 00:00,"Mundka, Delhi - DPCC"
21-Jan-2019 - 00:00,18.08,989.84,258.3,178.7,66.34,43.49,113.25,292.1,2.35,1.93,12.55,87.5,73.75,74.54,99.76,20.02,25.82,22-Jan-2019 - 00:00,"Mundka, Delhi - DPCC"
22-Jan-2019 - 00:00,15.24,990.2,75.18,47.68,91.42,46.18,55.19,267.08,1.46,1.31,3.12,79.57,17.24,51.87,41.7,24.1,26.04,23-Jan-2019 - 00:00,"Mundka, Delhi - DPCC"
23-Jan-2019 - 00:00,12.72,994.17,205.21,107.5,92.27,85.96,78.57,98.82,0.9,,3.79,76.52,49.49,50.37,67.17,16.59,21.71,24-Jan-2019 - 00:00,"Mundka, Delhi - DPCC"
24-Jan-2019 - 00:00,15.09,996.15,269.71,102.98,81.95,90.58,78.86,144.49,1.0,0.57,4.03,48.3,35.45,52.44,56.77,25.13,39.51,25-Jan-2019 - 00:00,"Mundka, Delhi - DPCC"
25-Jan-2019 - 00:00,14.01,996.41,182.95,82.81,82.54,117.97,49.52,109.09,1.33,0.5,2.01,41.08,15.47,43.71,35.88,30.09,35.13,26-Jan-2019 - 00:00,"Mundka, Delhi - DPCC"
26-Jan-2019 - 00:00,12.66,998.94,224.98,113.1,69.47,147.78,46.01,110.71,1.8,0.48,2.32,36.89,11.64,40.6,31.08,37.3,28.44,27-Jan-2019 - 00:00,"Mundka, Delhi - DPCC"
27-Jan-2019 - 00:00,11.2,998.93,259.39,115.98,70.91,96.38,47.51,93.02,1.91,0.48,2.5,36.63,17.15,45.04,37.98,33.19,26.49,28-Jan-2019 - 00:00,"Mundka, Delhi - DPCC"
28-Jan-2019 - 00:00,12.14,998.6,304.21,123.07,63.2,135.42,47.44,101.61,2.22,0.5,2.33,36.12,15.91,47.45,38.25,36.44,26.58,29-Jan-2019 - 00:00,"Mundka, Delhi - DPCC"
29-Jan-2019 - 00:00,13.09,997.09,381.35,150.42,59.19,129.46,58.63,94.4,1.79,0.53,2.89,38.13,31.83,56.12,55.69,33.14,27.22,30-Jan-2019 - 00:00,"Mundka, Delhi - DPCC"
30-Jan-2019 - 00:00,13.63,995.71,430.98,220.1,62.48,92.06,93.63,97.57,0.84,0.64,4.86,46.56,78.35,66.15,99.11,25.62,28.88,31-Jan-2019 - 00:00,"Mundka, Delhi - DPCC"
31-Jan-2019 - 00:00,15.64,994.21,307.92,188.02,57.71,62.12,135.32,272.09,1.45,0.74,8.83,52.19,93.94,74.03,115.82,19.16,30.31,01-Feb-2019 - 00:00,"Mundka, Delhi - DPCC"
01-Feb-2019 - 00:00,15.58,995.15,240.67,120.0,73.47,84.3,66.08,193.69,1.78,0.68,5.3,57.06,25.79,62.5,54.28,14.58,30.02,02-Feb-2019 - 00:00,"Mundka, Delhi - DPCC"
02-Feb-2019 - 00:00,12.56,995.54,260.15,121.69,90.35,66.39,59.6,102.68,2.18,0.6,3.32,45.79,18.58,44.24,38.66,22.44,29.08,03-Feb-2019 - 00:00,"Mundka, Delhi - DPCC"
03-Feb-2019 - 00:00,13.67,996.53,159.44,79.49,87.58,78.96,49.7,82.81,1.37,0.63,2.79,41.1,18.57,42.85,37.93,18.77,28.02,04-Feb-2019 - 00:00,"Mundka, Delhi - DPCC"
04-Feb-2019 - 00:00,14.05,996.96,280.56,208.08,77.21,101.1,85.14,87.0,0.86,0.68,4.23,34.5,54.64,53.01,72.83,20.37,28.46,05-Feb-2019 - 00:00,"Mundka, Delhi - DPCC"
05-Feb-2019 - 00:00,17.67,994.0,554.87,348.01,67.09,80.33,183.44,271.45,0.81,0.78,10.15,55.77,169.31,88.01,184.97,30.45,32.85,06-Feb-2019 - 00:00,"Mundka, Delhi - DPCC"
06-Feb-2019 - 00:00,19.49,988.84,296.83,181.25,77.69,77.77,71.2,307.38,1.7,0.69,5.32,57.27,45.21,64.56,71.18,19.7,29.97,07-Feb-2019 - 00:00,"Mundka, Delhi - DPCC"
07-Feb-2019 - 00:00,16.46,987.08,108.31,66.29,92.86,24.47,43.32,257.52,2.47,0.58,2.24,39.31,14.98,43.22,35.23,21.14,28.55,08-Feb-2019 - 00:00,"Mundka, Delhi - DPCC"
08-Feb-2019 - 00:00,14.13,993.38,235.87,108.52,73.14,155.7,46.47,108.73,1.79,0.61,2.0,32.74,18.36,43.03,37.86,25.47,30.59,09-Feb-2019 - 00:00,"Mundka, Delhi - DPCC"
09-Feb-2019 - 00:00,14.26,995.63,347.32,114.08,70.47,163.4,57.18,103.79,2.11,0.61,2.0,32.01,25.89,42.8,43.82,31.5,30.65,10-Feb-2019 - 00:00,"Mundka, Delhi - DPCC"
10-Feb-2019 - 00:00,14.21,996.99,454.74,194.23,72.73,113.31,61.81,85.78,1.16,0.63,3.07,38.1,61.08,51.76,77.46,23.28,28.97,11-Feb-2019 - 00:00,"Mundka, Delhi - DPCC"
11-Feb-2019 - 00:00,15.22,997.39,473.46,224.04,73.27,119.6,68.73,106.39,0.78,0.68,4.07,41.28,84.22,57.73,99.46,24.32,29.99,12-Feb-2019 - 00:00,"Mundka, Delhi - DPCC"
12-Feb-2019 - 00:00,17.12,997.39,407.17,251.52,72.26,98.62,72.67,108.13,0.69,0.69,3.31,49.57,40.33,63.64,66.66,26.53,32.31,13-Feb-2019 - 00:00,"Mundka, Delhi - DPCC"
13-Feb-2019 - 00:00,18.97,996.25,356.81,226.52,65.79,91.63,103.69,180.94,0.63,0.7,6.33,51.2,74.97,85.15,106.4,33.11,30.25,14-Feb-2019 - 00:00,"Mundka, Delhi - DPCC"
14-Feb-2019 - 00:00,17.94,991.82,230.35,154.25,75.32,38.09,70.45,285.57,2.09,0.67,4.85,51.7,27.78,71.39,60.59,15.86,27.81,15-Feb-2019 - 00:00,"Mundka, Delhi - DPCC"
15-Feb-2019 - 00:00,16.65,992.68,347.85,149.14,82.52,80.2,43.69,152.9,1.63,0.66,3.05,47.73,25.75,49.14,47.1,12.1,30.5,16-Feb-2019 - 00:00,"Mundka, Delhi - DPCC"
16-Feb-2019 - 00:00,15.55,994.28,315.84,112.0,90.02,71.94,45.6,101.7,1.84,0.69,2.25,43.78,18.36,32.0,32.02,13.83,35.06,17-Feb-2019 - 00:00,"Mundka, Delhi - DPCC"
17-Feb-2019 - 00:00,16.09,991.11,395.92,119.23,76.28,123.5,45.68,95.25,1.68,0.71,2.3,39.33,23.86,38.11,39.79,23.02,48.95,18-Feb-2019 - 00:00,"Mundka, Delhi - DPCC"
18-Feb-2019 - 00:00,19.24,986.07,307.73,106.84,61.38,109.2,50.08,251.4,1.38,0.73,2.87,40.82,24.29,56.47,49.8,23.28,29.23,19-Feb-2019 - 00:00,"Mundka, Delhi - DPCC"
19-Feb-2019 - 00:00,18.72,989.62,226.21,120.3,79.11,99.0,81.58,131.98,0.65,0.82,4.14,51.44,26.12,49.31,47.5,20.17,30.78,20-Feb-2019 - 00:00,"Mundka, Delhi - DPCC"
20-Feb-2019 - 00:00,18.65,994.2,135.36,79.18,81.82,37.31,137.29,263.94,1.15,0.79,10.11,50.95,43.99,58.96,67.21,18.35,38.04,21-Feb-2019 - 00:00,"Mundka, Delhi - DPCC"
21-Feb-2019 - 00:00,21.8,992.9,141.48,83.45,62.72,134.07,136.86,264.41,1.36,0.81,9.79,44.86,60.97,54.12,78.46,18.09,33.26,22-Feb-2019 - 00:00,"Mundka, Delhi - DPCC"
22-Feb-2019 - 00:00,18.5,994.02,118.65,66.65,74.61,121.03,85.84,113.48,2.96,0.66,4.51,45.1,16.31,24.93,26.36,15.76,33.23,23-Feb-2019 - 00:00,"Mundka, Delhi - DPCC"
23-Feb-2019 - 00:00,16.37,992.34,126.28,72.33,65.09,165.85,57.52,101.13,2.59,0.7,2.56,28.85,13.41,33.01,28.49,26.81,36.76,24-Feb-2019 - 00:00,"Mundka, Delhi - DPCC"
24-Feb-2019 - 00:00,17.34,989.0,129.57,87.2,65.24,149.88,67.74,85.55,1.19,0.73,3.44,35.57,21.06,41.18,39.06,26.91,34.65,25-Feb-2019 - 00:00,"Mundka, Delhi - DPCC"
25-Feb-2019 - 00:00,17.73,988.02,113.12,77.62,63.94,131.37,102.38,203.92,0.96,0.75,5.08,37.21,39.75,50.74,59.38,33.0,35.52,26-Feb-2019 - 00:00,"Mundka, Delhi - DPCC"
26-Feb-2019 - 00:00,15.63,988.18,77.15,50.65,70.22,83.78,82.35,202.13,0.89,0.71,4.28,39.21,24.44,54.73,49.05,17.17,40.72,27-Feb-2019 - 00:00,"Mundka, Delhi - DPCC"
27-Feb-2019 - 00:00,12.9,988.85,121.48,60.65,87.53,77.76,77.17,112.78,0.73,0.73,3.6,37.86,19.83,39.33,37.09,11.96,33.9,28-Feb-2019 - 00:00,"Mundka, Delhi - DPCC"
28-Feb-2019 - 00:00,15.23,992.44,383.29,158.23,68.76,161.19,94.03,101.72,1.44,0.84,3.98,44.35,43.41,39.86,56.56,25.13,33.68,01-Mar-2019 - 00:00,"Mundka, Delhi - DPCC"
01-Mar-2019 - 00:00,16.79,992.82,301.53,157.81,61.77,173.81,62.04,90.32,1.33,0.91,3.07,41.23,20.74,38.27,37.34,25.09,24.84,02-Mar-2019 - 00:00,"Mundka, Delhi - DPCC"
02-Mar-2019 - 00:00,15.33,992.58,,156.93,81.25,34.11,106.52,238.36,1.0,1.3,6.82,39.1,30.12,60.02,56.44,13.88,17.34,03-Mar-2019 - 00:00,"Mundka, Delhi - DPCC"
03-Mar-2019 - 00:00,17.65,989.14,,79.42,82.42,140.0,79.48,233.29,0.96,,3.99,40.64,17.69,42.27,36.89,20.33,16.25,04-Mar-2019 - 00:00,"Mundka, Delhi - DPCC"
04-Mar-2019 - 00:00,18.01,986.62,,120.56,84.8,132.67,88.72,96.31,1.69,1.83,4.44,47.96,37.32,32.84,47.9,17.73,16.42,05-Mar-2019 - 00:00,"Mundka, Delhi - DPCC"
05-Mar-2019 - 00:00,17.43,987.81,,112.42,73.51,147.58,63.93,96.42,1.87,0.62,2.64,32.25,12.31,34.07,28.16,22.21,16.79,06-Mar-2019 - 00:00,"Mundka, Delhi - DPCC"
06-Mar-2019 - 00:00,18.47,988.75,,133.88,63.63,174.72,69.54,78.05,1.49,0.96,3.32,32.06,28.24,39.27,44.26,23.39,17.22,07-Mar-2019 - 00:00,"Mundka, Delhi - DPCC"
07-Mar-2019 - 00:00,19.67,989.13,,134.29,59.85,175.11,113.05,75.33,0.99,1.28,6.76,37.84,36.98,41.14,51.97,25.47,16.68,08-Mar-2019 - 00:00,"Mundka, Delhi - DPCC"
08-Mar-2019 - 00:00,20.31,990.79,415.78,134.38,60.02,173.73,127.81,104.61,0.93,0.9,6.76,40.11,32.5,40.97,48.19,21.09,16.97,09-Mar-2019 - 00:00,"Mundka, Delhi - DPCC"
09-Mar-2019 - 00:00,19.93,990.93,334.79,110.96,61.81,200.01,89.99,112.24,2.12,0.82,3.22,35.6,8.63,29.79,22.89,18.43,16.69,10-Mar-2019 - 00:00,"Mundka, Delhi - DPCC"
10-Mar-2019 - 00:00,20.85,990.98,334.89,97.02,49.11,217.53,73.27,124.54,1.31,0.71,2.62,29.52,12.36,39.93,31.33,37.12,14.32,11-Mar-2019 - 00:00,"Mundka, Delhi - DPCC"
11-Mar-2019 - 00:00,22.5,990.08,259.31,88.29,44.87,155.73,76.58,249.06,1.74,0.66,3.73,38.41,17.39,58.12,45.1,38.94,13.03,12-Mar-2019 - 00:00,"Mundka, Delhi - DPCC"
12-Mar-2019 - 00:00,20.67,992.66,195.88,85.75,61.15,161.57,53.39,100.33,1.42,0.56,2.31,39.56,10.96,36.29,28.21,21.57,19.99,13-Mar-2019 - 00:00,"Mundka, Delhi - DPCC"
13-Mar-2019 - 00:00,19.46,992.81,190.0,124.69,57.38,86.02,102.81,115.11,0.79,1.01,5.01,35.83,22.64,50.85,45.54,22.58,20.0,14-Mar-2019 - 00:00,"Mundka, Delhi - DPCC"
14-Mar-2019 - 00:00,17.32,993.69,97.98,86.52,77.71,99.91,84.62,127.2,1.45,0.93,4.34,47.45,27.58,45.13,46.48,11.6,17.49,15-Mar-2019 - 00:00,"Mundka, Delhi - DPCC"
15-Mar-2019 - 00:00,18.71,995.11,93.48,90.32,68.67,196.87,50.5,109.65,1.93,0.97,2.85,39.84,20.33,39.3,37.43,16.57,16.99,16-Mar-2019 - 00:00,"Mundka, Delhi - DPCC"
16-Mar-2019 - 00:00,19.97,993.45,235.32,109.44,59.48,186.53,47.14,106.1,1.88,0.91,3.15,32.05,8.5,33.63,24.81,29.58,20.7,17-Mar-2019 - 00:00,"Mundka, Delhi - DPCC"
17-Mar-2019 - 00:00,21.49,991.59,354.25,155.85,55.16,218.71,69.96,83.76,1.36,0.94,4.15,34.43,23.19,36.82,38.45,27.85,22.43,18-Mar-2019 - 00:00,"Mundka, Delhi - DPCC"
18-Mar-2019 - 00:00,21.77,991.09,398.26,159.12,57.88,212.27,84.49,89.04,1.26,1.11,10.33,41.42,27.2,46.54,46.91,26.31,23.15,19-Mar-2019 - 00:00,"Mundka, Delhi - DPCC"
19-Mar-2019 - 00:00,24.04,987.44,414.37,164.71,50.21,213.38,98.29,113.3,1.12,1.27,14.22,41.63,44.89,52.5,65.12,21.45,23.64,20-Mar-2019 - 00:00,"Mundka, Delhi - DPCC"
20-Mar-2019 - 00:00,26.54,985.64,298.15,96.38,42.07,186.72,80.91,200.9,1.52,0.81,9.01,39.72,31.31,53.38,53.93,31.18,18.17,21-Mar-2019 - 00:00,"Mundka, Delhi - DPCC"
21-Mar-2019 - 00:00,24.78,989.3,203.73,106.73,55.11,192.63,59.02,136.37,1.2,0.86,4.15,42.25,7.4,27.29,20.55,20.15,19.04,22-Mar-2019 - 00:00,"Mundka, Delhi - DPCC"
22-Mar-2019 - 00:00,23.15,991.48,265.94,69.75,44.34,223.44,49.68,108.11,2.54,0.62,1.82,24.99,6.34,27.32,19.69,35.45,18.03,23-Mar-2019 - 00:00,"Mundka, Delhi - DPCC"
23-Mar-2019 - 00:00,23.92,990.69,264.75,66.38,42.45,254.52,53.29,109.14,3.03,0.69,2.42,26.46,6.15,34.66,23.42,48.03,17.57,24-Mar-2019 - 00:00,"Mundka, Delhi - DPCC"
24-Mar-2019 - 00:00,26.26,989.1,233.0,72.78,47.41,267.95,57.14,98.34,1.93,0.81,2.26,34.34,11.1,38.7,29.63,29.23,15.77,25-Mar-2019 - 00:00,"Mundka, Delhi - DPCC"
25-Mar-2019 - 00:00,23.17,989.52,214.48,82.42,61.8,194.47,57.93,102.75,1.89,0.88,3.26,35.13,9.43,28.64,22.92,18.26,17.14,26-Mar-2019 - 00:00,"Mundka, Delhi - DPCC"
26-Mar-2019 - 00:00,23.71,990.78,323.62,114.81,56.34,208.44,60.24,111.37,2.31,0.86,2.98,31.35,8.49,31.07,23.46,30.08,18.12,27-Mar-2019 - 00:00,"Mundka, Delhi - DPCC"
27-Mar-2019 - 00:00,24.9,991.29,313.44,114.98,45.95,179.4,65.45,89.36,1.74,0.98,3.12,28.26,13.61,35.82,30.12,39.93,20.11,28-Mar-2019 - 00:00,"Mundka, Delhi - DPCC"
28-Mar-2019 - 00:00,27.37,989.1,386.4,148.29,44.37,197.16,91.55,84.14,0.78,1.26,6.44,30.86,38.63,43.91,54.81,33.38,23.71,29-Mar-2019 - 00:00,"Mundka, Delhi - DPCC"
29-Mar-2019 - 00:00,29.04,986.08,341.35,118.54,52.69,179.58,91.37,97.67,0.77,1.09,6.88,41.82,21.95,43.94,41.27,23.01,22.85,30-Mar-2019 - 00:00,"Mundka, Delhi - DPCC"
30-Mar-2019 - 00:00,30.69,985.07,324.46,102.44,47.35,178.87,99.32,89.74,0.69,1.15,4.37,43.77,37.86,43.01,53.75,37.99,19.72,31-Mar-2019 - 00:00,"Mundka, Delhi - DPCC"
31-Mar-2019 - 00:00,28.14,986.06,358.58,86.33,40.05,205.8,74.5,109.77,2.65,0.68,2.49,30.6,6.95,29.76,21.55,48.18,19.54,01-Apr-2019 - 00:00,"Mundka, Delhi - DPCC"
01-Apr-2019 - 00:00,26.53,986.22,296.46,92.21,38.07,203.53,56.55,91.76,2.19,0.76,3.02,23.64,10.31,33.91,26.46,70.43,20.16,02-Apr-2019 - 00:00,"Mundka, Delhi - DPCC"
02-Apr-2019 - 00:00,27.36,986.94,315.21,116.21,36.32,196.87,65.66,84.06,1.1,1.0,3.73,23.85,16.04,38.4,33.48,70.37,18.94,03-Apr-2019 - 00:00,"Mundka, Delhi - DPCC"
03-Apr-2019 - 00:00,28.27,985.9,370.1,129.46,36.94,192.01,76.32,71.55,1.08,1.17,4.67,26.54,15.05,40.99,34.04,56.16,21.34,04-Apr-2019 - 00:00,"Mundka, Delhi - DPCC"
04-Apr-2019 - 00:00,30.43,986.28,469.6,151.1,38.09,176.41,140.86,115.5,0.87,1.52,5.41,33.89,66.5,52.42,82.1,48.04,17.3,05-Apr-2019 - 00:00,"Mundka, Delhi - DPCC"
05-Apr-2019 - 00:00,31.63,985.28,388.39,146.04,36.8,165.59,112.07,125.59,0.96,1.35,5.16,40.65,37.81,48.52,56.58,43.2,17.5,06-Apr-2019 - 00:00,"Mundka, Delhi - DPCC"
06-Apr-2019 - 00:00,32.39,984.09,443.5,102.74,33.23,160.7,79.79,139.62,1.08,1.11,4.44,34.55,13.4,39.84,32.09,16.0,22.0,07-Apr-2019 - 00:00,"Mundka, Delhi - DPCC"
07-Apr-2019 - 00:00,30.27,983.14,398.6,142.81,49.37,122.29,53.37,245.1,1.66,1.25,5.09,65.55,12.44,40.68,31.79,7.45,22.74,08-Apr-2019 - 00:00,"Mundka, Delhi - DPCC"
08-Apr-2019 - 00:00,29.17,984.14,307.12,56.42,43.19,175.89,45.63,227.15,0.97,1.02,3.8,43.79,17.08,40.66,35.51,29.66,16.45,09-Apr-2019 - 00:00,"Mundka, Delhi - DPCC"
09-Apr-2019 - 00:00,30.38,983.84,369.35,102.85,40.23,178.6,64.49,219.71,0.68,1.41,5.21,39.98,28.36,46.09,47.56,46.4,22.59,10-Apr-2019 - 00:00,"Mundka, Delhi - DPCC"
10-Apr-2019 - 00:00,31.92,985.27,335.29,105.81,36.39,189.05,73.7,119.95,1.11,0.93,3.75,40.09,25.97,35.29,39.95,26.81,22.25,11-Apr-2019 - 00:00,"Mundka, Delhi - DPCC"
11-Apr-2019 - 00:00,32.59,984.94,344.65,74.06,30.87,175.84,62.34,97.82,1.06,0.83,2.6,28.87,15.77,35.62,31.79,31.09,19.14,12-Apr-2019 - 00:00,"Mundka, Delhi - DPCC"
12-Apr-2019 - 00:00,31.02,985.53,342.98,57.6,34.41,171.31,39.93,128.12,1.37,0.74,2.41,30.29,11.64,30.48,25.72,34.85,24.23,13-Apr-2019 - 00:00,"Mundka, Delhi - DPCC"
13-Apr-2019 - 00:00,31.43,986.11,369.58,85.31,33.42,191.76,41.26,103.21,1.52,0.98,4.55,31.33,16.3,29.4,28.96,25.06,23.91,14-Apr-2019 - 00:00,"Mundka, Delhi - DPCC"
14-Apr-2019 - 00:00,31.71,985.88,270.37,76.11,32.56,187.24,19.12,108.32,1.85,0.71,3.59,26.75,4.85,22.33,15.83,23.38,23.54,15-Apr-2019 - 00:00,"Mundka, Delhi - DPCC"
15-Apr-2019 - 00:00,33.47,983.84,319.48,66.81,29.06,193.91,72.32,108.24,1.65,0.99,4.98,24.79,21.78,32.8,35.2,26.46,19.34,16-Apr-2019 - 00:00,"Mundka, Delhi - DPCC"
16-Apr-2019 - 00:00,25.87,987.0,213.41,38.41,52.72,90.31,34.14,214.66,2.74,0.55,3.19,33.15,8.96,27.45,21.91,27.26,16.42,17-Apr-2019 - 00:00,"Mundka, Delhi - DPCC"
17-Apr-2019 - 00:00,23.12,988.08,67.58,19.29,64.59,145.14,27.71,233.69,1.6,0.7,1.92,30.53,6.13,28.65,20.24,27.2,17.05,18-Apr-2019 - 00:00,"Mundka, Delhi - DPCC"
18-Apr-2019 - 00:00,25.01,988.9,124.27,44.92,58.12,210.83,33.23,140.27,1.01,0.76,2.38,31.62,6.86,28.3,20.65,28.64,18.31,19-Apr-2019 - 00:00,"Mundka, Delhi - DPCC"
19-Apr-2019 - 00:00,27.27,986.54,248.52,117.25,44.36,211.83,42.87,84.73,1.31,0.92,2.47,27.77,9.15,33.54,25.31,31.66,18.49,20-Apr-2019 - 00:00,"Mundka, Delhi - DPCC"
20-Apr-2019 - 00:00,29.31,983.9,300.77,128.29,36.42,214.84,66.71,90.32,0.83,1.14,3.41,24.76,28.3,46.91,48.02,39.6,18.63,21-Apr-2019 - 00:00,"Mundka, Delhi - DPCC"
21-Apr-2019 - 00:00,31.77,982.13,308.04,133.25,30.12,221.53,49.72,96.85,1.38,0.89,3.46,23.58,23.3,40.69,40.66,45.7,19.02,22-Apr-2019 - 00:00,"Mundka, Delhi - DPCC"
22-Apr-2019 - 00:00,32.76,982.11,359.02,114.42,31.6,195.48,71.72,122.91,1.11,1.08,4.32,27.97,15.51,40.37,34.11,48.78,19.3,23-Apr-2019 - 00:00,"Mundka, Delhi - DPCC"
23-Apr-2019 - 00:00,34.72,983.03,414.96,133.56,27.47,208.14,88.39,119.75,1.44,1.06,4.07,27.51,16.26,39.85,35.06,46.81,22.62,24-Apr-2019 - 00:00,"Mundka, Delhi - DPCC"
24-Apr-2019 - 00:00,36.1,983.92,327.94,82.83,28.68,197.71,54.33,215.48,1.61,1.01,3.67,34.33,3.33,40.47,24.22,61.86,18.72,25-Apr-2019 - 00:00,"Mundka, Delhi - DPCC"
25-Apr-2019 - 00:00,35.06,983.86,300.04,72.88,33.22,174.8,33.27,244.24,1.41,0.94,3.26,46.46,3.1,33.51,20.36,45.43,15.56,26-Apr-2019 - 00:00,"Mundka, Delhi - DPCC"
26-Apr-2019 - 00:00,34.24,983.8,418.21,102.93,26.85,201.79,65.81,110.48,1.77,0.87,3.42,27.56,6.46,31.38,21.68,33.37,21.93,27-Apr-2019 - 00:00,"Mundka, Delhi - DPCC"
27-Apr-2019 - 00:00,34.37,983.03,485.5,92.38,20.63,217.95,44.06,106.71,3.11,0.63,2.4,20.61,4.21,28.32,18.36,50.56,21.81,28-Apr-2019 - 00:00,"Mundka, Delhi - DPCC"
28-Apr-2019 - 00:00,34.62,981.8,411.31,97.22,15.98,224.73,29.34,102.85,2.55,0.68,2.2,18.38,3.35,31.08,19.28,53.43,24.35,29-Apr-2019 - 00:00,"Mundka, Delhi - DPCC"
29-Apr-2019 - 00:00,34.62,980.75,434.66,132.11,16.06,183.85,57.12,88.68,1.39,0.81,3.64,29.81,11.6,44.21,32.7,48.16,26.08,30-Apr-2019 - 00:00,"Mundka, Delhi - DPCC"
30-Apr-2019 - 00:00,36.37,977.91,334.0,101.33,14.52,192.82,74.34,209.07,1.04,1.41,5.59,59.25,24.12,61.43,52.32,65.83,18.63,01-May-2019 - 00:00,"Mundka, Delhi - DPCC"
01-May-2019 - 00:00,35.02,977.54,353.42,101.54,20.03,194.08,68.35,165.61,0.75,1.5,3.91,79.35,14.91,45.94,36.57,67.59,17.22,02-May-2019 - 00:00,"Mundka, Delhi - DPCC"
02-May-2019 - 00:00,32.31,979.49,285.48,77.08,28.32,184.93,34.06,264.01,1.75,0.99,2.97,84.19,3.07,29.67,18.25,81.09,19.62,03-May-2019 - 00:00,"Mundka, Delhi - DPCC"
03-May-2019 - 00:00,31.35,981.9,168.98,62.9,30.95,219.15,33.36,210.57,1.22,1.01,2.76,79.28,3.4,33.54,20.6,75.98,20.57,04-May-2019 - 00:00,"Mundka, Delhi - DPCC"
04-May-2019 - 00:00,31.47,984.15,253.8,148.67,29.01,316.7,31.75,90.79,1.41,0.88,3.6,103.9,10.33,35.61,27.36,47.8,20.55,05-May-2019 - 00:00,"Mundka, Delhi - DPCC"
05-May-2019 - 00:00,36.97,983.22,341.56,79.89,10.99,310.72,45.44,110.02,2.49,1.39,1.64,39.03,10.27,35.16,27.05,90.45,18.29,06-May-2019 - 00:00,"Mundka, Delhi - DPCC"
06-May-2019 - 00:00,34.13,981.27,502.24,183.98,13.02,240.26,68.87,82.23,1.94,1.77,3.98,56.15,27.82,45.85,47.14,67.94,35.81,07-May-2019 - 00:00,"Mundka, Delhi - DPCC"
07-May-2019 - 00:00,34.81,979.83,548.86,182.85,14.02,233.41,82.56,70.18,1.93,1.56,5.0,52.84,62.92,55.13,80.64,37.38,31.82,08-May-2019 - 00:00,"Mundka, Delhi - DPCC"
08-May-2019 - 00:00,35.51,979.82,626.39,243.23,15.01,236.74,72.97,95.2,2.28,1.43,3.87,59.69,39.69,51.55,59.75,45.4,26.83,09-May-2019 - 00:00,"Mundka, Delhi - DPCC"
09-May-2019 - 00:00,35.8,979.06,616.46,195.08,16.73,221.16,55.0,75.11,2.23,1.04,3.4,41.51,24.64,50.48,46.94,52.29,21.4,10-May-2019 - 00:00,"Mundka, Delhi - DPCC"
10-May-2019 - 00:00,35.92,980.08,408.38,102.03,16.68,225.09,32.32,83.57,2.3,0.53,2.73,29.56,6.91,34.95,24.22,52.83,15.34,11-May-2019 - 00:00,"Mundka, Delhi - DPCC"
11-May-2019 - 00:00,33.49,982.44,405.45,139.42,26.12,211.58,42.89,114.87,2.01,0.9,2.91,39.41,5.3,31.28,20.96,63.88,14.45,12-May-2019 - 00:00,"Mundka, Delhi - DPCC"
12-May-2019 - 00:00,33.54,982.13,493.72,210.89,26.08,217.63,68.15,103.41,2.76,0.89,3.35,33.01,2.68,27.81,16.96,69.19,21.99,13-May-2019 - 00:00,"Mundka, Delhi - DPCC"
13-May-2019 - 00:00,32.75,980.71,467.02,251.25,30.8,162.45,48.27,148.04,1.5,1.2,4.8,40.96,8.45,37.72,26.96,74.33,22.32,14-May-2019 - 00:00,"Mundka, Delhi - DPCC"
14-May-2019 - 00:00,31.18,981.75,240.6,110.0,39.15,233.04,86.51,104.91,1.11,0.82,4.32,50.33,6.07,32.99,22.49,41.8,12.74,15-May-2019 - 00:00,"Mundka, Delhi - DPCC"
15-May-2019 - 00:00,29.61,982.81,265.57,108.71,48.02,171.33,104.67,228.19,1.33,1.2,9.21,61.14,24.63,54.68,49.15,35.29,13.58,16-May-2019 - 00:00,"Mundka, Delhi - DPCC"
16-May-2019 - 00:00,30.49,983.75,255.89,79.88,46.22,176.72,63.83,107.57,1.75,0.81,5.09,63.26,20.88,34.37,35.32,28.48,11.78,17-May-2019 - 00:00,"Mundka, Delhi - DPCC"
17-May-2019 - 00:00,28.36,983.41,328.7,85.83,56.43,165.73,65.63,184.87,1.32,0.76,3.7,55.64,22.05,33.42,35.7,20.21,11.42,18-May-2019 - 00:00,"Mundka, Delhi - DPCC"
18-May-2019 - 00:00,27.87,983.61,143.6,54.38,64.85,249.32,52.52,94.77,1.8,0.58,1.73,68.71,8.37,26.8,21.09,20.1,11.61,19-May-2019 - 00:00,"Mundka, Delhi - DPCC"
19-May-2019 - 00:00,25.0,983.3,299.0,106.0,74.82,4.08,111.9,70.98,0.82,0.95,4.6,88.35,45.6,64.7,71.4,6.15,9.4,20-May-2019 - 00:00,"Mundka, Delhi - DPCC"
20-May-2019 - 00:00,37.12,983.82,284.7,63.89,22.75,319.52,56.81,94.22,2.2,0.59,2.44,32.81,10.95,33.84,26.95,68.59,12.56,21-May-2019 - 00:00,"Mundka, Delhi - DPCC"
21-May-2019 - 00:00,34.92,982.83,313.69,116.12,29.16,228.6,44.2,74.41,1.43,1.95,4.05,34.93,24.26,37.39,39.69,41.58,12.39,22-May-2019 - 00:00,"Mundka, Delhi - DPCC"
22-May-2019 - 00:00,33.98,981.17,327.75,92.06,31.79,141.88,53.72,72.18,1.11,2.47,4.12,32.02,17.41,39.93,35.46,24.38,12.52,23-May-2019 - 00:00,"Mundka, Delhi - DPCC"
23-May-2019 - 00:00,33.02,980.34,302.28,110.69,43.51,182.78,55.31,125.43,1.2,2.47,3.93,39.96,21.63,40.89,39.39,41.4,8.35,24-May-2019 - 00:00,"Mundka, Delhi - DPCC"
24-May-2019 - 00:00,29.54,982.13,152.92,50.65,61.35,206.62,63.86,122.21,1.37,1.85,3.77,79.83,9.99,29.43,23.8,6.79,12.89,25-May-2019 - 00:00,"Mundka, Delhi - DPCC"
25-May-2019 - 00:00,32.09,981.66,183.76,51.0,42.14,256.88,30.43,109.56,2.73,1.44,1.59,41.08,3.11,22.12,14.32,36.99,10.58,26-May-2019 - 00:00,"Mundka, Delhi - DPCC"
26-May-2019 - 00:00,33.25,980.06,198.89,66.15,30.49,257.04,56.78,96.33,1.83,1.33,2.63,25.69,5.27,27.36,18.85,48.07,10.97,27-May-2019 - 00:00,"Mundka, Delhi - DPCC"
27-May-2019 - 00:00,35.39,979.68,287.59,83.68,22.65,248.99,50.89,91.32,1.87,1.13,2.77,22.99,11.53,36.92,29.06,47.82,13.97,28-May-2019 - 00:00,"Mundka, Delhi - DPCC"
28-May-2019 - 00:00,35.64,979.31,359.5,100.52,18.21,252.25,56.7,90.65,2.29,1.51,4.1,21.05,20.13,37.4,36.36,56.47,13.98,29-May-2019 - 00:00,"Mundka, Delhi - DPCC"
29-May-2019 - 00:00,36.96,977.74,359.85,103.67,19.4,236.87,60.18,91.73,1.51,1.47,3.21,21.44,21.89,39.65,38.94,51.82,16.71,30-May-2019 - 00:00,"Mundka, Delhi - DPCC"
30-May-2019 - 00:00,38.6,976.39,431.05,120.0,17.1,230.64,82.13,88.34,1.59,1.73,4.24,22.37,39.64,42.92,55.12,44.08,18.81,31-May-2019 - 00:00,"Mundka, Delhi - DPCC"
31-May-2019 - 00:00,38.91,976.64,531.83,88.21,16.28,224.6,73.28,81.82,1.49,1.09,3.19,19.0,26.24,41.41,43.45,38.42,14.15,01-Jun-2019 - 00:00,"Mundka, Delhi - DPCC"
01-Jun-2019 - 00:00,38.4,976.51,398.94,112.69,23.9,206.02,67.62,223.25,1.03,1.94,8.78,34.41,30.86,45.51,49.41,45.91,15.86,02-Jun-2019 - 00:00,"Mundka, Delhi - DPCC"
02-Jun-2019 - 00:00,37.81,976.63,260.65,67.46,38.23,204.26,28.79,298.21,1.87,1.67,3.69,84.36,1.81,31.2,18.07,44.48,11.02,03-Jun-2019 - 00:00,"Mundka, Delhi - DPCC"
03-Jun-2019 - 00:00,36.06,977.21,350.27,53.29,39.56,198.9,25.65,300.07,2.64,1.4,2.95,66.48,2.28,27.8,16.65,7.64,11.36,04-Jun-2019 - 00:00,"Mundka, Delhi - DPCC"
04-Jun-2019 - 00:00,36.04,977.72,219.44,50.04,37.41,208.39,42.76,293.02,1.97,1.66,4.23,38.93,1.63,30.78,17.33,37.67,11.72,05-Jun-2019 - 00:00,"Mundka, Delhi - DPCC"
05-Jun-2019 - 00:00,37.82,977.09,266.04,68.71,32.67,188.34,50.7,264.8,1.28,1.69,5.1,41.9,3.29,36.08,21.94,21.34,9.81,06-Jun-2019 - 00:00,"Mundka, Delhi - DPCC"
06-Jun-2019 - 00:00,37.33,977.7,281.81,74.88,27.43,198.77,45.34,220.47,1.45,1.1,3.03,29.82,7.69,31.29,22.91,30.33,11.6,07-Jun-2019 - 00:00,"Mundka, Delhi - DPCC"
07-Jun-2019 - 00:00,35.25,980.55,181.5,47.38,35.89,209.03,28.17,296.35,1.25,2.08,2.99,31.59,3.46,24.08,15.63,70.58,9.82,08-Jun-2019 - 00:00,"Mundka, Delhi - DPCC"
08-Jun-2019 - 00:00,37.99,979.02,310.59,72.88,30.46,210.45,64.6,171.24,1.09,1.94,4.12,48.26,11.59,29.3,25.0,35.01,14.52,09-Jun-2019 - 00:00,"Mundka, Delhi - DPCC"
09-Jun-2019 - 00:00,33.4,977.2,494.0,108.0,27.2,3.6,95.5,102.9,0.5,3.2,8.9,32.5,135.7,45.5,135.3,6.9,23.3,10-Jun-2019 - 00:00,"Mundka, Delhi - DPCC"
10-Jun-2019 - 00:00,41.0,972.35,548.18,85.06,14.04,78.48,143.7,106.3,1.21,2.03,3.79,21.44,9.07,20.48,18.36,41.13,16.21,11-Jun-2019 - 00:00,"Mundka, Delhi - DPCC"
11-Jun-2019 - 00:00,39.45,973.84,517.72,135.35,16.39,169.67,71.05,99.95,1.41,1.47,3.78,19.62,18.2,19.27,25.18,21.06,15.63,12-Jun-2019 - 00:00,"Mundka, Delhi - DPCC"
12-Jun-2019 - 00:00,35.72,976.44,315.41,70.16,32.99,210.79,31.43,244.79,2.22,1.25,2.63,48.09,7.64,18.49,15.96,40.68,14.42,13-Jun-2019 - 00:00,"Mundka, Delhi - DPCC"
13-Jun-2019 - 00:00,37.01,976.94,215.85,42.89,33.46,209.43,33.8,103.33,1.31,1.79,1.72,46.04,5.01,14.3,11.67,24.74,16.28,14-Jun-2019 - 00:00,"Mundka, Delhi - DPCC"
14-Jun-2019 - 00:00,38.01,975.96,320.78,64.46,22.55,229.14,47.41,91.9,2.3,1.73,2.08,27.22,4.31,10.56,9.14,49.4,15.95,15-Jun-2019 - 00:00,"Mundka, Delhi - DPCC"
15-Jun-2019 - 00:00,38.34,975.43,422.97,100.48,18.29,210.79,63.85,83.4,2.37,1.61,3.22,19.83,8.34,11.94,13.17,50.12,18.28,16-Jun-2019 - 00:00,"Mundka, Delhi - DPCC"
16-Jun-2019 - 00:00,32.32,977.76,185.62,32.89,47.39,156.12,18.78,85.4,3.19,1.04,0.93,34.88,2.88,4.35,4.67,18.22,13.84,17-Jun-2019 - 00:00,"Mundka, Delhi - DPCC"
17-Jun-2019 - 00:00,31.45,977.14,193.29,34.84,41.87,111.96,42.3,126.4,2.58,1.0,1.42,38.53,3.16,7.0,6.3,22.16,13.37,18-Jun-2019 - 00:00,"Mundka, Delhi - DPCC"
18-Jun-2019 - 00:00,28.12,978.99,80.72,24.7,66.08,183.25,40.57,115.98,2.03,0.99,1.15,37.43,4.11,6.16,6.63,20.22,12.59,19-Jun-2019 - 00:00,"Mundka, Delhi - DPCC"
19-Jun-2019 - 00:00,32.28,977.78,306.59,84.78,53.57,222.65,53.12,148.03,0.92,1.43,2.56,55.67,6.97,10.87,11.27,16.72,13.42,20-Jun-2019 - 00:00,"Mundka, Delhi - DPCC"
20-Jun-2019 - 00:00,33.45,978.76,121.0,33.9,44.34,232.65,28.66,211.63,1.01,1.15,1.71,37.26,4.56,8.05,7.99,27.18,13.63,21-Jun-2019 - 00:00,"Mundka, Delhi - DPCC"
21-Jun-2019 - 00:00,34.75,978.81,206.41,70.2,42.55,151.39,53.9,205.71,1.15,1.67,4.39,41.93,3.19,13.19,9.63,12.38,19.86,22-Jun-2019 - 00:00,"Mundka, Delhi - DPCC"
22-Jun-2019 - 00:00,36.3,978.21,223.7,80.83,35.05,231.56,46.52,158.55,1.11,1.51,3.25,33.87,2.69,8.61,6.76,27.42,16.39,23-Jun-2019 - 00:00,"Mundka, Delhi - DPCC"
23-Jun-2019 - 00:00,35.61,978.15,141.68,33.74,44.42,218.07,14.56,289.88,2.01,1.26,1.51,41.92,2.58,5.93,5.27,11.23,13.5,24-Jun-2019 - 00:00,"Mundka, Delhi - DPCC"
24-Jun-2019 - 00:00,31.42,980.11,105.58,19.18,63.24,137.58,30.27,286.85,1.84,1.36,2.29,47.49,3.57,8.15,7.25,9.19,15.05,25-Jun-2019 - 00:00,"Mundka, Delhi - DPCC"
25-Jun-2019 - 00:00,34.37,979.26,167.36,56.24,55.82,192.75,43.79,225.0,0.76,1.78,3.23,52.58,5.08,10.08,9.47,15.31,14.56,26-Jun-2019 - 00:00,"Mundka, Delhi - DPCC"
26-Jun-2019 - 00:00,36.79,976.69,228.92,61.19,42.41,206.59,30.6,91.51,1.65,1.96,1.83,41.12,3.76,6.89,6.74,9.78,13.75,27-Jun-2019 - 00:00,"Mundka, Delhi - DPCC"
27-Jun-2019 - 00:00,35.49,974.87,341.27,83.39,40.17,202.52,51.37,95.72,2.03,1.46,2.21,33.28,6.72,8.21,9.84,12.86,12.84,28-Jun-2019 - 00:00,"Mundka, Delhi - DPCC"
28-Jun-2019 - 00:00,36.04,973.83,403.27,92.85,35.71,207.5,35.51,89.83,2.57,1.0,3.62,29.34,8.3,9.91,12.03,7.25,13.65,29-Jun-2019 - 00:00,"Mundka, Delhi - DPCC"
29-Jun-2019 - 00:00,38.29,973.0,376.71,57.92,30.07,218.42,42.08,87.01,2.02,0.81,2.27,22.08,8.92,19.39,17.58,5.71,12.91,30-Jun-2019 - 00:00,"Mundka, Delhi - DPCC"
30-Jun-2019 - 00:00,38.21,973.33,315.26,62.38,30.71,209.18,54.57,116.41,2.01,1.57,3.11,22.61,20.9,16.5,25.81,7.92,12.88,01-Jul-2019 - 00:00,"Mundka, Delhi - DPCC"
01-Jul-2019 - 00:00,37.29,974.59,224.69,48.12,33.7,212.31,27.59,141.7,1.01,1.57,1.89,24.87,5.13,17.59,13.54,18.22,13.75,02-Jul-2019 - 00:00,"Mundka, Delhi - DPCC"
02-Jul-2019 - 00:00,36.32,975.66,268.98,60.1,40.81,181.76,31.32,172.89,1.39,1.74,2.54,34.21,3.22,15.83,11.05,37.62,13.61,03-Jul-2019 - 00:00,"Mundka, Delhi - DPCC"
03-Jul-2019 - 00:00,35.89,975.98,132.38,33.94,47.87,200.09,32.57,309.35,1.65,1.85,2.72,54.15,3.96,21.23,14.52,16.17,13.55,04-Jul-2019 - 00:00,"Mundka, Delhi - DPCC"
04-Jul-2019 - 00:00,31.61,975.11,86.79,28.88,72.85,74.17,58.72,183.56,1.18,1.94,2.34,43.99,7.44,21.21,17.36,8.55,13.93,05-Jul-2019 - 00:00,"Mundka, Delhi - DPCC"
05-Jul-2019 - 00:00,30.96,973.43,121.44,49.81,78.4,133.1,59.0,209.88,1.29,1.95,2.69,68.34,11.06,24.69,22.16,9.72,13.2,06-Jul-2019 - 00:00,"Mundka, Delhi - DPCC"
06-Jul-2019 - 00:00,32.43,972.09,142.85,39.85,68.79,169.39,43.72,239.07,1.21,1.89,3.04,46.16,11.72,22.56,21.55,9.08,12.52,07-Jul-2019 - 00:00,"Mundka, Delhi - DPCC"
07-Jul-2019 - 00:00,32.61,973.02,119.35,41.23,68.0,141.4,25.3,154.08,1.11,1.78,1.83,41.6,6.19,17.17,14.17,8.64,10.25,08-Jul-2019 - 00:00,"Mundka, Delhi - DPCC"
08-Jul-2019 - 00:00,33.14,973.21,201.0,47.75,62.43,154.03,54.07,157.76,0.99,1.78,2.77,39.55,9.69,18.99,18.03,7.57,13.14,09-Jul-2019 - 00:00,"Mundka, Delhi - DPCC"
09-Jul-2019 - 00:00,32.31,973.14,164.08,37.0,66.47,157.11,42.43,136.27,1.57,1.66,2.64,35.73,8.06,18.75,16.55,7.17,12.91,10-Jul-2019 - 00:00,"Mundka, Delhi - DPCC"
10-Jul-2019 - 00:00,32.43,973.15,174.12,46.31,68.95,169.3,32.15,234.72,1.57,1.71,2.43,32.78,10.59,19.47,18.99,7.91,13.28,11-Jul-2019 - 00:00,"Mundka, Delhi - DPCC"
11-Jul-2019 - 00:00,37.65,973.26,598.52,96.93,44.27,257.74,47.15,165.37,2.38,1.71,2.97,31.04,4.47,34.73,22.02,11.98,11.64,12-Jul-2019 - 00:00,"Mundka, Delhi - DPCC"
12-Jul-2019 - 00:00,35.44,975.09,510.85,75.23,49.59,154.33,46.39,116.53,1.93,2.17,1.53,25.56,9.33,24.07,20.42,10.03,8.68,13-Jul-2019 - 00:00,"Mundka, Delhi - DPCC"
13-Jul-2019 - 00:00,35.71,975.67,396.17,58.42,44.11,179.47,29.98,112.94,2.27,1.62,1.28,20.09,7.12,18.78,15.85,10.79,10.73,14-Jul-2019 - 00:00,"Mundka, Delhi - DPCC"
14-Jul-2019 - 00:00,34.6,974.62,376.75,59.29,48.28,159.22,25.25,159.49,1.96,1.59,1.86,21.3,8.31,18.53,16.59,10.93,13.99,15-Jul-2019 - 00:00,"Mundka, Delhi - DPCC"
15-Jul-2019 - 00:00,29.12,974.57,163.79,35.92,76.26,89.88,53.11,260.89,1.54,1.68,3.16,21.77,6.63,22.51,17.38,9.88,13.31,16-Jul-2019 - 00:00,"Mundka, Delhi - DPCC"
16-Jul-2019 - 00:00,28.26,977.76,97.93,27.63,82.97,114.67,37.84,285.82,1.38,1.42,3.05,26.8,7.1,21.17,17.07,19.97,11.46,17-Jul-2019 - 00:00,"Mundka, Delhi - DPCC"
17-Jul-2019 - 00:00,27.66,979.01,76.6,26.31,87.95,119.68,49.83,139.69,1.03,1.51,3.56,26.73,7.16,18.05,15.45,17.96,12.97,18-Jul-2019 - 00:00,"Mundka, Delhi - DPCC"
18-Jul-2019 - 00:00,27.76,978.7,88.05,25.83,85.85,148.26,84.8,115.28,1.1,1.84,4.76,24.92,10.01,24.67,21.28,22.05,11.75,19-Jul-2019 - 00:00,"Mundka, Delhi - DPCC"
19-Jul-2019 - 00:00,32.12,978.7,207.9,63.25,69.47,189.7,87.61,215.94,0.63,2.56,5.21,29.07,23.17,32.06,35.94,56.57,13.19,20-Jul-2019 - 00:00,"Mundka, Delhi - DPCC"
20-Jul-2019 - 00:00,30.66,979.5,154.99,47.82,80.66,106.67,95.75,192.34,0.83,2.13,5.01,38.66,14.55,33.62,29.76,18.27,11.67,21-Jul-2019 - 00:00,"Mundka, Delhi - DPCC"
21-Jul-2019 - 00:00,31.37,979.28,139.83,52.12,78.16,236.82,83.74,263.0,1.18,2.28,4.25,47.3,17.09,24.87,27.1,21.72,13.64,22-Jul-2019 - 00:00,"Mundka, Delhi - DPCC"
22-Jul-2019 - 00:00,34.8,977.17,159.56,49.52,60.41,293.79,76.73,273.3,1.16,2.03,5.33,46.21,7.04,30.62,22.05,36.45,11.81,23-Jul-2019 - 00:00,"Mundka, Delhi - DPCC"
23-Jul-2019 - 00:00,34.55,976.58,215.27,74.23,70.08,186.5,89.24,179.51,0.64,3.05,5.2,50.28,25.32,29.66,36.42,34.06,8.98,24-Jul-2019 - 00:00,"Mundka, Delhi - DPCC"
24-Jul-2019 - 00:00,33.39,975.11,192.08,52.42,70.94,163.65,79.15,111.52,1.23,2.48,3.79,52.21,11.67,24.41,22.5,13.39,13.57,25-Jul-2019 - 00:00,"Mundka, Delhi - DPCC"
25-Jul-2019 - 00:00,30.1,976.86,93.29,15.58,89.11,57.17,57.59,128.14,1.14,1.7,1.41,27.76,6.83,18.24,15.27,13.37,13.37,26-Jul-2019 - 00:00,"Mundka, Delhi - DPCC"
26-Jul-2019 - 00:00,32.57,975.97,68.67,28.96,95.3,88.58,78.16,226.84,1.18,1.7,4.45,30.34,9.76,19.18,18.15,9.93,14.56,27-Jul-2019 - 00:00,"Mundka, Delhi - DPCC"
27-Jul-2019 - 00:00,30.93,975.81,54.62,26.49,95.3,81.17,76.06,287.11,1.7,1.36,4.38,32.14,9.62,21.54,19.26,18.13,13.76,28-Jul-2019 - 00:00,"Mundka, Delhi - DPCC"
28-Jul-2019 - 00:00,30.3,976.94,65.38,19.42,82.48,152.39,58.54,292.97,2.1,2.67,2.63,29.35,8.57,17.09,16.08,10.7,10.25,29-Jul-2019 - 00:00,"Mundka, Delhi - DPCC"
29-Jul-2019 - 00:00,31.83,978.25,90.19,20.77,72.23,147.37,60.94,290.43,1.98,2.12,3.22,29.99,7.24,19.28,16.21,20.73,10.59,30-Jul-2019 - 00:00,"Mundka, Delhi - DPCC"
30-Jul-2019 - 00:00,31.57,977.94,102.02,27.83,71.3,125.61,70.57,286.73,1.66,1.94,4.24,31.27,6.58,19.57,15.77,26.83,10.76,31-Jul-2019 - 00:00,"Mundka, Delhi - DPCC"
31-Jul-2019 - 00:00,31.72,977.26,100.88,29.98,72.36,129.33,57.95,297.71,1.5,1.8,3.18,32.38,6.78,19.22,15.74,18.56,9.23,01-Aug-2019 - 00:00,"Mundka, Delhi - DPCC"
01-Aug-2019 - 00:00,32.92,976.73,104.42,29.36,63.1,202.54,53.01,308.33,1.59,1.64,2.89,30.78,7.98,22.47,18.29,8.46,11.76,02-Aug-2019 - 00:00,"Mundka, Delhi - DPCC"
02-Aug-2019 - 00:00,30.29,975.9,96.75,29.81,84.64,115.5,73.47,235.7,1.22,2.8,2.97,34.92,7.94,20.5,17.37,8.0,12.69,03-Aug-2019 - 00:00,"Mundka, Delhi - DPCC"
03-Aug-2019 - 00:00,29.56,975.74,94.17,42.07,89.71,139.49,90.67,254.97,1.09,1.94,4.62,43.39,16.79,27.01,28.05,27.28,14.15,04-Aug-2019 - 00:00,"Mundka, Delhi - DPCC"
04-Aug-2019 - 00:00,30.51,974.89,96.46,53.4,87.11,131.35,94.81,187.45,0.85,2.22,5.72,38.45,14.44,21.83,23.39,16.2,14.9,05-Aug-2019 - 00:00,"Mundka, Delhi - DPCC"
05-Aug-2019 - 00:00,32.28,973.24,122.04,50.02,82.48,196.09,104.86,255.6,0.99,2.17,3.18,43.89,20.27,30.67,32.82,13.42,14.89,06-Aug-2019 - 00:00,"Mundka, Delhi - DPCC"
06-Aug-2019 - 00:00,28.26,973.73,89.85,37.15,94.93,51.78,89.62,221.84,0.99,2.04,4.89,44.38,16.74,30.26,29.76,14.21,13.47,07-Aug-2019 - 00:00,"Mundka, Delhi - DPCC"
07-Aug-2019 - 00:00,30.68,973.61,108.19,39.92,78.77,149.32,104.1,251.23,1.02,2.01,5.41,37.0,15.84,24.73,26.07,22.19,12.93,08-Aug-2019 - 00:00,"Mundka, Delhi - DPCC"
08-Aug-2019 - 00:00,33.37,973.22,134.94,34.48,67.39,208.69,78.71,245.14,1.12,1.87,4.19,32.35,13.29,24.39,23.84,24.55,16.01,09-Aug-2019 - 00:00,"Mundka, Delhi - DPCC"
09-Aug-2019 - 00:00,32.33,975.11,93.02,11.77,59.82,180.95,70.76,284.6,3.1,1.5,3.87,25.79,7.83,15.56,14.63,18.41,12.75,10-Aug-2019 - 00:00,"Mundka, Delhi - DPCC"
10-Aug-2019 - 00:00,31.0,976.02,72.1,15.25,75.07,144.5,44.54,301.26,2.56,1.56,2.06,22.95,6.1,16.39,13.7,8.67,10.86,11-Aug-2019 - 00:00,"Mundka, Delhi - DPCC"
11-Aug-2019 - 00:00,32.88,977.36,80.81,20.9,70.44,163.55,43.31,217.49,1.26,1.5,1.58,29.49,7.27,16.47,14.69,12.29,14.13,12-Aug-2019 - 00:00,"Mundka, Delhi - DPCC"
12-Aug-2019 - 00:00,30.91,977.59,62.92,15.67,85.15,120.33,57.02,79.71,1.16,1.59,1.87,27.65,9.02,16.41,16.08,9.1,12.5,13-Aug-2019 - 00:00,"Mundka, Delhi - DPCC"
13-Aug-2019 - 00:00,30.02,977.88,56.88,18.66,89.19,143.67,59.55,132.32,1.61,1.66,2.71,33.02,10.7,16.56,17.54,9.22,13.54,14-Aug-2019 - 00:00,"Mundka, Delhi - DPCC"
14-Aug-2019 - 00:00,30.17,979.23,57.21,31.91,90.56,138.23,56.47,175.61,0.99,1.89,3.09,34.97,8.79,17.1,16.25,10.7,12.63,15-Aug-2019 - 00:00,"Mundka, Delhi - DPCC"
15-Aug-2019 - 00:00,31.01,978.85,48.88,26.79,78.5,194.87,47.49,226.54,1.45,1.69,2.46,33.84,4.58,11.26,9.72,11.1,12.55,16-Aug-2019 - 00:00,"Mundka, Delhi - DPCC"
16-Aug-2019 - 00:00,29.62,977.04,45.4,15.11,83.86,142.43,52.2,285.38,2.23,1.67,3.21,21.7,6.32,16.08,13.71,17.63,12.56,17-Aug-2019 - 00:00,"Mundka, Delhi - DPCC"
17-Aug-2019 - 00:00,27.39,976.36,20.76,7.5,94.97,72.65,47.57,300.84,2.43,1.56,2.32,21.37,9.41,12.84,14.49,6.41,11.71,18-Aug-2019 - 00:00,"Mundka, Delhi - DPCC"
18-Aug-2019 - 00:00,27.9,980.01,27.49,12.0,93.12,97.73,48.65,118.27,1.51,1.73,1.74,18.45,12.42,12.68,16.85,7.14,11.48,19-Aug-2019 - 00:00,"Mundka, Delhi - DPCC"
19-Aug-2019 - 00:00,30.86,982.09,109.4,38.98,79.59,222.31,108.42,109.07,0.94,2.09,5.09,26.55,29.66,18.9,34.21,10.2,12.38,20-Aug-2019 - 00:00,"Mundka, Delhi - DPCC"
20-Aug-2019 - 00:00,31.46,981.67,100.0,36.58,78.47,223.59,118.56,108.69,1.98,1.81,1.82,38.79,9.46,11.64,13.91,8.47,11.67,21-Aug-2019 - 00:00,"Mundka, Delhi - DPCC"
21-Aug-2019 - 00:00,32.19,980.16,178.45,46.83,73.46,220.69,69.02,90.06,1.69,1.78,2.06,39.01,12.4,16.07,18.64,8.54,11.41,22-Aug-2019 - 00:00,"Mundka, Delhi - DPCC"
22-Aug-2019 - 00:00,31.67,980.45,190.9,51.69,70.29,201.32,78.59,141.17,1.25,1.91,4.81,34.39,16.41,24.14,26.21,9.17,12.01,23-Aug-2019 - 00:00,"Mundka, Delhi - DPCC"
23-Aug-2019 - 00:00,33.13,980.12,221.67,53.85,67.34,196.51,88.5,97.44,1.19,1.81,5.08,33.8,14.43,20.76,22.77,10.52,11.47,24-Aug-2019 - 00:00,"Mundka, Delhi - DPCC"
24-Aug-2019 - 00:00,31.21,980.15,195.54,57.56,76.57,102.52,95.98,153.93,0.99,1.92,4.5,38.91,21.82,24.35,30.72,8.8,12.32,25-Aug-2019 - 00:00,"Mundka, Delhi - DPCC"
25-Aug-2019 - 00:00,29.1,980.69,81.09,30.33,85.56,105.28,55.05,285.85,1.2,1.83,2.73,32.78,7.9,19.25,16.7,8.0,11.01,26-Aug-2019 - 00:00,"Mundka, Delhi - DPCC"
26-Aug-2019 - 00:00,31.54,980.61,88.64,25.34,71.14,196.94,61.47,284.56,1.49,2.0,3.64,25.33,12.15,20.17,20.63,10.06,11.88,27-Aug-2019 - 00:00,"Mundka, Delhi - DPCC"
27-Aug-2019 - 00:00,32.18,978.66,160.25,46.9,67.7,157.95,63.72,239.23,0.79,1.9,3.98,27.51,15.35,25.94,26.3,14.65,11.64,28-Aug-2019 - 00:00,"Mundka, Delhi - DPCC"
28-Aug-2019 - 00:00,33.45,980.54,154.12,45.38,67.9,166.85,63.63,258.11,1.09,1.82,3.83,32.66,14.57,24.06,24.62,15.52,11.36,29-Aug-2019 - 00:00,"Mundka, Delhi - DPCC"
29-Aug-2019 - 00:00,33.88,981.52,111.31,31.04,64.48,198.32,37.91,301.0,1.46,1.67,2.3,27.18,7.52,22.9,18.01,11.56,10.21,30-Aug-2019 - 00:00,"Mundka, Delhi - DPCC"
30-Aug-2019 - 00:00,32.39,979.22,195.6,64.65,72.41,139.02,59.89,156.87,0.88,1.87,3.45,28.8,9.12,27.98,22.31,16.76,11.59,31-Aug-2019 - 00:00,"Mundka, Delhi - DPCC"
31-Aug-2019 - 00:00,33.28,977.21,225.48,80.83,72.37,141.84,105.27,135.81,0.76,2.18,5.81,35.76,19.54,31.8,32.92,13.47,11.68,01-Sep-2019 - 00:00,"Mundka, Delhi - DPCC"
01-Sep-2019 - 00:00,30.15,979.13,109.67,40.98,85.03,134.01,87.99,245.97,1.21,1.84,4.34,40.23,14.76,23.4,24.48,16.72,11.59,02-Sep-2019 - 00:00,"Mundka, Delhi - DPCC"
02-Sep-2019 - 00:00,32.39,979.57,118.94,48.06,76.34,168.86,60.19,191.4,0.82,1.73,2.97,32.27,8.51,19.03,17.06,18.75,11.56,03-Sep-2019 - 00:00,"Mundka, Delhi - DPCC"
03-Sep-2019 - 00:00,32.76,978.51,181.38,80.46,77.3,137.87,104.77,104.66,0.71,1.77,3.06,37.74,11.01,19.09,19.13,10.65,11.14,04-Sep-2019 - 00:00,"Mundka, Delhi - DPCC"
04-Sep-2019 - 00:00,31.88,977.98,198.56,85.83,81.26,112.31,93.88,216.54,1.0,2.0,4.15,36.88,14.44,26.18,25.69,22.54,10.79,05-Sep-2019 - 00:00,"Mundka, Delhi - DPCC"
05-Sep-2019 - 00:00,30.88,978.41,113.48,39.61,85.58,101.75,84.49,244.45,1.2,1.83,3.26,31.08,10.16,22.9,20.44,8.1,10.09,06-Sep-2019 - 00:00,"Mundka, Delhi - DPCC"
06-Sep-2019 - 00:00,30.9,977.85,126.35,38.17,84.69,123.43,97.34,234.15,0.99,1.82,3.64,35.93,19.13,22.55,27.6,13.32,12.0,07-Sep-2019 - 00:00,"Mundka, Delhi - DPCC"
07-Sep-2019 - 00:00,32.35,978.35,125.08,34.6,83.46,158.04,74.24,282.98,1.18,1.83,3.28,31.12,18.99,23.63,28.03,6.55,10.29,08-Sep-2019 - 00:00,"Mundka, Delhi - DPCC"
08-Sep-2019 - 00:00,32.27,980.22,113.9,38.54,79.57,165.39,38.84,134.08,0.73,1.55,1.8,30.24,7.86,15.77,14.8,13.55,10.96,09-Sep-2019 - 00:00,"Mundka, Delhi - DPCC"
09-Sep-2019 - 00:00,33.01,978.8,193.96,74.06,73.11,176.44,68.73,102.19,0.73,1.62,2.3,30.7,8.73,16.69,15.99,8.52,10.92,10-Sep-2019 - 00:00,"Mundka, Delhi - DPCC"
10-Sep-2019 - 00:00,33.49,978.16,207.06,74.44,69.07,184.8,71.08,123.96,0.71,1.76,2.33,30.56,17.23,19.55,24.43,10.3,10.89,11-Sep-2019 - 00:00,"Mundka, Delhi - DPCC"
11-Sep-2019 - 00:00,34.27,979.6,242.98,91.08,66.47,167.09,72.79,173.32,0.58,1.94,4.73,32.76,10.76,26.66,23.0,12.16,10.39,12-Sep-2019 - 00:00,"Mundka, Delhi - DPCC"
12-Sep-2019 - 00:00,33.27,980.92,168.73,62.4,69.24,126.37,48.36,275.83,1.38,1.79,2.55,32.17,8.66,28.36,22.14,9.09,10.38,13-Sep-2019 - 00:00,"Mundka, Delhi - DPCC"
13-Sep-2019 - 00:00,33.1,982.0,115.0,34.65,69.72,164.17,46.54,302.46,1.18,1.67,2.37,27.93,8.69,21.62,18.59,9.63,10.66,14-Sep-2019 - 00:00,"Mundka, Delhi - DPCC"
14-Sep-2019 - 00:00,32.27,982.56,96.22,26.71,68.97,154.78,40.04,298.96,1.47,1.57,2.06,21.48,6.15,16.15,13.61,17.58,10.61,15-Sep-2019 - 00:00,"Mundka, Delhi - DPCC"
15-Sep-2019 - 00:00,31.96,982.78,97.25,40.59,73.19,115.82,37.46,269.5,1.05,1.7,2.17,20.97,8.24,19.97,17.33,15.96,11.2,16-Sep-2019 - 00:00,"Mundka, Delhi - DPCC"
16-Sep-2019 - 00:00,32.88,981.34,187.56,69.2,70.07,157.12,64.0,122.72,0.7,1.79,2.83,26.79,14.88,19.81,22.66,11.24,10.18,17-Sep-2019 - 00:00,"Mundka, Delhi - DPCC"
17-Sep-2019 - 00:00,32.63,982.24,153.71,57.0,67.49,162.38,67.69,181.89,0.77,1.75,2.44,26.11,9.71,24.82,21.09,16.86,11.0,18-Sep-2019 - 00:00,"Mundka, Delhi - DPCC"
18-Sep-2019 - 00:00,32.11,986.05,130.19,40.15,65.33,189.98,36.6,303.96,1.82,1.61,2.12,24.27,7.3,24.8,19.14,13.65,12.54,19-Sep-2019 - 00:00,"Mundka, Delhi - DPCC"
19-Sep-2019 - 00:00,30.47,988.32,77.32,19.4,71.69,132.17,30.51,304.39,1.89,1.53,1.72,19.67,6.93,17.06,14.74,7.89,9.16,20-Sep-2019 - 00:00,"Mundka, Delhi - DPCC"
20-Sep-2019 - 00:00,31.54,986.69,123.71,38.02,68.7,164.68,43.03,281.93,1.04,1.65,2.69,19.22,14.0,22.98,23.66,11.12,10.48,21-Sep-2019 - 00:00,"Mundka, Delhi - DPCC"
21-Sep-2019 - 00:00,30.91,985.59,155.46,46.58,73.08,123.33,52.61,154.49,0.73,1.67,2.48,23.61,17.77,22.15,26.25,11.24,9.76,22-Sep-2019 - 00:00,"Mundka, Delhi - DPCC"
22-Sep-2019 - 00:00,29.32,987.48,79.9,24.9,76.09,107.32,38.45,305.97,1.47,1.6,2.41,20.91,15.71,23.06,25.14,12.81,10.25,23-Sep-2019 - 00:00,"Mundka, Delhi - DPCC"
23-Sep-2019 - 00:00,30.28,988.83,115.19,38.98,71.86,137.68,40.61,292.5,1.13,1.64,2.65,21.34,10.11,22.27,20.09,17.22,11.3,24-Sep-2019 - 00:00,"Mundka, Delhi - DPCC"
24-Sep-2019 - 00:00,30.57,988.93,122.67,36.6,70.42,137.23,44.57,254.03,1.08,1.65,2.54,19.57,12.09,24.96,23.08,17.71,10.1,25-Sep-2019 - 00:00,"Mundka, Delhi - DPCC"
25-Sep-2019 - 00:00,30.77,990.07,105.98,32.21,70.79,155.34,37.46,298.38,1.26,1.65,2.29,20.73,10.93,23.44,21.38,14.56,10.29,26-Sep-2019 - 00:00,"Mundka, Delhi - DPCC"
26-Sep-2019 - 00:00,30.83,990.38,85.69,22.4,70.76,133.59,56.55,288.18,1.81,1.59,3.64,20.21,10.02,19.93,18.76,31.87,9.97,27-Sep-2019 - 00:00,"Mundka, Delhi - DPCC"
27-Sep-2019 - 00:00,30.05,989.24,66.98,12.62,72.84,118.56,32.15,291.09,1.64,1.49,4.62,15.38,13.6,27.18,25.54,26.17,9.72,28-Sep-2019 - 00:00,"Mundka, Delhi - DPCC"
28-Sep-2019 - 00:00,29.74,987.47,85.81,24.98,74.55,119.92,47.21,278.01,1.51,1.12,3.25,16.21,17.98,40.14,36.01,33.94,8.38,29-Sep-2019 - 00:00,"Mundka, Delhi - DPCC"
29-Sep-2019 - 00:00,29.29,988.14,57.88,16.73,76.08,95.44,26.77,292.27,1.54,0.62,1.84,16.98,7.18,19.44,16.18,4.41,6.52,30-Sep-2019 - 00:00,"Mundka, Delhi - DPCC"
30-Sep-2019 - 00:00,29.7,987.06,94.65,30.94,75.54,133.53,43.79,290.66,1.2,0.96,3.14,17.91,11.65,26.41,23.55,9.73,6.86,01-Oct-2019 - 00:00,"Mundka, Delhi - DPCC"
01-Oct-2019 - 00:00,30.16,986.42,106.93,31.98,73.98,129.86,38.94,305.72,1.27,0.95,2.83,20.51,13.84,27.04,25.68,10.3,7.95,02-Oct-2019 - 00:00,"Mundka, Delhi - DPCC"
02-Oct-2019 - 00:00,30.56,987.52,114.39,40.49,71.14,144.78,35.45,210.17,0.67,1.26,2.6,20.87,17.78,21.96,26.14,5.07,5.47,03-Oct-2019 - 00:00,"Mundka, Delhi - DPCC"
03-Oct-2019 - 00:00,30.93,987.66,256.07,65.14,67.58,141.71,58.16,140.5,0.89,1.84,4.53,23.9,36.58,24.04,42.64,8.7,6.45,04-Oct-2019 - 00:00,"Mundka, Delhi - DPCC"
04-Oct-2019 - 00:00,28.9,988.68,112.44,41.26,76.13,164.18,36.17,95.1,1.31,1.05,2.8,26.1,10.41,20.62,19.47,7.18,5.39,05-Oct-2019 - 00:00,"Mundka, Delhi - DPCC"
05-Oct-2019 - 00:00,28.78,988.73,180.49,48.67,68.87,187.76,36.45,110.32,2.0,0.97,3.66,19.4,5.25,18.16,13.96,7.51,7.1,06-Oct-2019 - 00:00,"Mundka, Delhi - DPCC"
06-Oct-2019 - 00:00,29.04,989.23,185.58,69.27,70.44,167.3,35.62,107.34,1.6,0.94,5.61,22.55,6.62,17.97,14.95,7.27,7.7,07-Oct-2019 - 00:00,"Mundka, Delhi - DPCC"
07-Oct-2019 - 00:00,28.95,990.32,201.74,58.63,70.5,161.08,34.57,110.46,2.31,0.91,2.73,21.66,4.24,14.84,11.35,6.77,9.02,08-Oct-2019 - 00:00,"Mundka, Delhi - DPCC"
08-Oct-2019 - 00:00,28.69,989.35,144.41,48.32,67.57,177.45,34.57,102.64,1.45,0.85,2.05,19.33,5.75,17.69,14.11,12.22,5.97,09-Oct-2019 - 00:00,"Mundka, Delhi - DPCC"
09-Oct-2019 - 00:00,29.61,988.7,281.12,90.82,64.1,163.02,98.87,119.65,0.59,1.37,5.28,20.99,36.55,33.22,47.52,11.93,8.14,10-Oct-2019 - 00:00,"Mundka, Delhi - DPCC"
10-Oct-2019 - 00:00,29.18,986.74,304.42,134.6,66.25,130.42,86.43,110.3,0.7,1.34,6.37,29.63,11.45,31.05,25.84,14.64,7.51,11-Oct-2019 - 00:00,"Mundka, Delhi - DPCC"
11-Oct-2019 - 00:00,29.26,987.96,265.52,109.14,66.26,145.43,77.23,102.31,0.66,1.16,5.88,31.98,24.5,27.12,34.34,6.49,9.22,12-Oct-2019 - 00:00,"Mundka, Delhi - DPCC"
12-Oct-2019 - 00:00,29.75,988.85,335.23,133.4,66.15,136.17,60.97,89.74,0.58,1.22,4.79,32.9,12.41,27.61,24.78,7.18,7.78,13-Oct-2019 - 00:00,"Mundka, Delhi - DPCC"
13-Oct-2019 - 00:00,29.36,988.83,308.29,149.33,65.4,115.76,71.93,96.77,0.93,1.28,4.89,30.35,20.99,27.34,31.64,10.86,8.25,14-Oct-2019 - 00:00,"Mundka, Delhi - DPCC"
14-Oct-2019 - 00:00,29.75,988.82,325.72,130.5,63.48,132.86,98.1,83.28,0.72,1.4,5.24,32.96,31.17,32.8,42.88,10.66,8.28,15-Oct-2019 - 00:00,"Mundka, Delhi - DPCC"
15-Oct-2019 - 00:00,30.28,988.82,428.46,158.52,62.28,122.01,122.14,125.98,0.48,2.06,6.94,35.01,57.18,47.87,71.99,12.78,12.1,16-Oct-2019 - 00:00,"Mundka, Delhi - DPCC"
16-Oct-2019 - 00:00,30.5,988.86,391.62,178.42,64.28,112.58,81.77,254.45,0.63,2.06,7.84,46.04,57.33,46.76,71.77,16.04,10.68,17-Oct-2019 - 00:00,"Mundka, Delhi - DPCC"
17-Oct-2019 - 00:00,30.81,988.89,276.75,127.03,59.89,115.05,66.96,286.28,1.15,1.56,7.06,36.96,16.92,46.66,38.6,12.28,8.22,18-Oct-2019 - 00:00,"Mundka, Delhi - DPCC"
18-Oct-2019 - 00:00,29.63,988.86,187.65,84.96,62.57,119.47,42.76,265.37,1.63,1.09,3.99,30.72,11.26,32.34,26.36,7.69,10.25,19-Oct-2019 - 00:00,"Mundka, Delhi - DPCC"
19-Oct-2019 - 00:00,28.71,988.79,218.25,100.73,67.91,132.97,84.34,137.71,0.99,1.06,5.03,41.91,14.47,31.8,28.7,10.58,9.4,20-Oct-2019 - 00:00,"Mundka, Delhi - DPCC"
20-Oct-2019 - 00:00,28.28,988.81,246.6,123.1,64.11,154.58,87.31,99.51,1.56,1.09,6.29,34.86,16.58,29.54,29.25,19.79,7.74,21-Oct-2019 - 00:00,"Mundka, Delhi - DPCC"
21-Oct-2019 - 00:00,27.56,988.79,310.73,134.96,63.35,144.19,96.12,90.05,1.59,1.14,4.49,30.16,20.63,28.46,31.95,28.84,7.91,22-Oct-2019 - 00:00,"Mundka, Delhi - DPCC"
22-Oct-2019 - 00:00,27.05,986.03,342.92,125.43,63.24,116.8,77.95,72.12,1.44,1.35,3.47,21.91,28.57,31.08,39.89,28.44,9.79,23-Oct-2019 - 00:00,"Mundka, Delhi - DPCC"
23-Oct-2019 - 00:00,27.66,985.15,422.12,158.52,61.95,151.57,113.72,107.81,0.97,1.8,5.56,30.65,48.22,29.93,55.47,16.96,8.8,24-Oct-2019 - 00:00,"Mundka, Delhi - DPCC"
24-Oct-2019 - 00:00,28.16,986.14,617.89,239.74,64.45,130.78,155.61,144.98,0.58,2.74,10.96,49.52,81.82,41.29,89.84,34.62,9.82,25-Oct-2019 - 00:00,"Mundka, Delhi - DPCC"
25-Oct-2019 - 00:00,28.25,987.51,429.09,154.07,61.18,138.92,100.37,266.8,0.92,1.93,7.61,42.08,36.64,39.83,51.94,27.13,8.88,26-Oct-2019 - 00:00,"Mundka, Delhi - DPCC"
26-Oct-2019 - 00:00,28.11,988.86,417.85,184.59,63.77,124.88,114.55,190.92,0.64,2.14,8.15,51.26,63.56,37.02,71.54,18.07,9.31,27-Oct-2019 - 00:00,"Mundka, Delhi - DPCC"
27-Oct-2019 - 00:00,27.38,988.36,365.65,205.94,64.63,139.9,91.6,72.5,1.38,1.53,6.29,46.03,24.96,30.04,36.14,17.39,8.28,28-Oct-2019 - 00:00,"Mundka, Delhi - DPCC"
28-Oct-2019 - 00:00,27.22,989.03,340.19,236.04,65.96,110.07,62.69,68.16,0.81,1.56,4.94,40.68,13.43,30.49,27.19,11.43,8.63,29-Oct-2019 - 00:00,"Mundka, Delhi - DPCC"
29-Oct-2019 - 00:00,26.94,989.67,447.57,302.98,70.96,71.44,113.71,83.73,0.54,2.54,7.13,53.81,32.49,35.89,45.57,15.16,10.04,30-Oct-2019 - 00:00,"Mundka, Delhi - DPCC"
30-Oct-2019 - 00:00,27.51,988.36,535.77,302.98,67.37,90.9,167.37,80.78,0.79,2.73,8.82,58.45,83.21,34.68,84.81,7.93,10.52,31-Oct-2019 - 00:00,"Mundka, Delhi - DPCC"
31-Oct-2019 - 00:00,27.22,987.67,567.19,383.79,66.67,94.57,169.78,95.41,0.59,3.41,6.83,56.79,87.98,40.11,92.91,9.86,12.13,01-Nov-2019 - 00:00,"Mundka, Delhi - DPCC"
01-Nov-2019 - 00:00,27.88,987.62,624.73,423.59,65.84,85.55,122.06,91.66,0.54,2.5,7.2,53.94,39.1,41.85,54.21,11.38,14.4,02-Nov-2019 - 00:00,"Mundka, Delhi - DPCC"
02-Nov-2019 - 00:00,26.37,989.47,541.04,381.38,75.58,63.14,84.64,72.05,1.22,2.92,6.48,53.32,21.94,30.72,34.22,7.78,16.56,03-Nov-2019 - 00:00,"Mundka, Delhi - DPCC"
03-Nov-2019 - 00:00,25.95,990.31,692.89,630.65,79.31,66.25,78.3,78.94,1.11,2.82,8.9,63.35,13.04,31.48,27.38,8.09,8.67,04-Nov-2019 - 00:00,"Mundka, Delhi - DPCC"
04-Nov-2019 - 00:00,26.61,989.98,395.12,272.6,70.01,109.32,88.09,92.52,1.7,1.67,5.07,43.75,19.75,26.59,30.23,9.73,8.64,05-Nov-2019 - 00:00,"Mundka, Delhi - DPCC"
05-Nov-2019 - 00:00,26.72,987.24,356.29,203.52,63.13,136.63,90.11,77.07,1.66,1.6,3.98,30.26,19.27,30.28,31.84,13.95,9.06,06-Nov-2019 - 00:00,"Mundka, Delhi - DPCC"
06-Nov-2019 - 00:00,27.3,985.03,249.1,123.52,57.58,123.04,94.7,185.61,0.82,1.56,4.41,24.73,32.58,39.34,47.4,25.89,8.58,07-Nov-2019 - 00:00,"Mundka, Delhi - DPCC"
07-Nov-2019 - 00:00,24.88,986.4,296.62,189.69,70.96,47.98,108.98,218.55,1.19,1.81,8.97,37.86,21.18,40.14,38.63,8.85,8.76,08-Nov-2019 - 00:00,"Mundka, Delhi - DPCC"
08-Nov-2019 - 00:00,25.64,989.13,260.85,161.38,72.51,112.44,120.24,94.47,0.86,1.35,6.78,45.1,21.4,29.7,33.27,8.39,8.42,09-Nov-2019 - 00:00,"Mundka, Delhi - DPCC"
09-Nov-2019 - 00:00,25.44,989.83,308.27,177.83,67.47,135.27,85.76,101.11,1.8,1.22,4.88,33.52,13.19,24.64,23.6,16.24,6.66,10-Nov-2019 - 00:00,"Mundka, Delhi - DPCC"
10-Nov-2019 - 00:00,25.05,989.79,346.19,230.92,60.51,120.16,78.72,96.91,1.23,1.3,4.79,24.23,14.34,28.92,27.19,27.05,7.0,11-Nov-2019 - 00:00,"Mundka, Delhi - DPCC"
11-Nov-2019 - 00:00,24.52,988.67,428.96,306.08,60.96,109.31,107.12,102.95,1.12,1.57,5.3,36.31,21.43,35.7,36.56,31.09,9.29,12-Nov-2019 - 00:00,"Mundka, Delhi - DPCC"
12-Nov-2019 - 00:00,23.87,989.59,662.1,491.12,65.49,105.88,122.95,89.65,0.99,2.18,7.0,39.0,12.97,39.49,31.56,36.19,12.09,13-Nov-2019 - 00:00,"Mundka, Delhi - DPCC"
13-Nov-2019 - 00:00,24.53,991.53,621.85,475.19,66.95,89.44,157.09,100.19,0.68,2.18,7.84,35.47,15.76,41.44,34.83,31.19,13.37,14-Nov-2019 - 00:00,"Mundka, Delhi - DPCC"
14-Nov-2019 - 00:00,25.2,992.21,561.17,397.82,66.81,77.83,178.81,119.19,0.62,,10.09,36.2,33.78,44.51,51.21,30.94,14.09,15-Nov-2019 - 00:00,"Mundka, Delhi - DPCC"
15-Nov-2019 - 00:00,25.15,991.35,650.47,562.22,69.94,84.48,108.57,106.68,1.17,2.19,10.19,41.92,10.05,35.2,26.92,27.67,13.75,16-Nov-2019 - 00:00,"Mundka, Delhi - DPCC"
16-Nov-2019 - 00:00,25.13,991.21,369.7,241.61,69.1,116.37,78.76,106.07,2.26,1.61,5.44,42.28,8.17,24.76,19.69,19.85,13.44,17-Nov-2019 - 00:00,"Mundka, Delhi - DPCC"
17-Nov-2019 - 00:00,25.03,991.21,200.24,120.27,66.22,128.75,68.24,95.7,2.61,1.66,2.75,32.71,11.74,20.56,20.5,19.7,11.87,18-Nov-2019 - 00:00,"Mundka, Delhi - DPCC"
18-Nov-2019 - 00:00,24.2,990.55,228.71,131.64,68.91,117.24,88.38,89.66,1.84,1.02,3.57,34.8,21.74,27.54,32.39,20.97,13.34,19-Nov-2019 - 00:00,"Mundka, Delhi - DPCC"
19-Nov-2019 - 00:00,24.01,989.94,283.73,149.73,67.13,112.64,96.22,61.3,0.99,1.1,4.58,34.88,47.42,36.71,58.19,20.53,12.44,20-Nov-2019 - 00:00,"Mundka, Delhi - DPCC"
20-Nov-2019 - 00:00,23.97,990.41,358.92,207.48,66.26,107.03,114.13,120.76,0.49,1.18,5.24,41.18,52.67,39.02,63.67,25.43,12.61,21-Nov-2019 - 00:00,"Mundka, Delhi - DPCC"
21-Nov-2019 - 00:00,24.27,992.3,445.77,256.52,65.47,85.56,196.32,130.0,0.39,1.43,10.16,49.39,60.06,49.71,75.4,34.36,11.46,22-Nov-2019 - 00:00,"Mundka, Delhi - DPCC"
22-Nov-2019 - 00:00,24.62,992.39,414.02,246.23,65.67,93.18,176.44,98.55,0.65,0.99,9.55,55.74,67.03,42.74,77.38,32.35,12.35,23-Nov-2019 - 00:00,"Mundka, Delhi - DPCC"
23-Nov-2019 - 00:00,24.67,991.85,266.54,164.46,65.7,75.75,95.97,85.35,1.51,0.73,5.68,43.29,16.61,30.57,29.77,18.55,12.58,24-Nov-2019 - 00:00,"Mundka, Delhi - DPCC"
24-Nov-2019 - 00:00,24.78,991.21,211.59,140.64,67.08,89.21,83.73,104.2,1.71,0.77,5.21,37.12,9.67,24.26,20.78,26.04,13.37,25-Nov-2019 - 00:00,"Mundka, Delhi - DPCC"
25-Nov-2019 - 00:00,24.66,991.71,308.37,166.11,66.24,84.71,97.25,110.29,0.53,0.95,5.42,40.54,29.68,33.83,42.2,20.21,13.72,26-Nov-2019 - 00:00,"Mundka, Delhi - DPCC"
26-Nov-2019 - 00:00,25.63,991.12,249.25,116.81,61.64,66.7,110.69,200.86,0.59,1.01,7.98,40.41,27.46,38.7,42.97,26.35,12.18,27-Nov-2019 - 00:00,"Mundka, Delhi - DPCC"
27-Nov-2019 - 00:00,23.91,991.04,127.15,68.73,73.57,63.22,74.41,182.06,0.98,0.63,4.97,41.6,11.96,29.76,25.58,16.51,12.53,28-Nov-2019 - 00:00,"Mundka, Delhi - DPCC"
28-Nov-2019 - 00:00,22.83,992.01,59.33,32.94,77.18,72.6,64.77,274.13,1.43,0.3,3.35,35.9,13.74,24.97,24.63,18.32,12.39,29-Nov-2019 - 00:00,"Mundka, Delhi - DPCC"
29-Nov-2019 - 00:00,22.62,992.56,114.31,65.35,80.53,117.61,76.86,129.45,0.95,0.72,3.39,36.19,16.95,26.2,27.54,18.25,12.01,30-Nov-2019 - 00:00,"Mundka, Delhi - DPCC"
30-Nov-2019 - 00:00,21.48,992.76,225.69,136.31,84.79,92.35,96.72,94.53,1.36,1.36,4.05,43.99,24.04,28.83,34.93,17.66,11.78,01-Dec-2019 - 00:00,"Mundka, Delhi - DPCC"
01-Dec-2019 - 00:00,21.31,992.39,273.04,179.15,75.93,119.17,87.95,85.66,1.35,1.46,3.55,40.42,34.5,30.96,44.56,30.88,14.87,02-Dec-2019 - 00:00,"Mundka, Delhi - DPCC"
02-Dec-2019 - 00:00,20.96,992.99,316.25,182.92,72.59,124.09,87.62,73.47,1.35,1.7,3.99,42.74,38.11,33.56,48.89,30.54,13.06,03-Dec-2019 - 00:00,"Mundka, Delhi - DPCC"
03-Dec-2019 - 00:00,21.12,992.44,368.17,182.42,66.89,126.78,96.12,71.01,1.26,1.14,4.55,39.18,42.47,37.16,54.4,31.7,12.52,04-Dec-2019 - 00:00,"Mundka, Delhi - DPCC"
04-Dec-2019 - 00:00,21.1,994.46,323.75,199.9,68.17,114.58,76.78,86.08,0.68,1.58,4.3,48.73,56.32,37.72,65.87,29.36,13.86,05-Dec-2019 - 00:00,"Mundka, Delhi - DPCC"
05-Dec-2019 - 00:00,20.99,996.44,459.79,294.29,72.9,108.97,165.97,101.98,0.61,2.41,9.42,68.02,91.25,41.18,96.26,33.57,15.29,06-Dec-2019 - 00:00,"Mundka, Delhi - DPCC"
06-Dec-2019 - 00:00,21.38,995.72,406.23,291.65,77.86,98.63,108.73,94.07,1.01,1.21,6.8,82.36,43.88,39.15,56.6,21.9,14.14,07-Dec-2019 - 00:00,"Mundka, Delhi - DPCC"
07-Dec-2019 - 00:00,21.69,994.59,429.73,294.38,77.39,102.23,104.56,106.96,0.6,2.9,6.63,77.21,46.3,40.19,59.09,24.66,13.78,08-Dec-2019 - 00:00,"Mundka, Delhi - DPCC"
08-Dec-2019 - 00:00,21.59,994.37,361.92,262.04,75.93,104.75,99.57,74.78,0.77,4.56,5.67,70.49,60.19,36.0,68.18,26.36,14.41,09-Dec-2019 - 00:00,"Mundka, Delhi - DPCC"
09-Dec-2019 - 00:00,21.26,993.67,359.77,242.46,72.93,110.24,97.22,86.67,0.76,3.35,6.99,63.15,50.32,37.26,60.85,32.61,13.5,10-Dec-2019 - 00:00,"Mundka, Delhi - DPCC"
10-Dec-2019 - 00:00,20.72,991.0,454.67,305.35,74.44,97.55,166.22,103.48,0.64,3.81,7.77,68.34,58.96,38.37,68.44,30.73,14.27,11-Dec-2019 - 00:00,"Mundka, Delhi - DPCC"
11-Dec-2019 - 00:00,21.31,989.54,634.68,421.67,74.39,72.25,222.58,223.64,0.48,4.45,12.17,83.19,134.05,56.96,140.02,28.38,15.77,12-Dec-2019 - 00:00,"Mundka, Delhi - DPCC"
12-Dec-2019 - 00:00,21.7,988.35,481.81,340.42,75.53,47.55,122.18,250.97,1.44,3.95,10.71,84.67,54.22,45.36,68.28,32.97,12.16,13-Dec-2019 - 00:00,"Mundka, Delhi - DPCC"
13-Dec-2019 - 00:00,20.4,988.99,123.08,100.25,88.25,39.54,67.11,188.59,1.67,1.92,3.9,54.15,16.95,28.61,29.05,17.06,11.46,14-Dec-2019 - 00:00,"Mundka, Delhi - DPCC"
14-Dec-2019 - 00:00,18.2,995.42,156.5,102.62,82.29,68.71,82.81,121.52,0.98,1.24,5.77,41.47,30.13,29.78,40.39,18.24,11.55,15-Dec-2019 - 00:00,"Mundka, Delhi - DPCC"
15-Dec-2019 - 00:00,17.06,995.16,158.0,109.37,76.83,94.72,60.93,93.13,1.52,1.05,3.82,42.03,23.1,25.6,32.4,15.92,11.49,16-Dec-2019 - 00:00,"Mundka, Delhi - DPCC"
16-Dec-2019 - 00:00,15.42,995.73,137.29,,79.95,25.68,48.75,105.71,2.2,0.97,2.67,38.9,13.59,23.38,23.53,16.91,12.39,17-Dec-2019 - 00:00,"Mundka, Delhi - DPCC"
17-Dec-2019 - 00:00,15.11,996.82,172.85,151.33,77.4,31.69,47.95,103.21,1.71,1.02,2.76,52.53,20.19,24.99,29.77,19.67,12.05,18-Dec-2019 - 00:00,"Mundka, Delhi - DPCC"
18-Dec-2019 - 00:00,15.69,995.45,276.72,181.89,74.95,97.54,58.77,95.26,1.25,1.28,3.65,66.75,25.98,28.24,36.17,27.09,12.45,19-Dec-2019 - 00:00,"Mundka, Delhi - DPCC"
19-Dec-2019 - 00:00,14.81,994.03,466.83,328.75,80.85,69.06,89.34,147.37,0.72,2.22,7.79,81.95,62.18,35.76,69.67,23.69,13.84,20-Dec-2019 - 00:00,"Mundka, Delhi - DPCC"
20-Dec-2019 - 00:00,15.27,991.82,430.02,317.21,82.38,55.95,86.01,90.42,0.85,1.89,6.99,86.76,27.75,34.24,40.82,10.26,13.22,21-Dec-2019 - 00:00,"Mundka, Delhi - DPCC"
21-Dec-2019 - 00:00,16.1,992.75,348.02,255.0,80.72,62.69,82.11,106.49,1.43,1.55,6.02,102.68,20.61,27.76,31.55,8.38,11.06,22-Dec-2019 - 00:00,"Mundka, Delhi - DPCC"
22-Dec-2019 - 00:00,14.82,994.01,194.38,154.9,83.14,40.77,64.85,109.26,1.72,1.25,4.63,82.74,15.57,23.52,25.19,13.06,12.07,23-Dec-2019 - 00:00,"Mundka, Delhi - DPCC"
23-Dec-2019 - 00:00,13.99,993.21,271.1,191.19,81.33,43.62,57.9,118.85,1.36,1.45,4.23,65.38,24.56,24.32,32.97,14.79,10.89,24-Dec-2019 - 00:00,"Mundka, Delhi - DPCC"
24-Dec-2019 - 00:00,14.57,994.79,454.52,313.5,78.91,70.73,119.79,154.83,0.9,1.91,8.58,81.77,46.41,32.86,55.32,14.35,11.38,25-Dec-2019 - 00:00,"Mundka, Delhi - DPCC"
25-Dec-2019 - 00:00,13.4,994.02,276.75,179.35,81.55,58.75,82.17,110.96,1.96,1.14,4.39,63.53,19.23,23.89,28.38,12.99,11.55,26-Dec-2019 - 00:00,"Mundka, Delhi - DPCC"
26-Dec-2019 - 00:00,13.39,993.41,366.77,243.85,78.21,70.42,64.74,92.06,1.31,1.32,4.02,69.31,19.26,25.63,29.31,14.92,13.01,27-Dec-2019 - 00:00,"Mundka, Delhi - DPCC"
27-Dec-2019 - 00:00,13.4,994.24,402.43,266.87,76.6,77.16,78.13,111.58,0.87,1.41,4.59,67.2,29.59,27.95,38.99,15.32,12.95,28-Dec-2019 - 00:00,"Mundka, Delhi - DPCC"
28-Dec-2019 - 00:00,11.91,994.93,406.19,274.5,81.76,65.34,94.74,100.03,0.85,1.92,7.02,67.58,68.67,29.15,71.49,14.72,13.75,29-Dec-2019 - 00:00,"Mundka, Delhi - DPCC"
29-Dec-2019 - 00:00,8.83,995.29,482.17,323.71,77.51,76.56,90.49,130.1,0.94,1.74,6.28,70.72,22.16,35.62,37.0,23.59,12.23,30-Dec-2019 - 00:00,"Mundka, Delhi - DPCC"
30-Dec-2019 - 00:00,7.9,994.5,506.46,367.92,85.07,18.32,80.3,170.25,0.91,2.48,9.16,74.68,56.5,38.14,66.32,9.52,12.89,31-Dec-2019 - 00:00,"Mundka, Delhi - DPCC"
31-Dec-2019 - 00:00,7.8,994.8,367.0,261.0,80.15,5.5,52.45,325.75,1.75,1.75,7.0,64.55,34.85,33.05,46.0,7.4,9.5,01-Jan-2020 - 00:00,"Mundka, Delhi - DPCC"
