from date,NO2,NOx,NO,NH3,SO2,CO,Ozone,PM2.5,PM10,Benzene,Toluene,Eth-Benzene,MP-Xylene,RH,WS,WD,SR,RF,to date,station
01-Jan-2019 - 00:00,,,,,,,,,,,,,,,,,,,02-Jan-2019 - 00:00,"Sector-7, Kurukshetra - HSPCB"
02-Jan-2019 - 00:00,,,,,,,,,,,,,,,,,,,03-Jan-2019 - 00:00,"Sector-7, Kurukshetra - HSPCB"
03-Jan-2019 - 00:00,,,,,,,,,,,,,,,,,,,04-Jan-2019 - 00:00,"Sector-7, Kurukshetra - HSPCB"
04-Jan-2019 - 00:00,,,,,,,,,,,,,,,,,,,05-Jan-2019 - 00:00,"Sector-7, Kurukshetra - HSPCB"
05-Jan-2019 - 00:00,,,,,,,,,,,,,,,,,,,06-Jan-2019 - 00:00,"Sector-7, Kurukshetra - HSPCB"
06-Jan-2019 - 00:00,,,,,,,,,,,,,,,,,,,07-Jan-2019 - 00:00,"Sector-7, Kurukshetra - HSPCB"
07-Jan-2019 - 00:00,36.12,19.43,1.68,0.0,21.89,0.83,33.47,90.65,158.32,2.14,,6.36,3.3,80.5,1.62,286.17,,0.0,08-Jan-2019 - 00:00,"Sector-7, Kurukshetra - HSPCB"
08-Jan-2019 - 00:00,34.12,19.16,2.67,0.0,31.76,0.69,46.44,83.59,136.54,2.0,,10.38,4.96,79.41,2.01,275.16,224.5,0.0,09-Jan-2019 - 00:00,"Sector-7, Kurukshetra - HSPCB"
09-Jan-2019 - 00:00,34.9,19.62,2.7,0.0,30.71,0.8,59.44,84.75,155.5,2.14,,9.91,4.86,69.21,2.4,273.7,277.82,0.0,10-Jan-2019 - 00:00,"Sector-7, Kurukshetra - HSPCB"
10-Jan-2019 - 00:00,42.89,43.35,27.12,0.0,28.78,1.05,41.66,113.52,223.79,2.66,,10.01,5.31,75.46,1.38,246.31,232.34,0.0,11-Jan-2019 - 00:00,"Sector-7, Kurukshetra - HSPCB"
11-Jan-2019 - 00:00,54.38,69.49,52.24,0.0,24.05,1.39,35.53,152.9,252.04,3.82,,8.34,4.99,74.54,0.92,183.72,246.75,0.0,12-Jan-2019 - 00:00,"Sector-7, Kurukshetra - HSPCB"
12-Jan-2019 - 00:00,55.79,40.32,14.92,0.0,27.87,1.34,38.94,134.63,227.69,3.84,0.0,11.3,5.7,70.01,0.96,153.88,242.47,0.0,13-Jan-2019 - 00:00,"Sector-7, Kurukshetra - HSPCB"
13-Jan-2019 - 00:00,35.97,19.98,2.49,0.0,18.26,0.85,46.41,104.37,166.89,2.35,0.0,11.39,5.31,73.06,1.75,226.43,208.16,0.0,14-Jan-2019 - 00:00,"Sector-7, Kurukshetra - HSPCB"
14-Jan-2019 - 00:00,24.48,13.36,1.71,0.0,16.52,0.54,41.43,53.3,110.36,1.38,,6.95,3.27,65.57,2.71,283.75,301.49,0.0,15-Jan-2019 - 00:00,"Sector-7, Kurukshetra - HSPCB"
15-Jan-2019 - 00:00,34.52,21.76,5.65,0.0,15.31,0.8,42.96,73.48,137.68,1.89,,6.21,3.16,70.73,1.91,263.04,204.21,0.0,16-Jan-2019 - 00:00,"Sector-7, Kurukshetra - HSPCB"
16-Jan-2019 - 00:00,57.87,58.03,35.82,0.0,16.81,1.33,41.16,133.51,267.84,3.38,0.0,6.3,3.92,90.3,0.88,165.15,236.52,0.0,17-Jan-2019 - 00:00,"Sector-7, Kurukshetra - HSPCB"
17-Jan-2019 - 00:00,48.68,39.69,18.72,0.1,24.08,1.45,48.92,160.96,253.43,4.34,0.0,5.1,3.54,78.08,1.16,251.68,245.57,0.0,18-Jan-2019 - 00:00,"Sector-7, Kurukshetra - HSPCB"
18-Jan-2019 - 00:00,49.26,59.65,43.29,0.0,22.27,1.04,54.53,127.57,202.44,5.45,0.0,11.79,7.35,79.12,1.67,283.85,272.71,0.0,19-Jan-2019 - 00:00,"Sector-7, Kurukshetra - HSPCB"
19-Jan-2019 - 00:00,56.92,73.23,55.24,0.0,22.12,1.0,47.28,112.64,186.16,8.72,0.0,16.87,8.98,71.08,1.32,269.03,251.87,0.0,20-Jan-2019 - 00:00,"Sector-7, Kurukshetra - HSPCB"
20-Jan-2019 - 00:00,63.87,110.45,97.11,0.0,28.04,1.39,25.98,143.98,259.03,,0.0,0.0,0.0,74.75,0.83,137.11,176.9,0.0,21-Jan-2019 - 00:00,"Sector-7, Kurukshetra - HSPCB"
21-Jan-2019 - 00:00,43.01,39.04,21.66,0.0,18.13,1.01,54.68,117.49,234.46,7.87,0.0,16.35,8.31,73.32,1.97,99.16,143.89,0.0,22-Jan-2019 - 00:00,"Sector-7, Kurukshetra - HSPCB"
22-Jan-2019 - 00:00,22.31,17.3,7.96,0.0,9.52,0.52,45.42,19.45,50.89,3.3,0.0,15.9,7.62,92.64,1.79,94.01,82.02,0.0,23-Jan-2019 - 00:00,"Sector-7, Kurukshetra - HSPCB"
23-Jan-2019 - 00:00,30.88,24.96,12.61,0.0,21.38,0.66,34.19,38.86,83.14,5.08,0.0,21.09,10.97,76.04,1.17,297.05,280.89,0.0,24-Jan-2019 - 00:00,"Sector-7, Kurukshetra - HSPCB"
24-Jan-2019 - 00:00,28.2,23.17,11.53,0.0,33.64,0.58,40.68,64.14,126.77,5.74,0.0,27.3,14.29,77.75,1.57,265.35,269.22,0.0,25-Jan-2019 - 00:00,"Sector-7, Kurukshetra - HSPCB"
25-Jan-2019 - 00:00,20.73,12.85,3.75,0.0,26.7,0.45,53.62,50.05,87.04,4.44,0.0,27.28,14.16,76.68,1.52,225.91,158.95,0.0,26-Jan-2019 - 00:00,"Sector-7, Kurukshetra - HSPCB"
26-Jan-2019 - 00:00,19.73,12.06,3.19,0.0,40.55,0.55,44.34,76.48,127.87,5.09,0.0,23.47,12.46,71.48,2.05,296.19,123.37,0.0,27-Jan-2019 - 00:00,"Sector-7, Kurukshetra - HSPCB"
27-Jan-2019 - 00:00,17.49,10.47,2.66,0.0,31.38,0.49,55.2,61.16,103.0,5.37,0.0,26.74,13.58,68.77,2.21,286.52,140.92,0.0,28-Jan-2019 - 00:00,"Sector-7, Kurukshetra - HSPCB"
28-Jan-2019 - 00:00,14.32,8.43,2.33,0.0,26.1,0.45,58.67,52.39,92.51,4.19,0.0,18.45,10.0,63.37,2.19,279.14,128.44,0.0,29-Jan-2019 - 00:00,"Sector-7, Kurukshetra - HSPCB"
29-Jan-2019 - 00:00,13.57,8.08,2.23,0.0,35.33,0.57,61.84,68.88,114.44,5.46,0.0,21.97,11.8,64.26,2.0,281.51,136.94,0.0,30-Jan-2019 - 00:00,"Sector-7, Kurukshetra - HSPCB"
30-Jan-2019 - 00:00,19.91,15.45,7.3,0.0,36.65,0.91,35.13,94.28,157.46,7.93,0.0,19.59,12.08,66.83,1.58,254.88,99.8,0.0,31-Jan-2019 - 00:00,"Sector-7, Kurukshetra - HSPCB"
31-Jan-2019 - 00:00,26.9,20.18,8.64,0.0,21.93,1.0,10.36,135.34,211.98,10.26,0.0,17.22,11.34,71.68,1.38,124.39,68.89,0.0,01-Feb-2019 - 00:00,"Sector-7, Kurukshetra - HSPCB"
01-Feb-2019 - 00:00,21.55,12.14,2.11,0.0,17.27,0.78,7.49,104.82,164.64,7.63,0.0,9.28,7.08,74.71,1.59,192.93,71.92,0.0,02-Feb-2019 - 00:00,"Sector-7, Kurukshetra - HSPCB"
02-Feb-2019 - 00:00,11.88,7.09,2.1,0.0,10.25,0.61,7.48,98.58,132.44,5.66,0.0,8.63,5.95,91.36,1.83,268.71,95.12,0.0,03-Feb-2019 - 00:00,"Sector-7, Kurukshetra - HSPCB"
03-Feb-2019 - 00:00,17.61,23.08,18.31,0.0,8.41,0.89,7.5,78.55,127.29,7.32,0.0,9.1,8.49,92.44,1.29,242.27,96.82,0.0,04-Feb-2019 - 00:00,"Sector-7, Kurukshetra - HSPCB"
04-Feb-2019 - 00:00,25.29,27.33,18.6,0.0,7.42,1.04,7.45,89.0,141.48,8.92,0.0,8.62,9.45,89.43,0.98,240.11,117.33,0.0,05-Feb-2019 - 00:00,"Sector-7, Kurukshetra - HSPCB"
05-Feb-2019 - 00:00,28.52,25.47,14.17,0.0,14.56,1.04,7.5,99.31,161.97,8.05,0.0,10.03,10.31,78.82,0.83,138.86,112.33,0.0,06-Feb-2019 - 00:00,"Sector-7, Kurukshetra - HSPCB"
06-Feb-2019 - 00:00,27.97,17.91,4.68,0.02,14.81,0.99,27.7,127.6,181.54,10.22,20.34,9.09,7.8,78.13,1.71,102.06,105.81,0.08,07-Feb-2019 - 00:00,"Sector-7, Kurukshetra - HSPCB"
07-Feb-2019 - 00:00,14.7,10.31,3.28,0.0,7.13,0.44,39.72,55.74,91.23,4.26,102.44,6.56,4.83,89.12,2.13,141.87,52.31,0.07,08-Feb-2019 - 00:00,"Sector-7, Kurukshetra - HSPCB"
08-Feb-2019 - 00:00,15.27,10.47,3.4,0.17,9.22,0.4,29.88,27.08,87.75,3.41,51.24,5.69,4.02,85.58,2.09,224.09,144.48,0.0,09-Feb-2019 - 00:00,"Sector-7, Kurukshetra - HSPCB"
09-Feb-2019 - 00:00,13.25,9.43,3.12,0.0,13.81,0.44,32.49,41.15,92.7,4.57,47.51,5.23,4.59,72.06,2.39,279.07,146.55,0.0,10-Feb-2019 - 00:00,"Sector-7, Kurukshetra - HSPCB"
10-Feb-2019 - 00:00,16.89,12.13,4.12,0.0,21.47,0.56,21.88,59.6,143.4,5.54,,8.07,6.54,77.32,1.8,271.4,147.76,0.0,11-Feb-2019 - 00:00,"Sector-7, Kurukshetra - HSPCB"
11-Feb-2019 - 00:00,20.29,13.49,3.61,0.0,13.7,0.63,42.54,71.33,136.64,5.96,,8.5,7.47,72.36,1.44,279.13,128.81,0.0,12-Feb-2019 - 00:00,"Sector-7, Kurukshetra - HSPCB"
12-Feb-2019 - 00:00,24.2,15.82,3.96,0.0,24.62,0.74,38.71,83.25,141.48,6.77,95.74,8.71,8.2,74.21,1.13,276.79,136.6,0.0,13-Feb-2019 - 00:00,"Sector-7, Kurukshetra - HSPCB"
13-Feb-2019 - 00:00,38.59,29.08,11.12,0.0,19.45,1.0,39.38,119.22,184.65,8.67,80.88,8.74,8.76,78.89,0.86,171.58,124.92,0.0,14-Feb-2019 - 00:00,"Sector-7, Kurukshetra - HSPCB"
14-Feb-2019 - 00:00,28.43,18.86,5.0,0.0,14.75,0.68,30.69,118.64,172.7,6.84,48.74,7.27,6.06,83.1,2.02,108.27,57.42,0.07,15-Feb-2019 - 00:00,"Sector-7, Kurukshetra - HSPCB"
15-Feb-2019 - 00:00,19.14,13.49,4.35,0.0,11.1,0.58,22.55,61.5,91.37,5.73,0.95,6.24,4.86,82.85,1.5,165.65,139.89,0.0,16-Feb-2019 - 00:00,"Sector-7, Kurukshetra - HSPCB"
16-Feb-2019 - 00:00,14.76,10.17,3.07,0.0,7.41,0.5,28.72,63.84,88.58,5.01,1.27,7.92,6.03,80.15,1.54,285.55,218.46,0.0,17-Feb-2019 - 00:00,"Sector-7, Kurukshetra - HSPCB"
17-Feb-2019 - 00:00,15.79,10.55,2.86,0.0,15.81,0.53,37.8,54.89,85.02,4.98,1.0,7.05,5.59,80.8,2.25,271.12,250.16,0.0,18-Feb-2019 - 00:00,"Sector-7, Kurukshetra - HSPCB"
18-Feb-2019 - 00:00,19.29,13.6,4.39,0.0,13.45,0.46,38.84,58.94,93.19,4.87,1.01,6.55,5.41,53.75,1.64,129.23,179.91,0.02,19-Feb-2019 - 00:00,"Sector-7, Kurukshetra - HSPCB"
19-Feb-2019 - 00:00,21.77,15.93,5.68,0.0,11.52,0.45,53.72,44.53,90.27,4.56,0.85,5.86,5.48,60.25,1.77,122.86,302.16,0.0,20-Feb-2019 - 00:00,"Sector-7, Kurukshetra - HSPCB"
20-Feb-2019 - 00:00,24.24,16.41,4.67,0.0,13.27,0.47,31.21,46.58,93.85,5.15,1.14,7.43,5.94,75.72,1.57,119.33,378.05,0.0,21-Feb-2019 - 00:00,"Sector-7, Kurukshetra - HSPCB"
21-Feb-2019 - 00:00,21.54,19.13,9.82,0.0,10.05,0.45,36.1,30.83,76.09,4.38,1.05,6.94,7.26,71.38,1.37,136.88,167.23,0.01,22-Feb-2019 - 00:00,"Sector-7, Kurukshetra - HSPCB"
22-Feb-2019 - 00:00,15.76,13.5,6.57,0.0,9.14,0.41,48.39,48.75,93.6,4.27,0.83,5.94,5.67,83.49,2.46,284.28,292.31,0.01,23-Feb-2019 - 00:00,"Sector-7, Kurukshetra - HSPCB"
23-Feb-2019 - 00:00,10.27,7.64,2.83,0.0,15.19,0.33,67.23,28.07,66.21,3.7,0.86,6.21,5.37,70.37,2.63,279.56,358.61,0.0,24-Feb-2019 - 00:00,"Sector-7, Kurukshetra - HSPCB"
24-Feb-2019 - 00:00,10.47,7.57,2.62,0.0,19.95,0.37,80.57,38.67,80.12,4.17,1.01,6.66,5.41,66.27,1.87,279.34,309.61,0.0,25-Feb-2019 - 00:00,"Sector-7, Kurukshetra - HSPCB"
25-Feb-2019 - 00:00,18.29,12.3,3.42,0.0,13.32,0.46,65.51,57.05,116.01,5.17,1.28,7.85,7.15,64.45,0.84,219.03,319.41,0.0,26-Feb-2019 - 00:00,"Sector-7, Kurukshetra - HSPCB"
26-Feb-2019 - 00:00,15.24,10.4,3.04,0.0,10.66,0.28,56.05,38.98,91.54,3.68,1.06,6.84,5.35,65.89,1.85,124.95,206.2,0.0,27-Feb-2019 - 00:00,"Sector-7, Kurukshetra - HSPCB"
27-Feb-2019 - 00:00,9.54,7.06,2.58,0.0,6.92,0.13,76.88,20.04,55.38,2.35,1.02,6.4,4.67,76.65,1.83,265.09,325.66,0.07,28-Feb-2019 - 00:00,"Sector-7, Kurukshetra - HSPCB"
28-Feb-2019 - 00:00,14.06,9.77,3.03,0.0,10.21,0.29,58.25,35.53,75.99,3.89,0.88,6.33,5.62,70.5,1.88,274.45,343.58,0.0,01-Mar-2019 - 00:00,"Sector-7, Kurukshetra - HSPCB"
01-Mar-2019 - 00:00,11.97,8.49,2.79,0.0,14.62,0.34,67.32,47.62,92.97,4.22,0.8,6.06,5.58,67.83,1.83,287.43,367.35,0.0,02-Mar-2019 - 00:00,"Sector-7, Kurukshetra - HSPCB"
02-Mar-2019 - 00:00,19.92,13.76,4.24,0.0,13.34,0.64,33.99,76.95,130.54,5.52,0.54,4.13,4.36,85.49,1.3,176.89,101.44,0.08,03-Mar-2019 - 00:00,"Sector-7, Kurukshetra - HSPCB"
03-Mar-2019 - 00:00,15.08,10.77,3.61,0.0,9.91,0.26,44.92,29.81,53.13,3.45,0.91,6.02,5.32,84.93,1.23,202.47,326.7,0.01,04-Mar-2019 - 00:00,"Sector-7, Kurukshetra - HSPCB"
04-Mar-2019 - 00:00,14.15,10.29,3.61,10.72,13.12,0.3,45.26,38.15,69.6,4.21,0.82,5.91,5.71,84.2,1.76,283.06,292.52,0.01,05-Mar-2019 - 00:00,"Sector-7, Kurukshetra - HSPCB"
05-Mar-2019 - 00:00,11.98,9.67,3.82,20.47,11.83,0.26,59.96,34.76,62.92,5.31,19.26,6.72,6.33,77.96,1.96,277.35,377.6,0.0,06-Mar-2019 - 00:00,"Sector-7, Kurukshetra - HSPCB"
06-Mar-2019 - 00:00,14.28,11.78,4.23,20.5,15.3,0.29,72.96,40.6,84.99,4.04,75.31,4.81,4.9,62.95,2.31,273.13,308.83,0.0,07-Mar-2019 - 00:00,"Sector-7, Kurukshetra - HSPCB"
07-Mar-2019 - 00:00,16.74,13.39,4.35,23.96,12.32,0.4,74.33,41.96,87.31,4.15,86.99,5.14,5.22,63.99,1.82,290.74,321.45,0.0,08-Mar-2019 - 00:00,"Sector-7, Kurukshetra - HSPCB"
08-Mar-2019 - 00:00,17.21,13.64,4.36,22.36,16.65,0.47,60.27,48.9,96.93,4.72,100.43,5.92,5.32,65.31,1.72,285.24,268.35,0.0,09-Mar-2019 - 00:00,"Sector-7, Kurukshetra - HSPCB"
09-Mar-2019 - 00:00,15.43,12.82,4.22,20.49,9.63,0.48,66.47,50.56,103.52,4.21,82.47,5.8,5.03,65.01,2.1,293.75,335.24,0.0,10-Mar-2019 - 00:00,"Sector-7, Kurukshetra - HSPCB"
10-Mar-2019 - 00:00,18.16,14.24,4.49,19.82,20.11,0.48,73.81,47.85,109.58,4.65,83.73,5.04,4.75,61.4,1.53,249.42,278.5,0.0,11-Mar-2019 - 00:00,"Sector-7, Kurukshetra - HSPCB"
11-Mar-2019 - 00:00,24.41,18.19,5.36,20.96,13.58,0.52,44.83,53.92,111.63,4.88,81.52,4.96,4.81,75.77,1.73,116.69,129.34,0.06,12-Mar-2019 - 00:00,"Sector-7, Kurukshetra - HSPCB"
12-Mar-2019 - 00:00,18.98,14.59,4.39,21.58,11.56,0.36,64.63,29.98,85.65,3.29,86.41,4.78,4.41,60.5,1.8,223.74,389.1,0.0,13-Mar-2019 - 00:00,"Sector-7, Kurukshetra - HSPCB"
13-Mar-2019 - 00:00,25.32,19.42,6.28,22.47,19.22,0.61,42.88,55.33,170.61,6.47,86.52,6.26,7.02,70.15,1.16,249.2,148.95,0.0,14-Mar-2019 - 00:00,"Sector-7, Kurukshetra - HSPCB"
14-Mar-2019 - 00:00,24.52,19.39,6.78,21.39,10.88,0.48,34.2,36.75,101.89,5.34,79.34,5.74,6.46,81.61,1.6,269.96,219.98,0.02,15-Mar-2019 - 00:00,"Sector-7, Kurukshetra - HSPCB"
15-Mar-2019 - 00:00,19.32,15.03,4.72,22.07,14.44,0.41,60.46,34.0,77.76,4.04,80.39,5.18,5.47,71.49,1.81,297.61,347.17,0.0,16-Mar-2019 - 00:00,"Sector-7, Kurukshetra - HSPCB"
16-Mar-2019 - 00:00,15.92,12.65,3.96,21.56,12.4,0.45,68.93,31.69,86.58,3.94,80.45,4.88,4.85,70.3,2.12,279.53,334.59,0.0,17-Mar-2019 - 00:00,"Sector-7, Kurukshetra - HSPCB"
17-Mar-2019 - 00:00,15.66,12.5,3.95,20.93,14.59,0.42,83.75,33.82,91.37,3.78,87.73,4.83,4.49,,1.8,271.89,111.61,0.0,18-Mar-2019 - 00:00,"Sector-7, Kurukshetra - HSPCB"
18-Mar-2019 - 00:00,20.76,14.86,3.46,30.51,9.04,0.49,64.25,41.39,114.85,4.44,80.39,4.63,4.91,53.24,1.69,274.08,351.93,0.0,19-Mar-2019 - 00:00,"Sector-7, Kurukshetra - HSPCB"
19-Mar-2019 - 00:00,23.74,16.82,4.07,46.34,12.64,0.54,48.65,37.73,115.63,4.64,78.95,4.81,5.28,61.46,1.67,253.64,328.84,0.0,20-Mar-2019 - 00:00,"Sector-7, Kurukshetra - HSPCB"
20-Mar-2019 - 00:00,28.51,18.51,3.07,49.08,16.96,0.59,39.11,47.24,139.77,6.53,83.1,4.76,5.07,55.47,1.56,143.53,248.54,0.0,21-Mar-2019 - 00:00,"Sector-7, Kurukshetra - HSPCB"
21-Mar-2019 - 00:00,20.63,14.12,2.73,50.04,8.4,0.33,42.7,30.49,91.59,3.41,95.48,4.85,4.37,49.39,1.59,233.47,321.75,0.0,22-Mar-2019 - 00:00,"Sector-7, Kurukshetra - HSPCB"
22-Mar-2019 - 00:00,15.65,11.37,2.54,39.31,9.22,0.29,58.11,22.67,88.68,2.92,63.75,3.74,3.59,49.01,2.9,294.83,346.12,0.0,23-Mar-2019 - 00:00,"Sector-7, Kurukshetra - HSPCB"
23-Mar-2019 - 00:00,17.43,12.28,2.52,38.64,16.75,0.4,60.73,30.73,99.84,4.02,62.06,4.3,4.42,44.79,2.91,290.58,402.59,0.0,24-Mar-2019 - 00:00,"Sector-7, Kurukshetra - HSPCB"
24-Mar-2019 - 00:00,16.12,11.7,2.65,35.82,11.25,0.35,45.03,29.97,92.71,3.68,66.44,3.79,3.42,58.9,2.81,297.9,350.82,0.0,25-Mar-2019 - 00:00,"Sector-7, Kurukshetra - HSPCB"
25-Mar-2019 - 00:00,22.31,15.52,3.39,40.73,16.19,0.59,24.84,46.69,110.57,6.11,68.29,4.6,5.31,80.81,1.83,297.12,109.54,0.0,26-Mar-2019 - 00:00,"Sector-7, Kurukshetra - HSPCB"
26-Mar-2019 - 00:00,20.14,14.19,3.13,37.38,13.94,0.49,48.91,43.09,110.84,4.99,68.18,4.8,5.55,64.49,2.34,279.82,349.32,0.0,27-Mar-2019 - 00:00,"Sector-7, Kurukshetra - HSPCB"
27-Mar-2019 - 00:00,19.53,13.65,2.86,38.59,19.57,0.53,56.39,45.67,125.07,5.25,65.7,5.46,6.28,59.58,2.0,284.18,297.08,0.0,28-Mar-2019 - 00:00,"Sector-7, Kurukshetra - HSPCB"
28-Mar-2019 - 00:00,22.33,15.28,3.08,51.81,15.05,0.52,59.13,44.99,123.16,5.13,61.97,4.8,5.69,55.39,1.83,284.63,352.61,0.0,29-Mar-2019 - 00:00,"Sector-7, Kurukshetra - HSPCB"
29-Mar-2019 - 00:00,26.64,19.28,5.21,68.6,14.19,0.61,57.23,44.18,129.78,6.19,76.54,6.31,7.45,63.06,1.3,257.21,340.16,0.0,30-Mar-2019 - 00:00,"Sector-7, Kurukshetra - HSPCB"
30-Mar-2019 - 00:00,25.62,17.28,3.42,72.64,19.89,0.59,52.96,57.4,152.11,5.65,61.38,4.23,4.74,63.35,1.55,264.03,336.67,0.0,31-Mar-2019 - 00:00,"Sector-7, Kurukshetra - HSPCB"
31-Mar-2019 - 00:00,20.91,14.35,2.84,61.99,14.01,0.38,61.2,40.41,126.75,3.85,58.98,3.41,3.32,48.26,2.65,295.1,371.12,0.0,01-Apr-2019 - 00:00,"Sector-7, Kurukshetra - HSPCB"
01-Apr-2019 - 00:00,21.15,14.35,2.68,51.08,16.17,0.42,67.38,35.08,122.37,4.54,51.48,3.21,3.67,46.75,2.57,282.62,377.46,0.0,02-Apr-2019 - 00:00,"Sector-7, Kurukshetra - HSPCB"
02-Apr-2019 - 00:00,26.05,16.93,2.71,49.47,23.86,0.56,69.43,52.29,143.37,7.04,62.7,9.04,9.75,50.25,1.59,182.61,350.4,0.0,03-Apr-2019 - 00:00,"Sector-7, Kurukshetra - HSPCB"
03-Apr-2019 - 00:00,24.82,16.55,3.03,45.88,22.74,0.54,66.02,46.65,129.56,5.88,57.2,3.91,4.62,45.01,2.05,287.7,402.61,0.0,04-Apr-2019 - 00:00,"Sector-7, Kurukshetra - HSPCB"
04-Apr-2019 - 00:00,35.53,24.56,6.04,40.71,26.46,0.68,68.87,60.08,161.29,7.43,67.8,4.43,5.14,50.6,1.61,235.18,394.32,0.0,05-Apr-2019 - 00:00,"Sector-7, Kurukshetra - HSPCB"
05-Apr-2019 - 00:00,28.28,19.45,4.39,37.5,22.78,0.75,65.93,70.16,176.9,7.79,63.5,4.14,4.64,57.02,1.61,231.03,364.0,0.0,06-Apr-2019 - 00:00,"Sector-7, Kurukshetra - HSPCB"
06-Apr-2019 - 00:00,30.52,20.57,4.33,30.38,21.92,0.79,61.16,71.3,192.67,7.66,77.29,4.53,5.44,54.57,1.51,158.77,368.37,0.0,07-Apr-2019 - 00:00,"Sector-7, Kurukshetra - HSPCB"
07-Apr-2019 - 00:00,27.52,18.77,4.03,27.2,15.01,0.64,45.5,74.95,191.24,6.84,79.05,4.4,4.75,63.44,1.73,139.08,369.07,0.0,08-Apr-2019 - 00:00,"Sector-7, Kurukshetra - HSPCB"
08-Apr-2019 - 00:00,31.82,24.04,7.81,61.94,17.96,0.57,32.41,77.69,229.69,6.31,63.97,4.65,5.94,59.17,1.99,106.61,302.57,0.0,09-Apr-2019 - 00:00,"Sector-7, Kurukshetra - HSPCB"
09-Apr-2019 - 00:00,33.62,24.99,7.83,84.04,18.27,0.5,51.22,44.82,127.25,5.7,69.77,4.04,5.18,51.4,1.38,213.47,443.53,0.0,10-Apr-2019 - 00:00,"Sector-7, Kurukshetra - HSPCB"
10-Apr-2019 - 00:00,24.65,16.44,3.07,123.78,14.8,0.41,65.34,38.64,137.39,3.89,61.65,3.6,4.12,48.36,2.29,268.71,379.63,0.0,11-Apr-2019 - 00:00,"Sector-7, Kurukshetra - HSPCB"
11-Apr-2019 - 00:00,31.05,20.48,3.86,135.59,17.17,0.45,58.03,48.5,146.83,4.81,61.31,3.51,3.8,44.34,2.08,230.03,432.81,0.0,12-Apr-2019 - 00:00,"Sector-7, Kurukshetra - HSPCB"
12-Apr-2019 - 00:00,28.88,18.95,3.39,136.31,13.43,0.34,65.41,42.59,202.75,3.77,74.1,4.29,4.27,43.85,2.56,273.05,396.72,0.0,13-Apr-2019 - 00:00,"Sector-7, Kurukshetra - HSPCB"
13-Apr-2019 - 00:00,22.71,15.65,3.29,79.58,15.66,0.35,47.19,36.21,139.94,3.34,57.41,3.23,3.73,36.13,3.18,308.37,291.77,0.0,14-Apr-2019 - 00:00,"Sector-7, Kurukshetra - HSPCB"
14-Apr-2019 - 00:00,22.18,15.37,3.29,78.77,11.36,0.28,44.3,32.83,121.71,2.84,52.36,2.95,3.29,43.33,3.46,316.76,300.47,0.0,15-Apr-2019 - 00:00,"Sector-7, Kurukshetra - HSPCB"
15-Apr-2019 - 00:00,29.75,18.84,3.34,85.24,10.65,0.45,52.74,22.17,104.3,2.95,38.24,2.59,3.15,26.01,2.98,309.13,536.56,0.0,16-Apr-2019 - 00:00,"Sector-7, Kurukshetra - HSPCB"
16-Apr-2019 - 00:00,20.18,14.48,3.53,62.74,28.41,0.36,51.94,48.73,169.35,3.25,46.38,2.6,2.55,54.79,3.45,173.43,230.02,0.0,17-Apr-2019 - 00:00,"Sector-7, Kurukshetra - HSPCB"
17-Apr-2019 - 00:00,20.26,14.28,3.16,57.03,28.38,0.31,45.78,20.47,62.79,2.57,44.84,2.42,2.41,72.26,2.59,129.84,259.5,0.06,18-Apr-2019 - 00:00,"Sector-7, Kurukshetra - HSPCB"
18-Apr-2019 - 00:00,21.57,15.26,3.26,52.82,31.33,0.36,47.23,18.69,47.88,2.65,26.99,1.43,1.65,47.67,1.69,206.41,506.32,0.0,19-Apr-2019 - 00:00,"Sector-7, Kurukshetra - HSPCB"
19-Apr-2019 - 00:00,22.64,14.91,2.4,58.44,35.96,0.34,59.07,25.41,68.62,2.91,53.76,2.9,3.45,48.3,1.76,307.41,516.16,0.0,20-Apr-2019 - 00:00,"Sector-7, Kurukshetra - HSPCB"
20-Apr-2019 - 00:00,27.53,18.72,4.01,52.14,51.47,0.48,63.22,37.41,96.5,3.73,52.19,2.91,3.74,40.57,1.46,245.55,493.27,0.0,21-Apr-2019 - 00:00,"Sector-7, Kurukshetra - HSPCB"
21-Apr-2019 - 00:00,42.03,29.45,7.9,62.62,52.05,0.55,57.23,43.86,135.22,5.0,63.93,4.0,5.58,38.66,1.58,241.81,473.52,0.0,22-Apr-2019 - 00:00,"Sector-7, Kurukshetra - HSPCB"
22-Apr-2019 - 00:00,35.0,23.1,4.51,51.73,58.97,0.44,65.18,32.45,111.31,3.54,65.82,3.15,3.78,36.17,1.72,202.33,490.77,0.0,23-Apr-2019 - 00:00,"Sector-7, Kurukshetra - HSPCB"
23-Apr-2019 - 00:00,33.41,21.07,3.07,55.13,21.95,0.61,75.15,57.84,181.71,6.06,62.08,3.51,4.21,39.51,1.78,132.29,452.15,0.0,24-Apr-2019 - 00:00,"Sector-7, Kurukshetra - HSPCB"
24-Apr-2019 - 00:00,29.89,19.19,3.04,55.58,26.32,0.61,98.49,61.98,224.87,6.23,58.57,3.02,3.75,43.89,2.09,121.85,365.34,0.0,25-Apr-2019 - 00:00,"Sector-7, Kurukshetra - HSPCB"
25-Apr-2019 - 00:00,29.75,19.22,3.15,49.78,18.77,0.57,93.67,53.27,185.63,5.08,60.71,3.0,3.54,49.29,1.78,113.36,336.94,0.01,26-Apr-2019 - 00:00,"Sector-7, Kurukshetra - HSPCB"
26-Apr-2019 - 00:00,27.86,19.0,4.12,41.31,13.3,0.37,84.19,40.84,145.29,4.89,62.49,6.77,8.21,38.26,2.12,284.46,486.35,0.0,27-Apr-2019 - 00:00,"Sector-7, Kurukshetra - HSPCB"
27-Apr-2019 - 00:00,24.4,16.29,2.98,36.67,9.56,0.26,94.22,41.55,200.84,2.6,51.81,2.69,3.43,26.56,3.67,310.34,508.44,0.0,28-Apr-2019 - 00:00,"Sector-7, Kurukshetra - HSPCB"
28-Apr-2019 - 00:00,24.87,16.4,2.81,29.09,12.69,0.28,86.92,51.71,236.34,2.88,50.06,2.61,3.42,20.49,3.66,308.73,529.72,0.0,29-Apr-2019 - 00:00,"Sector-7, Kurukshetra - HSPCB"
29-Apr-2019 - 00:00,31.43,19.98,3.03,31.76,12.31,0.32,95.47,48.69,202.72,3.22,51.86,2.7,3.92,17.26,2.64,290.57,527.74,0.0,30-Apr-2019 - 00:00,"Sector-7, Kurukshetra - HSPCB"
30-Apr-2019 - 00:00,32.63,20.7,3.16,38.12,24.77,0.39,74.69,50.07,189.33,4.6,72.41,3.45,4.46,18.35,2.24,106.42,447.66,0.0,01-May-2019 - 00:00,"Sector-7, Kurukshetra - HSPCB"
01-May-2019 - 00:00,20.75,14.28,2.91,36.87,11.03,0.35,64.11,38.61,144.06,3.2,78.62,2.87,3.18,25.76,2.68,78.63,411.48,0.0,02-May-2019 - 00:00,"Sector-7, Kurukshetra - HSPCB"
02-May-2019 - 00:00,16.45,11.83,2.62,33.24,11.78,0.3,60.73,31.28,124.48,2.66,63.95,2.34,2.36,38.09,3.88,89.07,392.29,0.07,03-May-2019 - 00:00,"Sector-7, Kurukshetra - HSPCB"
03-May-2019 - 00:00,23.66,16.46,3.68,38.69,12.95,0.34,55.69,23.9,74.79,2.93,71.73,2.82,3.49,33.84,1.56,189.29,483.45,0.0,04-May-2019 - 00:00,"Sector-7, Kurukshetra - HSPCB"
04-May-2019 - 00:00,22.54,15.19,2.82,36.37,18.26,0.31,59.32,30.47,132.71,3.12,56.53,2.83,3.95,20.63,2.69,299.04,528.5,0.0,05-May-2019 - 00:00,"Sector-7, Kurukshetra - HSPCB"
05-May-2019 - 00:00,29.73,20.86,5.2,32.21,17.24,0.48,51.8,40.08,157.29,4.37,55.17,3.25,5.0,19.92,2.63,295.72,504.51,0.0,06-May-2019 - 00:00,"Sector-7, Kurukshetra - HSPCB"
06-May-2019 - 00:00,39.51,24.44,3.31,50.11,18.42,0.54,51.84,43.99,162.81,5.82,61.14,3.68,5.98,19.25,2.25,301.71,526.61,0.0,07-May-2019 - 00:00,"Sector-7, Kurukshetra - HSPCB"
07-May-2019 - 00:00,35.3,22.03,3.03,44.68,19.83,0.6,49.71,47.56,150.11,6.47,61.88,5.8,8.37,15.28,1.84,242.25,519.62,0.0,08-May-2019 - 00:00,"Sector-7, Kurukshetra - HSPCB"
08-May-2019 - 00:00,43.98,28.75,5.83,53.19,22.26,0.76,50.11,64.72,195.81,6.38,61.16,4.38,7.29,17.87,1.95,281.53,483.99,0.0,09-May-2019 - 00:00,"Sector-7, Kurukshetra - HSPCB"
09-May-2019 - 00:00,33.06,20.69,2.82,43.89,23.21,0.81,60.94,72.63,222.18,5.98,48.56,3.45,5.91,17.49,2.79,288.32,514.26,0.0,10-May-2019 - 00:00,"Sector-7, Kurukshetra - HSPCB"
10-May-2019 - 00:00,22.67,15.17,2.76,41.72,13.65,0.54,61.48,78.85,319.38,3.78,44.86,2.48,3.83,23.34,3.25,252.08,437.08,0.0,11-May-2019 - 00:00,"Sector-7, Kurukshetra - HSPCB"
11-May-2019 - 00:00,25.73,16.84,2.77,42.5,16.47,0.62,62.56,49.28,142.7,4.0,51.61,2.78,3.98,31.49,2.13,272.61,462.74,0.0,12-May-2019 - 00:00,"Sector-7, Kurukshetra - HSPCB"
12-May-2019 - 00:00,28.94,18.49,2.84,40.38,21.95,0.8,53.82,89.19,231.15,5.38,51.95,3.07,4.36,30.85,2.21,249.04,578.78,0.0,13-May-2019 - 00:00,"Sector-7, Kurukshetra - HSPCB"
13-May-2019 - 00:00,24.48,16.13,2.72,33.22,21.69,0.49,61.51,41.51,140.21,3.75,54.5,2.35,3.2,35.55,1.84,154.33,355.21,0.23,14-May-2019 - 00:00,"Sector-7, Kurukshetra - HSPCB"
14-May-2019 - 00:00,36.93,23.48,3.98,58.76,8.91,0.6,57.29,35.55,74.81,3.74,41.62,2.55,4.35,57.17,1.24,185.82,427.61,0.01,15-May-2019 - 00:00,"Sector-7, Kurukshetra - HSPCB"
15-May-2019 - 00:00,32.33,20.65,3.25,34.01,20.51,0.64,39.97,48.44,142.31,5.13,49.69,2.75,5.18,51.91,2.43,135.91,336.49,0.0,16-May-2019 - 00:00,"Sector-7, Kurukshetra - HSPCB"
16-May-2019 - 00:00,33.76,23.68,5.01,38.72,13.19,0.74,42.17,75.89,210.26,5.02,49.31,2.89,5.41,54.9,1.85,184.95,387.48,0.0,17-May-2019 - 00:00,"Sector-7, Kurukshetra - HSPCB"
17-May-2019 - 00:00,26.92,17.26,3.14,35.37,21.01,0.71,45.0,83.75,267.57,5.97,47.7,2.8,4.8,57.22,2.08,199.42,332.73,0.0,18-May-2019 - 00:00,"Sector-7, Kurukshetra - HSPCB"
18-May-2019 - 00:00,18.09,12.31,2.72,27.07,14.67,0.46,57.3,39.77,109.85,3.28,42.2,2.16,3.47,52.0,2.22,266.49,457.69,0.0,19-May-2019 - 00:00,"Sector-7, Kurukshetra - HSPCB"
19-May-2019 - 00:00,23.01,14.87,2.7,24.07,18.5,0.61,57.81,58.26,150.99,4.29,43.41,2.52,4.5,38.49,2.6,303.67,483.75,0.0,20-May-2019 - 00:00,"Sector-7, Kurukshetra - HSPCB"
20-May-2019 - 00:00,24.28,15.59,2.78,25.03,14.34,0.62,59.73,60.32,195.73,4.53,43.15,2.56,4.93,31.99,2.66,303.86,409.97,0.0,21-May-2019 - 00:00,"Sector-7, Kurukshetra - HSPCB"
21-May-2019 - 00:00,25.08,15.9,2.65,30.03,17.6,0.62,53.06,57.89,158.69,4.67,43.44,2.91,5.78,27.97,2.18,308.08,513.31,0.0,22-May-2019 - 00:00,"Sector-7, Kurukshetra - HSPCB"
22-May-2019 - 00:00,29.2,18.59,3.36,38.52,20.88,0.65,56.16,62.95,183.94,5.11,48.21,2.83,5.95,20.27,1.9,228.55,494.88,0.0,23-May-2019 - 00:00,"Sector-7, Kurukshetra - HSPCB"
23-May-2019 - 00:00,21.02,13.83,2.72,33.37,18.08,0.56,46.66,61.88,232.96,4.45,39.96,2.31,4.39,35.0,2.79,307.11,378.58,0.0,24-May-2019 - 00:00,"Sector-7, Kurukshetra - HSPCB"
24-May-2019 - 00:00,16.62,11.53,2.75,33.23,16.17,0.31,41.66,27.13,77.97,2.44,41.7,1.86,3.27,56.2,2.65,225.67,377.6,0.02,25-May-2019 - 00:00,"Sector-7, Kurukshetra - HSPCB"
25-May-2019 - 00:00,16.4,11.43,2.71,29.98,9.75,0.36,62.58,26.67,113.75,2.6,32.78,1.87,3.46,45.94,3.2,305.42,498.8,0.0,26-May-2019 - 00:00,"Sector-7, Kurukshetra - HSPCB"
26-May-2019 - 00:00,19.65,13.06,2.64,37.68,14.03,0.43,76.33,37.65,111.32,5.59,47.6,31.98,30.89,35.47,2.42,308.57,482.21,0.0,27-May-2019 - 00:00,"Sector-7, Kurukshetra - HSPCB"
27-May-2019 - 00:00,20.04,13.29,2.67,34.05,13.31,0.36,70.93,33.55,117.27,3.86,34.54,6.25,9.07,23.04,2.83,297.22,527.16,0.0,28-May-2019 - 00:00,"Sector-7, Kurukshetra - HSPCB"
28-May-2019 - 00:00,19.86,13.21,2.7,31.74,16.71,0.34,75.19,31.43,111.36,3.55,32.77,3.18,5.92,15.63,2.89,301.96,481.27,0.0,29-May-2019 - 00:00,"Sector-7, Kurukshetra - HSPCB"
29-May-2019 - 00:00,23.5,15.13,2.72,33.21,18.49,0.46,68.75,38.38,142.86,4.38,34.34,3.21,7.46,17.98,2.46,308.92,514.75,0.0,30-May-2019 - 00:00,"Sector-7, Kurukshetra - HSPCB"
30-May-2019 - 00:00,30.27,18.95,3.03,38.25,22.83,0.55,69.66,51.33,166.22,5.13,44.19,3.24,8.06,14.1,1.9,263.46,521.67,0.0,31-May-2019 - 00:00,"Sector-7, Kurukshetra - HSPCB"
31-May-2019 - 00:00,34.3,22.05,4.31,37.75,20.97,0.6,66.99,51.05,178.01,5.38,50.7,3.43,8.62,18.97,1.91,239.01,458.75,0.0,01-Jun-2019 - 00:00,"Sector-7, Kurukshetra - HSPCB"
01-Jun-2019 - 00:00,25.18,16.08,2.81,38.59,12.13,0.65,52.39,54.44,215.53,7.14,50.37,8.38,13.1,48.78,2.18,111.87,458.1,0.0,02-Jun-2019 - 00:00,"Sector-7, Kurukshetra - HSPCB"
02-Jun-2019 - 00:00,15.51,10.79,2.51,27.52,4.82,0.56,59.21,56.55,184.72,4.53,53.76,2.94,4.75,53.68,2.1,111.64,447.42,0.0,03-Jun-2019 - 00:00,"Sector-7, Kurukshetra - HSPCB"
03-Jun-2019 - 00:00,15.81,11.03,2.62,23.47,5.05,0.48,59.63,46.0,206.27,4.4,43.98,2.2,3.61,53.8,2.66,118.96,467.31,0.0,04-Jun-2019 - 00:00,"Sector-7, Kurukshetra - HSPCB"
04-Jun-2019 - 00:00,17.84,12.06,2.58,18.69,4.07,0.44,66.26,39.01,136.48,3.2,43.54,2.6,4.07,47.41,2.31,130.71,416.52,0.0,05-Jun-2019 - 00:00,"Sector-7, Kurukshetra - HSPCB"
05-Jun-2019 - 00:00,27.85,19.04,4.76,24.08,7.14,0.71,57.65,65.09,171.76,7.24,51.3,3.49,8.81,43.85,1.43,134.84,427.74,0.0,06-Jun-2019 - 00:00,"Sector-7, Kurukshetra - HSPCB"
06-Jun-2019 - 00:00,21.6,14.21,2.8,24.71,7.47,0.55,49.82,58.22,186.01,5.58,45.71,2.8,6.43,47.74,2.23,118.4,330.24,0.07,07-Jun-2019 - 00:00,"Sector-7, Kurukshetra - HSPCB"
07-Jun-2019 - 00:00,41.21,25.87,4.6,26.06,4.64,0.45,56.43,40.85,96.67,4.25,39.94,2.59,6.7,48.41,1.72,148.79,508.92,0.0,08-Jun-2019 - 00:00,"Sector-7, Kurukshetra - HSPCB"
08-Jun-2019 - 00:00,28.84,18.6,3.57,17.63,5.98,0.48,72.35,51.39,147.83,5.1,46.03,2.78,6.97,37.51,1.82,208.42,506.33,0.0,09-Jun-2019 - 00:00,"Sector-7, Kurukshetra - HSPCB"
09-Jun-2019 - 00:00,25.44,16.1,2.66,15.32,6.58,0.4,70.12,38.21,131.38,4.68,45.22,2.78,6.26,28.1,2.03,201.53,507.37,0.0,10-Jun-2019 - 00:00,"Sector-7, Kurukshetra - HSPCB"
10-Jun-2019 - 00:00,35.36,21.68,3.16,19.37,8.46,0.52,65.97,45.32,151.93,5.1,44.16,2.94,8.91,22.34,1.66,247.04,505.7,0.0,11-Jun-2019 - 00:00,"Sector-7, Kurukshetra - HSPCB"
11-Jun-2019 - 00:00,22.53,13.94,1.87,22.3,20.58,0.5,61.79,53.29,197.25,5.75,48.1,2.86,7.3,26.69,2.02,161.57,479.33,0.0,12-Jun-2019 - 00:00,"Sector-7, Kurukshetra - HSPCB"
12-Jun-2019 - 00:00,12.55,8.6,1.7,18.85,5.57,0.26,61.81,27.93,155.28,2.02,35.51,1.99,3.49,39.47,3.06,129.48,445.01,0.04,13-Jun-2019 - 00:00,"Sector-7, Kurukshetra - HSPCB"
13-Jun-2019 - 00:00,19.67,12.43,1.84,19.58,14.03,0.38,61.38,41.68,165.65,3.2,46.83,2.11,4.49,35.44,1.64,143.02,557.84,0.0,14-Jun-2019 - 00:00,"Sector-7, Kurukshetra - HSPCB"
14-Jun-2019 - 00:00,22.04,13.9,2.16,23.16,17.91,0.37,71.97,42.9,167.07,3.7,37.13,2.66,6.64,26.25,2.43,282.65,449.74,0.0,15-Jun-2019 - 00:00,"Sector-7, Kurukshetra - HSPCB"
15-Jun-2019 - 00:00,16.85,10.85,1.71,21.63,17.62,0.33,77.01,44.94,206.79,3.61,27.65,2.22,5.12,20.16,3.15,305.63,555.63,0.0,16-Jun-2019 - 00:00,"Sector-7, Kurukshetra - HSPCB"
16-Jun-2019 - 00:00,9.75,6.97,1.61,20.06,6.29,0.24,49.42,31.59,136.88,2.12,21.34,1.52,3.2,,3.46,270.34,,0.0,17-Jun-2019 - 00:00,"Sector-7, Kurukshetra - HSPCB"
17-Jun-2019 - 00:00,9.19,6.91,1.78,19.51,11.64,0.27,49.14,34.76,172.31,2.41,23.59,1.65,3.41,52.72,3.38,247.13,377.89,0.2,18-Jun-2019 - 00:00,"Sector-7, Kurukshetra - HSPCB"
18-Jun-2019 - 00:00,18.29,11.75,1.89,16.12,5.09,0.29,47.83,18.47,52.73,2.58,18.4,1.54,4.03,69.02,2.04,237.24,294.45,0.0,19-Jun-2019 - 00:00,"Sector-7, Kurukshetra - HSPCB"
19-Jun-2019 - 00:00,21.72,13.59,1.95,20.04,5.13,0.35,53.23,57.31,217.37,3.02,37.07,2.39,5.85,62.91,1.49,261.87,470.11,0.0,20-Jun-2019 - 00:00,"Sector-7, Kurukshetra - HSPCB"
20-Jun-2019 - 00:00,20.75,13.02,1.88,23.88,9.1,0.38,56.08,44.12,162.79,4.07,38.16,2.22,4.27,63.24,2.02,155.37,533.63,0.0,21-Jun-2019 - 00:00,"Sector-7, Kurukshetra - HSPCB"
21-Jun-2019 - 00:00,19.34,12.29,1.94,13.39,18.21,0.4,72.54,41.74,104.86,3.94,36.41,2.16,4.33,49.89,1.96,178.23,486.95,0.0,22-Jun-2019 - 00:00,"Sector-7, Kurukshetra - HSPCB"
22-Jun-2019 - 00:00,19.51,12.15,1.66,16.31,15.84,0.39,77.12,47.93,126.07,3.73,29.99,2.26,5.21,45.24,2.16,258.09,415.22,0.0,23-Jun-2019 - 00:00,"Sector-7, Kurukshetra - HSPCB"
23-Jun-2019 - 00:00,11.7,8.03,1.55,12.81,8.96,0.34,54.28,28.7,100.51,3.48,44.51,1.77,2.81,58.34,2.02,121.04,544.11,0.0,24-Jun-2019 - 00:00,"Sector-7, Kurukshetra - HSPCB"
24-Jun-2019 - 00:00,8.44,6.35,1.61,12.75,6.91,0.27,36.52,17.86,69.44,2.22,40.99,1.54,2.32,67.71,2.17,117.56,383.37,0.0,25-Jun-2019 - 00:00,"Sector-7, Kurukshetra - HSPCB"
25-Jun-2019 - 00:00,11.52,8.01,1.7,9.86,8.23,0.34,46.76,23.29,65.77,2.95,45.11,1.84,3.36,60.39,1.44,185.84,423.68,0.0,26-Jun-2019 - 00:00,"Sector-7, Kurukshetra - HSPCB"
26-Jun-2019 - 00:00,12.54,8.34,1.56,11.87,8.47,0.4,58.51,39.19,103.15,3.37,35.14,1.96,4.32,54.53,2.43,237.37,499.23,0.0,27-Jun-2019 - 00:00,"Sector-7, Kurukshetra - HSPCB"
27-Jun-2019 - 00:00,10.13,7.22,1.57,24.98,7.02,0.36,63.48,42.49,205.29,3.07,25.86,1.9,4.6,51.54,2.64,276.23,284.2,0.0,28-Jun-2019 - 00:00,"Sector-7, Kurukshetra - HSPCB"
28-Jun-2019 - 00:00,10.86,8.05,2.44,21.93,8.82,0.31,53.33,36.72,151.08,2.83,24.18,1.77,4.5,52.9,2.86,244.35,524.74,0.0,29-Jun-2019 - 00:00,"Sector-7, Kurukshetra - HSPCB"
29-Jun-2019 - 00:00,10.88,7.37,1.61,38.06,7.35,0.31,49.07,49.4,232.45,2.79,26.7,1.91,4.8,44.52,2.34,278.37,485.26,0.0,30-Jun-2019 - 00:00,"Sector-7, Kurukshetra - HSPCB"
30-Jun-2019 - 00:00,17.06,10.33,1.69,41.16,11.29,0.37,54.72,43.24,160.82,3.63,36.04,2.42,5.46,43.43,1.86,233.48,492.5,0.0,01-Jul-2019 - 00:00,"Sector-7, Kurukshetra - HSPCB"
01-Jul-2019 - 00:00,10.9,7.52,1.51,40.3,6.01,0.47,55.88,49.99,149.8,3.91,38.98,1.92,4.18,58.58,1.83,184.37,465.69,0.0,02-Jul-2019 - 00:00,"Sector-7, Kurukshetra - HSPCB"
02-Jul-2019 - 00:00,9.09,6.3,1.42,36.85,4.46,0.4,66.32,42.92,136.51,3.22,35.52,1.6,3.25,57.24,2.0,150.72,465.59,0.0,03-Jul-2019 - 00:00,"Sector-7, Kurukshetra - HSPCB"
03-Jul-2019 - 00:00,9.37,6.74,1.67,23.98,3.8,0.41,46.1,39.68,108.75,3.78,43.14,1.68,3.02,64.06,1.82,142.95,443.96,0.0,04-Jul-2019 - 00:00,"Sector-7, Kurukshetra - HSPCB"
04-Jul-2019 - 00:00,11.87,8.27,1.75,24.23,4.25,0.37,27.75,22.91,57.61,3.88,39.62,1.96,3.82,84.79,2.25,107.67,133.13,0.05,05-Jul-2019 - 00:00,"Sector-7, Kurukshetra - HSPCB"
05-Jul-2019 - 00:00,14.36,9.98,2.25,26.51,3.34,0.5,36.54,32.89,67.79,4.51,38.83,2.19,4.54,77.3,1.6,154.5,447.69,0.03,06-Jul-2019 - 00:00,"Sector-7, Kurukshetra - HSPCB"
06-Jul-2019 - 00:00,12.69,8.7,1.76,27.88,4.48,0.38,38.66,25.88,71.7,3.73,40.75,2.24,4.06,74.61,1.76,134.28,394.31,0.0,07-Jul-2019 - 00:00,"Sector-7, Kurukshetra - HSPCB"
07-Jul-2019 - 00:00,11.43,7.55,1.66,23.62,4.63,0.34,34.74,22.98,54.03,3.1,43.13,1.8,3.62,72.33,1.41,143.12,437.15,0.02,08-Jul-2019 - 00:00,"Sector-7, Kurukshetra - HSPCB"
08-Jul-2019 - 00:00,8.88,5.96,1.57,26.27,2.75,0.35,43.92,31.85,82.12,2.98,37.72,1.56,3.28,73.67,1.98,138.76,465.34,0.0,09-Jul-2019 - 00:00,"Sector-7, Kurukshetra - HSPCB"
09-Jul-2019 - 00:00,9.52,6.9,1.55,32.98,3.04,0.37,39.69,30.52,71.87,3.44,40.39,1.82,3.61,85.54,1.79,124.93,210.44,0.16,10-Jul-2019 - 00:00,"Sector-7, Kurukshetra - HSPCB"
10-Jul-2019 - 00:00,10.45,7.12,1.86,21.68,3.84,0.32,38.97,31.1,89.61,2.57,38.8,1.9,4.69,83.46,1.22,191.32,243.46,0.18,11-Jul-2019 - 00:00,"Sector-7, Kurukshetra - HSPCB"
11-Jul-2019 - 00:00,14.65,10.04,2.21,46.63,2.98,0.36,40.53,46.87,160.35,3.14,38.43,1.95,4.43,79.67,1.77,113.62,325.74,0.0,12-Jul-2019 - 00:00,"Sector-7, Kurukshetra - HSPCB"
12-Jul-2019 - 00:00,9.01,6.32,1.36,19.07,3.77,0.34,36.32,53.67,164.71,3.02,33.97,1.97,4.24,84.78,1.61,116.79,279.03,0.03,13-Jul-2019 - 00:00,"Sector-7, Kurukshetra - HSPCB"
13-Jul-2019 - 00:00,8.98,6.4,1.64,35.84,4.0,0.28,38.2,59.21,198.65,2.65,36.52,1.81,4.29,84.36,1.45,135.96,396.05,0.01,14-Jul-2019 - 00:00,"Sector-7, Kurukshetra - HSPCB"
14-Jul-2019 - 00:00,6.51,4.88,1.54,35.06,3.56,0.24,43.89,36.23,102.64,2.33,36.83,1.8,4.6,95.15,2.32,131.18,116.36,0.74,15-Jul-2019 - 00:00,"Sector-7, Kurukshetra - HSPCB"
15-Jul-2019 - 00:00,11.06,7.36,1.5,8.25,3.78,0.43,35.63,23.32,106.95,2.63,22.39,1.46,4.2,90.68,1.52,149.37,110.65,0.03,16-Jul-2019 - 00:00,"Sector-7, Kurukshetra - HSPCB"
16-Jul-2019 - 00:00,8.45,5.85,1.33,15.29,3.27,0.2,41.47,20.15,65.74,1.88,31.3,1.74,4.49,94.7,1.62,117.8,157.01,0.0,17-Jul-2019 - 00:00,"Sector-7, Kurukshetra - HSPCB"
17-Jul-2019 - 00:00,13.61,9.83,2.86,8.42,4.7,0.4,33.89,27.34,56.68,3.1,33.72,2.17,7.09,90.44,1.0,178.99,249.8,0.0,18-Jul-2019 - 00:00,"Sector-7, Kurukshetra - HSPCB"
18-Jul-2019 - 00:00,11.72,8.03,1.6,12.04,10.55,0.44,37.25,47.06,94.34,3.9,36.91,2.46,6.46,88.95,1.31,128.44,328.01,0.0,19-Jul-2019 - 00:00,"Sector-7, Kurukshetra - HSPCB"
19-Jul-2019 - 00:00,14.2,8.95,2.3,21.01,3.47,0.42,36.4,40.23,86.42,3.98,39.54,3.15,5.91,84.96,1.21,127.84,345.46,0.0,20-Jul-2019 - 00:00,"Sector-7, Kurukshetra - HSPCB"
20-Jul-2019 - 00:00,15.77,9.35,1.77,24.71,3.49,0.39,31.69,37.36,74.79,3.35,39.65,2.49,6.5,86.38,1.56,113.17,338.8,0.0,21-Jul-2019 - 00:00,"Sector-7, Kurukshetra - HSPCB"
21-Jul-2019 - 00:00,9.45,6.82,1.58,19.54,3.57,0.36,41.69,34.53,75.67,3.35,42.4,2.01,4.41,82.8,1.79,103.38,493.48,0.0,22-Jul-2019 - 00:00,"Sector-7, Kurukshetra - HSPCB"
22-Jul-2019 - 00:00,10.36,7.53,1.7,22.22,2.73,0.45,40.96,35.26,81.52,4.04,41.72,2.51,5.8,84.93,1.41,137.25,366.46,0.0,23-Jul-2019 - 00:00,"Sector-7, Kurukshetra - HSPCB"
23-Jul-2019 - 00:00,9.11,7.03,1.87,22.79,3.39,0.43,44.6,47.68,94.56,4.17,37.77,2.42,5.96,78.0,1.5,191.73,404.38,0.0,24-Jul-2019 - 00:00,"Sector-7, Kurukshetra - HSPCB"
24-Jul-2019 - 00:00,10.31,8.57,2.54,41.28,2.87,0.38,52.8,38.89,91.95,3.12,33.1,1.6,4.59,76.91,1.4,217.47,355.72,0.0,25-Jul-2019 - 00:00,"Sector-7, Kurukshetra - HSPCB"
25-Jul-2019 - 00:00,11.77,9.45,2.76,40.61,3.68,0.36,27.2,20.78,57.29,3.14,31.58,2.21,4.49,98.08,1.61,125.09,155.6,0.0,26-Jul-2019 - 00:00,"Sector-7, Kurukshetra - HSPCB"
26-Jul-2019 - 00:00,9.69,8.25,2.54,21.41,2.99,0.28,30.48,18.7,40.96,2.46,31.89,1.62,3.49,90.85,1.59,136.92,284.12,0.07,27-Jul-2019 - 00:00,"Sector-7, Kurukshetra - HSPCB"
27-Jul-2019 - 00:00,9.74,8.25,2.52,14.14,2.72,0.23,29.56,11.58,26.91,2.14,30.0,1.57,3.07,94.58,2.04,92.99,106.33,0.0,28-Jul-2019 - 00:00,"Sector-7, Kurukshetra - HSPCB"
28-Jul-2019 - 00:00,8.95,7.83,2.5,10.13,2.88,0.25,25.47,14.09,35.0,2.56,33.67,1.59,3.48,84.44,2.07,95.9,387.47,0.0,29-Jul-2019 - 00:00,"Sector-7, Kurukshetra - HSPCB"
29-Jul-2019 - 00:00,9.05,7.96,2.6,11.88,3.44,0.23,27.5,12.84,31.65,2.27,34.33,1.84,3.54,75.3,1.89,121.59,518.55,0.0,30-Jul-2019 - 00:00,"Sector-7, Kurukshetra - HSPCB"
30-Jul-2019 - 00:00,12.39,9.82,2.77,15.43,3.36,0.3,22.04,17.04,48.09,3.47,31.84,1.71,3.74,82.43,1.95,95.2,216.56,0.0,31-Jul-2019 - 00:00,"Sector-7, Kurukshetra - HSPCB"
31-Jul-2019 - 00:00,11.52,9.23,2.57,12.65,2.96,0.31,19.48,13.38,50.96,2.66,28.89,1.37,3.26,84.87,1.74,85.42,163.98,0.0,01-Aug-2019 - 00:00,"Sector-7, Kurukshetra - HSPCB"
01-Aug-2019 - 00:00,12.09,9.58,2.64,12.28,3.12,0.32,24.16,23.51,54.75,3.04,31.99,1.86,4.31,80.94,1.45,135.89,387.01,0.0,02-Aug-2019 - 00:00,"Sector-7, Kurukshetra - HSPCB"
02-Aug-2019 - 00:00,11.7,9.52,2.81,10.3,4.09,0.32,20.55,21.02,43.57,3.16,41.07,1.92,4.47,94.77,1.61,101.95,108.83,0.0,03-Aug-2019 - 00:00,"Sector-7, Kurukshetra - HSPCB"
03-Aug-2019 - 00:00,11.9,10.03,3.31,11.79,3.14,0.33,18.91,20.71,41.5,3.52,38.53,1.99,4.63,90.94,1.61,93.47,332.39,0.0,04-Aug-2019 - 00:00,"Sector-7, Kurukshetra - HSPCB"
04-Aug-2019 - 00:00,11.64,9.51,2.95,15.43,2.27,0.4,31.99,19.05,54.65,3.45,42.25,3.02,4.42,83.04,1.11,133.98,377.08,0.0,05-Aug-2019 - 00:00,"Sector-7, Kurukshetra - HSPCB"
05-Aug-2019 - 00:00,10.57,8.79,2.63,15.93,3.23,0.37,36.14,29.1,59.01,3.23,42.24,1.96,3.75,82.75,1.3,132.35,409.37,0.0,06-Aug-2019 - 00:00,"Sector-7, Kurukshetra - HSPCB"
06-Aug-2019 - 00:00,10.12,8.51,2.59,15.48,3.91,0.3,30.53,18.37,42.07,2.71,36.14,1.63,3.23,91.31,1.97,120.78,221.14,0.04,07-Aug-2019 - 00:00,"Sector-7, Kurukshetra - HSPCB"
07-Aug-2019 - 00:00,17.01,12.14,2.74,15.37,3.73,0.45,26.45,26.37,58.44,3.94,37.72,1.72,4.03,80.64,1.23,108.6,272.21,0.0,08-Aug-2019 - 00:00,"Sector-7, Kurukshetra - HSPCB"
08-Aug-2019 - 00:00,22.12,14.97,2.87,17.95,3.76,0.35,29.23,19.25,54.58,3.58,38.31,1.88,4.4,72.05,1.13,141.43,379.66,0.0,09-Aug-2019 - 00:00,"Sector-7, Kurukshetra - HSPCB"
09-Aug-2019 - 00:00,22.22,14.84,2.58,16.99,2.68,0.33,22.65,18.06,45.89,3.5,42.28,3.7,5.85,84.91,2.24,85.45,279.07,0.0,10-Aug-2019 - 00:00,"Sector-7, Kurukshetra - HSPCB"
10-Aug-2019 - 00:00,21.44,14.51,2.69,11.8,3.13,0.27,22.51,17.1,42.75,2.41,50.81,1.77,3.16,79.06,2.14,119.13,380.18,0.0,11-Aug-2019 - 00:00,"Sector-7, Kurukshetra - HSPCB"
11-Aug-2019 - 00:00,19.61,13.49,2.61,10.36,3.43,0.26,25.65,22.68,57.1,2.74,48.4,1.53,3.02,77.91,1.45,183.37,447.31,0.0,12-Aug-2019 - 00:00,"Sector-7, Kurukshetra - HSPCB"
12-Aug-2019 - 00:00,21.08,14.64,3.12,13.69,3.24,0.32,25.46,27.56,64.74,3.26,36.57,1.65,4.89,81.16,1.34,247.56,182.81,0.0,13-Aug-2019 - 00:00,"Sector-7, Kurukshetra - HSPCB"
13-Aug-2019 - 00:00,16.75,12.51,3.32,14.22,2.41,0.31,18.84,22.59,53.05,3.49,32.47,1.63,4.55,91.01,1.91,195.94,173.59,0.01,14-Aug-2019 - 00:00,"Sector-7, Kurukshetra - HSPCB"
14-Aug-2019 - 00:00,12.66,10.03,2.84,13.84,3.64,0.32,26.96,19.58,47.19,3.14,44.0,1.77,4.55,88.46,1.59,169.58,249.29,0.0,15-Aug-2019 - 00:00,"Sector-7, Kurukshetra - HSPCB"
15-Aug-2019 - 00:00,15.31,11.6,3.05,15.93,2.96,0.34,28.48,22.27,49.79,3.38,46.2,1.69,4.0,83.69,1.62,114.25,373.43,0.0,16-Aug-2019 - 00:00,"Sector-7, Kurukshetra - HSPCB"
16-Aug-2019 - 00:00,11.55,9.39,2.75,17.39,2.85,0.26,19.53,14.88,36.42,2.69,45.47,1.29,2.7,83.4,2.07,85.11,341.63,0.0,17-Aug-2019 - 00:00,"Sector-7, Kurukshetra - HSPCB"
17-Aug-2019 - 00:00,13.15,9.85,2.53,10.0,2.8,0.24,15.94,10.33,32.32,2.58,33.68,1.01,1.89,93.51,2.07,103.81,74.1,0.0,18-Aug-2019 - 00:00,"Sector-7, Kurukshetra - HSPCB"
18-Aug-2019 - 00:00,13.91,8.83,2.69,11.05,2.56,0.34,17.49,6.29,39.43,2.31,33.6,1.15,2.09,94.27,1.59,160.11,164.97,0.0,19-Aug-2019 - 00:00,"Sector-7, Kurukshetra - HSPCB"
19-Aug-2019 - 00:00,15.58,11.49,2.78,9.95,3.61,0.26,20.24,12.02,29.48,2.77,43.02,1.54,3.5,85.9,1.1,127.3,349.96,0.0,20-Aug-2019 - 00:00,"Sector-7, Kurukshetra - HSPCB"
20-Aug-2019 - 00:00,15.02,11.24,2.79,13.94,5.71,0.3,30.43,19.54,50.78,3.43,41.47,2.38,5.27,82.49,2.32,301.06,496.81,0.0,21-Aug-2019 - 00:00,"Sector-7, Kurukshetra - HSPCB"
21-Aug-2019 - 00:00,15.29,11.26,2.64,10.97,6.41,0.41,38.25,29.17,81.33,3.99,31.13,2.19,4.95,80.57,2.07,279.53,267.52,0.0,22-Aug-2019 - 00:00,"Sector-7, Kurukshetra - HSPCB"
22-Aug-2019 - 00:00,19.12,13.42,2.84,11.7,4.29,0.46,36.07,36.69,98.35,4.1,45.78,2.06,4.36,82.96,1.16,119.57,307.3,0.0,23-Aug-2019 - 00:00,"Sector-7, Kurukshetra - HSPCB"
23-Aug-2019 - 00:00,19.8,13.84,2.92,18.86,6.32,0.46,35.13,44.7,122.03,4.25,43.88,2.13,4.9,77.89,1.29,235.22,304.46,0.0,24-Aug-2019 - 00:00,"Sector-7, Kurukshetra - HSPCB"
24-Aug-2019 - 00:00,13.93,10.57,2.66,17.96,6.7,0.38,26.53,32.66,87.83,3.7,45.11,2.26,4.67,84.22,1.28,180.58,216.22,0.0,25-Aug-2019 - 00:00,"Sector-7, Kurukshetra - HSPCB"
25-Aug-2019 - 00:00,17.75,10.38,2.5,18.05,4.45,0.39,19.85,22.14,58.25,3.78,39.89,1.36,2.49,94.55,1.5,96.75,201.93,0.0,26-Aug-2019 - 00:00,"Sector-7, Kurukshetra - HSPCB"
26-Aug-2019 - 00:00,13.83,10.8,3.02,16.46,4.67,0.31,20.38,15.05,39.55,3.14,47.72,1.7,3.8,79.05,1.31,160.73,426.98,0.0,27-Aug-2019 - 00:00,"Sector-7, Kurukshetra - HSPCB"
27-Aug-2019 - 00:00,20.61,18.61,8.38,12.3,5.51,0.4,23.48,21.83,59.5,4.01,44.08,3.3,6.66,76.1,1.04,240.51,298.1,0.0,28-Aug-2019 - 00:00,"Sector-7, Kurukshetra - HSPCB"
28-Aug-2019 - 00:00,22.63,17.56,5.72,11.33,5.8,0.35,24.68,29.08,80.59,4.33,44.13,2.38,5.57,74.89,1.26,197.15,355.4,0.01,29-Aug-2019 - 00:00,"Sector-7, Kurukshetra - HSPCB"
29-Aug-2019 - 00:00,21.71,15.94,4.3,12.45,8.82,0.46,22.42,33.49,76.89,4.55,39.79,2.54,5.6,86.98,1.32,135.77,230.97,0.14,30-Aug-2019 - 00:00,"Sector-7, Kurukshetra - HSPCB"
30-Aug-2019 - 00:00,19.05,13.71,3.45,10.25,5.44,0.54,22.33,34.66,79.97,4.87,41.98,2.31,5.1,84.46,1.43,197.31,316.86,0.0,31-Aug-2019 - 00:00,"Sector-7, Kurukshetra - HSPCB"
31-Aug-2019 - 00:00,17.24,12.42,3.46,7.77,3.27,0.48,16.42,36.42,86.13,3.78,43.61,2.24,5.03,84.06,1.2,215.58,324.69,0.04,01-Sep-2019 - 00:00,"Sector-7, Kurukshetra - HSPCB"
01-Sep-2019 - 00:00,15.36,10.93,2.78,14.16,3.93,0.43,25.16,29.79,64.92,3.41,34.16,1.72,3.46,88.91,1.74,122.71,271.6,0.0,02-Sep-2019 - 00:00,"Sector-7, Kurukshetra - HSPCB"
02-Sep-2019 - 00:00,15.52,11.37,3.23,12.13,4.48,0.49,31.27,31.36,67.14,3.97,38.87,1.63,3.64,81.51,1.46,182.26,343.96,0.01,03-Sep-2019 - 00:00,"Sector-7, Kurukshetra - HSPCB"
03-Sep-2019 - 00:00,13.27,9.87,2.83,8.79,5.08,0.52,29.29,49.41,89.75,3.93,39.38,2.55,5.7,79.22,1.38,254.02,331.77,0.0,04-Sep-2019 - 00:00,"Sector-7, Kurukshetra - HSPCB"
04-Sep-2019 - 00:00,17.37,12.86,3.89,12.02,4.54,0.51,20.97,39.52,86.37,4.48,41.27,2.36,5.78,89.22,1.26,153.02,239.79,0.01,05-Sep-2019 - 00:00,"Sector-7, Kurukshetra - HSPCB"
05-Sep-2019 - 00:00,16.23,11.74,3.23,10.6,5.44,0.46,20.09,20.89,60.13,3.79,36.01,2.19,4.48,89.99,1.52,134.5,265.51,0.0,06-Sep-2019 - 00:00,"Sector-7, Kurukshetra - HSPCB"
06-Sep-2019 - 00:00,16.67,12.53,3.93,10.15,4.16,0.45,20.64,24.13,58.82,4.01,38.95,2.39,4.76,83.84,1.3,162.93,319.4,0.08,07-Sep-2019 - 00:00,"Sector-7, Kurukshetra - HSPCB"
07-Sep-2019 - 00:00,17.73,13.22,4.05,10.37,5.56,0.39,25.65,33.27,65.25,3.27,32.44,1.82,3.77,55.87,1.52,142.93,333.82,0.0,08-Sep-2019 - 00:00,"Sector-7, Kurukshetra - HSPCB"
08-Sep-2019 - 00:00,12.03,9.04,2.6,10.69,3.03,0.4,22.9,35.31,59.63,3.2,33.4,1.66,3.75,41.22,1.36,179.63,347.37,0.0,09-Sep-2019 - 00:00,"Sector-7, Kurukshetra - HSPCB"
09-Sep-2019 - 00:00,13.24,9.63,2.53,8.99,3.8,0.52,24.61,56.99,94.32,4.21,29.85,2.02,4.9,78.73,1.54,270.03,348.87,0.0,10-Sep-2019 - 00:00,"Sector-7, Kurukshetra - HSPCB"
10-Sep-2019 - 00:00,14.26,10.24,2.64,10.08,4.04,0.56,25.25,55.86,118.98,5.13,34.49,5.18,7.95,80.0,1.24,214.94,332.45,0.0,11-Sep-2019 - 00:00,"Sector-7, Kurukshetra - HSPCB"
11-Sep-2019 - 00:00,17.63,11.6,2.46,21.14,3.47,0.62,22.57,56.27,137.75,4.87,32.25,3.03,5.64,79.05,1.2,193.45,264.48,0.05,12-Sep-2019 - 00:00,"Sector-7, Kurukshetra - HSPCB"
12-Sep-2019 - 00:00,24.16,12.47,2.06,28.66,2.79,0.62,12.81,61.27,106.96,4.41,36.59,1.74,3.53,89.04,1.48,120.28,272.82,0.0,13-Sep-2019 - 00:00,"Sector-7, Kurukshetra - HSPCB"
13-Sep-2019 - 00:00,14.23,8.81,1.72,26.3,4.32,0.45,14.21,38.38,70.11,3.61,34.64,1.57,3.06,87.29,1.54,168.47,300.43,0.0,14-Sep-2019 - 00:00,"Sector-7, Kurukshetra - HSPCB"
14-Sep-2019 - 00:00,13.11,8.07,1.53,19.95,2.82,0.46,12.84,38.04,67.79,3.52,35.12,1.53,3.12,84.69,1.43,118.66,283.74,0.0,15-Sep-2019 - 00:00,"Sector-7, Kurukshetra - HSPCB"
15-Sep-2019 - 00:00,10.48,6.64,1.44,14.52,2.97,0.41,15.81,24.13,48.78,3.01,37.24,1.42,2.93,83.26,1.31,155.67,294.98,0.0,16-Sep-2019 - 00:00,"Sector-7, Kurukshetra - HSPCB"
16-Sep-2019 - 00:00,13.68,8.78,2.03,12.88,9.2,0.49,22.35,43.4,84.37,3.88,32.33,1.93,4.51,82.44,1.43,264.42,280.55,0.0,17-Sep-2019 - 00:00,"Sector-7, Kurukshetra - HSPCB"
17-Sep-2019 - 00:00,19.13,13.2,4.0,20.21,6.29,0.58,25.62,49.6,112.77,6.93,32.8,2.13,3.99,79.35,1.34,171.75,319.06,0.0,18-Sep-2019 - 00:00,"Sector-7, Kurukshetra - HSPCB"
18-Sep-2019 - 00:00,16.35,10.19,2.06,26.09,4.49,0.49,29.04,33.78,88.33,3.65,32.27,1.73,3.15,75.49,1.91,127.51,331.97,0.0,19-Sep-2019 - 00:00,"Sector-7, Kurukshetra - HSPCB"
19-Sep-2019 - 00:00,10.35,6.63,1.53,27.84,7.52,0.37,23.12,16.4,45.73,2.58,32.7,1.41,2.55,80.57,1.79,114.98,298.95,0.0,20-Sep-2019 - 00:00,"Sector-7, Kurukshetra - HSPCB"
20-Sep-2019 - 00:00,12.31,7.76,1.66,25.65,5.7,0.48,23.54,23.43,58.21,3.38,34.39,2.0,3.55,72.62,1.25,139.3,321.72,0.0,21-Sep-2019 - 00:00,"Sector-7, Kurukshetra - HSPCB"
21-Sep-2019 - 00:00,22.12,13.65,3.04,28.32,4.87,0.82,18.31,42.37,101.39,5.75,29.93,2.59,6.11,78.82,1.39,172.86,246.04,0.0,22-Sep-2019 - 00:00,"Sector-7, Kurukshetra - HSPCB"
22-Sep-2019 - 00:00,15.29,9.35,1.7,19.12,4.38,0.43,25.84,25.99,59.79,3.49,32.2,1.96,4.0,82.15,2.36,127.02,178.5,0.02,23-Sep-2019 - 00:00,"Sector-7, Kurukshetra - HSPCB"
23-Sep-2019 - 00:00,13.27,8.29,1.7,15.98,4.36,0.46,21.64,21.58,49.68,3.16,34.37,1.83,3.67,77.48,1.49,127.5,170.21,0.0,24-Sep-2019 - 00:00,"Sector-7, Kurukshetra - HSPCB"
24-Sep-2019 - 00:00,19.66,11.23,1.95,16.89,5.03,0.68,22.9,36.09,91.8,4.5,32.25,2.55,5.12,76.21,1.22,176.91,272.38,0.0,25-Sep-2019 - 00:00,"Sector-7, Kurukshetra - HSPCB"
25-Sep-2019 - 00:00,14.73,9.01,1.64,14.01,4.68,0.54,23.65,34.23,77.59,4.07,33.76,2.04,3.86,78.97,1.39,145.57,260.67,0.0,26-Sep-2019 - 00:00,"Sector-7, Kurukshetra - HSPCB"
26-Sep-2019 - 00:00,20.31,12.46,2.35,18.98,5.52,0.57,15.78,33.05,80.12,3.93,33.5,1.76,3.62,79.17,1.59,133.43,273.31,0.0,27-Sep-2019 - 00:00,"Sector-7, Kurukshetra - HSPCB"
27-Sep-2019 - 00:00,22.7,13.08,2.11,19.29,3.36,0.46,14.89,29.68,66.23,3.15,27.13,1.15,2.33,84.52,1.68,137.79,148.43,0.0,28-Sep-2019 - 00:00,"Sector-7, Kurukshetra - HSPCB"
28-Sep-2019 - 00:00,17.26,11.01,2.48,10.07,3.0,0.5,13.99,22.87,52.0,3.99,34.93,1.86,3.24,86.74,1.78,109.46,280.45,0.01,29-Sep-2019 - 00:00,"Sector-7, Kurukshetra - HSPCB"
29-Sep-2019 - 00:00,13.93,8.7,1.78,7.19,9.06,0.4,13.72,10.0,30.71,2.62,33.71,1.36,2.48,94.55,2.29,82.26,134.67,0.03,30-Sep-2019 - 00:00,"Sector-7, Kurukshetra - HSPCB"
30-Sep-2019 - 00:00,16.44,10.18,1.98,6.14,5.36,0.42,13.68,14.54,38.87,3.49,30.73,2.31,3.81,88.73,1.55,110.51,167.62,0.01,01-Oct-2019 - 00:00,"Sector-7, Kurukshetra - HSPCB"
01-Oct-2019 - 00:00,29.48,17.98,3.33,6.0,6.48,0.52,18.12,21.76,55.9,3.9,32.78,2.05,4.45,87.2,1.49,102.2,159.16,0.0,02-Oct-2019 - 00:00,"Sector-7, Kurukshetra - HSPCB"
02-Oct-2019 - 00:00,49.52,27.28,1.76,12.35,6.04,0.58,49.2,41.82,85.59,5.05,39.91,2.65,4.5,80.46,1.48,177.2,270.57,0.0,03-Oct-2019 - 00:00,"Sector-7, Kurukshetra - HSPCB"
03-Oct-2019 - 00:00,38.13,20.98,2.05,14.9,9.24,0.6,46.25,59.55,126.19,5.3,26.95,2.17,4.42,76.43,1.74,253.68,291.3,0.0,04-Oct-2019 - 00:00,"Sector-7, Kurukshetra - HSPCB"
04-Oct-2019 - 00:00,26.69,15.82,3.34,9.38,8.74,0.4,31.87,28.4,83.13,3.9,17.07,1.67,2.72,74.05,2.55,277.9,255.83,0.0,05-Oct-2019 - 00:00,"Sector-7, Kurukshetra - HSPCB"
05-Oct-2019 - 00:00,20.43,12.05,2.72,8.81,10.17,0.43,36.05,30.71,75.11,4.31,23.59,2.8,4.2,60.87,2.96,295.15,321.25,0.0,06-Oct-2019 - 00:00,"Sector-7, Kurukshetra - HSPCB"
06-Oct-2019 - 00:00,20.42,12.06,2.73,8.43,14.12,0.53,40.25,48.5,110.35,5.44,23.16,2.78,4.25,74.96,2.78,299.13,,0.0,07-Oct-2019 - 00:00,"Sector-7, Kurukshetra - HSPCB"
07-Oct-2019 - 00:00,19.43,11.53,2.18,9.46,13.12,0.56,32.92,51.39,126.95,5.98,18.78,2.19,4.02,77.03,3.08,292.1,233.47,0.0,08-Oct-2019 - 00:00,"Sector-7, Kurukshetra - HSPCB"
08-Oct-2019 - 00:00,18.32,10.82,1.56,11.22,11.14,0.5,40.8,43.95,101.48,4.9,20.93,1.89,3.6,66.48,2.26,282.42,305.26,0.0,09-Oct-2019 - 00:00,"Sector-7, Kurukshetra - HSPCB"
09-Oct-2019 - 00:00,42.13,28.93,9.33,13.44,7.48,0.69,26.93,67.27,153.71,6.75,33.86,2.99,5.56,68.2,1.36,194.82,288.03,0.0,10-Oct-2019 - 00:00,"Sector-7, Kurukshetra - HSPCB"
10-Oct-2019 - 00:00,39.2,23.66,3.97,16.45,10.7,0.78,38.59,76.15,172.07,7.2,34.19,3.34,6.17,66.22,1.56,196.88,278.3,0.0,11-Oct-2019 - 00:00,"Sector-7, Kurukshetra - HSPCB"
11-Oct-2019 - 00:00,33.94,19.44,2.21,17.78,13.43,0.63,42.1,68.3,145.46,6.87,29.34,3.25,5.34,64.37,1.75,285.72,289.19,0.01,12-Oct-2019 - 00:00,"Sector-7, Kurukshetra - HSPCB"
12-Oct-2019 - 00:00,40.33,21.79,3.55,19.63,11.13,0.86,37.99,88.39,182.8,8.72,28.36,4.14,6.42,71.5,1.73,243.91,260.26,0.0,13-Oct-2019 - 00:00,"Sector-7, Kurukshetra - HSPCB"
13-Oct-2019 - 00:00,29.96,17.06,2.75,20.66,12.2,0.83,45.2,90.79,207.36,8.14,32.37,3.81,6.88,67.89,2.03,306.96,276.04,0.0,14-Oct-2019 - 00:00,"Sector-7, Kurukshetra - HSPCB"
14-Oct-2019 - 00:00,29.86,17.55,3.43,17.52,11.2,0.95,44.6,97.23,211.25,8.01,30.74,3.84,6.62,70.31,1.75,283.64,242.6,0.0,15-Oct-2019 - 00:00,"Sector-7, Kurukshetra - HSPCB"
15-Oct-2019 - 00:00,59.04,42.89,16.01,22.57,6.41,1.28,32.59,134.87,272.74,11.09,39.02,5.01,10.18,73.8,1.28,134.92,241.66,0.0,16-Oct-2019 - 00:00,"Sector-7, Kurukshetra - HSPCB"
16-Oct-2019 - 00:00,50.23,29.44,4.99,20.16,9.8,1.07,30.22,113.22,230.22,9.77,39.05,4.6,8.44,74.29,1.31,118.83,231.52,0.0,17-Oct-2019 - 00:00,"Sector-7, Kurukshetra - HSPCB"
17-Oct-2019 - 00:00,37.49,21.14,2.94,17.64,8.44,0.76,31.36,81.13,164.51,6.72,37.64,2.99,5.52,71.78,1.73,100.71,240.22,0.0,18-Oct-2019 - 00:00,"Sector-7, Kurukshetra - HSPCB"
18-Oct-2019 - 00:00,36.49,21.11,3.11,19.5,7.69,0.8,34.03,90.5,189.2,7.43,34.62,2.73,4.89,70.6,1.99,130.85,252.65,0.01,19-Oct-2019 - 00:00,"Sector-7, Kurukshetra - HSPCB"
19-Oct-2019 - 00:00,32.01,18.66,2.42,15.01,17.0,0.78,37.85,86.28,181.48,7.31,31.8,3.59,6.01,63.37,2.09,251.86,242.48,0.0,20-Oct-2019 - 00:00,"Sector-7, Kurukshetra - HSPCB"
20-Oct-2019 - 00:00,29.75,16.97,1.78,15.21,16.22,0.75,42.61,100.33,191.62,7.39,24.09,2.99,5.69,59.47,2.59,309.67,277.14,0.0,21-Oct-2019 - 00:00,"Sector-7, Kurukshetra - HSPCB"
21-Oct-2019 - 00:00,30.05,17.08,1.72,15.56,16.26,0.78,46.23,97.03,188.47,7.14,23.52,2.68,5.41,56.89,2.75,302.09,279.35,0.0,22-Oct-2019 - 00:00,"Sector-7, Kurukshetra - HSPCB"
22-Oct-2019 - 00:00,40.25,22.55,2.04,18.97,21.16,0.89,49.31,115.91,230.35,8.48,23.44,5.1,7.62,54.69,2.95,292.36,272.45,0.0,23-Oct-2019 - 00:00,"Sector-7, Kurukshetra - HSPCB"
23-Oct-2019 - 00:00,48.22,28.67,4.27,18.65,20.67,1.08,41.03,104.29,218.07,9.71,31.63,5.24,9.76,59.43,1.77,250.76,259.32,0.0,24-Oct-2019 - 00:00,"Sector-7, Kurukshetra - HSPCB"
24-Oct-2019 - 00:00,71.91,61.74,30.16,24.27,13.31,1.34,32.48,120.13,262.06,12.85,38.37,9.05,18.43,68.32,1.5,156.18,246.25,0.0,25-Oct-2019 - 00:00,"Sector-7, Kurukshetra - HSPCB"
25-Oct-2019 - 00:00,67.71,42.36,8.76,25.71,13.38,1.03,32.41,102.63,225.09,9.72,33.7,4.62,9.63,69.67,1.63,129.07,227.41,0.0,26-Oct-2019 - 00:00,"Sector-7, Kurukshetra - HSPCB"
26-Oct-2019 - 00:00,65.71,39.6,6.57,26.57,13.64,1.27,34.21,125.12,264.77,11.29,36.32,5.86,12.46,70.12,1.51,178.64,220.45,0.0,27-Oct-2019 - 00:00,"Sector-7, Kurukshetra - HSPCB"
27-Oct-2019 - 00:00,62.58,36.8,5.18,27.9,32.81,1.55,43.27,237.2,363.61,12.85,30.96,4.53,10.2,65.54,2.13,266.03,251.33,0.0,28-Oct-2019 - 00:00,"Sector-7, Kurukshetra - HSPCB"
28-Oct-2019 - 00:00,54.01,33.23,6.24,34.97,29.47,1.59,42.14,224.77,389.46,12.94,33.1,4.13,10.55,66.44,1.41,194.89,229.5,0.0,29-Oct-2019 - 00:00,"Sector-7, Kurukshetra - HSPCB"
29-Oct-2019 - 00:00,58.99,34.9,5.09,32.74,10.32,1.67,27.23,227.46,389.03,14.08,35.46,4.47,11.15,79.7,1.3,162.89,185.73,0.0,30-Oct-2019 - 00:00,"Sector-7, Kurukshetra - HSPCB"
30-Oct-2019 - 00:00,72.11,48.29,13.23,35.3,7.82,2.14,27.9,256.44,436.63,16.48,35.43,5.44,13.55,77.25,1.63,249.93,176.17,0.0,31-Oct-2019 - 00:00,"Sector-7, Kurukshetra - HSPCB"
31-Oct-2019 - 00:00,61.57,36.42,5.37,31.92,17.96,1.93,37.95,269.75,448.53,14.8,24.91,3.81,8.24,67.25,1.86,248.23,207.15,0.01,01-Nov-2019 - 00:00,"Sector-7, Kurukshetra - HSPCB"
01-Nov-2019 - 00:00,63.42,39.8,8.36,30.52,17.11,1.73,39.02,236.68,404.49,14.51,29.54,4.73,9.14,67.97,1.78,228.6,212.92,0.0,02-Nov-2019 - 00:00,"Sector-7, Kurukshetra - HSPCB"
02-Nov-2019 - 00:00,52.65,31.23,4.63,25.4,15.67,2.07,30.34,282.78,478.66,15.99,31.33,4.83,9.36,73.26,1.88,270.58,187.27,0.0,03-Nov-2019 - 00:00,"Sector-7, Kurukshetra - HSPCB"
03-Nov-2019 - 00:00,64.76,36.87,3.79,32.24,15.01,3.39,34.49,460.21,610.5,20.99,31.12,5.37,11.52,69.24,2.25,288.11,197.11,0.0,04-Nov-2019 - 00:00,"Sector-7, Kurukshetra - HSPCB"
04-Nov-2019 - 00:00,43.04,24.64,2.68,21.01,17.44,1.51,34.36,229.95,361.72,12.26,21.08,3.41,7.12,63.73,2.84,294.14,168.47,0.0,05-Nov-2019 - 00:00,"Sector-7, Kurukshetra - HSPCB"
05-Nov-2019 - 00:00,50.97,30.52,4.85,20.22,28.88,1.38,38.99,172.87,296.28,10.84,20.81,3.88,8.06,53.51,3.06,289.43,172.51,0.0,06-Nov-2019 - 00:00,"Sector-7, Kurukshetra - HSPCB"
06-Nov-2019 - 00:00,76.35,47.58,9.59,26.46,21.04,1.73,38.39,270.66,447.47,14.13,30.62,7.26,13.74,58.52,1.64,156.59,191.5,0.0,07-Nov-2019 - 00:00,"Sector-7, Kurukshetra - HSPCB"
07-Nov-2019 - 00:00,41.02,24.4,3.69,19.34,13.48,0.64,24.98,75.24,147.7,6.69,25.86,2.81,5.38,68.27,2.23,123.78,88.87,0.0,08-Nov-2019 - 00:00,"Sector-7, Kurukshetra - HSPCB"
08-Nov-2019 - 00:00,42.22,25.9,4.86,16.95,14.78,0.52,24.64,49.26,102.73,5.12,24.32,2.29,4.72,69.0,1.99,277.54,220.33,0.0,09-Nov-2019 - 00:00,"Sector-7, Kurukshetra - HSPCB"
09-Nov-2019 - 00:00,41.73,24.44,3.29,19.1,15.61,0.87,32.94,95.05,166.14,7.55,18.48,2.8,5.64,37.23,2.98,301.67,245.15,0.0,10-Nov-2019 - 00:00,"Sector-7, Kurukshetra - HSPCB"
10-Nov-2019 - 00:00,62.92,36.15,4.09,21.91,23.41,1.35,39.48,192.9,317.78,10.61,22.7,3.61,7.65,47.3,2.11,293.32,228.31,0.0,11-Nov-2019 - 00:00,"Sector-7, Kurukshetra - HSPCB"
11-Nov-2019 - 00:00,70.07,41.98,6.7,21.87,21.34,1.46,42.06,195.94,340.47,11.82,24.46,4.02,9.26,55.57,1.98,298.45,204.36,0.0,12-Nov-2019 - 00:00,"Sector-7, Kurukshetra - HSPCB"
12-Nov-2019 - 00:00,60.33,33.49,2.46,20.11,26.95,1.4,51.0,205.33,362.71,12.33,23.67,4.62,8.9,59.78,2.15,296.75,224.77,0.0,13-Nov-2019 - 00:00,"Sector-7, Kurukshetra - HSPCB"
13-Nov-2019 - 00:00,77.02,62.15,27.5,27.38,25.38,1.56,31.27,170.66,317.54,12.89,28.9,6.65,14.75,68.43,1.59,301.71,198.57,0.0,14-Nov-2019 - 00:00,"Sector-7, Kurukshetra - HSPCB"
14-Nov-2019 - 00:00,71.33,50.37,16.38,29.13,16.18,1.36,24.03,158.08,267.45,13.16,30.89,7.05,14.36,76.01,1.13,167.58,158.02,0.0,15-Nov-2019 - 00:00,"Sector-7, Kurukshetra - HSPCB"
15-Nov-2019 - 00:00,45.35,26.36,3.34,21.73,16.84,1.1,28.04,152.58,232.51,10.26,23.03,4.09,7.37,69.76,1.92,305.05,201.35,0.0,16-Nov-2019 - 00:00,"Sector-7, Kurukshetra - HSPCB"
16-Nov-2019 - 00:00,30.58,18.13,2.69,17.87,12.23,0.58,29.1,74.9,178.9,5.52,14.54,2.56,3.96,65.37,3.52,307.9,232.53,0.0,17-Nov-2019 - 00:00,"Sector-7, Kurukshetra - HSPCB"
17-Nov-2019 - 00:00,25.13,14.86,2.15,21.85,9.15,0.48,36.8,47.28,83.9,4.69,13.05,2.19,3.63,63.55,3.7,297.56,219.4,0.0,18-Nov-2019 - 00:00,"Sector-7, Kurukshetra - HSPCB"
18-Nov-2019 - 00:00,44.89,39.14,19.8,20.19,9.14,0.76,36.94,71.96,135.96,7.42,15.37,2.65,6.38,68.29,2.66,279.47,216.88,0.0,19-Nov-2019 - 00:00,"Sector-7, Kurukshetra - HSPCB"
19-Nov-2019 - 00:00,67.54,60.83,31.85,26.93,19.46,1.36,38.53,141.86,234.35,11.36,22.27,4.57,10.52,55.84,1.68,276.84,227.73,0.0,20-Nov-2019 - 00:00,"Sector-7, Kurukshetra - HSPCB"
20-Nov-2019 - 00:00,83.59,77.6,42.31,34.98,13.51,1.32,28.88,131.1,222.85,12.37,27.58,6.47,13.25,59.76,1.23,205.72,186.46,0.0,21-Nov-2019 - 00:00,"Sector-7, Kurukshetra - HSPCB"
21-Nov-2019 - 00:00,72.91,62.45,30.38,36.27,17.22,1.24,35.68,117.88,215.93,12.16,24.82,4.83,10.2,59.36,1.65,213.48,191.2,0.0,22-Nov-2019 - 00:00,"Sector-7, Kurukshetra - HSPCB"
22-Nov-2019 - 00:00,51.23,36.75,12.45,28.11,18.28,0.83,32.74,107.68,183.37,8.07,19.82,3.35,6.59,57.24,2.12,294.72,144.63,0.0,23-Nov-2019 - 00:00,"Sector-7, Kurukshetra - HSPCB"
23-Nov-2019 - 00:00,34.69,19.71,1.95,20.69,15.21,0.73,28.58,84.78,138.3,7.5,16.59,3.94,5.81,69.28,2.99,299.25,115.2,0.0,24-Nov-2019 - 00:00,"Sector-7, Kurukshetra - HSPCB"
24-Nov-2019 - 00:00,31.6,17.78,1.59,17.91,14.05,0.61,40.23,85.15,127.59,5.99,18.68,2.88,5.06,61.18,2.74,290.44,199.1,0.0,25-Nov-2019 - 00:00,"Sector-7, Kurukshetra - HSPCB"
25-Nov-2019 - 00:00,39.57,23.15,3.09,20.83,16.54,0.66,31.28,64.02,111.48,6.26,24.5,3.48,6.62,53.55,1.66,270.93,197.35,0.0,26-Nov-2019 - 00:00,"Sector-7, Kurukshetra - HSPCB"
26-Nov-2019 - 00:00,46.67,27.52,3.91,22.89,14.66,0.43,25.76,52.74,93.17,4.41,24.06,2.07,4.18,67.65,2.37,122.16,92.06,0.0,27-Nov-2019 - 00:00,"Sector-7, Kurukshetra - HSPCB"
27-Nov-2019 - 00:00,32.78,18.81,2.12,24.11,14.4,0.5,25.69,53.85,85.18,5.48,23.47,2.16,4.67,74.34,2.17,122.28,124.14,0.0,28-Nov-2019 - 00:00,"Sector-7, Kurukshetra - HSPCB"
28-Nov-2019 - 00:00,31.02,17.98,3.31,24.6,5.4,0.47,24.46,32.41,51.94,3.87,18.48,1.74,3.85,86.55,2.67,138.56,143.44,0.17,29-Nov-2019 - 00:00,"Sector-7, Kurukshetra - HSPCB"
29-Nov-2019 - 00:00,38.33,23.64,4.51,22.42,10.91,0.58,24.5,48.58,78.6,5.33,20.5,2.45,5.2,82.84,2.08,223.57,189.44,0.0,30-Nov-2019 - 00:00,"Sector-7, Kurukshetra - HSPCB"
30-Nov-2019 - 00:00,32.1,18.25,1.85,19.65,9.53,0.64,28.6,75.58,104.75,5.84,21.62,3.44,5.81,81.04,2.64,290.08,205.42,0.0,01-Dec-2019 - 00:00,"Sector-7, Kurukshetra - HSPCB"
01-Dec-2019 - 00:00,29.9,16.83,1.5,18.95,12.58,0.58,47.06,89.44,118.15,5.31,17.42,2.23,4.31,67.21,2.91,280.83,84.01,0.0,02-Dec-2019 - 00:00,"Sector-7, Kurukshetra - HSPCB"
02-Dec-2019 - 00:00,36.13,20.29,1.76,26.9,12.69,0.68,47.7,104.21,145.62,6.29,18.75,2.54,5.28,65.22,2.74,281.64,199.45,0.0,03-Dec-2019 - 00:00,"Sector-7, Kurukshetra - HSPCB"
03-Dec-2019 - 00:00,47.91,32.6,9.43,25.63,16.6,1.07,39.57,139.59,191.78,9.56,24.52,5.12,10.28,63.4,2.6,279.86,200.52,0.0,04-Dec-2019 - 00:00,"Sector-7, Kurukshetra - HSPCB"
04-Dec-2019 - 00:00,68.45,48.92,16.4,32.3,15.37,1.38,36.03,164.47,253.83,12.28,29.38,8.69,18.56,68.67,1.71,177.68,199.75,0.0,05-Dec-2019 - 00:00,"Sector-7, Kurukshetra - HSPCB"
05-Dec-2019 - 00:00,73.51,65.92,34.88,34.8,9.95,1.3,28.45,171.04,265.14,13.03,21.8,5.15,10.51,81.63,1.87,188.1,157.66,0.0,06-Dec-2019 - 00:00,"Sector-7, Kurukshetra - HSPCB"
06-Dec-2019 - 00:00,50.27,37.29,13.76,35.33,13.82,1.2,24.01,116.99,179.18,10.97,28.57,5.76,11.65,76.38,2.16,270.73,202.35,0.0,07-Dec-2019 - 00:00,"Sector-7, Kurukshetra - HSPCB"
07-Dec-2019 - 00:00,52.44,34.13,8.4,34.49,13.3,1.17,21.9,130.38,189.82,11.41,30.05,6.55,13.63,77.72,1.95,258.3,195.02,0.0,08-Dec-2019 - 00:00,"Sector-7, Kurukshetra - HSPCB"
08-Dec-2019 - 00:00,61.48,48.19,19.87,31.48,15.09,1.16,21.89,127.93,192.38,11.69,25.22,4.98,10.75,76.17,2.37,238.88,190.64,0.0,09-Dec-2019 - 00:00,"Sector-7, Kurukshetra - HSPCB"
09-Dec-2019 - 00:00,46.43,27.18,2.95,33.04,11.58,1.1,35.99,160.29,211.49,10.02,21.16,3.66,7.92,74.28,2.56,287.11,176.14,0.0,10-Dec-2019 - 00:00,"Sector-7, Kurukshetra - HSPCB"
10-Dec-2019 - 00:00,51.75,39.28,15.27,39.99,16.05,1.69,32.33,196.29,283.31,13.53,31.22,7.78,15.42,78.07,1.89,271.19,183.5,0.0,11-Dec-2019 - 00:00,"Sector-7, Kurukshetra - HSPCB"
11-Dec-2019 - 00:00,79.63,82.05,50.44,31.44,12.06,1.68,27.95,215.97,322.09,17.05,32.47,9.17,17.17,80.3,1.06,172.82,177.02,0.0,12-Dec-2019 - 00:00,"Sector-7, Kurukshetra - HSPCB"
12-Dec-2019 - 00:00,43.12,27.81,6.58,19.48,13.57,1.19,23.74,176.19,236.98,12.91,22.97,4.2,6.86,85.45,2.64,116.28,71.04,0.0,13-Dec-2019 - 00:00,"Sector-7, Kurukshetra - HSPCB"
13-Dec-2019 - 00:00,16.31,9.9,1.73,7.4,5.4,0.46,36.44,34.87,59.51,3.81,15.77,1.24,2.45,94.72,3.52,132.55,66.63,0.0,14-Dec-2019 - 00:00,"Sector-7, Kurukshetra - HSPCB"
14-Dec-2019 - 00:00,21.66,13.61,2.86,7.02,6.63,0.41,24.44,23.71,42.21,4.49,15.31,1.95,3.47,88.59,2.09,160.0,164.58,0.0,15-Dec-2019 - 00:00,"Sector-7, Kurukshetra - HSPCB"
15-Dec-2019 - 00:00,24.74,15.67,2.67,12.0,4.68,0.59,31.19,54.97,96.31,6.36,13.49,2.26,3.69,90.09,3.62,290.82,230.68,0.0,16-Dec-2019 - 00:00,"Sector-7, Kurukshetra - HSPCB"
16-Dec-2019 - 00:00,19.04,11.52,2.0,14.91,4.57,0.58,20.93,76.88,103.03,7.06,16.69,2.33,4.6,98.92,3.62,298.71,55.12,0.0,17-Dec-2019 - 00:00,"Sector-7, Kurukshetra - HSPCB"
17-Dec-2019 - 00:00,18.0,11.11,2.14,8.94,2.35,0.67,23.82,102.17,127.79,6.92,17.55,2.79,4.93,95.73,3.58,303.91,111.31,0.0,18-Dec-2019 - 00:00,"Sector-7, Kurukshetra - HSPCB"
18-Dec-2019 - 00:00,22.72,13.8,2.31,16.62,4.07,0.65,24.75,84.11,121.22,6.76,15.74,2.44,3.92,95.24,2.96,228.25,106.59,0.0,19-Dec-2019 - 00:00,"Sector-7, Kurukshetra - HSPCB"
19-Dec-2019 - 00:00,50.15,39.78,16.94,25.2,4.96,0.83,18.06,113.76,162.99,8.37,17.8,2.76,4.98,92.39,2.38,167.74,125.98,0.0,20-Dec-2019 - 00:00,"Sector-7, Kurukshetra - HSPCB"
20-Dec-2019 - 00:00,52.46,34.3,8.7,39.54,9.53,1.03,16.92,160.92,220.17,10.41,21.17,4.36,7.1,94.74,3.0,290.07,119.27,0.0,21-Dec-2019 - 00:00,"Sector-7, Kurukshetra - HSPCB"
21-Dec-2019 - 00:00,41.64,25.25,4.39,47.44,6.42,1.1,14.51,120.84,184.13,10.76,16.32,4.06,5.57,99.44,3.77,302.41,91.82,0.0,22-Dec-2019 - 00:00,"Sector-7, Kurukshetra - HSPCB"
22-Dec-2019 - 00:00,28.65,17.02,2.56,27.81,4.48,1.01,16.03,115.52,152.35,11.31,15.73,2.83,5.14,99.54,3.22,298.37,65.57,0.0,23-Dec-2019 - 00:00,"Sector-7, Kurukshetra - HSPCB"
23-Dec-2019 - 00:00,17.44,11.14,2.53,15.36,3.19,0.77,14.85,102.28,141.62,7.94,15.83,2.58,4.79,99.45,2.22,291.24,93.23,0.0,24-Dec-2019 - 00:00,"Sector-7, Kurukshetra - HSPCB"
24-Dec-2019 - 00:00,23.97,15.38,3.13,15.02,7.32,0.89,15.97,98.55,146.95,8.39,11.53,2.29,3.81,99.22,3.46,245.32,138.96,0.0,25-Dec-2019 - 00:00,"Sector-7, Kurukshetra - HSPCB"
25-Dec-2019 - 00:00,21.51,13.33,2.62,14.19,3.89,0.66,14.18,114.4,183.2,7.29,8.93,3.05,3.89,99.38,4.41,310.84,88.86,0.0,26-Dec-2019 - 00:00,"Sector-7, Kurukshetra - HSPCB"
26-Dec-2019 - 00:00,21.43,12.73,1.91,14.41,5.52,0.77,21.94,135.42,195.76,9.29,18.95,16.13,17.21,99.13,3.59,273.6,77.53,0.0,27-Dec-2019 - 00:00,"Sector-7, Kurukshetra - HSPCB"
27-Dec-2019 - 00:00,25.98,17.08,4.38,11.42,8.09,0.82,13.51,153.37,229.02,8.45,13.66,2.47,3.85,99.11,2.72,222.06,90.97,0.0,28-Dec-2019 - 00:00,"Sector-7, Kurukshetra - HSPCB"
28-Dec-2019 - 00:00,22.09,13.89,2.94,11.1,6.21,0.76,17.93,121.25,187.92,7.13,12.63,2.25,3.24,98.87,3.04,179.99,149.32,0.0,29-Dec-2019 - 00:00,"Sector-7, Kurukshetra - HSPCB"
29-Dec-2019 - 00:00,20.83,13.11,2.78,12.34,8.4,0.96,17.13,92.21,144.2,9.74,15.51,2.83,3.65,99.39,3.11,262.12,149.29,0.0,30-Dec-2019 - 00:00,"Sector-7, Kurukshetra - HSPCB"
30-Dec-2019 - 00:00,25.14,18.61,6.84,16.22,6.05,1.04,12.37,103.89,162.44,9.81,15.48,3.42,5.16,94.63,2.95,183.48,140.49,0.0,31-Dec-2019 - 00:00,"Sector-7, Kurukshetra - HSPCB"
31-Dec-2019 - 00:00,20.3,11.99,1.73,15.98,6.37,1.42,11.49,181.52,254.73,15.94,15.73,2.87,3.79,99.63,3.63,114.38,,0.0,01-Jan-2020 - 00:00,"Sector-7, Kurukshetra - HSPCB"
