from date,NO2,NOx,NO,NH3,SO2,CO,Ozone,PM2.5,PM10,Benzene,Toluene,Xylene,Eth-Benzene,MP-Xylene,RH,SR,WD,WS,RF,to date,station
01-Jan-2020 - 00:00,97.12,101.55,67.02,53.03,15.88,2.56,22.09,174.59,236.61,23.18,107.0,11.86,14.18,7.71,80.99,224.45,114.19,2.04,0.0,02-Jan-2020 - 00:00,"Arya Nagar, Bahadurgarh - HSPCB"
02-Jan-2020 - 00:00,89.52,72.44,37.99,73.0,21.69,2.13,14.33,147.55,206.89,19.62,135.28,13.34,14.49,7.89,78.21,221.65,175.48,1.86,0.0,03-Jan-2020 - 00:00,"Arya Nagar, Bahadurgarh - HSPCB"
03-Jan-2020 - 00:00,78.13,41.56,8.51,65.71,15.94,1.49,24.45,99.31,132.4,12.83,45.69,4.83,6.84,3.65,83.53,222.28,207.08,1.76,0.0,04-Jan-2020 - 00:00,"Arya Nagar, Bahadurgarh - HSPCB"
04-Jan-2020 - 00:00,79.6,64.98,37.64,60.29,10.5,1.64,23.81,79.22,121.34,11.38,37.55,3.85,5.9,3.54,80.06,222.7,244.56,2.03,0.0,05-Jan-2020 - 00:00,"Arya Nagar, Bahadurgarh - HSPCB"
05-Jan-2020 - 00:00,52.57,23.63,6.67,27.36,10.28,1.61,19.59,79.67,106.5,7.07,28.37,1.47,3.02,1.49,77.47,238.43,244.04,2.28,0.0,06-Jan-2020 - 00:00,"Arya Nagar, Bahadurgarh - HSPCB"
06-Jan-2020 - 00:00,59.63,38.93,16.92,35.13,8.76,1.92,10.57,78.41,116.8,9.1,38.49,3.26,5.05,2.4,87.53,119.54,157.96,2.32,0.0,07-Jan-2020 - 00:00,"Arya Nagar, Bahadurgarh - HSPCB"
07-Jan-2020 - 00:00,73.25,53.28,21.92,36.21,7.11,2.24,7.08,65.68,97.01,11.38,42.97,5.99,9.2,4.83,90.67,124.15,98.84,2.55,0.01,08-Jan-2020 - 00:00,"Arya Nagar, Bahadurgarh - HSPCB"
08-Jan-2020 - 00:00,53.71,36.24,15.42,36.37,4.56,1.77,6.72,58.91,67.9,9.6,36.26,4.0,7.32,3.87,99.04,26.33,178.56,2.43,0.04,09-Jan-2020 - 00:00,"Arya Nagar, Bahadurgarh - HSPCB"
09-Jan-2020 - 00:00,37.47,15.46,4.43,22.99,4.68,1.28,13.48,40.72,56.63,6.04,27.31,1.3,2.68,1.46,95.41,171.75,300.22,2.59,0.0,10-Jan-2020 - 00:00,"Arya Nagar, Bahadurgarh - HSPCB"
10-Jan-2020 - 00:00,53.28,30.83,14.67,21.73,4.82,1.75,13.99,54.7,78.86,7.14,22.69,1.36,2.48,1.27,86.98,231.82,287.1,2.4,0.0,11-Jan-2020 - 00:00,"Arya Nagar, Bahadurgarh - HSPCB"
11-Jan-2020 - 00:00,78.41,35.2,6.14,26.93,9.86,1.91,12.5,67.96,105.99,8.05,27.63,1.76,3.28,1.6,74.52,254.15,280.79,2.07,0.0,12-Jan-2020 - 00:00,"Arya Nagar, Bahadurgarh - HSPCB"
12-Jan-2020 - 00:00,60.5,84.52,77.51,38.57,14.18,3.0,10.67,87.88,146.57,11.57,36.55,3.64,6.45,3.12,79.59,190.33,218.94,1.79,0.0,13-Jan-2020 - 00:00,"Arya Nagar, Bahadurgarh - HSPCB"
13-Jan-2020 - 00:00,57.19,66.47,55.92,44.97,18.39,3.17,19.03,99.08,162.51,14.72,46.13,8.43,12.7,6.72,85.48,129.43,169.0,2.78,0.01,14-Jan-2020 - 00:00,"Arya Nagar, Bahadurgarh - HSPCB"
14-Jan-2020 - 00:00,44.03,10.36,0.54,27.7,8.39,1.89,18.99,37.78,46.76,6.7,30.04,1.33,2.57,1.34,94.41,167.63,299.77,2.47,0.0,15-Jan-2020 - 00:00,"Arya Nagar, Bahadurgarh - HSPCB"
15-Jan-2020 - 00:00,51.95,21.95,8.67,34.8,9.91,1.45,17.9,50.53,68.59,8.61,30.12,3.38,4.57,2.9,91.04,247.22,261.43,2.15,0.0,16-Jan-2020 - 00:00,"Arya Nagar, Bahadurgarh - HSPCB"
16-Jan-2020 - 00:00,51.18,18.01,2.62,39.16,6.57,1.22,9.88,61.05,74.15,7.38,32.19,2.01,3.42,1.39,97.6,95.01,249.52,1.96,0.08,17-Jan-2020 - 00:00,"Arya Nagar, Bahadurgarh - HSPCB"
17-Jan-2020 - 00:00,51.38,23.3,6.31,41.91,6.91,1.57,8.7,64.01,80.15,8.92,36.01,3.1,4.01,1.5,98.81,249.15,255.39,2.1,0.0,18-Jan-2020 - 00:00,"Arya Nagar, Bahadurgarh - HSPCB"
18-Jan-2020 - 00:00,57.73,27.2,5.11,38.62,7.17,1.56,9.28,61.83,88.47,10.68,48.2,4.37,5.97,2.39,97.9,140.27,249.62,1.73,0.0,19-Jan-2020 - 00:00,"Arya Nagar, Bahadurgarh - HSPCB"
19-Jan-2020 - 00:00,42.57,11.55,2.16,31.88,3.27,1.29,13.29,54.48,68.14,6.71,25.38,1.36,2.23,0.98,97.41,227.49,280.68,2.7,0.0,20-Jan-2020 - 00:00,"Arya Nagar, Bahadurgarh - HSPCB"
20-Jan-2020 - 00:00,46.63,27.88,15.97,36.58,3.8,1.76,10.67,60.37,81.92,8.56,22.35,1.41,3.0,1.22,98.88,162.02,252.71,1.99,0.0,21-Jan-2020 - 00:00,"Arya Nagar, Bahadurgarh - HSPCB"
21-Jan-2020 - 00:00,66.17,74.61,56.07,64.24,8.74,2.63,12.21,84.86,172.32,16.7,73.33,8.66,10.94,4.77,94.94,203.56,116.86,1.91,0.0,22-Jan-2020 - 00:00,"Arya Nagar, Bahadurgarh - HSPCB"
22-Jan-2020 - 00:00,59.28,34.78,11.48,49.47,4.94,1.98,5.5,-444.4,149.73,13.81,58.23,5.88,7.11,3.23,98.62,146.31,276.57,2.19,0.0,23-Jan-2020 - 00:00,"Arya Nagar, Bahadurgarh - HSPCB"
23-Jan-2020 - 00:00,50.21,18.29,1.71,32.2,4.78,1.03,13.12,,90.25,5.34,16.24,0.89,1.71,0.73,74.98,308.05,288.31,3.51,0.0,24-Jan-2020 - 00:00,"Arya Nagar, Bahadurgarh - HSPCB"
24-Jan-2020 - 00:00,40.55,30.5,20.97,30.13,2.43,0.97,16.32,,83.48,4.52,12.59,0.58,1.02,0.47,63.37,338.51,273.15,3.31,0.0,25-Jan-2020 - 00:00,"Arya Nagar, Bahadurgarh - HSPCB"
25-Jan-2020 - 00:00,50.3,57.52,46.36,45.23,8.28,1.34,17.17,,108.4,7.57,36.73,2.68,3.99,1.53,74.22,288.47,250.44,1.86,0.0,26-Jan-2020 - 00:00,"Arya Nagar, Bahadurgarh - HSPCB"
26-Jan-2020 - 00:00,49.61,60.46,50.06,57.16,7.84,1.57,16.95,,126.94,9.72,38.18,3.52,5.86,2.38,77.33,275.92,273.2,2.06,0.0,27-Jan-2020 - 00:00,"Arya Nagar, Bahadurgarh - HSPCB"
27-Jan-2020 - 00:00,53.1,83.69,77.4,63.31,9.8,2.53,21.04,,151.24,11.46,41.54,6.92,9.65,5.94,82.66,107.05,106.39,2.47,0.01,28-Jan-2020 - 00:00,"Arya Nagar, Bahadurgarh - HSPCB"
28-Jan-2020 - 00:00,58.1,25.11,2.25,35.82,7.59,2.26,24.7,,68.15,7.8,31.79,3.22,5.05,3.3,91.22,107.26,123.56,3.18,0.04,29-Jan-2020 - 00:00,"Arya Nagar, Bahadurgarh - HSPCB"
29-Jan-2020 - 00:00,48.07,25.68,9.15,27.58,6.99,1.78,20.32,,62.17,6.74,31.72,2.39,3.22,2.05,84.32,299.21,242.47,2.32,0.0,30-Jan-2020 - 00:00,"Arya Nagar, Bahadurgarh - HSPCB"
30-Jan-2020 - 00:00,42.61,17.94,5.09,24.09,8.11,1.91,17.35,,70.84,6.83,26.53,1.83,2.74,1.67,86.59,266.41,290.84,2.67,0.0,31-Jan-2020 - 00:00,"Arya Nagar, Bahadurgarh - HSPCB"
31-Jan-2020 - 00:00,36.9,33.99,23.78,19.43,8.16,2.21,13.81,,66.38,7.84,27.03,2.04,3.14,1.84,88.19,220.78,238.67,2.18,0.0,01-Feb-2020 - 00:00,"Arya Nagar, Bahadurgarh - HSPCB"
01-Feb-2020 - 00:00,27.59,37.77,33.41,23.87,9.02,2.39,17.41,,103.79,11.46,62.47,4.97,6.32,4.0,84.96,291.4,239.11,2.18,0.0,02-Feb-2020 - 00:00,"Arya Nagar, Bahadurgarh - HSPCB"
02-Feb-2020 - 00:00,26.9,24.34,16.67,22.46,5.8,1.97,17.01,,78.08,7.72,27.65,1.48,2.56,1.69,86.41,254.19,275.31,2.33,0.0,03-Feb-2020 - 00:00,"Arya Nagar, Bahadurgarh - HSPCB"
03-Feb-2020 - 00:00,20.7,36.21,35.97,21.12,10.53,2.57,17.31,,111.53,10.95,27.92,2.17,3.84,2.31,73.63,312.88,221.25,1.94,0.0,04-Feb-2020 - 00:00,"Arya Nagar, Bahadurgarh - HSPCB"
04-Feb-2020 - 00:00,11.69,73.01,89.57,28.07,19.94,3.67,20.16,,209.69,23.03,96.29,12.56,16.42,11.19,67.79,293.59,100.92,2.19,0.0,05-Feb-2020 - 00:00,"Arya Nagar, Bahadurgarh - HSPCB"
05-Feb-2020 - 00:00,17.55,25.13,26.51,23.02,12.86,1.79,23.68,,116.52,8.11,26.07,3.51,2.93,2.37,77.58,304.43,295.93,2.54,0.0,06-Feb-2020 - 00:00,"Arya Nagar, Bahadurgarh - HSPCB"
06-Feb-2020 - 00:00,18.5,18.92,17.78,21.05,10.89,1.26,18.78,,89.17,7.87,26.91,2.07,3.32,1.73,78.28,279.41,230.81,2.07,0.0,07-Feb-2020 - 00:00,"Arya Nagar, Bahadurgarh - HSPCB"
07-Feb-2020 - 00:00,12.61,76.29,100.6,16.44,14.66,1.7,17.83,,162.9,14.32,70.74,6.86,8.06,4.84,76.85,276.29,252.6,2.05,0.0,08-Feb-2020 - 00:00,"Arya Nagar, Bahadurgarh - HSPCB"
08-Feb-2020 - 00:00,18.23,11.72,9.79,16.1,17.1,1.24,18.35,,117.55,8.8,32.43,1.88,2.77,1.55,78.4,295.45,290.38,2.51,0.0,09-Feb-2020 - 00:00,"Arya Nagar, Bahadurgarh - HSPCB"
09-Feb-2020 - 00:00,14.05,37.19,48.48,13.47,10.93,1.35,19.04,,125.34,8.8,31.8,1.82,3.21,1.82,74.3,294.32,282.68,2.04,0.0,10-Feb-2020 - 00:00,"Arya Nagar, Bahadurgarh - HSPCB"
10-Feb-2020 - 00:00,15.0,26.8,34.13,15.0,16.75,1.53,19.62,,141.18,10.06,35.22,2.28,3.8,2.02,73.1,288.53,277.15,2.01,0.0,11-Feb-2020 - 00:00,"Arya Nagar, Bahadurgarh - HSPCB"
11-Feb-2020 - 00:00,14.71,52.12,69.18,16.41,16.62,1.67,20.48,,160.09,10.69,48.37,3.06,4.91,2.62,73.77,306.3,280.59,1.91,0.0,12-Feb-2020 - 00:00,"Arya Nagar, Bahadurgarh - HSPCB"
12-Feb-2020 - 00:00,18.26,19.67,21.84,16.13,19.24,1.37,19.71,,145.06,8.65,26.46,1.66,3.21,1.66,78.39,317.32,273.35,3.02,0.0,13-Feb-2020 - 00:00,"Arya Nagar, Bahadurgarh - HSPCB"
13-Feb-2020 - 00:00,22.97,4.48,1.1,16.88,12.67,1.04,19.97,,84.6,6.25,19.84,0.86,1.67,1.01,57.76,356.82,274.98,3.23,0.0,14-Feb-2020 - 00:00,"Arya Nagar, Bahadurgarh - HSPCB"
14-Feb-2020 - 00:00,22.8,5.14,1.92,16.71,9.09,0.9,19.93,22.61,91.26,5.29,18.46,0.81,1.26,0.75,67.94,291.48,288.5,3.88,0.0,15-Feb-2020 - 00:00,"Arya Nagar, Bahadurgarh - HSPCB"
15-Feb-2020 - 00:00,23.64,8.0,2.93,16.17,16.23,1.51,20.9,45.06,85.53,6.29,15.04,0.79,1.28,0.79,56.25,353.53,282.16,3.47,0.0,16-Feb-2020 - 00:00,"Arya Nagar, Bahadurgarh - HSPCB"
16-Feb-2020 - 00:00,20.6,22.37,19.28,18.17,36.91,3.09,24.89,96.89,131.07,9.25,24.41,2.09,3.4,1.84,56.3,346.08,272.67,2.39,0.0,17-Feb-2020 - 00:00,"Arya Nagar, Bahadurgarh - HSPCB"
17-Feb-2020 - 00:00,14.94,45.16,49.13,15.35,26.91,1.75,23.19,107.22,152.04,8.81,19.65,2.81,4.55,2.73,64.12,342.82,265.2,2.49,0.0,18-Feb-2020 - 00:00,"Arya Nagar, Bahadurgarh - HSPCB"
18-Feb-2020 - 00:00,16.9,28.28,27.61,5.87,34.56,0.79,16.26,85.28,141.23,9.14,20.36,1.12,2.54,1.36,55.31,355.81,255.49,2.48,0.0,19-Feb-2020 - 00:00,"Arya Nagar, Bahadurgarh - HSPCB"
19-Feb-2020 - 00:00,14.22,59.21,72.74,9.19,16.85,1.11,23.83,98.48,175.53,11.86,36.63,7.26,9.32,4.84,56.05,314.65,119.06,3.11,0.0,20-Feb-2020 - 00:00,"Arya Nagar, Bahadurgarh - HSPCB"
20-Feb-2020 - 00:00,20.9,9.51,2.09,9.98,10.66,0.61,31.47,68.27,155.76,7.49,20.18,2.19,3.28,1.74,44.06,304.04,116.46,4.15,0.0,21-Feb-2020 - 00:00,"Arya Nagar, Bahadurgarh - HSPCB"
21-Feb-2020 - 00:00,21.29,8.08,1.21,8.45,12.31,0.5,26.9,39.23,55.59,6.57,40.31,2.36,2.96,1.61,84.37,164.62,86.89,4.85,0.0,22-Feb-2020 - 00:00,"Arya Nagar, Bahadurgarh - HSPCB"
22-Feb-2020 - 00:00,15.76,10.3,4.6,8.78,23.85,0.65,23.4,61.09,79.98,8.76,36.92,3.31,4.51,2.61,79.6,281.08,91.98,2.9,0.0,23-Feb-2020 - 00:00,"Arya Nagar, Bahadurgarh - HSPCB"
23-Feb-2020 - 00:00,10.72,15.14,12.29,7.23,40.03,0.75,24.21,94.58,115.75,9.25,34.56,2.85,4.01,2.12,78.06,299.93,232.05,2.11,0.0,24-Feb-2020 - 00:00,"Arya Nagar, Bahadurgarh - HSPCB"
24-Feb-2020 - 00:00,10.72,15.81,13.53,7.37,23.72,0.68,22.94,72.28,105.17,8.64,34.08,2.47,3.73,2.01,74.52,311.71,265.04,2.1,0.0,25-Feb-2020 - 00:00,"Arya Nagar, Bahadurgarh - HSPCB"
25-Feb-2020 - 00:00,7.02,29.62,33.12,5.45,19.94,0.91,20.53,88.01,122.88,10.83,43.3,3.69,4.4,2.3,79.72,291.41,272.39,2.14,0.0,26-Feb-2020 - 00:00,"Arya Nagar, Bahadurgarh - HSPCB"
26-Feb-2020 - 00:00,9.27,36.09,41.56,6.03,17.97,1.0,22.35,99.55,168.08,11.11,37.89,4.61,5.54,3.03,75.88,312.89,200.43,2.4,0.0,27-Feb-2020 - 00:00,"Arya Nagar, Bahadurgarh - HSPCB"
27-Feb-2020 - 00:00,10.36,33.23,37.81,7.48,16.66,1.01,24.6,103.09,163.7,11.66,42.08,6.68,8.07,4.65,75.08,274.49,108.57,2.7,0.0,28-Feb-2020 - 00:00,"Arya Nagar, Bahadurgarh - HSPCB"
28-Feb-2020 - 00:00,14.76,5.3,1.57,6.97,6.8,0.56,32.89,70.71,114.93,7.42,20.49,3.07,3.7,2.05,74.2,283.34,116.61,4.29,0.0,29-Feb-2020 - 00:00,"Arya Nagar, Bahadurgarh - HSPCB"
29-Feb-2020 - 00:00,14.48,5.52,1.71,5.35,7.29,0.53,29.33,52.52,89.54,7.03,23.44,2.66,3.35,1.91,72.09,208.67,100.96,4.98,0.08,01-Mar-2020 - 00:00,"Arya Nagar, Bahadurgarh - HSPCB"
01-Mar-2020 - 00:00,14.05,7.06,3.1,4.33,16.88,0.55,26.78,35.64,54.02,6.58,26.91,2.6,3.98,2.09,73.96,359.93,150.64,2.94,0.0,02-Mar-2020 - 00:00,"Arya Nagar, Bahadurgarh - HSPCB"
02-Mar-2020 - 00:00,10.62,31.29,35.23,5.02,32.27,0.88,25.58,100.81,140.61,10.55,42.08,5.41,7.4,3.81,76.01,327.04,254.14,2.31,0.0,03-Mar-2020 - 00:00,"Arya Nagar, Bahadurgarh - HSPCB"
03-Mar-2020 - 00:00,11.08,22.83,24.21,3.77,41.29,0.69,24.24,90.78,138.99,9.45,31.18,3.47,4.63,2.29,66.18,372.15,221.71,2.94,0.0,04-Mar-2020 - 00:00,"Arya Nagar, Bahadurgarh - HSPCB"
04-Mar-2020 - 00:00,12.18,48.21,57.47,38.57,15.7,0.78,26.69,83.99,161.15,10.06,56.5,5.44,5.88,3.52,67.62,296.17,133.96,4.08,0.0,05-Mar-2020 - 00:00,"Arya Nagar, Bahadurgarh - HSPCB"
05-Mar-2020 - 00:00,20.68,13.19,3.38,62.7,7.9,0.41,26.85,31.09,45.22,5.26,24.62,2.4,3.02,1.65,71.64,235.39,109.74,4.67,0.08,06-Mar-2020 - 00:00,"Arya Nagar, Bahadurgarh - HSPCB"
06-Mar-2020 - 00:00,20.22,15.06,5.41,46.5,5.42,0.45,23.39,20.43,26.93,5.7,29.11,2.99,3.69,2.45,88.92,345.57,113.63,5.2,0.21,07-Mar-2020 - 00:00,"Arya Nagar, Bahadurgarh - HSPCB"
07-Mar-2020 - 00:00,18.84,19.13,10.39,12.96,12.48,0.62,25.35,35.65,56.09,6.48,33.92,3.22,4.35,2.34,87.52,247.12,151.07,3.32,0.0,08-Mar-2020 - 00:00,"Arya Nagar, Bahadurgarh - HSPCB"
08-Mar-2020 - 00:00,23.96,31.8,18.05,35.78,20.89,0.8,22.66,66.06,95.36,9.96,51.31,7.26,7.54,4.13,79.85,361.8,252.59,3.24,0.0,09-Mar-2020 - 00:00,"Arya Nagar, Bahadurgarh - HSPCB"
09-Mar-2020 - 00:00,14.92,8.01,3.59,12.76,2.67,0.44,21.89,43.38,69.43,5.9,24.47,2.0,2.82,1.48,71.31,443.75,291.34,4.1,0.0,10-Mar-2020 - 00:00,"Arya Nagar, Bahadurgarh - HSPCB"
10-Mar-2020 - 00:00,13.31,6.9,3.74,14.09,8.56,0.61,28.91,61.19,87.26,6.84,32.07,1.88,2.6,1.38,77.28,229.38,208.56,3.17,0.0,11-Mar-2020 - 00:00,"Arya Nagar, Bahadurgarh - HSPCB"
11-Mar-2020 - 00:00,14.41,7.64,3.68,11.81,5.49,0.49,32.55,45.07,65.96,6.47,28.91,2.65,3.63,2.27,72.52,271.78,118.4,4.62,0.01,12-Mar-2020 - 00:00,"Arya Nagar, Bahadurgarh - HSPCB"
12-Mar-2020 - 00:00,18.36,15.91,7.69,7.58,10.15,0.65,24.62,53.64,118.37,7.24,25.98,3.46,4.65,2.47,62.33,401.5,136.84,4.12,0.0,13-Mar-2020 - 00:00,"Arya Nagar, Bahadurgarh - HSPCB"
13-Mar-2020 - 00:00,19.25,17.3,7.9,34.72,21.47,0.51,18.4,69.85,152.66,7.11,22.06,3.82,5.09,2.66,58.05,445.46,231.58,3.11,0.0,14-Mar-2020 - 00:00,"Arya Nagar, Bahadurgarh - HSPCB"
14-Mar-2020 - 00:00,12.38,6.68,3.98,45.07,12.57,0.82,79.77,53.03,100.05,5.5,19.77,1.92,2.23,1.27,70.12,316.88,191.75,3.66,0.0,15-Mar-2020 - 00:00,"Arya Nagar, Bahadurgarh - HSPCB"
15-Mar-2020 - 00:00,21.44,30.09,19.06,57.16,20.26,0.66,41.8,72.72,110.02,7.87,38.87,3.41,4.19,2.32,84.59,153.48,215.96,2.7,0.0,16-Mar-2020 - 00:00,"Arya Nagar, Bahadurgarh - HSPCB"
16-Mar-2020 - 00:00,20.51,7.68,2.38,36.68,13.03,0.5,44.32,56.56,85.86,5.89,24.53,2.25,2.8,1.58,73.86,424.13,304.44,3.18,0.0,17-Mar-2020 - 00:00,"Arya Nagar, Bahadurgarh - HSPCB"
17-Mar-2020 - 00:00,35.77,17.25,6.55,35.09,13.1,0.62,35.04,54.71,103.99,7.2,31.64,2.96,3.5,2.08,52.17,484.55,299.45,3.29,0.0,18-Mar-2020 - 00:00,"Arya Nagar, Bahadurgarh - HSPCB"
18-Mar-2020 - 00:00,26.48,11.51,4.5,29.99,18.02,0.63,42.7,60.22,109.17,7.02,36.79,2.72,3.53,1.84,61.89,401.05,300.62,3.41,0.0,19-Mar-2020 - 00:00,"Arya Nagar, Bahadurgarh - HSPCB"
19-Mar-2020 - 00:00,43.6,30.48,17.89,39.46,27.13,0.85,41.5,83.06,143.9,8.74,31.98,2.52,3.4,1.75,75.63,299.65,223.7,2.9,0.0,20-Mar-2020 - 00:00,"Arya Nagar, Bahadurgarh - HSPCB"
20-Mar-2020 - 00:00,60.95,28.24,7.0,30.72,22.03,0.95,48.19,88.36,163.94,10.22,58.8,5.76,5.92,3.37,60.2,353.55,122.16,3.09,0.0,21-Mar-2020 - 00:00,"Arya Nagar, Bahadurgarh - HSPCB"
21-Mar-2020 - 00:00,40.76,14.6,2.93,34.33,25.38,0.74,39.19,79.85,126.51,8.45,42.08,3.58,4.4,2.29,60.37,357.19,257.33,2.97,0.0,22-Mar-2020 - 00:00,"Arya Nagar, Bahadurgarh - HSPCB"
22-Mar-2020 - 00:00,37.83,15.06,3.88,30.14,26.19,0.73,38.61,89.42,122.81,9.71,48.87,3.24,2.83,1.62,60.81,411.18,229.7,3.12,0.0,23-Mar-2020 - 00:00,"Arya Nagar, Bahadurgarh - HSPCB"
23-Mar-2020 - 00:00,27.4,6.86,1.28,25.42,26.35,0.59,36.3,50.86,72.32,6.99,20.59,1.31,1.31,4.05,53.54,333.72,197.89,2.63,0.0,24-Mar-2020 - 00:00,"Arya Nagar, Bahadurgarh - HSPCB"
24-Mar-2020 - 00:00,28.35,6.52,1.44,25.05,16.72,0.61,52.42,52.08,79.19,6.97,19.44,1.27,1.88,1.88,55.13,298.56,131.56,3.05,0.01,25-Mar-2020 - 00:00,"Arya Nagar, Bahadurgarh - HSPCB"
25-Mar-2020 - 00:00,22.4,3.73,1.13,25.32,15.06,0.54,37.5,34.64,54.45,6.98,20.19,1.28,1.98,1.92,,,227.81,3.03,0.0,26-Mar-2020 - 00:00,"Arya Nagar, Bahadurgarh - HSPCB"
26-Mar-2020 - 00:00,17.19,2.02,0.88,24.24,11.5,0.45,35.9,37.58,51.06,7.06,19.97,1.23,1.98,1.97,,,282.28,3.45,0.0,27-Mar-2020 - 00:00,"Arya Nagar, Bahadurgarh - HSPCB"
27-Mar-2020 - 00:00,17.07,2.33,1.14,25.9,8.69,0.35,40.15,22.27,31.75,6.9,20.25,1.22,1.98,1.92,,,171.61,3.62,0.05,28-Mar-2020 - 00:00,"Arya Nagar, Bahadurgarh - HSPCB"
28-Mar-2020 - 00:00,17.42,2.39,1.23,24.54,3.59,0.39,34.63,12.59,18.8,6.96,20.02,1.22,2.0,1.97,,,302.22,3.28,0.0,29-Mar-2020 - 00:00,"Arya Nagar, Bahadurgarh - HSPCB"
29-Mar-2020 - 00:00,15.18,1.68,1.0,17.81,6.14,0.37,35.09,27.55,39.45,6.94,20.07,1.26,1.98,1.95,,,304.67,4.18,0.0,30-Mar-2020 - 00:00,"Arya Nagar, Bahadurgarh - HSPCB"
30-Mar-2020 - 00:00,17.78,2.55,1.52,20.19,22.92,0.45,36.96,32.91,52.8,7.09,20.22,1.27,1.88,1.86,,,290.83,3.59,0.0,31-Mar-2020 - 00:00,"Arya Nagar, Bahadurgarh - HSPCB"
31-Mar-2020 - 00:00,16.99,2.91,1.88,20.4,12.06,0.42,41.99,28.77,45.58,7.02,20.36,1.27,1.79,1.78,,,273.99,3.41,0.0,01-Apr-2020 - 00:00,"Arya Nagar, Bahadurgarh - HSPCB"
01-Apr-2020 - 00:00,17.89,3.2,2.22,18.74,5.86,0.43,40.99,27.25,46.71,6.95,19.73,1.27,1.9,1.88,,,248.41,3.42,0.0,02-Apr-2020 - 00:00,"Arya Nagar, Bahadurgarh - HSPCB"
02-Apr-2020 - 00:00,15.73,1.73,0.95,17.13,7.9,0.36,38.91,28.48,44.77,6.82,20.49,1.26,1.95,1.95,,,300.44,4.15,0.0,03-Apr-2020 - 00:00,"Arya Nagar, Bahadurgarh - HSPCB"
03-Apr-2020 - 00:00,18.49,3.34,1.75,13.88,18.52,0.41,38.6,31.24,51.84,7.06,20.12,1.26,1.94,1.87,,,293.25,3.6,0.0,04-Apr-2020 - 00:00,"Arya Nagar, Bahadurgarh - HSPCB"
04-Apr-2020 - 00:00,20.59,4.07,1.87,15.23,13.84,0.5,41.55,36.55,81.45,6.82,20.19,1.22,1.89,1.89,33.59,642.23,296.81,3.26,0.0,05-Apr-2020 - 00:00,"Arya Nagar, Bahadurgarh - HSPCB"
05-Apr-2020 - 00:00,18.92,3.97,1.72,15.08,13.04,0.56,52.28,45.86,73.31,6.98,20.04,1.25,1.91,1.86,42.6,474.63,185.37,2.97,0.0,06-Apr-2020 - 00:00,"Arya Nagar, Bahadurgarh - HSPCB"
06-Apr-2020 - 00:00,19.62,4.82,2.26,17.05,15.26,0.74,49.4,59.54,93.04,7.05,20.03,1.25,1.86,1.83,40.69,532.89,254.3,2.83,0.0,07-Apr-2020 - 00:00,"Arya Nagar, Bahadurgarh - HSPCB"
07-Apr-2020 - 00:00,15.52,2.85,1.77,17.8,16.12,0.45,40.98,41.03,90.8,7.03,19.61,1.27,1.93,1.91,50.38,406.8,258.48,3.94,0.0,08-Apr-2020 - 00:00,"Arya Nagar, Bahadurgarh - HSPCB"
08-Apr-2020 - 00:00,14.4,1.93,1.19,12.86,11.22,0.36,38.59,27.79,62.31,6.94,20.56,1.25,1.94,1.84,40.19,467.13,309.02,4.14,0.0,09-Apr-2020 - 00:00,"Arya Nagar, Bahadurgarh - HSPCB"
09-Apr-2020 - 00:00,7.35,3.39,5.29,13.09,5.53,0.33,47.08,13.83,57.22,4.91,22.46,0.84,1.09,1.42,29.24,474.97,297.66,3.81,0.0,10-Apr-2020 - 00:00,"Arya Nagar, Bahadurgarh - HSPCB"
10-Apr-2020 - 00:00,12.18,4.66,3.94,11.45,8.62,0.4,46.73,27.08,64.46,6.5,32.02,1.18,1.78,3.15,22.72,483.9,192.26,2.77,0.0,11-Apr-2020 - 00:00,"Arya Nagar, Bahadurgarh - HSPCB"
11-Apr-2020 - 00:00,17.34,4.83,1.86,13.87,10.12,0.52,47.27,57.3,94.79,7.68,33.26,1.62,2.79,3.99,34.71,443.24,221.67,3.01,0.0,12-Apr-2020 - 00:00,"Arya Nagar, Bahadurgarh - HSPCB"
12-Apr-2020 - 00:00,12.71,3.29,2.86,15.87,21.53,0.48,45.18,49.47,89.06,7.43,25.37,0.94,1.41,2.95,39.68,281.67,284.74,3.66,0.0,13-Apr-2020 - 00:00,"Arya Nagar, Bahadurgarh - HSPCB"
13-Apr-2020 - 00:00,17.54,4.31,1.87,17.77,20.23,0.59,46.72,57.47,112.59,9.07,25.03,1.07,1.74,3.05,39.28,399.45,260.22,3.3,0.0,14-Apr-2020 - 00:00,"Arya Nagar, Bahadurgarh - HSPCB"
14-Apr-2020 - 00:00,22.03,5.61,1.45,18.65,18.55,0.7,44.15,72.2,143.93,9.55,30.25,1.57,2.61,3.35,33.73,305.12,175.98,2.4,0.0,15-Apr-2020 - 00:00,"Arya Nagar, Bahadurgarh - HSPCB"
15-Apr-2020 - 00:00,23.11,6.93,1.81,12.92,7.74,0.58,34.66,66.02,162.86,8.22,29.72,2.16,4.05,3.85,24.11,430.62,232.79,2.97,0.0,16-Apr-2020 - 00:00,"Arya Nagar, Bahadurgarh - HSPCB"
16-Apr-2020 - 00:00,18.89,4.24,1.9,16.75,21.53,0.46,43.01,55.53,122.77,7.46,24.36,1.34,1.97,2.65,28.35,401.44,289.15,3.87,0.0,17-Apr-2020 - 00:00,"Arya Nagar, Bahadurgarh - HSPCB"
17-Apr-2020 - 00:00,16.09,2.56,1.17,15.19,11.03,0.36,49.01,31.78,88.99,5.68,23.86,0.94,1.62,2.99,28.39,342.35,148.94,3.82,0.0,18-Apr-2020 - 00:00,"Arya Nagar, Bahadurgarh - HSPCB"
18-Apr-2020 - 00:00,15.07,3.16,2.13,18.47,8.05,0.43,62.57,32.63,77.76,6.26,29.4,1.1,1.42,2.59,37.69,516.1,84.59,4.48,0.01,19-Apr-2020 - 00:00,"Arya Nagar, Bahadurgarh - HSPCB"
19-Apr-2020 - 00:00,20.14,4.45,1.49,18.5,10.79,0.46,49.62,31.57,55.64,5.78,26.08,1.04,1.67,2.84,39.1,458.68,239.49,3.18,0.0,20-Apr-2020 - 00:00,"Arya Nagar, Bahadurgarh - HSPCB"
20-Apr-2020 - 00:00,27.64,10.08,3.11,18.36,11.6,0.62,38.12,58.49,114.85,7.76,23.48,1.64,2.93,3.55,39.96,299.32,186.14,3.82,0.0,21-Apr-2020 - 00:00,"Arya Nagar, Bahadurgarh - HSPCB"
21-Apr-2020 - 00:00,18.21,3.48,1.6,19.64,14.86,0.52,50.39,40.38,78.7,6.68,23.56,1.06,1.88,3.08,46.29,346.36,259.17,2.97,0.0,22-Apr-2020 - 00:00,"Arya Nagar, Bahadurgarh - HSPCB"
22-Apr-2020 - 00:00,28.12,7.91,1.78,16.39,20.42,0.59,48.38,53.32,108.14,8.28,26.44,1.45,2.18,2.82,35.78,535.66,240.32,2.69,0.0,23-Apr-2020 - 00:00,"Arya Nagar, Bahadurgarh - HSPCB"
23-Apr-2020 - 00:00,30.74,10.59,2.61,15.36,17.03,0.67,45.32,61.51,135.67,8.96,30.12,1.92,3.36,3.76,18.81,271.82,179.88,3.2,0.0,24-Apr-2020 - 00:00,"Arya Nagar, Bahadurgarh - HSPCB"
24-Apr-2020 - 00:00,27.38,9.09,2.41,16.0,8.29,0.59,47.54,64.43,126.19,8.16,32.46,1.75,3.1,3.63,20.29,435.71,189.56,2.48,0.0,25-Apr-2020 - 00:00,"Arya Nagar, Bahadurgarh - HSPCB"
25-Apr-2020 - 00:00,14.7,2.91,1.57,15.53,7.39,0.4,52.4,29.14,84.82,4.6,16.52,0.75,0.79,1.59,23.07,347.16,181.34,3.44,0.0,26-Apr-2020 - 00:00,"Arya Nagar, Bahadurgarh - HSPCB"
26-Apr-2020 - 00:00,18.24,3.46,1.53,19.43,6.6,0.53,73.18,39.2,96.5,4.62,19.9,0.79,0.85,1.73,54.71,372.14,111.01,4.51,0.02,27-Apr-2020 - 00:00,"Arya Nagar, Bahadurgarh - HSPCB"
27-Apr-2020 - 00:00,15.42,2.29,1.3,23.4,4.36,0.43,79.93,20.45,37.81,5.49,18.39,0.77,1.41,2.67,69.56,719.53,100.55,4.79,0.0,28-Apr-2020 - 00:00,"Arya Nagar, Bahadurgarh - HSPCB"
28-Apr-2020 - 00:00,17.45,3.19,1.36,22.96,5.62,0.57,89.33,35.53,54.03,6.17,22.02,0.89,1.43,2.52,54.35,423.25,111.48,3.18,0.0,29-Apr-2020 - 00:00,"Arya Nagar, Bahadurgarh - HSPCB"
29-Apr-2020 - 00:00,23.64,6.6,1.49,22.85,8.04,0.69,74.61,61.69,107.95,8.65,30.12,1.43,2.7,3.2,47.76,431.35,178.75,2.87,0.0,30-Apr-2020 - 00:00,"Arya Nagar, Bahadurgarh - HSPCB"
30-Apr-2020 - 00:00,18.16,3.42,1.46,22.94,7.19,0.59,85.09,58.37,108.4,7.97,24.41,1.48,2.12,3.42,44.82,417.57,156.63,2.81,0.0,01-May-2020 - 00:00,"Arya Nagar, Bahadurgarh - HSPCB"
01-May-2020 - 00:00,19.11,4.18,1.28,24.56,10.24,0.8,85.99,69.95,128.09,9.19,36.3,1.63,2.66,3.6,45.94,453.87,145.85,3.45,0.0,02-May-2020 - 00:00,"Arya Nagar, Bahadurgarh - HSPCB"
02-May-2020 - 00:00,13.28,1.71,1.21,24.7,5.63,0.64,94.87,39.05,97.76,6.0,18.14,0.85,1.4,2.85,51.69,455.07,103.41,5.16,0.0,03-May-2020 - 00:00,"Arya Nagar, Bahadurgarh - HSPCB"
03-May-2020 - 00:00,15.0,2.48,1.27,23.92,4.98,0.62,60.65,34.24,62.5,5.64,19.78,0.84,1.18,2.35,59.34,328.53,98.64,4.57,0.02,04-May-2020 - 00:00,"Arya Nagar, Bahadurgarh - HSPCB"
04-May-2020 - 00:00,15.48,4.05,3.1,21.12,4.93,0.73,6.42,22.99,36.49,5.09,28.92,0.85,1.11,2.14,55.23,541.6,92.89,3.09,0.0,05-May-2020 - 00:00,"Arya Nagar, Bahadurgarh - HSPCB"
05-May-2020 - 00:00,25.59,7.06,1.78,17.75,15.8,0.98,30.84,60.51,92.94,7.92,32.31,1.39,2.39,3.22,43.77,482.1,259.47,2.99,0.0,06-May-2020 - 00:00,"Arya Nagar, Bahadurgarh - HSPCB"
06-May-2020 - 00:00,22.79,7.02,2.99,14.82,8.79,0.85,41.68,62.0,179.2,8.25,30.62,2.19,2.2,3.38,33.25,351.6,144.84,3.26,0.0,07-May-2020 - 00:00,"Arya Nagar, Bahadurgarh - HSPCB"
07-May-2020 - 00:00,14.28,2.77,1.6,11.35,7.81,0.76,42.3,40.96,77.49,6.68,26.98,1.48,2.03,3.42,34.87,514.75,135.59,3.64,0.0,08-May-2020 - 00:00,"Arya Nagar, Bahadurgarh - HSPCB"
08-May-2020 - 00:00,24.22,7.46,2.42,17.31,9.5,0.91,43.49,63.48,112.08,8.71,31.14,1.9,2.45,2.78,40.78,336.7,170.16,3.08,0.0,09-May-2020 - 00:00,"Arya Nagar, Bahadurgarh - HSPCB"
09-May-2020 - 00:00,17.79,5.11,1.89,21.26,6.1,0.79,53.46,50.38,113.55,7.16,22.48,1.26,1.67,2.76,40.43,380.84,128.23,3.24,0.0,10-May-2020 - 00:00,"Arya Nagar, Bahadurgarh - HSPCB"
10-May-2020 - 00:00,17.87,4.43,2.36,19.33,5.16,0.99,49.52,44.23,90.26,6.83,22.62,1.2,1.53,2.53,50.85,303.08,106.98,4.11,0.0,11-May-2020 - 00:00,"Arya Nagar, Bahadurgarh - HSPCB"
11-May-2020 - 00:00,18.65,3.84,1.21,19.8,4.92,0.68,49.61,38.82,77.54,7.34,23.68,1.52,2.47,3.23,51.88,402.77,112.52,3.74,0.0,12-May-2020 - 00:00,"Arya Nagar, Bahadurgarh - HSPCB"
12-May-2020 - 00:00,78.02,115.17,208.89,212.26,16.18,0.2,52.13,40.49,89.97,13.38,34.75,3.88,3.36,5.06,57.82,330.25,87.74,3.66,0.0,13-May-2020 - 00:00,"Arya Nagar, Bahadurgarh - HSPCB"
13-May-2020 - 00:00,70.51,202.69,209.25,140.64,12.36,1.53,41.71,75.41,158.62,7.64,15.33,1.15,0.71,1.2,52.78,211.09,197.29,2.78,0.0,14-May-2020 - 00:00,"Arya Nagar, Bahadurgarh - HSPCB"
14-May-2020 - 00:00,18.37,13.32,8.88,33.44,6.07,0.67,25.4,54.38,93.36,7.68,24.16,1.61,2.26,2.99,51.85,455.26,147.27,2.94,0.0,15-May-2020 - 00:00,"Arya Nagar, Bahadurgarh - HSPCB"
15-May-2020 - 00:00,1.74,5.63,9.23,37.16,1.73,0.8,41.06,40.37,196.28,6.69,51.59,1.67,0.68,0.8,33.86,693.4,319.18,3.75,0.0,16-May-2020 - 00:00,"Arya Nagar, Bahadurgarh - HSPCB"
16-May-2020 - 00:00,,,,,,,,,,,,,,,,,,,,17-May-2020 - 00:00,"Arya Nagar, Bahadurgarh - HSPCB"
17-May-2020 - 00:00,,,,,,,,,,,,,,,,,,,,18-May-2020 - 00:00,"Arya Nagar, Bahadurgarh - HSPCB"
18-May-2020 - 00:00,,,,,,,,,,,,,,,,,,,,19-May-2020 - 00:00,"Arya Nagar, Bahadurgarh - HSPCB"
19-May-2020 - 00:00,,,,,,,,,,,,,,,,,,,,20-May-2020 - 00:00,"Arya Nagar, Bahadurgarh - HSPCB"
20-May-2020 - 00:00,,,,,,,,,,,,,,,,,,,,21-May-2020 - 00:00,"Arya Nagar, Bahadurgarh - HSPCB"
21-May-2020 - 00:00,10.87,2.65,1.91,16.23,4.24,0.15,38.1,28.87,90.2,3.87,15.32,0.8,1.01,1.66,8.95,420.75,303.94,5.33,0.0,22-May-2020 - 00:00,"Arya Nagar, Bahadurgarh - HSPCB"
22-May-2020 - 00:00,14.61,4.34,3.27,18.7,4.54,1.12,44.2,134.31,111.16,5.32,23.7,1.21,1.05,1.61,11.2,297.9,302.93,3.27,0.0,23-May-2020 - 00:00,"Arya Nagar, Bahadurgarh - HSPCB"
23-May-2020 - 00:00,,,,,,,,,,,,,,,,,,,,24-May-2020 - 00:00,"Arya Nagar, Bahadurgarh - HSPCB"
24-May-2020 - 00:00,,,,,,,,,,,,,,,,,,,,25-May-2020 - 00:00,"Arya Nagar, Bahadurgarh - HSPCB"
25-May-2020 - 00:00,31.05,26.4,19.95,18.35,7.29,0.47,44.5,36.49,111.09,4.61,19.53,0.99,0.48,1.05,14.24,513.79,289.46,4.2,0.0,26-May-2020 - 00:00,"Arya Nagar, Bahadurgarh - HSPCB"
26-May-2020 - 00:00,34.49,18.52,7.5,21.65,19.4,0.64,27.95,69.73,191.52,4.78,15.51,1.22,0.5,0.81,17.33,433.89,247.54,3.77,0.0,27-May-2020 - 00:00,"Arya Nagar, Bahadurgarh - HSPCB"
27-May-2020 - 00:00,31.16,11.07,2.37,18.59,6.42,0.41,46.77,47.23,146.48,5.68,24.56,1.95,1.27,1.47,14.58,479.64,175.98,3.99,0.0,28-May-2020 - 00:00,"Arya Nagar, Bahadurgarh - HSPCB"
28-May-2020 - 00:00,16.05,3.15,0.99,29.86,4.15,0.39,57.31,40.24,220.47,3.47,6.6,1.66,0.59,0.7,37.85,326.49,112.77,5.34,0.0,29-May-2020 - 00:00,"Arya Nagar, Bahadurgarh - HSPCB"
29-May-2020 - 00:00,22.11,6.22,2.59,32.1,3.26,0.35,88.67,24.47,76.44,5.94,23.09,1.9,2.34,2.18,58.81,287.08,114.97,5.48,0.04,30-May-2020 - 00:00,"Arya Nagar, Bahadurgarh - HSPCB"
30-May-2020 - 00:00,24.36,5.79,1.08,29.55,3.17,0.35,65.21,16.38,31.27,5.37,15.37,1.24,1.73,3.05,64.12,408.29,138.04,3.74,0.0,31-May-2020 - 00:00,"Arya Nagar, Bahadurgarh - HSPCB"
31-May-2020 - 00:00,20.68,5.46,2.9,39.7,3.2,0.63,51.67,14.94,31.85,6.11,21.17,1.5,0.46,1.04,78.01,42.18,167.25,4.04,0.04,01-Jun-2020 - 00:00,"Arya Nagar, Bahadurgarh - HSPCB"
01-Jun-2020 - 00:00,29.04,12.02,4.82,25.67,6.05,0.58,27.85,30.07,54.48,6.96,28.14,1.73,1.05,1.63,62.68,413.75,154.44,2.45,0.0,02-Jun-2020 - 00:00,"Arya Nagar, Bahadurgarh - HSPCB"
02-Jun-2020 - 00:00,24.82,18.43,11.84,28.31,5.61,0.51,25.1,38.04,73.97,6.45,25.79,1.76,2.29,3.21,57.93,335.46,200.66,3.28,0.0,03-Jun-2020 - 00:00,"Arya Nagar, Bahadurgarh - HSPCB"
03-Jun-2020 - 00:00,33.45,11.36,35.18,48.59,16.65,0.47,24.98,54.04,119.65,6.98,27.16,1.74,1.59,2.66,52.76,282.04,174.37,2.75,0.0,04-Jun-2020 - 00:00,"Arya Nagar, Bahadurgarh - HSPCB"
04-Jun-2020 - 00:00,72.02,63.08,74.96,72.55,34.91,0.89,23.96,70.94,148.6,15.25,32.57,3.74,3.63,4.93,55.09,244.49,167.11,2.55,0.0,05-Jun-2020 - 00:00,"Arya Nagar, Bahadurgarh - HSPCB"
05-Jun-2020 - 00:00,6.37,5.67,7.47,27.2,4.38,0.72,61.69,35.62,61.36,5.09,22.04,1.12,1.35,2.44,47.81,660.19,178.67,3.53,0.0,06-Jun-2020 - 00:00,"Arya Nagar, Bahadurgarh - HSPCB"
06-Jun-2020 - 00:00,26.57,8.81,4.08,27.14,5.63,0.56,59.39,26.92,58.43,7.28,15.22,1.58,1.26,2.32,50.03,405.97,160.77,2.59,0.0,07-Jun-2020 - 00:00,"Arya Nagar, Bahadurgarh - HSPCB"
07-Jun-2020 - 00:00,99.79,40.21,172.55,171.34,16.14,0.87,36.66,34.12,80.61,10.25,35.64,4.24,4.53,5.96,62.27,369.52,154.55,3.6,0.05,08-Jun-2020 - 00:00,"Arya Nagar, Bahadurgarh - HSPCB"
08-Jun-2020 - 00:00,42.27,9.14,0.92,29.39,12.42,0.72,32.38,42.67,72.09,8.53,37.89,2.76,4.45,5.04,55.78,464.18,183.4,3.36,0.0,09-Jun-2020 - 00:00,"Arya Nagar, Bahadurgarh - HSPCB"
09-Jun-2020 - 00:00,58.63,22.88,4.82,35.02,6.55,0.74,28.11,60.57,114.18,7.73,36.92,3.23,3.93,2.93,48.31,530.7,216.23,3.29,0.0,10-Jun-2020 - 00:00,"Arya Nagar, Bahadurgarh - HSPCB"
10-Jun-2020 - 00:00,50.42,24.54,10.99,38.0,7.6,0.87,21.88,48.88,135.49,5.27,17.67,1.21,0.7,1.04,46.89,681.07,191.79,3.17,0.0,11-Jun-2020 - 00:00,"Arya Nagar, Bahadurgarh - HSPCB"
11-Jun-2020 - 00:00,53.16,17.6,4.56,47.13,6.0,0.53,24.37,41.42,89.76,11.42,24.28,8.79,4.44,2.01,54.23,458.71,216.59,2.96,0.0,12-Jun-2020 - 00:00,"Arya Nagar, Bahadurgarh - HSPCB"
12-Jun-2020 - 00:00,55.54,27.59,12.58,52.52,7.69,0.68,24.6,58.04,129.59,9.78,23.09,1.95,1.32,0.65,50.77,276.94,119.92,3.5,0.0,13-Jun-2020 - 00:00,"Arya Nagar, Bahadurgarh - HSPCB"
13-Jun-2020 - 00:00,49.05,23.38,5.23,52.42,3.46,0.68,23.55,60.53,108.07,6.82,27.12,2.66,3.55,1.92,59.34,259.46,167.72,3.54,0.01,14-Jun-2020 - 00:00,"Arya Nagar, Bahadurgarh - HSPCB"
14-Jun-2020 - 00:00,35.87,17.11,3.36,44.38,6.23,0.73,25.65,61.67,100.0,8.3,35.55,2.8,2.89,1.55,58.43,445.48,176.86,3.25,0.0,15-Jun-2020 - 00:00,"Arya Nagar, Bahadurgarh - HSPCB"
15-Jun-2020 - 00:00,43.68,22.52,4.83,38.8,6.7,0.64,23.24,50.78,101.88,5.07,20.47,1.58,0.54,0.27,47.16,609.83,231.27,3.37,0.0,16-Jun-2020 - 00:00,"Arya Nagar, Bahadurgarh - HSPCB"
16-Jun-2020 - 00:00,39.7,19.71,3.96,37.48,4.66,0.65,28.09,46.13,94.07,6.75,32.95,3.5,0.49,0.26,51.12,398.01,122.61,3.51,0.0,17-Jun-2020 - 00:00,"Arya Nagar, Bahadurgarh - HSPCB"
17-Jun-2020 - 00:00,24.91,11.69,3.67,38.48,2.85,0.52,36.09,37.23,84.63,6.96,22.26,2.51,2.81,1.52,47.72,479.54,103.79,4.32,0.0,18-Jun-2020 - 00:00,"Arya Nagar, Bahadurgarh - HSPCB"
18-Jun-2020 - 00:00,25.43,11.29,3.04,31.97,3.62,0.52,30.28,39.06,81.93,5.92,19.91,1.96,2.68,1.45,46.16,471.54,158.56,3.88,0.0,19-Jun-2020 - 00:00,"Arya Nagar, Bahadurgarh - HSPCB"
19-Jun-2020 - 00:00,24.48,10.96,3.14,35.09,2.66,0.52,24.26,67.47,211.83,6.1,19.96,1.85,2.83,1.51,40.86,493.19,196.77,4.31,0.0,20-Jun-2020 - 00:00,"Arya Nagar, Bahadurgarh - HSPCB"
20-Jun-2020 - 00:00,28.89,10.86,2.37,38.51,3.76,0.65,23.27,46.13,114.65,5.72,14.66,2.03,2.95,2.21,58.72,264.27,193.96,4.01,0.0,21-Jun-2020 - 00:00,"Arya Nagar, Bahadurgarh - HSPCB"
21-Jun-2020 - 00:00,40.68,13.34,1.21,38.51,5.51,1.07,28.92,42.38,62.9,6.26,24.58,2.73,3.21,1.75,62.98,268.09,137.22,3.26,0.01,22-Jun-2020 - 00:00,"Arya Nagar, Bahadurgarh - HSPCB"
22-Jun-2020 - 00:00,33.04,13.31,2.99,35.53,5.11,1.18,29.01,38.49,57.79,6.18,25.58,2.13,2.89,1.61,48.96,412.15,143.8,3.7,0.0,23-Jun-2020 - 00:00,"Arya Nagar, Bahadurgarh - HSPCB"
23-Jun-2020 - 00:00,21.41,10.91,4.79,37.78,4.11,1.04,25.95,36.51,53.15,6.16,24.83,2.23,3.29,1.85,53.81,253.56,94.61,5.01,0.0,24-Jun-2020 - 00:00,"Arya Nagar, Bahadurgarh - HSPCB"
24-Jun-2020 - 00:00,18.49,9.16,4.45,31.21,3.14,1.05,25.86,31.08,41.46,5.44,19.95,1.74,2.41,1.43,65.71,422.32,105.23,4.69,0.0,25-Jun-2020 - 00:00,"Arya Nagar, Bahadurgarh - HSPCB"
25-Jun-2020 - 00:00,22.32,11.56,4.97,35.0,4.86,1.14,22.11,40.27,56.5,6.01,22.89,1.82,2.17,1.2,56.9,369.38,212.11,3.14,0.0,26-Jun-2020 - 00:00,"Arya Nagar, Bahadurgarh - HSPCB"
26-Jun-2020 - 00:00,23.5,12.63,5.52,35.97,3.96,1.32,16.85,59.39,94.22,9.04,45.85,3.22,3.7,2.18,69.83,250.2,210.72,3.72,0.0,27-Jun-2020 - 00:00,"Arya Nagar, Bahadurgarh - HSPCB"
27-Jun-2020 - 00:00,21.91,11.9,5.56,34.06,6.11,1.09,10.35,55.26,130.71,6.7,14.58,1.43,2.21,1.16,60.7,371.34,236.09,4.28,0.0,28-Jun-2020 - 00:00,"Arya Nagar, Bahadurgarh - HSPCB"
28-Jun-2020 - 00:00,30.26,18.36,8.24,40.96,4.37,0.99,9.9,82.38,308.34,5.35,16.39,1.37,2.1,1.09,62.94,38.04,245.36,4.22,0.0,29-Jun-2020 - 00:00,"Arya Nagar, Bahadurgarh - HSPCB"
29-Jun-2020 - 00:00,19.44,10.13,4.99,41.07,6.25,0.68,18.92,52.52,166.65,4.71,17.43,1.46,2.09,1.4,47.52,409.66,241.02,4.5,0.0,30-Jun-2020 - 00:00,"Arya Nagar, Bahadurgarh - HSPCB"
30-Jun-2020 - 00:00,27.87,13.73,4.18,37.61,3.75,0.53,31.76,35.72,66.44,5.47,19.42,2.41,2.78,1.58,62.36,425.26,114.96,4.06,0.0,01-Jul-2020 - 00:00,"Arya Nagar, Bahadurgarh - HSPCB"
01-Jul-2020 - 00:00,19.64,10.38,5.27,30.83,3.69,0.62,31.01,48.69,97.24,6.23,20.87,2.3,2.9,1.67,59.95,347.66,116.89,3.69,0.0,02-Jul-2020 - 00:00,"Arya Nagar, Bahadurgarh - HSPCB"
02-Jul-2020 - 00:00,10.3,6.84,6.76,10.9,3.44,0.68,26.04,56.67,112.77,6.43,21.64,2.63,3.44,1.87,56.41,482.35,185.33,3.34,0.0,03-Jul-2020 - 00:00,"Arya Nagar, Bahadurgarh - HSPCB"
03-Jul-2020 - 00:00,11.92,7.42,6.32,11.84,3.81,0.65,26.59,55.02,112.32,6.34,25.1,2.82,3.56,1.97,57.96,389.6,155.48,3.77,0.05,04-Jul-2020 - 00:00,"Arya Nagar, Bahadurgarh - HSPCB"
04-Jul-2020 - 00:00,8.27,5.59,6.41,13.99,3.4,0.55,25.84,33.27,78.55,5.2,15.77,1.74,2.36,1.36,66.3,373.09,113.93,4.72,0.0,05-Jul-2020 - 00:00,"Arya Nagar, Bahadurgarh - HSPCB"
05-Jul-2020 - 00:00,5.35,4.88,7.59,13.69,3.61,0.78,40.63,26.74,49.85,5.29,32.07,2.25,2.12,1.27,71.72,250.09,74.07,4.03,0.0,06-Jul-2020 - 00:00,"Arya Nagar, Bahadurgarh - HSPCB"
06-Jul-2020 - 00:00,6.18,4.84,7.1,12.09,3.29,0.6,28.48,34.89,58.95,5.16,29.0,2.08,3.21,1.83,77.07,401.17,79.01,3.94,0.0,07-Jul-2020 - 00:00,"Arya Nagar, Bahadurgarh - HSPCB"
07-Jul-2020 - 00:00,6.46,5.41,7.47,13.42,3.07,0.46,13.18,11.65,37.65,2.67,21.17,1.18,1.7,0.98,80.09,317.91,89.64,5.22,0.0,08-Jul-2020 - 00:00,"Arya Nagar, Bahadurgarh - HSPCB"
08-Jul-2020 - 00:00,5.38,4.69,7.14,11.87,3.37,0.54,14.78,10.73,26.56,2.8,14.27,1.56,1.6,1.24,85.55,341.15,113.1,4.38,0.0,09-Jul-2020 - 00:00,"Arya Nagar, Bahadurgarh - HSPCB"
09-Jul-2020 - 00:00,6.83,6.42,8.68,6.64,2.42,0.64,13.36,19.84,44.99,1.91,22.95,1.1,0.64,0.36,67.75,377.81,211.74,2.97,0.0,10-Jul-2020 - 00:00,"Arya Nagar, Bahadurgarh - HSPCB"
10-Jul-2020 - 00:00,3.45,4.12,7.04,5.21,1.31,0.42,13.2,19.33,56.14,1.69,23.31,0.88,1.43,0.8,66.13,413.65,237.2,4.15,0.0,11-Jul-2020 - 00:00,"Arya Nagar, Bahadurgarh - HSPCB"
11-Jul-2020 - 00:00,14.66,6.7,4.02,8.43,2.37,0.45,11.22,15.09,36.74,1.44,11.9,0.75,0.77,0.6,68.98,396.19,113.98,4.18,0.05,12-Jul-2020 - 00:00,"Arya Nagar, Bahadurgarh - HSPCB"
12-Jul-2020 - 00:00,17.21,5.16,0.91,9.61,3.38,0.39,12.74,15.07,39.68,1.44,24.4,0.76,1.06,0.59,72.94,389.51,209.95,3.96,0.01,13-Jul-2020 - 00:00,"Arya Nagar, Bahadurgarh - HSPCB"
13-Jul-2020 - 00:00,17.06,5.17,1.13,9.35,3.83,0.4,14.99,24.39,82.18,1.57,21.63,0.62,0.71,0.39,58.3,479.0,259.28,3.41,0.0,14-Jul-2020 - 00:00,"Arya Nagar, Bahadurgarh - HSPCB"
14-Jul-2020 - 00:00,17.84,6.07,1.14,8.65,3.24,0.45,11.62,34.55,102.27,1.86,35.19,0.96,0.73,0.39,65.74,428.8,195.67,3.5,0.0,15-Jul-2020 - 00:00,"Arya Nagar, Bahadurgarh - HSPCB"
15-Jul-2020 - 00:00,22.31,6.84,0.83,8.34,2.92,0.52,19.29,38.45,94.65,4.21,39.28,2.28,2.95,2.08,68.42,243.78,89.57,4.61,0.0,16-Jul-2020 - 00:00,"Arya Nagar, Bahadurgarh - HSPCB"
16-Jul-2020 - 00:00,17.84,6.2,2.59,8.5,2.63,0.41,15.56,24.45,47.81,4.52,26.56,2.28,2.88,2.09,68.1,251.69,91.63,4.42,0.0,17-Jul-2020 - 00:00,"Arya Nagar, Bahadurgarh - HSPCB"
17-Jul-2020 - 00:00,21.87,7.36,2.28,6.66,3.33,0.69,18.52,45.68,61.58,5.7,55.33,3.43,4.13,2.4,75.72,267.3,126.77,4.02,0.0,18-Jul-2020 - 00:00,"Arya Nagar, Bahadurgarh - HSPCB"
18-Jul-2020 - 00:00,23.15,8.69,3.02,9.17,2.93,0.55,7.1,39.47,79.07,4.28,34.36,1.96,0.84,0.46,78.15,277.96,100.06,3.92,0.0,19-Jul-2020 - 00:00,"Arya Nagar, Bahadurgarh - HSPCB"
19-Jul-2020 - 00:00,12.4,5.45,4.55,7.18,6.63,0.9,16.05,11.07,24.73,2.64,27.85,1.34,0.32,0.05,81.99,215.71,193.91,3.4,0.0,20-Jul-2020 - 00:00,"Arya Nagar, Bahadurgarh - HSPCB"
20-Jul-2020 - 00:00,13.43,3.58,2.44,10.94,3.55,2.51,17.6,7.43,17.78,2.97,19.64,8.72,1.53,0.76,80.31,181.57,262.62,4.26,0.01,21-Jul-2020 - 00:00,"Arya Nagar, Bahadurgarh - HSPCB"
21-Jul-2020 - 00:00,24.72,10.04,4.18,15.44,2.59,0.78,19.34,9.88,26.05,4.01,32.38,2.6,1.43,0.82,91.64,356.98,134.77,3.66,0.01,22-Jul-2020 - 00:00,"Arya Nagar, Bahadurgarh - HSPCB"
22-Jul-2020 - 00:00,18.56,6.34,3.27,12.37,2.72,0.64,6.34,13.36,26.34,2.79,22.91,1.67,1.24,0.68,93.02,171.16,218.91,3.28,0.19,23-Jul-2020 - 00:00,"Arya Nagar, Bahadurgarh - HSPCB"
23-Jul-2020 - 00:00,19.34,8.47,4.84,8.28,2.87,0.54,5.74,17.62,34.06,3.08,21.27,1.28,2.67,1.76,90.72,359.56,223.86,2.83,0.0,24-Jul-2020 - 00:00,"Arya Nagar, Bahadurgarh - HSPCB"
24-Jul-2020 - 00:00,22.85,6.74,1.6,9.62,3.4,0.84,14.82,37.37,59.05,4.16,51.75,2.74,1.4,0.77,77.64,339.06,109.83,3.78,0.0,25-Jul-2020 - 00:00,"Arya Nagar, Bahadurgarh - HSPCB"
25-Jul-2020 - 00:00,21.76,6.88,2.15,27.15,2.33,0.82,9.19,32.16,49.42,3.7,30.34,1.68,1.1,0.68,83.67,293.93,108.34,3.54,0.2,26-Jul-2020 - 00:00,"Arya Nagar, Bahadurgarh - HSPCB"
26-Jul-2020 - 00:00,25.19,11.21,4.55,35.53,3.06,1.16,16.92,35.39,56.54,4.3,42.72,2.31,1.57,0.98,69.44,430.82,133.02,2.87,0.0,27-Jul-2020 - 00:00,"Arya Nagar, Bahadurgarh - HSPCB"
27-Jul-2020 - 00:00,24.46,8.67,3.39,34.78,2.55,1.66,11.92,37.92,75.22,3.74,35.04,1.88,2.55,1.52,78.04,325.0,251.5,3.91,0.0,28-Jul-2020 - 00:00,"Arya Nagar, Bahadurgarh - HSPCB"
28-Jul-2020 - 00:00,40.68,76.06,35.47,48.91,11.05,1.51,6.91,21.42,50.81,3.72,23.81,1.82,2.28,1.07,75.46,368.07,233.85,3.88,0.0,29-Jul-2020 - 00:00,"Arya Nagar, Bahadurgarh - HSPCB"
29-Jul-2020 - 00:00,48.85,101.38,78.07,45.8,5.35,0.91,14.36,24.56,64.71,3.35,20.23,2.43,1.54,0.85,77.58,140.86,160.38,3.89,0.01,30-Jul-2020 - 00:00,"Arya Nagar, Bahadurgarh - HSPCB"
30-Jul-2020 - 00:00,21.81,7.0,3.12,42.15,6.04,0.71,22.53,18.04,31.29,2.69,27.18,2.15,2.86,1.64,85.08,282.03,184.73,3.52,0.04,31-Jul-2020 - 00:00,"Arya Nagar, Bahadurgarh - HSPCB"
31-Jul-2020 - 00:00,26.28,9.93,3.88,38.01,6.32,0.85,34.69,43.06,70.04,4.83,44.83,3.0,4.56,2.78,80.97,346.93,141.97,3.02,0.05,01-Aug-2020 - 00:00,"Arya Nagar, Bahadurgarh - HSPCB"
01-Aug-2020 - 00:00,24.02,7.59,4.23,36.29,6.18,0.76,24.65,30.11,54.38,2.73,27.3,1.98,2.74,1.54,83.55,248.69,167.93,3.13,0.0,02-Aug-2020 - 00:00,"Arya Nagar, Bahadurgarh - HSPCB"
02-Aug-2020 - 00:00,21.77,5.8,2.04,30.9,2.4,0.57,24.34,22.55,41.25,2.61,22.59,2.43,2.52,1.25,87.26,388.97,222.37,3.4,0.0,03-Aug-2020 - 00:00,"Arya Nagar, Bahadurgarh - HSPCB"
03-Aug-2020 - 00:00,20.99,4.47,1.61,32.98,2.44,0.73,15.1,27.76,43.73,2.38,20.79,0.89,0.94,0.53,82.54,290.64,213.91,4.1,0.0,04-Aug-2020 - 00:00,"Arya Nagar, Bahadurgarh - HSPCB"
04-Aug-2020 - 00:00,21.03,3.83,1.12,36.41,7.29,0.62,24.76,20.95,28.49,1.73,16.53,0.57,0.64,0.37,75.42,218.41,209.19,3.66,0.1,05-Aug-2020 - 00:00,"Arya Nagar, Bahadurgarh - HSPCB"
05-Aug-2020 - 00:00,24.48,5.11,1.06,36.3,2.99,0.78,21.62,42.06,66.86,4.06,49.57,2.67,2.26,1.32,80.37,268.58,94.04,3.96,0.0,06-Aug-2020 - 00:00,"Arya Nagar, Bahadurgarh - HSPCB"
06-Aug-2020 - 00:00,19.79,7.15,5.86,27.59,2.66,0.65,13.71,21.42,54.76,2.04,21.51,0.86,0.69,0.4,57.29,410.57,87.89,7.27,0.0,07-Aug-2020 - 00:00,"Arya Nagar, Bahadurgarh - HSPCB"
07-Aug-2020 - 00:00,18.46,6.37,3.94,4.89,2.83,0.36,6.12,16.22,30.64,1.64,20.7,0.65,1.3,0.74,77.29,318.99,104.01,7.09,0.0,08-Aug-2020 - 00:00,"Arya Nagar, Bahadurgarh - HSPCB"
08-Aug-2020 - 00:00,18.47,13.07,10.77,6.7,3.2,0.57,37.19,58.91,73.57,3.51,31.81,1.66,2.4,1.39,69.69,392.16,232.16,3.17,0.0,09-Aug-2020 - 00:00,"Arya Nagar, Bahadurgarh - HSPCB"
09-Aug-2020 - 00:00,15.08,11.93,10.52,3.6,2.57,0.37,14.37,29.55,37.8,2.25,25.35,0.86,1.8,1.16,95.03,247.85,239.03,3.66,1.17,10-Aug-2020 - 00:00,"Arya Nagar, Bahadurgarh - HSPCB"
10-Aug-2020 - 00:00,30.24,22.64,16.53,22.85,2.06,1.05,42.58,29.32,43.67,2.66,26.35,1.29,1.83,1.14,88.72,275.3,120.18,4.46,0.49,11-Aug-2020 - 00:00,"Arya Nagar, Bahadurgarh - HSPCB"
11-Aug-2020 - 00:00,26.59,20.59,15.36,18.8,2.5,0.41,65.06,35.52,44.07,4.73,29.95,2.75,4.01,2.6,93.14,249.51,214.07,3.19,0.0,12-Aug-2020 - 00:00,"Arya Nagar, Bahadurgarh - HSPCB"
12-Aug-2020 - 00:00,18.41,13.53,10.6,21.07,2.63,0.5,74.41,21.48,45.19,3.47,13.05,0.52,0.89,0.52,74.7,429.31,253.69,4.54,0.05,13-Aug-2020 - 00:00,"Arya Nagar, Bahadurgarh - HSPCB"
13-Aug-2020 - 00:00,24.85,42.12,42.04,58.02,0.89,2.41,46.47,42.18,42.39,3.76,11.66,0.48,0.14,0.08,97.06,35.31,80.93,3.17,0.26,14-Aug-2020 - 00:00,"Arya Nagar, Bahadurgarh - HSPCB"
14-Aug-2020 - 00:00,34.32,37.09,29.5,30.78,2.13,0.47,15.98,17.97,36.07,3.78,21.49,1.22,0.55,0.33,89.56,281.41,81.36,4.73,0.0,15-Aug-2020 - 00:00,"Arya Nagar, Bahadurgarh - HSPCB"
15-Aug-2020 - 00:00,45.03,39.53,54.87,64.36,7.66,0.55,10.15,29.52,49.31,3.4,21.22,1.07,1.94,0.91,94.33,390.57,95.94,4.56,0.0,16-Aug-2020 - 00:00,"Arya Nagar, Bahadurgarh - HSPCB"
16-Aug-2020 - 00:00,28.37,25.01,17.98,35.25,3.45,0.19,24.81,20.88,30.41,1.46,12.18,0.3,0.03,0.01,91.36,97.34,144.78,3.83,0.4,17-Aug-2020 - 00:00,"Arya Nagar, Bahadurgarh - HSPCB"
17-Aug-2020 - 00:00,31.53,24.01,15.29,31.24,3.04,0.66,12.47,25.86,41.99,9.57,7.75,4.41,0.59,0.64,97.31,256.17,117.61,3.97,0.06,18-Aug-2020 - 00:00,"Arya Nagar, Bahadurgarh - HSPCB"
18-Aug-2020 - 00:00,33.4,21.4,13.61,29.67,2.03,0.65,8.27,28.46,46.81,0.52,1.95,0.09,0.02,0.01,93.63,255.9,136.25,3.74,0.01,19-Aug-2020 - 00:00,"Arya Nagar, Bahadurgarh - HSPCB"
19-Aug-2020 - 00:00,50.13,18.44,4.3,52.26,2.66,1.01,8.53,21.22,30.56,2.14,5.7,0.15,0.11,0.05,98.86,41.79,124.28,4.02,0.04,20-Aug-2020 - 00:00,"Arya Nagar, Bahadurgarh - HSPCB"
20-Aug-2020 - 00:00,35.09,17.55,8.2,46.08,2.8,1.15,23.29,43.54,51.55,5.85,21.01,1.65,1.13,0.68,97.33,219.09,99.55,3.78,0.02,21-Aug-2020 - 00:00,"Arya Nagar, Bahadurgarh - HSPCB"
21-Aug-2020 - 00:00,33.78,9.8,1.9,49.04,2.1,0.47,23.16,17.34,30.25,6.07,55.28,3.49,2.87,1.91,72.57,400.85,89.62,5.18,0.0,22-Aug-2020 - 00:00,"Arya Nagar, Bahadurgarh - HSPCB"
22-Aug-2020 - 00:00,27.12,6.37,1.45,44.78,2.92,0.36,11.38,22.24,45.15,3.09,44.43,3.3,3.01,2.01,82.42,455.24,76.71,5.91,0.0,23-Aug-2020 - 00:00,"Arya Nagar, Bahadurgarh - HSPCB"
23-Aug-2020 - 00:00,28.94,6.84,2.36,45.1,2.99,0.34,12.22,19.72,36.94,1.28,27.35,3.14,2.66,1.78,85.27,170.89,84.38,5.77,0.0,24-Aug-2020 - 00:00,"Arya Nagar, Bahadurgarh - HSPCB"
24-Aug-2020 - 00:00,29.35,7.21,1.54,48.21,4.8,0.29,9.02,11.23,25.88,1.1,22.32,3.15,2.96,1.99,89.7,171.43,105.61,5.16,0.0,25-Aug-2020 - 00:00,"Arya Nagar, Bahadurgarh - HSPCB"
25-Aug-2020 - 00:00,29.43,8.53,2.14,49.31,9.64,0.31,11.85,13.61,34.56,2.23,18.61,3.32,3.07,2.11,89.23,235.36,138.72,2.66,0.0,26-Aug-2020 - 00:00,"Arya Nagar, Bahadurgarh - HSPCB"
26-Aug-2020 - 00:00,34.53,8.79,2.18,49.19,2.01,0.3,11.47,12.8,33.17,2.03,16.65,3.36,3.1,2.11,82.71,329.49,229.15,2.18,0.0,27-Aug-2020 - 00:00,"Arya Nagar, Bahadurgarh - HSPCB"
27-Aug-2020 - 00:00,31.17,7.82,2.51,47.0,2.41,0.35,11.88,18.28,40.92,2.33,16.8,3.35,2.82,1.89,75.95,421.62,263.4,2.12,0.0,28-Aug-2020 - 00:00,"Arya Nagar, Bahadurgarh - HSPCB"
28-Aug-2020 - 00:00,37.75,16.47,6.09,54.71,2.67,0.58,7.64,27.42,65.89,4.36,19.37,3.42,3.15,2.15,87.47,357.84,189.84,2.12,0.0,29-Aug-2020 - 00:00,"Arya Nagar, Bahadurgarh - HSPCB"
29-Aug-2020 - 00:00,41.3,17.99,4.92,63.81,3.15,0.76,21.67,40.81,69.66,5.3,20.92,3.51,3.05,2.11,79.96,290.14,100.41,2.27,0.0,30-Aug-2020 - 00:00,"Arya Nagar, Bahadurgarh - HSPCB"
30-Aug-2020 - 00:00,33.77,7.06,0.94,49.96,2.48,0.35,10.74,26.91,55.7,3.32,17.69,3.44,3.15,2.15,82.65,195.59,88.7,4.8,0.0,31-Aug-2020 - 00:00,"Arya Nagar, Bahadurgarh - HSPCB"
31-Aug-2020 - 00:00,38.69,5.69,0.83,41.5,2.61,0.27,9.57,9.93,21.81,2.02,14.35,3.59,3.35,2.33,83.97,189.45,129.22,4.08,0.0,01-Sep-2020 - 00:00,"Arya Nagar, Bahadurgarh - HSPCB"
01-Sep-2020 - 00:00,42.29,8.16,1.19,38.94,2.63,0.27,16.51,13.26,36.11,2.03,13.49,4.36,4.1,3.09,76.01,295.73,170.79,2.66,0.0,02-Sep-2020 - 00:00,"Arya Nagar, Bahadurgarh - HSPCB"
02-Sep-2020 - 00:00,43.58,9.09,1.37,40.71,2.81,0.45,28.92,21.14,52.93,2.81,15.24,4.37,4.14,3.13,76.78,275.57,176.64,1.97,0.0,03-Sep-2020 - 00:00,"Arya Nagar, Bahadurgarh - HSPCB"
03-Sep-2020 - 00:00,46.54,14.66,6.03,46.63,2.66,0.56,18.65,35.41,75.94,2.33,13.92,4.02,3.64,2.98,74.98,309.63,102.13,3.32,0.0,04-Sep-2020 - 00:00,"Arya Nagar, Bahadurgarh - HSPCB"
04-Sep-2020 - 00:00,46.81,9.48,0.8,41.98,2.29,0.35,24.52,38.77,86.55,2.44,12.63,3.07,3.3,3.32,78.57,251.58,152.93,2.53,0.0,05-Sep-2020 - 00:00,"Arya Nagar, Bahadurgarh - HSPCB"
05-Sep-2020 - 00:00,38.15,24.79,18.4,62.64,2.92,0.4,19.69,31.63,61.05,3.23,13.24,2.9,3.28,3.46,87.09,196.56,219.83,2.13,0.17,06-Sep-2020 - 00:00,"Arya Nagar, Bahadurgarh - HSPCB"
06-Sep-2020 - 00:00,21.43,15.84,13.57,46.71,3.09,0.56,19.84,22.78,32.19,3.25,13.19,2.9,3.38,3.54,82.65,257.8,214.67,1.58,0.0,07-Sep-2020 - 00:00,"Arya Nagar, Bahadurgarh - HSPCB"
07-Sep-2020 - 00:00,17.92,15.6,15.35,44.19,1.96,0.58,22.09,49.0,73.81,3.18,13.32,2.9,3.35,3.56,85.39,282.15,198.92,2.05,0.0,08-Sep-2020 - 00:00,"Arya Nagar, Bahadurgarh - HSPCB"
08-Sep-2020 - 00:00,15.85,9.55,10.76,40.91,2.51,0.37,24.45,28.75,46.31,3.2,13.0,2.92,3.37,3.61,79.83,381.48,281.06,2.0,0.0,09-Sep-2020 - 00:00,"Arya Nagar, Bahadurgarh - HSPCB"
09-Sep-2020 - 00:00,18.85,11.62,13.48,55.35,1.57,0.58,30.43,59.65,99.38,3.18,13.14,2.91,3.17,3.39,80.74,349.98,284.39,2.05,0.0,10-Sep-2020 - 00:00,"Arya Nagar, Bahadurgarh - HSPCB"
10-Sep-2020 - 00:00,18.91,10.05,11.5,56.11,1.65,0.44,51.2,52.9,87.84,3.19,13.19,2.91,3.38,3.57,76.83,390.74,257.74,2.18,0.0,11-Sep-2020 - 00:00,"Arya Nagar, Bahadurgarh - HSPCB"
11-Sep-2020 - 00:00,22.32,10.28,9.93,53.83,2.45,0.61,41.28,58.26,118.34,3.16,13.33,2.91,3.14,3.33,69.65,249.89,206.03,1.94,0.0,12-Sep-2020 - 00:00,"Arya Nagar, Bahadurgarh - HSPCB"
12-Sep-2020 - 00:00,25.5,17.12,14.6,65.95,3.73,0.76,39.31,73.63,132.56,3.21,13.12,2.87,3.4,3.57,71.2,346.71,212.29,1.68,0.0,13-Sep-2020 - 00:00,"Arya Nagar, Bahadurgarh - HSPCB"
13-Sep-2020 - 00:00,15.61,14.82,18.5,64.7,2.37,1.1,40.06,74.99,111.92,3.2,13.28,2.94,2.97,3.14,70.73,171.07,222.83,2.08,0.0,14-Sep-2020 - 00:00,"Arya Nagar, Bahadurgarh - HSPCB"
14-Sep-2020 - 00:00,13.44,16.52,18.36,77.18,2.46,0.42,29.83,66.91,114.52,3.21,13.16,2.95,3.3,3.53,70.79,348.78,272.8,1.78,0.0,15-Sep-2020 - 00:00,"Arya Nagar, Bahadurgarh - HSPCB"
15-Sep-2020 - 00:00,10.85,14.56,12.15,78.48,3.08,0.63,21.89,76.44,138.27,3.21,13.06,2.86,3.33,3.56,71.9,269.61,234.49,1.94,0.0,16-Sep-2020 - 00:00,"Arya Nagar, Bahadurgarh - HSPCB"
16-Sep-2020 - 00:00,13.75,12.19,9.09,71.95,1.88,0.72,19.04,76.99,140.51,3.23,13.32,2.94,3.17,3.38,70.77,343.63,263.41,2.34,0.0,17-Sep-2020 - 00:00,"Arya Nagar, Bahadurgarh - HSPCB"
17-Sep-2020 - 00:00,11.28,8.57,7.43,57.25,2.59,0.28,17.56,55.0,92.8,3.12,13.29,2.89,3.34,3.52,66.82,381.47,282.8,2.68,0.0,18-Sep-2020 - 00:00,"Arya Nagar, Bahadurgarh - HSPCB"
18-Sep-2020 - 00:00,10.23,7.21,6.35,47.95,2.34,0.35,17.83,43.79,78.45,3.28,13.03,2.88,3.32,3.53,67.72,341.73,286.16,2.61,0.0,19-Sep-2020 - 00:00,"Arya Nagar, Bahadurgarh - HSPCB"
19-Sep-2020 - 00:00,10.28,11.05,11.07,59.62,2.22,0.51,18.75,56.62,124.69,3.18,13.24,2.9,3.4,3.58,70.54,277.74,266.69,2.12,0.0,20-Sep-2020 - 00:00,"Arya Nagar, Bahadurgarh - HSPCB"
20-Sep-2020 - 00:00,9.95,8.85,8.47,55.18,2.53,0.53,24.87,74.02,116.13,3.24,13.19,2.86,3.38,3.59,70.1,348.16,307.34,2.48,0.0,21-Sep-2020 - 00:00,"Arya Nagar, Bahadurgarh - HSPCB"
21-Sep-2020 - 00:00,11.67,9.42,8.08,55.49,2.22,0.54,22.03,73.12,123.02,3.15,13.25,2.94,3.3,3.48,76.39,433.77,307.08,1.86,0.0,22-Sep-2020 - 00:00,"Arya Nagar, Bahadurgarh - HSPCB"
22-Sep-2020 - 00:00,15.42,10.78,7.7,68.26,2.28,1.47,51.62,48.45,89.19,3.12,13.31,2.91,3.23,3.39,68.41,247.5,172.97,1.86,0.0,23-Sep-2020 - 00:00,"Arya Nagar, Bahadurgarh - HSPCB"
23-Sep-2020 - 00:00,20.36,15.01,10.55,83.59,3.91,0.27,27.27,39.32,91.8,3.11,13.27,2.91,3.31,3.52,69.98,305.58,98.86,2.21,0.0,24-Sep-2020 - 00:00,"Arya Nagar, Bahadurgarh - HSPCB"
24-Sep-2020 - 00:00,42.44,23.89,18.84,71.04,4.83,0.47,27.96,41.28,84.35,3.24,13.21,2.95,3.43,3.57,69.56,347.85,185.38,2.21,0.0,25-Sep-2020 - 00:00,"Arya Nagar, Bahadurgarh - HSPCB"
25-Sep-2020 - 00:00,58.09,31.78,12.68,77.33,6.35,0.72,35.16,72.75,133.17,3.13,13.39,2.88,3.44,3.53,65.18,351.32,256.65,2.45,0.0,26-Sep-2020 - 00:00,"Arya Nagar, Bahadurgarh - HSPCB"
26-Sep-2020 - 00:00,53.43,34.33,16.81,87.22,7.46,0.63,15.67,66.93,152.5,3.2,12.9,2.86,3.35,3.56,64.91,150.8,226.16,2.28,0.0,27-Sep-2020 - 00:00,"Arya Nagar, Bahadurgarh - HSPCB"
27-Sep-2020 - 00:00,47.25,27.79,12.93,76.09,5.18,0.84,25.27,40.8,101.59,3.18,13.13,2.91,3.38,3.58,61.04,343.67,277.85,2.05,0.0,28-Sep-2020 - 00:00,"Arya Nagar, Bahadurgarh - HSPCB"
28-Sep-2020 - 00:00,46.2,28.83,16.7,83.34,6.08,0.65,35.63,65.8,152.45,3.24,12.96,2.92,3.3,3.59,61.52,342.58,264.84,2.51,0.0,29-Sep-2020 - 00:00,"Arya Nagar, Bahadurgarh - HSPCB"
29-Sep-2020 - 00:00,48.74,23.43,13.71,80.57,6.18,0.58,39.4,68.69,154.19,3.21,13.05,2.91,3.34,3.56,66.78,313.9,283.03,2.46,0.0,30-Sep-2020 - 00:00,"Arya Nagar, Bahadurgarh - HSPCB"
30-Sep-2020 - 00:00,49.29,17.22,6.98,67.6,6.17,0.75,43.65,59.48,127.67,3.15,13.17,2.9,3.22,3.45,63.42,299.71,279.62,2.76,0.0,01-Oct-2020 - 00:00,"Arya Nagar, Bahadurgarh - HSPCB"
01-Oct-2020 - 00:00,57.29,23.59,11.54,67.81,9.72,0.68,39.6,61.07,148.11,3.18,13.53,2.92,3.33,3.55,58.9,355.99,258.71,2.53,0.0,02-Oct-2020 - 00:00,"Arya Nagar, Bahadurgarh - HSPCB"
02-Oct-2020 - 00:00,49.89,20.67,9.77,62.44,4.6,0.7,49.32,67.83,147.82,3.23,13.1,2.91,3.35,3.55,60.93,459.92,288.1,2.19,0.0,03-Oct-2020 - 00:00,"Arya Nagar, Bahadurgarh - HSPCB"
03-Oct-2020 - 00:00,56.05,23.81,10.85,61.62,3.94,0.79,49.06,77.1,134.76,3.25,13.12,2.92,3.41,3.53,54.47,349.57,277.41,2.11,0.0,04-Oct-2020 - 00:00,"Arya Nagar, Bahadurgarh - HSPCB"
04-Oct-2020 - 00:00,55.2,29.63,17.04,60.48,6.57,0.7,55.25,72.72,145.41,4.62,16.0,3.63,4.64,4.18,54.51,308.24,270.43,2.14,0.0,05-Oct-2020 - 00:00,"Arya Nagar, Bahadurgarh - HSPCB"
05-Oct-2020 - 00:00,53.82,23.34,12.14,55.11,7.3,0.74,48.03,64.16,152.43,5.25,17.27,3.92,5.14,4.38,50.35,352.82,278.29,2.68,0.0,06-Oct-2020 - 00:00,"Arya Nagar, Bahadurgarh - HSPCB"
06-Oct-2020 - 00:00,45.24,38.62,30.93,64.76,11.67,0.79,44.86,74.72,177.97,5.23,17.25,3.91,5.27,4.55,52.98,424.16,253.42,2.46,0.0,07-Oct-2020 - 00:00,"Arya Nagar, Bahadurgarh - HSPCB"
07-Oct-2020 - 00:00,57.68,41.61,13.43,56.7,10.07,0.88,51.12,81.73,167.57,5.22,17.04,3.95,5.0,4.25,49.49,357.8,280.4,2.33,0.0,08-Oct-2020 - 00:00,"Arya Nagar, Bahadurgarh - HSPCB"
08-Oct-2020 - 00:00,44.19,31.3,9.41,45.0,9.31,0.22,49.42,77.76,170.63,5.21,17.26,3.93,5.41,4.56,53.16,289.31,276.43,2.53,0.0,09-Oct-2020 - 00:00,"Arya Nagar, Bahadurgarh - HSPCB"
09-Oct-2020 - 00:00,55.84,31.59,9.13,38.6,9.98,0.81,50.34,76.96,173.35,5.96,17.14,3.85,5.32,4.58,51.08,263.03,276.64,2.1,0.0,10-Oct-2020 - 00:00,"Arya Nagar, Bahadurgarh - HSPCB"
10-Oct-2020 - 00:00,59.74,26.93,11.7,11.1,12.0,0.74,48.98,92.77,189.53,7.22,17.27,3.93,5.32,4.5,54.65,302.22,270.99,2.36,0.0,11-Oct-2020 - 00:00,"Arya Nagar, Bahadurgarh - HSPCB"
11-Oct-2020 - 00:00,29.35,14.08,6.99,5.85,12.84,0.82,48.74,92.08,187.29,7.23,17.42,3.9,5.36,4.53,55.26,301.44,278.38,2.4,0.0,12-Oct-2020 - 00:00,"Arya Nagar, Bahadurgarh - HSPCB"
12-Oct-2020 - 00:00,39.79,30.63,20.49,7.64,13.91,1.05,43.23,105.26,216.8,7.21,17.29,3.89,5.33,4.58,50.05,282.98,256.65,1.88,0.0,13-Oct-2020 - 00:00,"Arya Nagar, Bahadurgarh - HSPCB"
13-Oct-2020 - 00:00,39.52,43.86,36.68,14.67,8.26,1.45,45.06,132.84,263.17,7.17,17.08,3.9,5.24,4.48,55.43,254.49,147.69,1.92,0.0,14-Oct-2020 - 00:00,"Arya Nagar, Bahadurgarh - HSPCB"
14-Oct-2020 - 00:00,41.78,23.01,13.01,10.35,13.69,1.32,33.75,131.43,238.94,7.27,17.19,3.9,5.33,4.55,62.78,228.41,186.22,1.8,0.0,15-Oct-2020 - 00:00,"Arya Nagar, Bahadurgarh - HSPCB"
15-Oct-2020 - 00:00,46.85,23.1,8.93,8.55,17.82,1.12,42.91,121.76,196.17,7.2,25.17,5.17,5.84,5.08,41.86,311.64,269.29,2.18,0.0,16-Oct-2020 - 00:00,"Arya Nagar, Bahadurgarh - HSPCB"
16-Oct-2020 - 00:00,17.67,15.5,13.18,16.27,12.37,0.91,47.74,90.56,169.03,7.22,29.97,5.93,6.26,5.49,38.65,275.51,279.44,2.0,0.0,17-Oct-2020 - 00:00,"Arya Nagar, Bahadurgarh - HSPCB"
17-Oct-2020 - 00:00,22.29,22.35,19.11,19.9,12.64,1.17,47.46,100.98,154.68,7.17,30.09,5.93,6.35,5.53,43.98,285.93,260.57,1.88,0.0,18-Oct-2020 - 00:00,"Arya Nagar, Bahadurgarh - HSPCB"
18-Oct-2020 - 00:00,20.24,14.8,10.75,16.61,11.32,0.88,42.31,100.03,189.78,7.25,29.88,5.9,6.33,5.54,43.36,297.99,285.17,2.42,0.0,19-Oct-2020 - 00:00,"Arya Nagar, Bahadurgarh - HSPCB"
19-Oct-2020 - 00:00,16.62,9.67,6.86,16.13,12.91,0.84,55.19,99.1,186.66,7.21,30.17,5.91,6.34,5.51,35.87,322.09,292.25,2.71,0.0,20-Oct-2020 - 00:00,"Arya Nagar, Bahadurgarh - HSPCB"
20-Oct-2020 - 00:00,20.8,20.74,17.96,15.21,12.93,1.01,39.18,95.56,202.06,7.16,30.23,5.91,6.31,5.55,37.1,305.16,252.06,2.14,0.0,21-Oct-2020 - 00:00,"Arya Nagar, Bahadurgarh - HSPCB"
21-Oct-2020 - 00:00,42.11,53.25,42.01,26.78,23.59,1.28,32.02,118.13,282.36,6.85,23.51,4.88,4.86,4.39,31.82,298.23,171.78,1.75,0.0,22-Oct-2020 - 00:00,"Arya Nagar, Bahadurgarh - HSPCB"
22-Oct-2020 - 00:00,84.91,82.87,47.91,44.58,26.32,1.51,39.82,155.98,278.43,11.12,11.16,3.44,3.17,2.99,36.2,200.5,204.82,1.96,0.0,23-Oct-2020 - 00:00,"Arya Nagar, Bahadurgarh - HSPCB"
23-Oct-2020 - 00:00,88.36,89.54,51.98,42.39,30.07,1.78,31.85,191.45,287.48,14.89,20.51,3.76,3.72,3.4,41.01,300.67,226.56,2.23,0.0,24-Oct-2020 - 00:00,"Arya Nagar, Bahadurgarh - HSPCB"
24-Oct-2020 - 00:00,58.53,100.51,91.09,66.66,12.42,2.08,50.38,189.31,296.41,15.33,21.45,3.98,4.02,3.62,49.85,289.05,248.48,2.59,0.0,25-Oct-2020 - 00:00,"Arya Nagar, Bahadurgarh - HSPCB"
25-Oct-2020 - 00:00,35.09,28.08,28.0,45.24,20.52,1.75,75.12,202.1,326.57,17.28,35.11,4.26,4.4,3.86,44.02,302.01,171.88,2.16,0.0,26-Oct-2020 - 00:00,"Arya Nagar, Bahadurgarh - HSPCB"
26-Oct-2020 - 00:00,87.36,45.47,12.62,57.67,14.41,1.48,56.22,187.49,290.8,14.64,18.16,4.07,4.32,3.78,40.32,249.68,278.5,3.39,0.0,27-Oct-2020 - 00:00,"Arya Nagar, Bahadurgarh - HSPCB"
27-Oct-2020 - 00:00,73.13,32.69,5.19,33.7,10.91,1.13,48.13,158.08,218.16,10.21,13.32,3.88,4.16,3.77,43.02,296.8,281.45,4.4,0.0,28-Oct-2020 - 00:00,"Arya Nagar, Bahadurgarh - HSPCB"
28-Oct-2020 - 00:00,73.93,66.36,41.32,40.88,13.66,1.64,38.41,181.49,266.0,14.72,21.56,4.08,4.39,3.87,43.43,278.98,266.64,3.61,0.0,29-Oct-2020 - 00:00,"Arya Nagar, Bahadurgarh - HSPCB"
29-Oct-2020 - 00:00,71.26,72.67,54.2,62.24,13.3,1.8,48.59,243.94,322.57,15.86,35.0,4.19,4.72,3.86,45.56,271.31,242.86,3.38,0.0,30-Oct-2020 - 00:00,"Arya Nagar, Bahadurgarh - HSPCB"
30-Oct-2020 - 00:00,63.95,41.96,21.13,37.4,14.55,1.41,38.59,216.37,277.01,13.03,24.87,3.85,4.68,3.6,47.04,280.52,274.04,3.98,0.0,31-Oct-2020 - 00:00,"Arya Nagar, Bahadurgarh - HSPCB"
31-Oct-2020 - 00:00,48.7,19.66,4.8,29.85,14.47,1.43,46.3,227.97,277.93,11.3,13.23,3.67,4.55,3.57,45.72,287.82,291.46,5.05,0.0,01-Nov-2020 - 00:00,"Arya Nagar, Bahadurgarh - HSPCB"
01-Nov-2020 - 00:00,50.0,26.28,11.35,25.8,12.54,1.22,36.54,174.95,243.19,9.66,9.82,3.62,4.5,3.57,41.03,282.94,266.87,4.63,0.0,02-Nov-2020 - 00:00,"Arya Nagar, Bahadurgarh - HSPCB"
02-Nov-2020 - 00:00,55.21,53.74,38.98,31.7,10.21,1.44,26.5,158.04,263.37,11.07,20.44,3.95,4.82,3.65,37.29,261.42,252.1,3.94,0.0,03-Nov-2020 - 00:00,"Arya Nagar, Bahadurgarh - HSPCB"
03-Nov-2020 - 00:00,83.23,91.48,66.57,36.36,15.17,1.46,16.73,140.33,242.35,14.91,46.0,5.04,5.52,3.84,35.4,296.92,204.28,3.86,0.0,04-Nov-2020 - 00:00,"Arya Nagar, Bahadurgarh - HSPCB"
04-Nov-2020 - 00:00,81.66,78.62,69.88,22.97,14.48,1.94,20.18,269.25,355.92,16.49,38.74,4.45,5.13,3.7,52.08,169.23,238.75,3.9,0.0,05-Nov-2020 - 00:00,"Arya Nagar, Bahadurgarh - HSPCB"
05-Nov-2020 - 00:00,81.54,80.86,54.85,26.98,13.06,2.1,26.55,287.73,348.18,17.53,41.98,4.89,5.73,3.91,45.44,263.84,239.71,3.86,0.0,06-Nov-2020 - 00:00,"Arya Nagar, Bahadurgarh - HSPCB"
06-Nov-2020 - 00:00,68.39,52.01,30.23,28.04,10.02,1.54,24.34,258.24,321.86,14.47,32.37,4.29,4.52,3.24,44.91,229.06,265.27,4.04,0.0,07-Nov-2020 - 00:00,"Arya Nagar, Bahadurgarh - HSPCB"
07-Nov-2020 - 00:00,49.4,40.5,20.09,8.96,14.54,1.82,31.63,254.97,331.66,14.8,28.05,4.06,4.94,3.71,47.18,269.06,265.31,3.97,0.0,08-Nov-2020 - 00:00,"Arya Nagar, Bahadurgarh - HSPCB"
08-Nov-2020 - 00:00,28.14,44.02,18.93,11.64,14.92,2.06,26.23,282.41,337.38,16.51,26.8,4.49,5.2,3.76,51.78,214.78,254.2,3.54,0.0,09-Nov-2020 - 00:00,"Arya Nagar, Bahadurgarh - HSPCB"
09-Nov-2020 - 00:00,30.84,71.37,40.67,15.69,10.37,2.83,17.38,467.21,519.95,23.51,34.16,5.27,6.08,3.99,70.94,199.74,240.97,3.56,0.0,10-Nov-2020 - 00:00,"Arya Nagar, Bahadurgarh - HSPCB"
10-Nov-2020 - 00:00,28.74,47.25,21.81,10.96,12.05,3.13,31.94,367.64,481.09,40.97,90.96,8.38,8.68,5.37,66.74,222.91,129.8,3.57,0.0,11-Nov-2020 - 00:00,"Arya Nagar, Bahadurgarh - HSPCB"
11-Nov-2020 - 00:00,20.71,58.83,42.26,12.47,15.01,3.06,32.81,252.3,351.88,60.65,145.27,12.06,12.42,6.08,56.39,253.61,79.43,3.98,0.0,12-Nov-2020 - 00:00,"Arya Nagar, Bahadurgarh - HSPCB"
12-Nov-2020 - 00:00,51.86,74.25,48.16,7.45,10.0,2.58,31.89,196.18,317.68,47.07,107.05,8.27,8.3,3.49,57.1,211.3,168.33,2.92,0.0,13-Nov-2020 - 00:00,"Arya Nagar, Bahadurgarh - HSPCB"
13-Nov-2020 - 00:00,86.5,49.45,18.77,6.99,9.63,1.5,35.44,192.23,231.99,14.34,35.89,1.15,1.16,0.33,55.02,257.0,240.13,3.49,0.0,14-Nov-2020 - 00:00,"Arya Nagar, Bahadurgarh - HSPCB"
14-Nov-2020 - 00:00,106.28,50.12,10.31,10.47,17.19,2.44,33.4,293.27,362.57,24.67,28.37,2.09,2.95,0.96,60.24,223.51,162.88,3.73,0.0,15-Nov-2020 - 00:00,"Arya Nagar, Bahadurgarh - HSPCB"
15-Nov-2020 - 00:00,103.86,31.48,4.07,47.78,21.04,1.34,64.35,165.57,243.13,25.76,25.29,2.97,3.84,1.31,61.46,236.02,106.37,5.1,0.01,16-Nov-2020 - 00:00,"Arya Nagar, Bahadurgarh - HSPCB"
16-Nov-2020 - 00:00,80.48,19.99,6.39,6.39,4.72,0.99,40.55,71.12,102.0,8.27,17.62,0.59,0.77,0.21,78.62,188.77,126.46,4.82,0.0,17-Nov-2020 - 00:00,"Arya Nagar, Bahadurgarh - HSPCB"
17-Nov-2020 - 00:00,52.24,17.17,6.87,7.0,6.77,1.39,29.53,64.62,90.9,6.74,15.12,0.4,0.46,0.12,63.27,335.06,304.85,4.39,0.0,18-Nov-2020 - 00:00,"Arya Nagar, Bahadurgarh - HSPCB"
18-Nov-2020 - 00:00,26.04,9.47,3.68,3.29,5.98,2.08,34.97,106.16,132.08,7.52,21.59,0.38,0.44,0.1,61.43,284.46,283.04,3.84,0.0,19-Nov-2020 - 00:00,"Arya Nagar, Bahadurgarh - HSPCB"
19-Nov-2020 - 00:00,29.59,14.26,6.71,3.1,9.07,2.2,34.66,125.93,168.83,9.29,38.23,0.72,0.7,0.16,57.1,252.36,282.07,3.61,0.0,20-Nov-2020 - 00:00,"Arya Nagar, Bahadurgarh - HSPCB"
20-Nov-2020 - 00:00,26.6,8.89,4.31,8.52,9.73,2.39,35.02,125.59,169.56,8.38,18.58,0.39,0.42,0.09,51.76,299.15,298.62,4.87,0.0,21-Nov-2020 - 00:00,"Arya Nagar, Bahadurgarh - HSPCB"
21-Nov-2020 - 00:00,26.87,10.15,6.86,11.77,9.94,2.57,22.26,114.84,163.8,6.79,10.96,0.22,0.26,0.04,52.48,258.54,290.74,5.08,0.0,22-Nov-2020 - 00:00,"Arya Nagar, Bahadurgarh - HSPCB"
22-Nov-2020 - 00:00,28.8,15.24,11.81,10.94,9.81,2.73,19.95,125.56,186.31,9.09,14.73,0.34,0.37,0.08,49.75,286.02,271.61,4.18,0.0,23-Nov-2020 - 00:00,"Arya Nagar, Bahadurgarh - HSPCB"
23-Nov-2020 - 00:00,35.34,32.57,30.22,9.92,8.6,2.0,14.91,139.91,225.07,13.44,33.57,1.4,1.54,0.48,46.86,247.44,178.52,3.39,0.0,24-Nov-2020 - 00:00,"Arya Nagar, Bahadurgarh - HSPCB"
24-Nov-2020 - 00:00,47.36,42.1,34.49,9.56,20.37,2.01,33.01,193.68,307.55,33.08,87.68,5.98,5.95,2.27,49.81,217.57,127.12,3.57,0.0,25-Nov-2020 - 00:00,"Arya Nagar, Bahadurgarh - HSPCB"
25-Nov-2020 - 00:00,48.04,32.56,21.67,11.27,16.18,2.22,32.63,224.21,324.64,43.66,72.36,6.89,7.54,3.09,61.66,116.93,69.42,4.43,0.0,26-Nov-2020 - 00:00,"Arya Nagar, Bahadurgarh - HSPCB"
26-Nov-2020 - 00:00,25.43,7.15,4.59,14.57,11.68,0.7,28.56,92.42,134.57,9.51,22.32,0.71,0.86,0.25,65.48,276.11,225.05,4.69,0.0,27-Nov-2020 - 00:00,"Arya Nagar, Bahadurgarh - HSPCB"
27-Nov-2020 - 00:00,25.63,5.83,3.54,13.98,7.92,0.57,24.93,53.11,91.97,4.45,14.11,0.34,0.41,0.12,62.27,292.5,293.43,4.84,0.0,28-Nov-2020 - 00:00,"Arya Nagar, Bahadurgarh - HSPCB"
28-Nov-2020 - 00:00,58.66,16.97,4.61,10.36,7.84,0.77,22.13,87.23,131.16,3.19,9.64,0.13,0.3,0.05,58.17,305.59,274.83,4.43,0.0,29-Nov-2020 - 00:00,"Arya Nagar, Bahadurgarh - HSPCB"
29-Nov-2020 - 00:00,101.02,36.95,15.87,6.39,6.79,1.08,19.05,121.11,180.24,4.7,14.3,0.21,0.46,0.09,55.39,249.73,260.74,3.73,0.0,30-Nov-2020 - 00:00,"Arya Nagar, Bahadurgarh - HSPCB"
30-Nov-2020 - 00:00,98.31,48.0,25.85,5.89,8.42,1.16,21.32,133.69,205.85,5.01,12.49,0.25,0.53,0.1,57.23,269.98,259.3,3.8,0.0,01-Dec-2020 - 00:00,"Arya Nagar, Bahadurgarh - HSPCB"
01-Dec-2020 - 00:00,66.72,130.27,128.49,0.48,7.27,1.71,0.15,166.4,254.55,6.22,20.11,0.45,0.89,0.17,62.95,,256.08,3.25,0.0,02-Dec-2020 - 00:00,"Arya Nagar, Bahadurgarh - HSPCB"
