from date,PM2.5,PM10,NO2,NO,NOx,NH3,SO2,CO,Ozone,Benzene,Xylene,Toluene,MP-Xylene,Eth-Benzene,AT,WS,WD,RH,BP,SR,RF,to date,station
01-Jan-2020 - 00:00,188.45,359.82,54.76,21.51,46.71,70.58,11.88,1.86,11.18,2.55,1.77,10.86,4.18,1.53,12.99,0.46,197.6,70.62,743.0,75.69,0.0,02-Jan-2020 - 00:00,"Ganga Nagar, Meerut - UPPCB"
02-Jan-2020 - 00:00,132.28,271.96,47.9,11.11,34.41,61.35,14.56,1.87,10.88,2.08,0.94,7.42,2.58,1.05,16.02,0.47,192.17,68.49,743.0,75.01,0.0,03-Jan-2020 - 00:00,"Ganga Nagar, Meerut - UPPCB"
03-Jan-2020 - 00:00,85.25,190.48,40.52,14.51,33.2,55.41,11.09,1.39,11.32,1.56,0.85,6.63,2.04,0.91,17.04,0.38,176.51,69.53,743.0,79.42,0.0,04-Jan-2020 - 00:00,"Ganga Nagar, Meerut - UPPCB"
04-Jan-2020 - 00:00,118.32,260.1,43.56,9.98,31.19,70.43,12.98,1.07,16.09,1.66,1.17,7.62,2.52,0.93,16.07,0.43,152.12,74.26,743.0,70.22,0.0,05-Jan-2020 - 00:00,"Ganga Nagar, Meerut - UPPCB"
05-Jan-2020 - 00:00,111.7,234.97,38.78,1.35,21.68,65.78,12.08,0.93,17.89,0.99,0.21,5.19,0.76,0.31,15.09,0.52,137.54,70.5,743.0,71.27,0.0,06-Jan-2020 - 00:00,"Ganga Nagar, Meerut - UPPCB"
06-Jan-2020 - 00:00,93.07,191.44,44.27,3.57,26.55,65.95,10.3,1.41,5.85,1.04,0.21,5.72,0.81,0.36,14.24,0.55,148.17,82.81,743.0,31.62,0.0,07-Jan-2020 - 00:00,"Ganga Nagar, Meerut - UPPCB"
07-Jan-2020 - 00:00,60.91,115.64,20.98,2.16,12.99,48.06,8.86,0.83,8.88,0.87,0.17,4.08,0.52,0.22,15.21,0.47,238.27,90.02,743.0,50.01,0.0,08-Jan-2020 - 00:00,"Ganga Nagar, Meerut - UPPCB"
08-Jan-2020 - 00:00,61.02,102.73,26.39,2.05,15.79,42.25,7.87,0.75,6.73,0.74,0.14,4.39,0.53,0.07,14.07,0.52,181.54,97.29,743.0,30.35,5.05,09-Jan-2020 - 00:00,"Ganga Nagar, Meerut - UPPCB"
09-Jan-2020 - 00:00,68.57,96.29,39.7,1.63,22.54,38.92,8.42,0.8,6.49,0.54,0.15,5.16,0.6,0.3,11.95,0.66,124.21,88.09,743.0,61.19,0.0,10-Jan-2020 - 00:00,"Ganga Nagar, Meerut - UPPCB"
10-Jan-2020 - 00:00,89.01,134.19,37.88,2.1,21.83,41.13,8.96,0.73,13.14,0.8,0.19,4.89,0.63,0.36,12.27,0.59,121.59,74.83,743.0,83.83,0.0,11-Jan-2020 - 00:00,"Ganga Nagar, Meerut - UPPCB"
11-Jan-2020 - 00:00,139.85,206.14,40.56,2.44,23.56,49.0,13.1,1.07,18.88,1.17,0.39,6.03,1.08,0.52,13.38,0.48,136.79,74.78,743.0,80.44,0.0,12-Jan-2020 - 00:00,"Ganga Nagar, Meerut - UPPCB"
12-Jan-2020 - 00:00,250.57,340.23,39.7,7.96,27.53,75.91,13.64,1.95,15.22,2.45,0.92,8.58,2.31,1.43,13.75,0.39,198.64,73.5,742.96,70.23,0.0,13-Jan-2020 - 00:00,"Ganga Nagar, Meerut - UPPCB"
13-Jan-2020 - 00:00,161.12,254.4,23.49,2.83,14.83,78.49,8.8,1.31,8.25,1.98,0.28,5.54,0.87,0.41,12.57,0.51,240.77,87.7,743.0,51.82,0.0,14-Jan-2020 - 00:00,"Ganga Nagar, Meerut - UPPCB"
14-Jan-2020 - 00:00,111.43,213.02,36.19,4.14,22.71,60.38,7.85,1.22,5.51,1.26,0.27,5.09,0.8,0.42,13.68,0.54,126.77,91.41,743.0,49.56,0.0,15-Jan-2020 - 00:00,"Ganga Nagar, Meerut - UPPCB"
15-Jan-2020 - 00:00,75.97,160.78,44.76,5.23,28.16,47.24,9.82,0.95,5.06,0.95,0.36,5.15,0.95,0.44,13.18,0.61,130.22,85.7,742.6,60.15,0.0,16-Jan-2020 - 00:00,"Ganga Nagar, Meerut - UPPCB"
16-Jan-2020 - 00:00,76.6,148.32,33.75,5.89,22.81,43.87,9.09,0.95,4.32,0.95,0.25,4.87,0.73,0.36,13.22,0.56,153.58,95.39,742.98,44.02,0.0,17-Jan-2020 - 00:00,"Ganga Nagar, Meerut - UPPCB"
17-Jan-2020 - 00:00,32.46,69.12,30.88,2.4,18.29,32.78,7.17,1.04,6.56,0.53,0.15,3.69,0.47,0.22,14.46,0.6,147.75,90.95,742.81,53.08,0.0,18-Jan-2020 - 00:00,"Ganga Nagar, Meerut - UPPCB"
18-Jan-2020 - 00:00,47.42,114.56,33.45,9.06,25.24,34.05,9.87,1.18,3.83,0.95,0.47,5.08,1.07,0.52,12.66,0.46,149.94,92.17,742.89,46.56,0.0,19-Jan-2020 - 00:00,"Ganga Nagar, Meerut - UPPCB"
19-Jan-2020 - 00:00,81.04,172.11,33.34,2.46,19.69,37.88,7.43,0.63,9.14,0.81,0.16,4.05,0.53,0.37,11.59,0.55,125.55,84.4,742.83,67.2,0.0,20-Jan-2020 - 00:00,"Ganga Nagar, Meerut - UPPCB"
20-Jan-2020 - 00:00,98.01,196.8,35.29,4.33,22.39,48.01,7.74,0.9,10.46,1.14,0.48,4.75,1.07,0.49,12.92,0.5,138.5,84.93,742.83,58.82,0.0,21-Jan-2020 - 00:00,"Ganga Nagar, Meerut - UPPCB"
21-Jan-2020 - 00:00,175.08,348.22,28.68,22.38,33.54,54.95,10.74,1.95,7.17,2.22,1.35,10.38,3.11,2.46,12.42,0.4,197.46,93.96,742.76,35.57,0.01,22-Jan-2020 - 00:00,"Ganga Nagar, Meerut - UPPCB"
22-Jan-2020 - 00:00,115.84,165.03,21.6,5.59,15.53,45.6,7.41,1.42,10.44,1.37,0.45,3.34,0.87,0.54,12.47,0.53,132.32,86.64,742.75,63.2,0.0,23-Jan-2020 - 00:00,"Ganga Nagar, Meerut - UPPCB"
23-Jan-2020 - 00:00,49.36,103.8,16.27,1.86,9.96,39.16,10.1,0.62,12.0,0.41,0.04,1.04,0.16,0.13,13.73,0.75,123.83,63.45,742.61,98.54,0.02,24-Jan-2020 - 00:00,"Ganga Nagar, Meerut - UPPCB"
24-Jan-2020 - 00:00,70.1,125.09,24.79,1.88,14.66,48.4,13.84,1.09,12.61,0.54,0.05,1.36,0.11,0.37,14.5,0.63,124.43,56.23,742.77,96.72,0.0,25-Jan-2020 - 00:00,"Ganga Nagar, Meerut - UPPCB"
25-Jan-2020 - 00:00,151.41,249.09,36.67,3.51,22.38,67.45,14.73,1.6,9.91,1.29,0.15,2.58,0.36,0.77,12.77,0.42,166.07,72.09,742.86,76.21,0.0,26-Jan-2020 - 00:00,"Ganga Nagar, Meerut - UPPCB"
26-Jan-2020 - 00:00,130.46,276.44,42.75,4.99,26.79,64.02,13.88,1.79,11.98,1.5,0.21,3.62,0.4,1.27,14.94,0.44,122.23,71.38,742.81,82.21,0.0,27-Jan-2020 - 00:00,"Ganga Nagar, Meerut - UPPCB"
27-Jan-2020 - 00:00,143.28,302.82,41.2,6.62,27.24,70.21,16.81,1.85,6.78,1.72,0.57,4.35,1.3,0.5,15.11,0.46,164.4,78.49,742.57,50.58,0.0,28-Jan-2020 - 00:00,"Ganga Nagar, Meerut - UPPCB"
28-Jan-2020 - 00:00,62.19,116.98,7.41,1.31,4.86,42.48,12.15,1.13,9.5,0.61,0.09,1.36,0.25,0.08,15.83,0.55,212.81,84.06,742.24,58.82,0.28,29-Jan-2020 - 00:00,"Ganga Nagar, Meerut - UPPCB"
29-Jan-2020 - 00:00,37.35,81.55,17.06,2.28,10.17,36.88,11.5,1.19,9.46,0.6,0.38,2.38,0.63,0.2,15.68,0.47,158.11,79.89,742.43,70.26,0.0,30-Jan-2020 - 00:00,"Ganga Nagar, Meerut - UPPCB"
30-Jan-2020 - 00:00,44.99,110.73,18.88,1.99,11.61,34.5,12.98,1.17,13.01,0.55,0.12,1.21,0.32,0.12,15.09,0.7,123.0,70.2,742.57,96.78,0.0,31-Jan-2020 - 00:00,"Ganga Nagar, Meerut - UPPCB"
31-Jan-2020 - 00:00,76.25,131.69,21.41,2.63,13.38,37.1,9.48,1.21,11.12,0.7,0.2,1.78,0.51,0.19,12.82,0.57,142.0,76.85,742.67,75.55,0.0,01-Feb-2020 - 00:00,"Ganga Nagar, Meerut - UPPCB"
01-Feb-2020 - 00:00,85.16,142.91,30.41,6.93,21.91,41.44,10.87,1.07,11.18,0.77,0.17,1.82,0.4,0.24,12.43,0.53,139.85,80.67,743.0,74.75,0.0,02-Feb-2020 - 00:00,"Ganga Nagar, Meerut - UPPCB"
02-Feb-2020 - 00:00,71.22,155.22,29.9,1.47,17.15,42.79,9.84,1.28,12.58,0.89,0.07,1.9,0.24,0.31,13.45,0.58,133.8,78.09,743.0,82.3,0.0,03-Feb-2020 - 00:00,"Ganga Nagar, Meerut - UPPCB"
03-Feb-2020 - 00:00,73.73,169.68,31.9,2.05,18.61,48.75,12.18,1.33,16.28,1.04,0.15,2.5,0.39,0.67,14.91,0.49,139.06,64.2,742.99,97.47,0.0,04-Feb-2020 - 00:00,"Ganga Nagar, Meerut - UPPCB"
04-Feb-2020 - 00:00,110.93,243.73,34.83,3.95,21.75,53.14,12.08,1.63,11.9,1.36,0.43,3.22,1.0,0.65,14.49,0.42,189.38,65.95,742.68,89.58,0.0,05-Feb-2020 - 00:00,"Ganga Nagar, Meerut - UPPCB"
05-Feb-2020 - 00:00,73.32,181.86,28.74,2.15,17.05,43.21,10.53,1.27,15.94,0.74,0.11,1.8,0.29,0.31,15.47,0.63,132.1,61.94,742.66,97.04,0.0,06-Feb-2020 - 00:00,"Ganga Nagar, Meerut - UPPCB"
06-Feb-2020 - 00:00,70.74,179.53,30.7,2.25,18.03,44.6,12.69,1.33,16.48,0.84,0.24,2.01,0.54,0.46,14.23,0.47,136.83,64.79,742.73,96.0,0.0,07-Feb-2020 - 00:00,"Ganga Nagar, Meerut - UPPCB"
07-Feb-2020 - 00:00,91.6,213.39,33.22,5.37,22.01,48.36,11.64,1.33,15.72,1.07,0.17,2.1,0.47,0.44,14.71,0.49,138.71,62.47,742.89,92.22,0.0,08-Feb-2020 - 00:00,"Ganga Nagar, Meerut - UPPCB"
08-Feb-2020 - 00:00,94.11,196.57,24.65,1.78,14.51,42.21,14.75,1.47,17.04,0.77,0.13,1.56,0.34,0.22,15.28,0.61,129.9,67.3,742.41,93.6,0.0,09-Feb-2020 - 00:00,"Ganga Nagar, Meerut - UPPCB"
09-Feb-2020 - 00:00,118.38,199.69,22.14,1.74,13.21,44.42,14.37,1.31,20.34,0.73,0.18,1.4,0.44,0.2,15.94,0.49,129.43,62.22,742.0,96.01,0.0,10-Feb-2020 - 00:00,"Ganga Nagar, Meerut - UPPCB"
10-Feb-2020 - 00:00,133.47,231.16,27.68,2.81,16.85,48.56,12.77,1.55,18.45,0.81,0.27,1.78,0.67,0.25,15.83,0.48,132.5,64.12,742.0,98.31,0.0,11-Feb-2020 - 00:00,"Ganga Nagar, Meerut - UPPCB"
11-Feb-2020 - 00:00,140.96,241.0,26.75,2.66,16.43,49.76,17.89,1.11,21.07,0.82,0.23,1.64,0.55,0.27,16.51,0.47,136.5,61.18,742.0,97.99,0.0,12-Feb-2020 - 00:00,"Ganga Nagar, Meerut - UPPCB"
12-Feb-2020 - 00:00,122.07,224.82,18.2,1.71,10.59,49.81,15.58,1.47,20.31,0.8,0.13,1.46,0.37,0.19,17.85,0.61,133.4,63.26,742.0,94.4,0.0,13-Feb-2020 - 00:00,"Ganga Nagar, Meerut - UPPCB"
13-Feb-2020 - 00:00,65.1,139.05,10.68,1.64,6.83,43.92,10.89,1.22,17.36,0.44,0.06,0.86,0.18,0.06,19.8,0.7,130.65,62.92,742.02,104.07,0.0,14-Feb-2020 - 00:00,"Ganga Nagar, Meerut - UPPCB"
14-Feb-2020 - 00:00,53.1,154.88,9.05,1.48,5.7,40.19,9.92,1.06,21.64,0.39,0.05,0.91,0.18,0.05,19.06,0.86,131.93,56.77,742.0,107.42,0.0,15-Feb-2020 - 00:00,"Ganga Nagar, Meerut - UPPCB"
15-Feb-2020 - 00:00,61.88,143.74,16.48,1.75,9.98,37.11,13.81,1.11,21.05,0.43,0.09,0.9,0.27,0.06,18.66,0.62,131.14,51.09,742.01,109.44,0.0,16-Feb-2020 - 00:00,"Ganga Nagar, Meerut - UPPCB"
16-Feb-2020 - 00:00,120.04,211.56,27.54,2.27,16.5,53.1,17.81,1.32,18.87,0.76,0.23,2.02,0.56,0.22,18.88,0.5,124.58,61.26,742.0,103.35,0.0,17-Feb-2020 - 00:00,"Ganga Nagar, Meerut - UPPCB"
17-Feb-2020 - 00:00,100.49,191.81,25.18,1.4,14.55,48.33,13.85,1.3,21.06,0.75,0.17,1.54,0.39,0.17,19.57,0.55,132.05,56.7,742.0,108.46,0.0,18-Feb-2020 - 00:00,"Ganga Nagar, Meerut - UPPCB"
18-Feb-2020 - 00:00,91.72,196.3,29.43,2.0,17.33,45.93,15.09,1.28,21.24,0.77,0.45,2.71,0.95,0.37,19.21,0.54,154.43,49.67,742.0,109.96,0.0,19-Feb-2020 - 00:00,"Ganga Nagar, Meerut - UPPCB"
19-Feb-2020 - 00:00,149.47,254.84,24.87,2.82,15.56,62.13,12.95,1.73,19.63,1.37,0.59,5.19,1.16,0.34,18.57,0.48,261.95,60.78,742.0,85.67,0.0,20-Feb-2020 - 00:00,"Ganga Nagar, Meerut - UPPCB"
20-Feb-2020 - 00:00,114.96,205.34,10.66,1.18,6.51,52.02,10.42,1.36,24.9,0.88,0.05,1.23,0.13,0.13,20.38,0.61,267.82,65.12,742.04,94.15,0.19,21-Feb-2020 - 00:00,"Ganga Nagar, Meerut - UPPCB"
21-Feb-2020 - 00:00,30.33,47.96,11.56,1.15,6.89,32.14,9.31,0.94,19.2,0.24,0.01,0.55,0.04,0.06,16.72,0.78,163.02,83.31,742.43,34.19,0.01,22-Feb-2020 - 00:00,"Ganga Nagar, Meerut - UPPCB"
22-Feb-2020 - 00:00,42.36,88.77,24.36,8.92,19.53,28.95,8.64,1.31,15.74,0.74,0.82,2.91,1.82,0.65,19.52,0.48,148.45,69.96,742.15,96.24,0.0,23-Feb-2020 - 00:00,"Ganga Nagar, Meerut - UPPCB"
23-Feb-2020 - 00:00,77.67,135.44,24.37,4.44,15.54,42.49,14.75,1.49,16.01,0.7,0.49,2.31,1.05,0.3,20.41,0.54,156.22,68.44,742.0,100.05,0.0,24-Feb-2020 - 00:00,"Ganga Nagar, Meerut - UPPCB"
24-Feb-2020 - 00:00,42.81,94.23,18.66,1.88,11.25,31.8,10.1,1.11,15.48,0.4,0.16,1.19,0.47,0.12,20.21,0.57,139.35,62.79,742.0,118.93,0.0,25-Feb-2020 - 00:00,"Ganga Nagar, Meerut - UPPCB"
25-Feb-2020 - 00:00,126.42,221.99,27.03,2.44,16.26,52.99,10.46,1.37,15.12,0.86,0.4,2.25,0.88,0.42,20.03,0.44,199.67,74.88,742.0,94.18,0.0,26-Feb-2020 - 00:00,"Ganga Nagar, Meerut - UPPCB"
26-Feb-2020 - 00:00,95.15,164.73,23.62,1.51,13.68,52.37,11.65,,17.29,0.77,0.22,1.85,0.48,0.29,19.65,0.49,208.24,75.95,742.0,94.54,0.0,27-Feb-2020 - 00:00,"Ganga Nagar, Meerut - UPPCB"
27-Feb-2020 - 00:00,110.64,181.02,21.24,1.28,12.08,52.43,9.29,1.66,13.6,0.94,0.09,1.58,0.27,0.3,19.58,0.43,253.79,79.88,742.0,84.34,0.0,28-Feb-2020 - 00:00,"Ganga Nagar, Meerut - UPPCB"
28-Feb-2020 - 00:00,92.26,154.97,23.85,0.69,13.14,43.15,7.29,1.32,12.38,0.81,0.05,1.47,0.12,0.21,19.8,0.55,267.24,79.84,742.09,90.1,0.0,29-Feb-2020 - 00:00,"Ganga Nagar, Meerut - UPPCB"
29-Feb-2020 - 00:00,71.19,111.94,23.42,0.65,12.9,37.82,7.6,1.22,12.25,0.72,0.05,1.15,0.13,0.16,19.34,0.61,231.14,80.94,742.07,75.44,0.02,01-Mar-2020 - 00:00,"Ganga Nagar, Meerut - UPPCB"
01-Mar-2020 - 00:00,29.02,62.55,34.42,4.26,20.86,26.61,5.46,1.18,14.19,0.56,0.17,2.14,0.32,0.86,20.48,0.41,135.57,69.27,742.12,121.19,0.0,02-Mar-2020 - 00:00,"Ganga Nagar, Meerut - UPPCB"
02-Mar-2020 - 00:00,75.21,151.93,48.43,5.42,30.16,40.29,13.54,1.68,14.02,0.92,0.5,3.42,0.93,1.13,22.51,0.4,151.77,64.85,742.1,112.05,0.0,03-Mar-2020 - 00:00,"Ganga Nagar, Meerut - UPPCB"
03-Mar-2020 - 00:00,75.65,172.03,36.98,1.3,20.61,37.48,14.93,1.3,14.94,0.62,0.13,1.7,0.29,0.45,22.46,0.5,145.97,58.86,742.3,126.65,0.0,04-Mar-2020 - 00:00,"Ganga Nagar, Meerut - UPPCB"
04-Mar-2020 - 00:00,84.01,187.61,29.6,2.71,17.76,38.75,9.89,1.29,17.05,0.7,0.13,1.67,0.29,0.29,21.76,0.51,199.5,62.27,742.17,112.11,0.04,05-Mar-2020 - 00:00,"Ganga Nagar, Meerut - UPPCB"
05-Mar-2020 - 00:00,26.02,52.67,12.92,0.69,7.21,28.18,4.17,1.01,14.7,0.35,0.05,0.78,0.1,0.1,20.05,0.58,209.06,70.94,742.0,92.2,0.0,06-Mar-2020 - 00:00,"Ganga Nagar, Meerut - UPPCB"
06-Mar-2020 - 00:00,11.9,22.47,7.62,0.26,4.09,21.27,2.26,0.83,17.45,0.12,0.01,0.39,0.02,0.02,16.84,0.72,221.61,85.62,742.09,76.04,0.0,07-Mar-2020 - 00:00,"Ganga Nagar, Meerut - UPPCB"
07-Mar-2020 - 00:00,22.39,46.57,14.86,1.1,8.45,18.75,3.34,1.02,11.62,0.42,0.16,1.09,0.37,0.1,17.6,0.56,237.29,81.42,742.11,92.99,0.0,08-Mar-2020 - 00:00,"Ganga Nagar, Meerut - UPPCB"
08-Mar-2020 - 00:00,46.33,92.75,19.68,6.65,14.89,23.97,6.23,1.11,17.32,0.53,0.19,1.57,0.48,0.16,19.11,0.54,140.41,71.68,742.11,125.96,0.0,09-Mar-2020 - 00:00,"Ganga Nagar, Meerut - UPPCB"
09-Mar-2020 - 00:00,38.44,105.1,17.62,0.64,9.64,19.98,7.2,1.08,15.98,0.3,0.04,0.82,0.16,0.09,19.63,0.75,132.06,59.56,742.1,140.18,0.0,10-Mar-2020 - 00:00,"Ganga Nagar, Meerut - UPPCB"
10-Mar-2020 - 00:00,65.48,135.01,17.9,0.53,9.73,29.65,11.14,1.16,15.9,0.52,0.06,1.23,0.23,0.14,19.91,0.51,166.82,58.27,742.15,127.48,0.0,11-Mar-2020 - 00:00,"Ganga Nagar, Meerut - UPPCB"
11-Mar-2020 - 00:00,56.52,117.26,12.93,0.4,7.07,35.09,9.66,1.17,15.8,0.48,0.04,0.9,0.1,0.1,21.04,0.69,253.38,67.53,742.05,88.95,0.0,12-Mar-2020 - 00:00,"Ganga Nagar, Meerut - UPPCB"
12-Mar-2020 - 00:00,63.89,145.89,15.05,0.92,8.63,40.32,9.11,1.26,13.84,0.5,0.15,1.18,0.32,0.2,22.55,0.56,225.82,68.94,742.17,106.96,0.0,13-Mar-2020 - 00:00,"Ganga Nagar, Meerut - UPPCB"
13-Mar-2020 - 00:00,38.51,88.46,12.17,1.18,7.16,31.16,5.28,1.07,13.75,0.37,0.02,0.86,0.07,0.17,20.9,0.64,227.89,71.38,742.1,107.24,0.0,14-Mar-2020 - 00:00,"Ganga Nagar, Meerut - UPPCB"
14-Mar-2020 - 00:00,15.02,57.52,14.37,1.08,8.18,20.89,5.77,0.95,14.31,0.24,0.06,0.71,0.23,0.34,18.86,0.63,200.95,70.69,742.15,97.89,0.06,15-Mar-2020 - 00:00,"Ganga Nagar, Meerut - UPPCB"
15-Mar-2020 - 00:00,32.98,91.81,22.23,2.74,13.35,21.46,7.68,0.93,15.1,0.45,0.17,1.18,0.36,0.25,19.18,0.51,176.73,65.85,742.0,120.17,0.0,16-Mar-2020 - 00:00,"Ganga Nagar, Meerut - UPPCB"
16-Mar-2020 - 00:00,46.68,117.41,19.62,0.78,10.85,24.15,10.93,1.06,18.09,0.42,0.08,1.11,0.27,0.11,21.15,0.6,132.99,61.53,742.0,121.4,0.0,17-Mar-2020 - 00:00,"Ganga Nagar, Meerut - UPPCB"
17-Mar-2020 - 00:00,52.1,134.29,20.55,0.48,11.2,25.62,13.0,1.45,20.0,0.44,0.11,1.2,0.33,0.1,22.23,0.68,131.15,60.09,742.0,133.46,0.0,18-Mar-2020 - 00:00,"Ganga Nagar, Meerut - UPPCB"
18-Mar-2020 - 00:00,63.06,144.91,20.55,0.57,11.25,28.09,14.03,1.19,20.22,0.48,0.11,1.15,0.31,0.12,23.35,0.67,131.76,58.18,742.0,131.97,0.0,19-Mar-2020 - 00:00,"Ganga Nagar, Meerut - UPPCB"
19-Mar-2020 - 00:00,75.6,169.91,21.29,0.94,11.98,33.67,14.63,1.27,19.02,0.52,0.14,1.22,0.38,0.13,23.99,0.51,134.48,60.58,742.0,123.81,0.0,20-Mar-2020 - 00:00,"Ganga Nagar, Meerut - UPPCB"
20-Mar-2020 - 00:00,101.33,214.3,27.07,1.25,15.29,38.28,19.78,1.68,18.93,0.94,0.33,1.99,0.74,0.25,24.69,0.45,187.78,58.06,742.0,116.21,0.0,21-Mar-2020 - 00:00,"Ganga Nagar, Meerut - UPPCB"
21-Mar-2020 - 00:00,132.71,264.81,23.26,1.06,13.05,54.68,21.64,1.52,18.41,1.04,0.19,2.33,0.45,0.36,24.94,0.48,193.94,60.24,742.0,100.44,0.0,22-Mar-2020 - 00:00,"Ganga Nagar, Meerut - UPPCB"
22-Mar-2020 - 00:00,57.58,115.24,14.13,0.49,7.65,36.31,15.6,1.08,20.43,0.45,0.03,0.76,0.06,0.09,24.23,0.55,166.6,54.49,742.12,127.61,0.0,23-Mar-2020 - 00:00,"Ganga Nagar, Meerut - UPPCB"
23-Mar-2020 - 00:00,64.24,134.04,17.43,0.6,9.53,35.1,16.64,1.24,18.53,0.64,0.07,1.15,0.15,0.2,25.22,0.49,150.99,52.81,742.12,131.46,0.0,24-Mar-2020 - 00:00,"Ganga Nagar, Meerut - UPPCB"
24-Mar-2020 - 00:00,69.7,161.92,17.3,0.57,9.58,38.96,21.27,1.25,15.89,0.7,0.04,1.14,0.13,0.2,25.42,0.48,187.85,55.9,742.0,108.08,0.0,25-Mar-2020 - 00:00,"Ganga Nagar, Meerut - UPPCB"
25-Mar-2020 - 00:00,34.05,81.06,10.47,0.38,5.72,30.4,9.27,1.05,17.0,0.28,0.01,0.62,0.05,0.08,25.92,0.63,150.57,55.52,742.09,134.33,0.0,26-Mar-2020 - 00:00,"Ganga Nagar, Meerut - UPPCB"
26-Mar-2020 - 00:00,50.25,,7.15,0.33,3.93,30.67,10.37,1.02,13.26,0.22,0.0,0.43,0.03,0.04,25.74,0.7,137.09,57.95,742.0,115.77,0.0,27-Mar-2020 - 00:00,"Ganga Nagar, Meerut - UPPCB"
27-Mar-2020 - 00:00,,,6.87,0.5,3.89,33.88,7.27,1.1,9.83,0.23,0.01,0.53,0.03,0.06,22.53,0.59,178.46,75.18,742.03,64.26,0.0,28-Mar-2020 - 00:00,"Ganga Nagar, Meerut - UPPCB"
28-Mar-2020 - 00:00,11.76,29.6,4.89,0.45,2.73,26.81,4.2,0.95,12.47,0.12,0.0,0.28,0.03,0.01,22.69,0.67,146.08,71.31,742.11,143.3,0.0,29-Mar-2020 - 00:00,"Ganga Nagar, Meerut - UPPCB"
29-Mar-2020 - 00:00,15.66,54.78,3.01,0.22,1.57,21.18,5.0,0.88,17.12,0.1,0.0,0.21,0.01,0.0,24.33,0.85,132.51,55.03,742.0,148.25,0.0,30-Mar-2020 - 00:00,"Ganga Nagar, Meerut - UPPCB"
30-Mar-2020 - 00:00,25.96,65.62,5.14,0.26,2.71,22.65,7.16,0.95,17.96,0.18,0.0,0.31,0.03,0.01,24.03,0.72,134.96,53.06,742.0,146.92,0.0,31-Mar-2020 - 00:00,"Ganga Nagar, Meerut - UPPCB"
31-Mar-2020 - 00:00,31.1,79.38,4.95,0.29,2.69,25.18,7.24,1.04,17.47,0.21,0.0,0.38,0.05,0.0,24.83,0.71,140.88,52.26,742.0,125.96,0.0,01-Apr-2020 - 00:00,"Ganga Nagar, Meerut - UPPCB"
01-Apr-2020 - 00:00,28.41,83.9,5.29,0.49,2.99,22.35,7.75,1.01,18.7,0.31,0.0,0.34,0.03,0.0,26.68,0.66,154.32,46.19,742.0,138.33,0.0,02-Apr-2020 - 00:00,"Ganga Nagar, Meerut - UPPCB"
02-Apr-2020 - 00:00,24.07,74.68,4.19,0.33,2.19,22.62,7.67,0.97,18.29,0.19,0.0,0.3,0.03,0.01,25.23,0.78,135.57,49.55,742.0,147.65,0.0,03-Apr-2020 - 00:00,"Ganga Nagar, Meerut - UPPCB"
03-Apr-2020 - 00:00,21.55,65.9,5.18,0.44,2.76,19.42,9.97,0.96,23.45,0.19,0.01,0.32,0.04,0.0,24.46,0.66,139.79,38.41,742.0,150.53,0.0,04-Apr-2020 - 00:00,"Ganga Nagar, Meerut - UPPCB"
04-Apr-2020 - 00:00,36.0,84.79,7.27,0.36,3.86,24.56,12.42,1.09,22.74,0.3,0.01,0.46,0.09,0.01,25.63,0.63,137.89,40.22,742.0,150.04,0.0,05-Apr-2020 - 00:00,"Ganga Nagar, Meerut - UPPCB"
05-Apr-2020 - 00:00,70.5,136.89,10.7,0.38,5.81,32.01,14.64,1.3,21.23,0.62,0.08,0.97,0.27,0.07,26.41,0.56,154.6,43.75,742.0,136.54,0.0,06-Apr-2020 - 00:00,"Ganga Nagar, Meerut - UPPCB"
06-Apr-2020 - 00:00,57.77,126.03,7.76,0.42,4.23,35.18,12.62,1.11,21.35,0.59,0.03,0.69,0.13,0.04,28.44,0.63,134.0,40.03,742.0,146.85,0.0,07-Apr-2020 - 00:00,"Ganga Nagar, Meerut - UPPCB"
07-Apr-2020 - 00:00,27.34,106.29,4.17,0.62,2.4,25.42,8.21,1.01,20.97,0.23,0.0,0.34,0.03,0.01,26.9,0.82,141.08,43.0,742.0,139.99,0.0,08-Apr-2020 - 00:00,"Ganga Nagar, Meerut - UPPCB"
08-Apr-2020 - 00:00,28.17,101.44,10.36,1.61,5.67,20.56,10.23,1.04,20.74,0.29,0.01,0.45,0.08,0.01,26.87,0.71,139.08,37.06,742.0,145.25,0.0,09-Apr-2020 - 00:00,"Ganga Nagar, Meerut - UPPCB"
09-Apr-2020 - 00:00,47.88,112.07,19.87,1.62,11.89,21.92,13.05,1.11,21.61,0.43,0.03,0.62,0.11,0.03,26.86,0.56,131.54,39.39,742.0,138.38,0.0,10-Apr-2020 - 00:00,"Ganga Nagar, Meerut - UPPCB"
10-Apr-2020 - 00:00,59.64,128.29,22.32,1.68,13.24,28.1,14.78,1.32,19.53,0.65,0.2,1.0,0.28,0.11,29.35,0.52,135.59,35.62,742.0,144.33,0.0,11-Apr-2020 - 00:00,"Ganga Nagar, Meerut - UPPCB"
11-Apr-2020 - 00:00,76.3,175.05,23.34,1.76,13.85,38.36,12.86,1.45,18.81,1.05,0.35,1.44,0.43,0.32,30.22,0.5,162.95,36.99,742.0,138.57,0.0,12-Apr-2020 - 00:00,"Ganga Nagar, Meerut - UPPCB"
12-Apr-2020 - 00:00,36.47,106.79,19.01,1.61,11.42,25.27,12.1,1.07,22.15,0.34,0.03,0.59,0.12,0.01,29.67,0.65,131.93,36.43,742.0,144.57,0.0,13-Apr-2020 - 00:00,"Ganga Nagar, Meerut - UPPCB"
13-Apr-2020 - 00:00,55.75,140.51,21.48,1.69,12.8,30.42,16.71,1.25,21.65,0.55,0.05,0.87,0.2,0.05,31.33,0.52,136.03,33.9,742.0,144.08,0.0,14-Apr-2020 - 00:00,"Ganga Nagar, Meerut - UPPCB"
14-Apr-2020 - 00:00,97.72,254.16,29.15,2.01,17.14,46.57,13.94,1.84,19.0,1.3,0.15,1.92,0.62,0.25,32.26,0.42,204.02,39.46,742.0,126.86,0.0,15-Apr-2020 - 00:00,"Ganga Nagar, Meerut - UPPCB"
15-Apr-2020 - 00:00,89.01,282.78,25.15,1.67,14.74,41.91,12.47,1.37,21.05,0.68,0.03,0.96,0.16,0.05,31.96,0.51,224.1,37.94,741.99,115.25,0.0,16-Apr-2020 - 00:00,"Ganga Nagar, Meerut - UPPCB"
16-Apr-2020 - 00:00,104.43,294.5,28.15,1.78,16.41,43.78,14.91,1.56,21.99,0.97,0.15,1.33,0.3,0.14,32.05,0.53,159.99,36.61,742.0,121.03,0.0,17-Apr-2020 - 00:00,"Ganga Nagar, Meerut - UPPCB"
17-Apr-2020 - 00:00,33.21,148.85,20.86,1.62,12.42,28.58,8.48,1.4,21.14,0.31,0.01,0.45,0.05,0.02,30.84,0.7,189.14,33.09,742.0,128.31,0.0,18-Apr-2020 - 00:00,"Ganga Nagar, Meerut - UPPCB"
18-Apr-2020 - 00:00,19.1,103.92,17.01,1.63,10.37,18.11,3.81,1.17,20.89,0.17,0.01,0.29,0.03,0.01,29.12,0.71,207.17,39.58,742.0,125.03,0.0,19-Apr-2020 - 00:00,"Ganga Nagar, Meerut - UPPCB"
19-Apr-2020 - 00:00,27.89,70.34,21.25,2.17,13.07,22.68,6.46,1.05,22.66,0.27,0.07,0.62,0.19,0.04,28.58,0.59,155.9,45.51,742.0,144.17,0.0,20-Apr-2020 - 00:00,"Ganga Nagar, Meerut - UPPCB"
20-Apr-2020 - 00:00,83.03,182.49,27.7,2.06,16.4,38.43,11.17,1.21,17.09,0.84,0.11,1.17,0.3,0.07,27.72,0.57,175.91,43.95,742.0,110.8,0.0,21-Apr-2020 - 00:00,"Ganga Nagar, Meerut - UPPCB"
21-Apr-2020 - 00:00,34.64,91.35,20.19,1.71,12.13,23.04,10.03,1.56,23.25,0.37,0.03,0.51,0.1,0.01,27.93,0.5,147.17,42.82,742.0,146.77,0.0,22-Apr-2020 - 00:00,"Ganga Nagar, Meerut - UPPCB"
22-Apr-2020 - 00:00,65.41,154.69,26.13,1.82,15.38,29.33,13.06,1.41,23.44,0.64,0.06,0.91,0.22,0.07,29.29,0.51,175.24,35.4,742.0,148.91,0.0,23-Apr-2020 - 00:00,"Ganga Nagar, Meerut - UPPCB"
23-Apr-2020 - 00:00,56.73,171.1,24.5,1.68,14.4,31.8,10.53,1.35,22.38,0.61,0.05,0.81,0.13,0.04,29.26,0.52,207.25,39.06,742.0,95.79,0.0,24-Apr-2020 - 00:00,"Ganga Nagar, Meerut - UPPCB"
24-Apr-2020 - 00:00,58.49,191.59,24.32,1.6,14.24,33.17,10.27,1.43,23.87,0.63,0.04,0.82,0.16,0.09,29.37,0.47,245.22,43.01,742.0,142.36,0.0,25-Apr-2020 - 00:00,"Ganga Nagar, Meerut - UPPCB"
25-Apr-2020 - 00:00,68.97,228.47,25.69,1.71,15.06,37.53,13.1,1.59,21.92,0.75,0.03,1.14,0.17,0.09,30.41,0.51,218.4,40.11,742.0,126.27,0.0,26-Apr-2020 - 00:00,"Ganga Nagar, Meerut - UPPCB"
26-Apr-2020 - 00:00,46.89,138.75,19.94,1.66,11.95,33.37,6.01,1.6,18.18,0.4,0.01,0.53,0.06,0.01,24.43,0.7,254.86,68.08,742.0,74.47,0.0,27-Apr-2020 - 00:00,"Ganga Nagar, Meerut - UPPCB"
27-Apr-2020 - 00:00,27.94,70.65,17.38,1.62,10.56,21.88,3.47,1.09,18.18,0.22,0.0,0.26,0.01,0.0,24.67,0.72,249.38,73.23,742.0,124.03,0.0,28-Apr-2020 - 00:00,"Ganga Nagar, Meerut - UPPCB"
28-Apr-2020 - 00:00,40.57,111.06,19.69,1.67,11.83,23.15,3.87,0.85,21.35,0.2,0.01,0.31,0.04,0.01,27.68,0.55,212.34,59.7,742.0,135.49,0.0,29-Apr-2020 - 00:00,"Ganga Nagar, Meerut - UPPCB"
29-Apr-2020 - 00:00,74.27,193.56,23.84,1.76,14.11,27.67,2.64,1.38,24.13,0.36,0.02,0.61,0.1,0.05,29.21,0.51,263.14,57.96,742.0,118.7,0.0,30-Apr-2020 - 00:00,"Ganga Nagar, Meerut - UPPCB"
30-Apr-2020 - 00:00,68.57,202.8,21.73,1.67,12.91,38.18,3.06,1.46,26.47,0.35,0.01,0.53,0.08,0.02,30.67,0.54,253.46,57.12,742.0,129.08,0.0,01-May-2020 - 00:00,"Ganga Nagar, Meerut - UPPCB"
01-May-2020 - 00:00,39.14,141.29,17.57,1.61,10.67,29.42,1.24,1.1,28.73,0.16,0.0,0.24,0.01,0.0,29.25,0.62,265.85,58.49,742.0,140.32,0.0,02-May-2020 - 00:00,"Ganga Nagar, Meerut - UPPCB"
02-May-2020 - 00:00,31.45,129.67,17.88,1.62,10.82,24.15,1.78,0.96,25.41,0.15,0.0,0.25,0.01,0.0,29.21,0.72,264.99,59.69,742.0,140.31,0.0,03-May-2020 - 00:00,"Ganga Nagar, Meerut - UPPCB"
03-May-2020 - 00:00,35.16,132.56,18.41,1.66,11.15,24.72,1.72,1.09,22.64,0.18,0.0,0.3,0.03,0.01,28.42,0.74,247.8,64.98,742.0,108.34,0.0,04-May-2020 - 00:00,"Ganga Nagar, Meerut - UPPCB"
04-May-2020 - 00:00,22.89,58.51,21.72,1.9,13.1,31.25,2.66,1.16,22.94,0.12,0.02,0.31,0.06,0.02,27.48,0.57,194.48,64.77,742.0,146.14,0.0,05-May-2020 - 00:00,"Ganga Nagar, Meerut - UPPCB"
05-May-2020 - 00:00,60.57,146.02,26.8,1.96,15.85,33.46,4.77,1.16,23.61,0.36,0.07,0.69,0.17,0.06,30.36,0.58,174.0,51.93,742.0,145.55,0.0,06-May-2020 - 00:00,"Ganga Nagar, Meerut - UPPCB"
06-May-2020 - 00:00,41.11,143.1,21.91,1.71,13.04,27.29,6.22,1.15,25.54,0.26,0.03,0.46,0.09,0.02,28.54,0.56,219.16,53.16,742.0,123.03,0.0,07-May-2020 - 00:00,"Ganga Nagar, Meerut - UPPCB"
07-May-2020 - 00:00,24.52,70.72,20.29,1.61,12.1,23.3,5.6,0.8,30.41,0.16,0.04,0.4,0.1,0.02,27.83,0.6,224.17,50.51,742.0,154.95,0.01,08-May-2020 - 00:00,"Ganga Nagar, Meerut - UPPCB"
08-May-2020 - 00:00,67.43,165.27,24.68,1.79,14.59,27.76,3.25,1.36,31.01,0.35,0.05,0.67,0.14,0.05,30.14,0.52,232.51,56.94,742.0,141.7,0.0,09-May-2020 - 00:00,"Ganga Nagar, Meerut - UPPCB"
09-May-2020 - 00:00,75.84,187.69,22.3,1.71,13.25,35.44,3.5,1.23,31.42,0.36,0.02,0.65,0.09,0.04,31.01,0.57,244.99,55.96,742.0,136.61,0.0,10-May-2020 - 00:00,"Ganga Nagar, Meerut - UPPCB"
10-May-2020 - 00:00,41.54,100.47,21.02,1.84,12.67,36.68,3.44,1.22,22.68,0.21,0.01,0.44,0.06,0.01,26.36,0.73,236.6,66.06,741.99,71.33,0.0,11-May-2020 - 00:00,"Ganga Nagar, Meerut - UPPCB"
11-May-2020 - 00:00,26.07,60.79,20.32,1.72,12.21,32.12,4.68,1.04,24.32,0.2,0.01,0.45,0.06,0.02,27.42,0.58,250.4,62.3,742.0,140.62,0.0,12-May-2020 - 00:00,"Ganga Nagar, Meerut - UPPCB"
12-May-2020 - 00:00,42.05,102.38,20.21,1.59,12.05,24.11,3.76,0.9,27.02,0.2,0.02,0.46,0.07,0.02,29.09,0.62,225.21,59.41,742.0,130.14,0.0,13-May-2020 - 00:00,"Ganga Nagar, Meerut - UPPCB"
13-May-2020 - 00:00,84.7,233.43,27.19,1.86,15.97,35.38,3.51,1.26,19.59,0.46,0.13,1.25,0.38,0.17,29.56,0.45,164.98,60.52,742.0,77.65,0.0,14-May-2020 - 00:00,"Ganga Nagar, Meerut - UPPCB"
14-May-2020 - 00:00,102.4,243.79,27.85,2.22,16.61,54.7,4.21,1.88,28.19,0.45,0.11,1.26,0.25,0.14,31.06,0.52,186.54,54.41,742.0,125.26,0.0,15-May-2020 - 00:00,"Ganga Nagar, Meerut - UPPCB"
15-May-2020 - 00:00,35.33,113.23,22.04,1.86,13.25,33.78,9.04,1.63,25.62,0.19,0.02,0.51,0.09,0.01,32.2,0.76,137.9,36.64,742.0,155.86,0.0,16-May-2020 - 00:00,"Ganga Nagar, Meerut - UPPCB"
16-May-2020 - 00:00,44.0,120.06,23.07,1.61,13.58,21.25,10.42,1.23,32.16,0.28,0.03,0.53,0.11,0.02,32.86,0.72,130.94,30.88,742.0,164.94,0.0,17-May-2020 - 00:00,"Ganga Nagar, Meerut - UPPCB"
17-May-2020 - 00:00,76.18,174.11,28.35,1.68,16.44,22.99,19.38,2.88,32.1,0.5,0.14,1.1,0.34,0.08,34.18,0.52,140.32,25.12,742.0,151.9,0.0,18-May-2020 - 00:00,"Ganga Nagar, Meerut - UPPCB"
18-May-2020 - 00:00,85.49,189.6,30.36,1.67,17.5,28.27,22.49,1.3,30.08,0.64,0.16,1.23,0.35,0.07,34.18,0.56,140.24,24.66,742.0,145.01,0.0,19-May-2020 - 00:00,"Ganga Nagar, Meerut - UPPCB"
19-May-2020 - 00:00,74.62,185.6,31.59,1.93,18.37,27.6,20.93,1.01,24.44,1.2,0.12,1.77,0.54,0.34,33.63,0.57,154.84,22.3,742.0,152.07,0.0,20-May-2020 - 00:00,"Ganga Nagar, Meerut - UPPCB"
20-May-2020 - 00:00,50.54,142.62,27.43,1.87,16.11,26.26,16.98,1.56,27.09,0.45,0.09,0.93,0.23,0.05,33.21,0.64,137.55,21.12,742.0,161.3,0.0,21-May-2020 - 00:00,"Ganga Nagar, Meerut - UPPCB"
21-May-2020 - 00:00,60.58,189.47,25.85,1.64,15.09,24.44,18.9,1.5,32.36,0.37,0.05,0.79,0.17,0.01,34.19,0.68,147.39,22.5,742.0,160.17,0.0,22-May-2020 - 00:00,"Ganga Nagar, Meerut - UPPCB"
22-May-2020 - 00:00,107.75,263.4,39.52,5.39,25.4,40.69,22.13,1.93,29.0,1.09,0.35,2.35,0.79,0.15,35.29,0.46,186.58,26.91,742.0,145.96,0.0,23-May-2020 - 00:00,"Ganga Nagar, Meerut - UPPCB"
23-May-2020 - 00:00,101.62,266.57,28.85,1.91,16.9,54.08,6.27,1.85,30.98,0.82,0.13,1.43,0.32,0.06,34.56,0.5,248.29,45.04,742.0,135.45,0.0,24-May-2020 - 00:00,"Ganga Nagar, Meerut - UPPCB"
24-May-2020 - 00:00,89.83,259.66,26.74,1.82,15.71,52.23,7.05,1.81,29.84,0.51,0.12,1.16,0.3,0.06,36.47,0.58,172.64,40.17,742.0,142.45,0.0,25-May-2020 - 00:00,"Ganga Nagar, Meerut - UPPCB"
25-May-2020 - 00:00,51.95,177.5,24.83,1.72,14.6,34.91,21.29,1.23,28.27,0.4,0.05,0.82,0.15,0.03,37.44,0.64,134.45,23.64,742.0,155.85,0.0,26-May-2020 - 00:00,"Ganga Nagar, Meerut - UPPCB"
26-May-2020 - 00:00,59.21,184.39,30.9,2.34,18.34,28.37,22.44,1.2,26.72,0.52,0.09,1.58,0.28,0.04,38.01,0.52,150.16,23.56,742.0,150.82,0.0,27-May-2020 - 00:00,"Ganga Nagar, Meerut - UPPCB"
27-May-2020 - 00:00,40.79,153.92,24.06,1.87,14.32,27.84,14.34,1.16,32.3,0.47,0.04,0.75,0.14,0.03,35.78,0.59,222.24,30.25,742.0,152.85,0.0,28-May-2020 - 00:00,"Ganga Nagar, Meerut - UPPCB"
28-May-2020 - 00:00,26.31,174.89,17.9,1.59,10.82,23.2,5.11,0.88,28.32,0.17,0.0,0.23,0.01,0.0,31.1,0.9,252.54,50.23,742.0,120.03,0.02,29-May-2020 - 00:00,"Ganga Nagar, Meerut - UPPCB"
29-May-2020 - 00:00,24.46,37.36,18.91,1.69,11.43,19.51,2.53,1.13,22.58,0.08,0.0,0.26,0.02,0.0,28.18,0.77,235.84,66.18,742.0,109.43,0.0,30-May-2020 - 00:00,"Ganga Nagar, Meerut - UPPCB"
30-May-2020 - 00:00,19.76,,19.61,1.95,12.02,22.2,2.57,0.94,20.87,0.12,0.01,0.36,0.04,0.0,27.81,0.6,247.6,68.89,741.99,115.3,0.0,31-May-2020 - 00:00,"Ganga Nagar, Meerut - UPPCB"
31-May-2020 - 00:00,17.18,,18.19,1.97,11.28,20.23,2.81,0.99,19.01,0.09,0.01,0.34,0.04,0.0,26.22,0.61,226.44,78.7,742.0,111.56,0.01,01-Jun-2020 - 00:00,"Ganga Nagar, Meerut - UPPCB"
01-Jun-2020 - 00:00,,,18.57,1.68,11.25,18.45,2.34,0.91,22.05,0.08,0.04,0.33,0.11,0.01,28.18,0.51,198.1,68.3,742.0,152.75,0.0,02-Jun-2020 - 00:00,"Ganga Nagar, Meerut - UPPCB"
02-Jun-2020 - 00:00,31.38,98.64,26.95,2.64,16.48,50.47,3.24,1.15,23.49,0.21,0.1,0.91,0.23,0.08,30.11,0.55,175.86,60.03,742.0,126.28,0.0,03-Jun-2020 - 00:00,"Ganga Nagar, Meerut - UPPCB"
03-Jun-2020 - 00:00,34.64,100.0,24.1,2.04,14.48,46.74,4.66,1.06,27.23,0.18,0.05,0.66,0.11,0.08,31.05,0.46,183.74,56.88,742.0,156.25,0.0,04-Jun-2020 - 00:00,"Ganga Nagar, Meerut - UPPCB"
04-Jun-2020 - 00:00,52.06,146.58,24.5,1.88,14.56,42.83,5.15,1.2,21.45,0.28,0.04,0.77,0.07,0.14,30.19,0.6,234.38,60.85,742.0,101.89,0.0,05-Jun-2020 - 00:00,"Ganga Nagar, Meerut - UPPCB"
05-Jun-2020 - 00:00,23.7,62.12,18.92,1.73,11.46,34.38,2.76,1.04,21.75,0.13,0.01,0.46,0.02,0.06,27.8,0.58,257.12,72.18,742.0,115.22,0.0,06-Jun-2020 - 00:00,"Ganga Nagar, Meerut - UPPCB"
06-Jun-2020 - 00:00,28.27,78.46,19.78,1.78,11.96,29.05,3.47,1.32,21.7,0.17,0.02,0.4,0.04,0.07,29.39,0.52,248.24,66.65,742.0,145.6,0.0,07-Jun-2020 - 00:00,"Ganga Nagar, Meerut - UPPCB"
07-Jun-2020 - 00:00,43.23,100.59,23.91,1.92,14.28,32.06,3.46,1.19,19.91,0.23,0.09,0.8,0.21,0.17,28.81,0.52,213.18,69.97,742.0,90.6,0.0,08-Jun-2020 - 00:00,"Ganga Nagar, Meerut - UPPCB"
08-Jun-2020 - 00:00,48.53,112.3,24.75,1.77,14.6,37.84,4.04,1.26,23.29,0.29,0.08,1.07,0.19,0.29,30.86,0.51,185.15,63.27,742.0,146.06,0.0,09-Jun-2020 - 00:00,"Ganga Nagar, Meerut - UPPCB"
09-Jun-2020 - 00:00,53.42,145.79,26.81,1.92,15.83,35.56,3.01,1.34,25.73,0.26,0.2,1.38,0.45,0.27,33.68,0.47,180.38,54.09,742.0,149.27,0.0,10-Jun-2020 - 00:00,"Ganga Nagar, Meerut - UPPCB"
10-Jun-2020 - 00:00,61.27,188.6,26.94,2.14,16.07,48.8,3.76,1.28,25.55,0.3,0.09,1.34,0.2,0.33,34.48,0.49,190.84,51.16,742.0,140.39,0.0,11-Jun-2020 - 00:00,"Ganga Nagar, Meerut - UPPCB"
11-Jun-2020 - 00:00,57.8,202.74,24.29,2.2,14.71,37.15,2.85,1.53,23.93,0.25,0.02,1.17,0.06,0.25,33.84,0.49,208.82,57.48,742.0,134.52,0.0,12-Jun-2020 - 00:00,"Ganga Nagar, Meerut - UPPCB"
12-Jun-2020 - 00:00,48.97,163.83,20.77,1.75,12.47,31.65,3.03,1.34,24.52,0.25,0.02,0.75,0.06,0.16,33.91,0.52,264.99,61.84,742.0,135.89,0.0,13-Jun-2020 - 00:00,"Ganga Nagar, Meerut - UPPCB"
13-Jun-2020 - 00:00,50.22,183.61,20.73,1.71,12.42,45.05,3.04,1.08,22.02,0.2,0.03,0.72,0.07,0.13,32.31,0.6,249.35,67.07,742.0,116.21,0.0,14-Jun-2020 - 00:00,"Ganga Nagar, Meerut - UPPCB"
14-Jun-2020 - 00:00,52.18,166.02,21.72,1.79,13.0,34.09,3.21,1.18,22.4,0.36,0.05,0.77,0.07,0.12,33.36,0.52,222.06,64.34,742.0,125.21,0.0,15-Jun-2020 - 00:00,"Ganga Nagar, Meerut - UPPCB"
15-Jun-2020 - 00:00,44.68,153.84,20.14,1.71,12.11,39.18,1.96,1.2,27.76,0.37,0.03,0.93,0.06,0.13,34.02,0.53,246.32,59.33,742.0,137.32,0.0,16-Jun-2020 - 00:00,"Ganga Nagar, Meerut - UPPCB"
16-Jun-2020 - 00:00,34.88,131.05,18.75,1.78,11.43,32.83,2.41,1.16,23.77,0.34,0.0,0.49,0.03,0.11,33.9,0.58,266.54,60.74,742.0,151.29,0.0,17-Jun-2020 - 00:00,"Ganga Nagar, Meerut - UPPCB"
17-Jun-2020 - 00:00,24.3,92.71,17.38,1.78,10.7,26.46,2.48,1.1,18.52,0.26,0.01,0.39,0.02,0.07,33.09,0.63,270.79,64.98,742.0,148.29,0.0,18-Jun-2020 - 00:00,"Ganga Nagar, Meerut - UPPCB"
18-Jun-2020 - 00:00,30.77,113.85,18.21,1.76,11.12,26.01,1.61,1.12,21.17,0.3,0.02,0.47,0.03,0.09,33.54,0.55,261.83,64.4,742.0,145.57,0.0,19-Jun-2020 - 00:00,"Ganga Nagar, Meerut - UPPCB"
19-Jun-2020 - 00:00,33.22,128.33,18.16,1.76,11.09,29.26,2.41,0.98,17.62,0.31,0.01,0.51,0.03,0.06,32.99,0.62,265.34,71.67,742.0,126.67,0.0,20-Jun-2020 - 00:00,"Ganga Nagar, Meerut - UPPCB"
20-Jun-2020 - 00:00,25.41,102.65,17.6,1.67,10.73,16.37,2.38,0.72,19.48,0.27,0.01,0.53,0.03,0.05,31.89,0.57,266.03,65.79,742.0,109.99,0.0,21-Jun-2020 - 00:00,"Ganga Nagar, Meerut - UPPCB"
21-Jun-2020 - 00:00,28.07,95.82,16.74,1.66,10.26,20.11,1.87,0.99,20.8,0.29,0.02,0.37,0.02,0.04,31.01,0.59,267.2,72.24,742.0,110.75,0.0,22-Jun-2020 - 00:00,"Ganga Nagar, Meerut - UPPCB"
22-Jun-2020 - 00:00,34.81,93.96,18.95,1.83,11.57,23.92,1.62,1.23,21.39,0.26,0.02,0.61,0.06,0.08,31.64,0.53,262.35,72.14,742.0,134.81,0.0,23-Jun-2020 - 00:00,"Ganga Nagar, Meerut - UPPCB"
23-Jun-2020 - 00:00,17.82,66.04,15.94,1.81,9.94,28.22,0.58,1.1,15.68,0.13,0.01,0.4,0.04,0.03,31.79,0.62,266.46,71.15,742.0,128.02,0.0,24-Jun-2020 - 00:00,"Ganga Nagar, Meerut - UPPCB"
24-Jun-2020 - 00:00,22.8,79.48,19.78,2.02,12.16,40.09,1.74,1.17,9.59,0.26,0.01,0.7,0.03,0.13,30.41,0.52,246.11,79.74,742.0,73.29,0.0,25-Jun-2020 - 00:00,"Ganga Nagar, Meerut - UPPCB"
25-Jun-2020 - 00:00,34.9,107.59,27.98,2.6,17.0,48.22,3.53,1.13,10.58,0.4,0.01,1.32,0.01,0.4,32.07,0.5,178.69,72.98,742.0,107.12,0.0,26-Jun-2020 - 00:00,"Ganga Nagar, Meerut - UPPCB"
26-Jun-2020 - 00:00,36.4,97.77,22.81,1.8,13.59,42.43,5.52,1.2,14.58,0.26,0.0,0.78,0.0,0.14,32.35,0.53,192.03,69.95,742.0,122.12,0.0,27-Jun-2020 - 00:00,"Ganga Nagar, Meerut - UPPCB"
27-Jun-2020 - 00:00,31.24,188.5,27.07,2.08,16.08,33.96,9.9,1.95,12.67,0.22,0.0,1.67,0.0,0.21,34.71,0.56,142.77,57.92,742.0,141.65,0.0,28-Jun-2020 - 00:00,"Ganga Nagar, Meerut - UPPCB"
28-Jun-2020 - 00:00,46.06,328.81,35.65,4.03,22.24,37.3,14.41,1.23,12.58,0.45,0.03,4.2,0.06,0.84,36.24,0.59,149.18,52.77,742.0,140.92,0.0,29-Jun-2020 - 00:00,"Ganga Nagar, Meerut - UPPCB"
29-Jun-2020 - 00:00,27.65,126.92,22.62,1.78,13.48,40.65,4.07,0.92,14.67,0.22,0.01,0.89,0.0,0.18,31.74,0.62,257.76,75.68,742.0,128.09,0.0,30-Jun-2020 - 00:00,"Ganga Nagar, Meerut - UPPCB"
30-Jun-2020 - 00:00,23.22,80.62,21.1,1.83,12.72,34.14,3.09,1.11,14.69,0.19,0.0,0.61,0.0,0.12,31.86,0.56,272.15,76.01,742.0,121.72,0.0,01-Jul-2020 - 00:00,"Ganga Nagar, Meerut - UPPCB"
01-Jul-2020 - 00:00,30.12,95.53,22.12,1.72,13.17,35.48,3.99,1.17,15.47,0.24,0.01,0.81,0.01,0.18,32.98,0.52,272.73,71.73,742.0,115.2,0.0,02-Jul-2020 - 00:00,"Ganga Nagar, Meerut - UPPCB"
02-Jul-2020 - 00:00,33.58,108.09,21.62,1.75,12.92,40.13,2.75,1.08,19.28,0.24,0.0,0.72,0.0,0.16,33.38,0.54,256.56,69.83,742.0,127.16,0.0,03-Jul-2020 - 00:00,"Ganga Nagar, Meerut - UPPCB"
03-Jul-2020 - 00:00,38.1,111.1,20.71,1.77,12.46,42.85,2.39,1.01,18.71,0.24,0.0,0.74,0.0,0.15,33.0,0.59,274.68,74.54,742.0,132.15,0.0,04-Jul-2020 - 00:00,"Ganga Nagar, Meerut - UPPCB"
04-Jul-2020 - 00:00,27.03,57.66,21.19,1.73,12.67,34.42,2.82,0.99,16.43,0.16,0.0,0.58,0.0,0.1,31.14,0.64,252.25,78.31,742.0,137.81,0.0,05-Jul-2020 - 00:00,"Ganga Nagar, Meerut - UPPCB"
05-Jul-2020 - 00:00,14.23,38.64,22.32,1.73,13.28,27.0,3.55,0.76,15.55,0.12,0.0,0.59,0.0,0.15,28.97,0.61,227.8,81.64,742.1,109.66,0.0,06-Jul-2020 - 00:00,"Ganga Nagar, Meerut - UPPCB"
06-Jul-2020 - 00:00,25.6,55.68,22.8,2.17,13.88,31.86,2.58,0.95,11.53,0.2,0.01,0.99,0.0,0.22,30.62,0.51,239.53,80.97,742.0,105.99,0.0,07-Jul-2020 - 00:00,"Ganga Nagar, Meerut - UPPCB"
07-Jul-2020 - 00:00,8.53,26.61,18.86,1.92,11.59,34.05,2.07,0.94,6.22,0.13,0.01,0.67,0.01,0.11,28.97,0.63,258.86,85.39,742.0,96.3,0.0,08-Jul-2020 - 00:00,"Ganga Nagar, Meerut - UPPCB"
08-Jul-2020 - 00:00,10.52,35.66,20.15,1.83,12.2,24.03,2.05,1.26,8.05,0.13,0.0,0.59,0.0,0.13,30.38,0.54,255.38,82.24,742.0,106.49,0.0,09-Jul-2020 - 00:00,"Ganga Nagar, Meerut - UPPCB"
09-Jul-2020 - 00:00,28.14,74.93,24.43,1.78,14.45,38.54,4.08,1.3,11.65,0.23,0.0,0.98,0.01,0.31,32.5,0.41,203.5,75.93,742.0,111.11,0.0,10-Jul-2020 - 00:00,"Ganga Nagar, Meerut - UPPCB"
10-Jul-2020 - 00:00,34.45,99.16,28.63,2.09,16.93,50.56,8.49,1.17,12.94,0.28,0.0,2.56,0.21,0.54,33.45,0.51,172.83,72.26,742.0,127.99,0.0,11-Jul-2020 - 00:00,"Ganga Nagar, Meerut - UPPCB"
11-Jul-2020 - 00:00,12.81,35.39,22.07,1.68,13.1,35.38,3.29,0.97,14.45,0.1,0.0,0.61,0.0,0.09,29.95,0.53,183.56,81.71,742.18,115.26,0.0,12-Jul-2020 - 00:00,"Ganga Nagar, Meerut - UPPCB"
12-Jul-2020 - 00:00,16.13,38.67,23.47,1.67,13.85,33.24,6.6,0.89,15.72,0.14,0.0,0.69,0.0,0.1,29.73,0.63,176.72,75.79,742.14,124.2,0.0,13-Jul-2020 - 00:00,"Ganga Nagar, Meerut - UPPCB"
13-Jul-2020 - 00:00,26.23,98.18,26.51,1.99,15.72,37.36,13.22,0.95,15.0,0.19,0.0,0.8,0.01,0.24,31.39,0.54,149.19,70.92,742.07,152.28,0.0,14-Jul-2020 - 00:00,"Ganga Nagar, Meerut - UPPCB"
14-Jul-2020 - 00:00,39.57,191.74,25.04,1.89,14.86,61.23,6.82,1.01,12.18,0.35,0.0,1.35,0.01,0.39,33.01,0.44,238.82,73.72,742.0,115.68,0.0,15-Jul-2020 - 00:00,"Ganga Nagar, Meerut - UPPCB"
15-Jul-2020 - 00:00,27.38,88.95,19.96,1.78,12.07,50.06,3.28,0.94,13.23,0.14,0.0,0.61,0.0,0.14,31.95,0.55,263.75,76.32,742.0,120.52,0.0,16-Jul-2020 - 00:00,"Ganga Nagar, Meerut - UPPCB"
16-Jul-2020 - 00:00,16.41,59.47,20.69,1.72,12.4,37.59,3.2,0.89,10.68,0.14,0.0,0.6,0.0,0.12,32.36,0.54,250.44,74.35,742.0,148.93,0.0,17-Jul-2020 - 00:00,"Ganga Nagar, Meerut - UPPCB"
17-Jul-2020 - 00:00,34.17,69.78,22.92,1.81,13.67,39.43,4.43,1.07,8.07,0.2,0.0,1.08,0.0,0.31,31.09,0.52,227.62,86.23,742.0,77.45,0.0,18-Jul-2020 - 00:00,"Ganga Nagar, Meerut - UPPCB"
18-Jul-2020 - 00:00,13.2,33.01,19.21,1.61,11.52,34.02,3.19,1.1,7.33,0.13,0.0,0.6,0.0,0.14,29.24,0.54,246.82,89.42,742.16,68.76,0.0,19-Jul-2020 - 00:00,"Ganga Nagar, Meerut - UPPCB"
19-Jul-2020 - 00:00,18.97,45.06,21.54,1.75,12.88,27.92,2.93,0.61,8.42,0.2,0.0,1.2,0.0,0.29,30.29,0.46,188.86,86.91,742.04,91.35,0.0,20-Jul-2020 - 00:00,"Ganga Nagar, Meerut - UPPCB"
20-Jul-2020 - 00:00,13.43,49.3,23.08,1.7,13.66,34.26,4.14,2.62,12.79,0.19,0.0,1.33,0.0,0.36,29.86,0.47,163.2,79.22,742.0,91.16,0.0,21-Jul-2020 - 00:00,"Ganga Nagar, Meerut - UPPCB"
21-Jul-2020 - 00:00,12.07,27.24,20.1,1.63,12.04,33.71,2.52,0.78,10.14,0.15,0.01,1.0,0.0,0.24,26.67,0.54,223.43,90.71,742.25,73.1,0.0,22-Jul-2020 - 00:00,"Ganga Nagar, Meerut - UPPCB"
22-Jul-2020 - 00:00,21.52,47.53,24.82,1.79,14.66,23.6,4.78,0.0,6.88,0.25,0.01,1.66,0.05,0.45,27.33,0.48,176.09,90.48,742.1,65.04,0.0,23-Jul-2020 - 00:00,"Ganga Nagar, Meerut - UPPCB"
23-Jul-2020 - 00:00,29.33,63.15,23.18,1.75,13.75,27.33,4.68,0.0,11.51,0.2,0.0,1.6,0.03,0.34,29.59,0.47,175.15,78.1,742.06,133.49,0.0,24-Jul-2020 - 00:00,"Ganga Nagar, Meerut - UPPCB"
24-Jul-2020 - 00:00,17.11,52.62,17.83,1.74,10.9,33.55,3.91,0.0,10.07,0.12,0.0,0.66,0.01,0.15,30.34,0.52,245.98,79.03,742.0,140.68,0.0,25-Jul-2020 - 00:00,"Ganga Nagar, Meerut - UPPCB"
25-Jul-2020 - 00:00,10.12,34.67,16.84,1.66,10.3,32.51,3.15,0.0,7.74,0.11,0.0,0.48,0.0,0.09,30.2,0.49,259.45,82.74,742.0,116.17,0.0,26-Jul-2020 - 00:00,"Ganga Nagar, Meerut - UPPCB"
26-Jul-2020 - 00:00,26.36,63.7,19.03,1.75,11.55,44.5,3.51,0.0,10.26,0.19,0.01,2.01,0.14,0.55,31.55,0.43,219.21,79.3,742.0,112.29,0.0,27-Jul-2020 - 00:00,"Ganga Nagar, Meerut - UPPCB"
27-Jul-2020 - 00:00,42.38,108.7,23.82,1.99,14.29,57.57,4.1,0.0,11.88,0.26,0.0,1.4,0.01,0.5,33.04,0.44,154.91,74.52,742.0,105.75,0.0,28-Jul-2020 - 00:00,"Ganga Nagar, Meerut - UPPCB"
28-Jul-2020 - 00:00,23.96,105.08,15.58,2.37,10.25,56.75,5.22,0.15,9.31,0.17,0.01,1.64,0.01,0.31,33.16,0.49,167.69,73.74,742.0,122.31,0.0,29-Jul-2020 - 00:00,"Ganga Nagar, Meerut - UPPCB"
29-Jul-2020 - 00:00,14.9,36.3,2.97,2.5,3.43,50.86,4.41,0.54,8.51,0.12,0.02,0.71,0.01,0.18,29.41,0.58,270.98,87.15,742.03,98.69,0.0,30-Jul-2020 - 00:00,"Ganga Nagar, Meerut - UPPCB"
30-Jul-2020 - 00:00,18.14,33.34,3.78,2.41,4.01,35.65,3.5,0.54,6.65,0.15,0.01,0.86,0.02,0.23,28.76,0.45,255.59,90.52,742.0,64.92,0.0,31-Jul-2020 - 00:00,"Ganga Nagar, Meerut - UPPCB"
31-Jul-2020 - 00:00,17.93,50.62,3.56,2.38,3.87,37.55,4.11,0.54,7.22,0.17,0.0,0.86,0.02,0.23,30.35,0.46,241.18,86.52,742.0,99.25,0.0,01-Aug-2020 - 00:00,"Ganga Nagar, Meerut - UPPCB"
01-Aug-2020 - 00:00,14.01,33.96,3.23,2.33,2.9,42.35,4.18,0.54,9.02,0.14,0.0,0.75,0.01,0.17,29.1,0.5,240.1,88.7,742.0,98.01,0.0,02-Aug-2020 - 00:00,"Ganga Nagar, Meerut - UPPCB"
02-Aug-2020 - 00:00,33.38,83.84,8.99,2.56,6.9,43.41,5.14,0.7,0.87,0.26,0.02,2.71,0.01,0.69,31.79,0.45,156.23,79.06,742.0,131.16,0.0,03-Aug-2020 - 00:00,"Ganga Nagar, Meerut - UPPCB"
03-Aug-2020 - 00:00,22.01,79.52,7.44,2.53,5.69,49.59,5.57,2.26,,0.23,0.01,1.27,0.0,0.4,33.0,0.43,148.23,74.81,742.0,116.44,0.0,04-Aug-2020 - 00:00,"Ganga Nagar, Meerut - UPPCB"
04-Aug-2020 - 00:00,21.19,76.11,5.63,2.38,4.83,41.71,6.04,0.02,,0.18,0.01,0.94,0.0,0.35,32.03,0.49,195.75,75.66,742.0,126.71,0.0,05-Aug-2020 - 00:00,"Ganga Nagar, Meerut - UPPCB"
05-Aug-2020 - 00:00,22.18,63.21,4.29,2.38,3.63,36.74,3.9,,,0.2,0.09,1.06,0.01,0.35,32.08,0.5,228.6,78.53,742.0,114.79,0.0,06-Aug-2020 - 00:00,"Ganga Nagar, Meerut - UPPCB"
06-Aug-2020 - 00:00,,35.02,1.22,2.51,2.37,39.33,5.21,,,0.1,0.0,0.68,0.01,0.12,32.46,0.61,251.97,73.05,742.0,170.1,0.0,07-Aug-2020 - 00:00,"Ganga Nagar, Meerut - UPPCB"
07-Aug-2020 - 00:00,9.81,44.26,8.22,2.5,6.48,33.56,6.08,,6.97,0.16,0.02,0.93,0.02,0.32,33.8,0.47,266.84,66.42,742.0,157.98,0.0,08-Aug-2020 - 00:00,"Ganga Nagar, Meerut - UPPCB"
08-Aug-2020 - 00:00,22.18,62.06,8.89,2.6,6.65,41.62,5.49,,8.34,0.19,0.01,0.89,0.01,0.26,33.29,0.41,184.16,72.81,742.11,117.78,0.0,09-Aug-2020 - 00:00,"Ganga Nagar, Meerut - UPPCB"
09-Aug-2020 - 00:00,21.46,39.55,4.3,2.42,4.23,41.05,3.51,,9.26,0.14,0.0,0.82,0.0,0.2,30.33,0.45,236.06,87.66,742.22,71.49,0.02,10-Aug-2020 - 00:00,"Ganga Nagar, Meerut - UPPCB"
10-Aug-2020 - 00:00,18.57,43.52,3.42,2.44,3.74,29.98,4.66,,8.19,0.14,0.0,0.61,0.01,0.17,30.45,0.47,266.47,88.03,742.16,83.67,0.0,11-Aug-2020 - 00:00,"Ganga Nagar, Meerut - UPPCB"
11-Aug-2020 - 00:00,20.6,47.26,5.11,2.65,4.27,25.68,6.18,,6.29,0.16,0.01,0.73,0.0,0.16,30.26,0.48,208.65,87.31,742.0,122.5,0.0,12-Aug-2020 - 00:00,"Ganga Nagar, Meerut - UPPCB"
12-Aug-2020 - 00:00,17.11,59.64,3.21,2.62,3.81,33.03,5.65,,16.55,0.17,0.0,1.03,0.0,0.29,30.53,0.49,230.85,86.24,742.0,85.72,0.0,13-Aug-2020 - 00:00,"Ganga Nagar, Meerut - UPPCB"
13-Aug-2020 - 00:00,7.58,15.67,2.23,2.42,2.96,27.74,4.04,,11.23,0.1,0.0,0.59,0.0,0.17,28.0,0.46,232.94,93.71,742.0,46.92,0.0,14-Aug-2020 - 00:00,"Ganga Nagar, Meerut - UPPCB"
14-Aug-2020 - 00:00,8.18,25.18,4.28,2.55,4.02,23.39,3.95,,5.16,0.14,0.02,0.72,0.0,0.24,28.82,0.5,245.58,91.3,742.02,64.51,0.0,15-Aug-2020 - 00:00,"Ganga Nagar, Meerut - UPPCB"
15-Aug-2020 - 00:00,24.51,55.36,3.22,2.39,3.57,24.02,2.48,,5.89,0.19,0.01,0.69,0.0,0.21,30.77,0.48,274.8,84.23,742.0,125.22,0.0,16-Aug-2020 - 00:00,"Ganga Nagar, Meerut - UPPCB"
16-Aug-2020 - 00:00,19.84,50.68,2.47,2.44,3.06,32.14,4.14,,5.21,0.19,0.01,0.64,0.02,0.18,30.72,0.48,278.72,87.28,742.0,103.79,0.0,17-Aug-2020 - 00:00,"Ganga Nagar, Meerut - UPPCB"
17-Aug-2020 - 00:00,12.79,42.24,4.95,2.86,4.99,29.1,4.2,,3.62,0.21,0.02,1.01,0.02,0.38,30.05,0.46,233.35,90.76,742.0,63.81,0.0,18-Aug-2020 - 00:00,"Ganga Nagar, Meerut - UPPCB"
18-Aug-2020 - 00:00,18.91,50.89,4.34,2.94,4.76,34.53,5.58,,3.8,0.24,0.01,1.22,0.03,0.37,30.42,0.4,244.43,90.61,742.0,72.13,0.0,19-Aug-2020 - 00:00,"Ganga Nagar, Meerut - UPPCB"
19-Aug-2020 - 00:00,5.06,11.75,5.83,2.69,4.73,41.41,5.32,,6.1,0.15,0.01,1.32,0.02,0.41,26.93,0.48,231.68,95.34,742.0,40.73,0.0,20-Aug-2020 - 00:00,"Ganga Nagar, Meerut - UPPCB"
20-Aug-2020 - 00:00,6.41,17.43,4.04,2.5,3.45,29.17,3.75,,6.22,0.1,0.01,0.68,0.01,0.2,27.12,0.49,239.64,92.05,742.01,66.38,0.0,21-Aug-2020 - 00:00,"Ganga Nagar, Meerut - UPPCB"
21-Aug-2020 - 00:00,4.59,18.47,3.74,2.63,4.1,24.04,5.1,,4.16,0.11,0.0,0.61,0.0,0.2,29.56,0.56,226.21,81.35,742.0,136.41,0.0,22-Aug-2020 - 00:00,"Ganga Nagar, Meerut - UPPCB"
22-Aug-2020 - 00:00,3.64,21.48,2.13,2.54,3.03,24.59,3.47,,4.48,0.07,0.0,0.41,0.01,0.12,30.46,0.55,243.88,77.14,742.0,139.0,0.0,23-Aug-2020 - 00:00,"Ganga Nagar, Meerut - UPPCB"
23-Aug-2020 - 00:00,5.96,24.23,0.5,2.14,1.73,25.3,1.73,,3.84,0.09,0.0,0.32,0.02,0.06,29.11,0.59,236.09,85.59,742.0,118.38,0.0,24-Aug-2020 - 00:00,"Ganga Nagar, Meerut - UPPCB"
24-Aug-2020 - 00:00,,,,,,,,,,,,,,,,,,,,,,25-Aug-2020 - 00:00,"Ganga Nagar, Meerut - UPPCB"
25-Aug-2020 - 00:00,17.26,56.63,6.86,2.65,5.72,32.66,7.1,,,0.23,0.01,0.95,0.02,0.38,31.27,0.45,260.76,79.87,746.7,73.0,0.0,26-Aug-2020 - 00:00,"Ganga Nagar, Meerut - UPPCB"
26-Aug-2020 - 00:00,15.14,77.47,9.28,3.09,7.36,34.23,4.63,,,0.17,0.0,1.11,0.01,0.29,31.59,0.45,187.48,77.59,750.16,143.44,0.0,27-Aug-2020 - 00:00,"Ganga Nagar, Meerut - UPPCB"
27-Aug-2020 - 00:00,13.02,58.64,8.13,2.78,6.19,29.31,5.72,,,0.22,0.01,0.96,0.01,0.34,30.33,0.48,190.85,79.58,742.0,114.23,0.0,28-Aug-2020 - 00:00,"Ganga Nagar, Meerut - UPPCB"
28-Aug-2020 - 00:00,18.62,70.8,9.8,2.63,7.35,27.37,2.33,,,0.25,0.01,1.09,0.07,0.46,29.6,0.35,199.22,85.35,742.0,84.4,0.0,29-Aug-2020 - 00:00,"Ganga Nagar, Meerut - UPPCB"
29-Aug-2020 - 00:00,,,,,,,,,,,,,,,,,,,,,,30-Aug-2020 - 00:00,"Ganga Nagar, Meerut - UPPCB"
30-Aug-2020 - 00:00,,,,,,,,,,,,,,,,,,,,,,31-Aug-2020 - 00:00,"Ganga Nagar, Meerut - UPPCB"
31-Aug-2020 - 00:00,10.07,57.56,7.7,2.75,5.71,50.45,5.28,,5.98,0.14,0.04,0.7,0.14,0.12,31.16,0.58,282.89,70.35,742.0,137.5,0.0,01-Sep-2020 - 00:00,"Ganga Nagar, Meerut - UPPCB"
01-Sep-2020 - 00:00,14.55,70.38,9.6,2.84,7.46,40.16,3.27,,6.89,0.17,0.03,0.71,0.08,0.12,30.2,0.48,244.16,75.93,742.01,115.3,0.0,02-Sep-2020 - 00:00,"Ganga Nagar, Meerut - UPPCB"
02-Sep-2020 - 00:00,19.39,82.41,14.39,3.06,10.19,37.74,5.08,,8.35,0.21,0.09,1.2,0.19,0.18,30.93,0.4,225.53,74.98,742.0,108.93,0.0,03-Sep-2020 - 00:00,"Ganga Nagar, Meerut - UPPCB"
03-Sep-2020 - 00:00,21.35,67.84,7.56,2.57,6.15,35.81,4.47,,8.64,0.22,0.04,0.74,0.1,0.11,31.19,0.51,266.14,76.49,742.0,122.68,0.0,04-Sep-2020 - 00:00,"Ganga Nagar, Meerut - UPPCB"
04-Sep-2020 - 00:00,25.98,65.19,6.71,2.72,5.83,30.95,5.0,,10.57,0.23,0.02,0.64,0.04,0.1,30.66,0.46,253.73,80.27,742.27,133.09,0.0,05-Sep-2020 - 00:00,"Ganga Nagar, Meerut - UPPCB"
05-Sep-2020 - 00:00,21.62,81.94,12.79,3.01,9.32,43.06,6.6,,19.45,,,,,,31.23,0.54,199.74,73.52,742.0,140.31,0.0,06-Sep-2020 - 00:00,"Ganga Nagar, Meerut - UPPCB"
06-Sep-2020 - 00:00,22.28,53.73,10.33,2.34,7.4,34.77,3.81,,12.71,,,,,,29.59,0.47,179.82,80.91,742.08,104.67,0.0,07-Sep-2020 - 00:00,"Ganga Nagar, Meerut - UPPCB"
07-Sep-2020 - 00:00,30.88,88.78,17.06,3.01,11.58,33.86,4.86,,10.95,,,,,,30.8,0.42,162.2,77.15,742.09,97.64,0.0,08-Sep-2020 - 00:00,"Ganga Nagar, Meerut - UPPCB"
08-Sep-2020 - 00:00,28.58,80.42,13.56,2.65,9.4,31.96,5.94,,11.49,0.18,0.04,0.81,0.22,0.4,31.69,0.53,142.52,70.96,742.0,130.77,0.0,09-Sep-2020 - 00:00,"Ganga Nagar, Meerut - UPPCB"
09-Sep-2020 - 00:00,37.79,92.62,14.02,2.64,9.6,31.59,4.03,,10.47,0.29,0.03,0.79,0.09,0.17,31.11,0.55,141.93,76.36,742.0,163.29,0.0,10-Sep-2020 - 00:00,"Ganga Nagar, Meerut - UPPCB"
10-Sep-2020 - 00:00,37.69,126.09,10.89,2.69,8.06,41.06,7.96,,18.35,0.2,0.06,0.84,0.16,0.25,33.63,0.56,143.16,59.88,742.0,168.61,0.0,11-Sep-2020 - 00:00,"Ganga Nagar, Meerut - UPPCB"
11-Sep-2020 - 00:00,42.73,148.79,16.93,3.24,11.68,36.97,6.61,,13.77,0.25,0.08,1.35,0.18,0.31,32.53,0.45,153.14,66.35,742.0,127.35,0.0,12-Sep-2020 - 00:00,"Ganga Nagar, Meerut - UPPCB"
12-Sep-2020 - 00:00,56.64,157.73,18.24,2.7,11.94,43.58,9.51,,13.27,0.32,0.08,1.28,0.19,0.38,32.48,0.47,162.99,67.11,742.0,119.82,0.0,13-Sep-2020 - 00:00,"Ganga Nagar, Meerut - UPPCB"
13-Sep-2020 - 00:00,65.3,166.68,15.78,3.11,10.97,44.6,5.24,,11.72,0.41,0.06,1.27,0.2,0.34,31.88,0.43,202.68,71.18,742.0,111.57,0.0,14-Sep-2020 - 00:00,"Ganga Nagar, Meerut - UPPCB"
14-Sep-2020 - 00:00,73.05,181.47,16.29,3.12,11.27,51.43,6.64,,9.58,0.46,0.12,1.69,0.28,0.44,31.38,0.43,198.53,74.79,742.0,123.81,0.0,15-Sep-2020 - 00:00,"Ganga Nagar, Meerut - UPPCB"
15-Sep-2020 - 00:00,55.93,181.11,16.97,3.57,12.02,53.21,6.04,,18.3,0.32,0.04,1.11,0.1,0.37,33.87,0.48,146.5,62.3,742.0,128.33,0.0,16-Sep-2020 - 00:00,"Ganga Nagar, Meerut - UPPCB"
16-Sep-2020 - 00:00,58.46,186.66,12.58,2.44,8.72,39.19,6.14,,15.66,0.35,0.07,1.43,0.18,0.25,32.86,0.48,149.67,69.01,742.0,112.69,0.0,17-Sep-2020 - 00:00,"Ganga Nagar, Meerut - UPPCB"
17-Sep-2020 - 00:00,42.39,138.11,12.08,2.54,8.54,44.3,6.16,,16.07,0.3,0.04,0.88,0.11,0.19,32.72,0.57,140.22,68.23,742.07,126.04,0.0,18-Sep-2020 - 00:00,"Ganga Nagar, Meerut - UPPCB"
18-Sep-2020 - 00:00,37.3,123.31,14.0,2.25,9.28,37.61,8.65,0.54,8.9,0.24,0.04,1.59,0.13,0.26,32.91,0.54,142.83,66.55,742.15,124.2,0.0,19-Sep-2020 - 00:00,"Ganga Nagar, Meerut - UPPCB"
19-Sep-2020 - 00:00,68.28,181.07,19.04,3.14,12.76,37.45,8.7,,2.85,0.46,0.06,1.45,0.12,0.39,32.0,0.47,181.71,72.74,742.0,109.64,0.0,20-Sep-2020 - 00:00,"Ganga Nagar, Meerut - UPPCB"
20-Sep-2020 - 00:00,74.42,184.74,13.21,2.64,9.26,41.15,8.49,,9.99,0.4,0.04,1.37,0.12,0.34,32.41,0.49,168.75,68.82,742.0,114.3,0.0,21-Sep-2020 - 00:00,"Ganga Nagar, Meerut - UPPCB"
21-Sep-2020 - 00:00,60.28,169.57,17.65,2.78,11.73,41.63,9.96,,8.95,0.38,0.05,1.25,0.1,0.52,32.78,0.5,165.83,65.48,742.0,115.77,0.0,22-Sep-2020 - 00:00,"Ganga Nagar, Meerut - UPPCB"
22-Sep-2020 - 00:00,31.53,93.97,9.45,2.85,7.43,39.71,6.51,,2.8,0.33,0.05,0.96,0.05,0.3,31.97,0.44,262.0,67.42,742.0,129.28,0.0,23-Sep-2020 - 00:00,"Ganga Nagar, Meerut - UPPCB"
23-Sep-2020 - 00:00,18.72,60.16,10.36,3.0,8.06,32.98,7.75,,0.61,0.29,0.02,0.94,0.05,0.3,30.1,0.47,271.78,76.07,742.01,88.06,0.0,24-Sep-2020 - 00:00,"Ganga Nagar, Meerut - UPPCB"
24-Sep-2020 - 00:00,25.14,92.92,11.7,3.56,9.21,30.06,7.39,,0.86,0.24,0.04,0.82,0.04,0.24,30.38,0.48,212.49,71.91,742.03,110.1,0.0,25-Sep-2020 - 00:00,"Ganga Nagar, Meerut - UPPCB"
25-Sep-2020 - 00:00,48.32,153.22,15.94,2.93,10.94,33.13,8.74,,1.3,0.32,0.04,1.56,0.1,0.42,31.02,0.54,146.64,67.06,742.0,115.04,0.0,26-Sep-2020 - 00:00,"Ganga Nagar, Meerut - UPPCB"
26-Sep-2020 - 00:00,78.9,203.52,26.11,4.49,17.63,41.07,6.6,,7.76,0.59,0.09,2.95,0.17,0.69,30.03,0.48,151.97,68.35,742.09,96.34,0.0,27-Sep-2020 - 00:00,"Ganga Nagar, Meerut - UPPCB"
27-Sep-2020 - 00:00,35.2,128.75,18.14,2.88,12.07,39.03,9.37,,9.83,0.27,0.06,1.66,0.16,0.32,30.01,0.52,143.24,56.95,742.22,122.61,0.0,28-Sep-2020 - 00:00,"Ganga Nagar, Meerut - UPPCB"
28-Sep-2020 - 00:00,52.72,192.11,19.16,2.77,12.52,40.32,10.02,,4.55,0.39,0.06,1.48,0.14,0.28,30.13,0.54,147.99,62.68,742.2,122.01,0.0,29-Sep-2020 - 00:00,"Ganga Nagar, Meerut - UPPCB"
29-Sep-2020 - 00:00,50.23,192.28,16.29,2.68,10.92,39.98,9.09,,8.35,0.39,0.05,1.09,0.12,0.25,30.25,0.61,133.96,58.75,742.23,123.0,0.0,30-Sep-2020 - 00:00,"Ganga Nagar, Meerut - UPPCB"
30-Sep-2020 - 00:00,46.74,165.59,15.86,2.93,10.82,38.48,11.63,,5.19,0.36,0.02,0.87,0.09,0.18,30.08,0.65,134.43,55.19,742.19,154.26,0.0,01-Oct-2020 - 00:00,"Ganga Nagar, Meerut - UPPCB"
01-Oct-2020 - 00:00,51.67,197.37,20.18,2.3,12.59,41.2,5.87,,0.79,0.39,0.01,1.31,0.06,0.63,32.28,0.61,137.48,46.67,742.18,134.22,0.0,02-Oct-2020 - 00:00,"Ganga Nagar, Meerut - UPPCB"
02-Oct-2020 - 00:00,73.71,213.47,21.48,2.83,13.72,42.81,10.39,,1.64,0.48,0.02,1.66,0.08,0.51,29.92,0.5,141.21,59.55,742.25,120.24,0.0,03-Oct-2020 - 00:00,"Ganga Nagar, Meerut - UPPCB"
03-Oct-2020 - 00:00,82.9,217.62,24.3,2.79,15.28,39.18,11.28,,3.23,0.47,0.12,1.39,0.28,0.51,29.58,0.49,138.32,55.31,742.28,121.17,0.0,04-Oct-2020 - 00:00,"Ganga Nagar, Meerut - UPPCB"
04-Oct-2020 - 00:00,90.61,223.41,24.64,2.75,15.42,38.95,8.25,,5.18,0.49,0.1,1.38,0.26,0.48,28.98,0.51,149.99,50.97,742.22,120.08,0.0,05-Oct-2020 - 00:00,"Ganga Nagar, Meerut - UPPCB"
05-Oct-2020 - 00:00,77.22,208.56,20.81,2.85,13.46,40.1,10.31,,5.51,0.42,0.08,1.27,0.2,0.3,28.72,0.56,142.03,56.12,742.19,116.83,0.0,06-Oct-2020 - 00:00,"Ganga Nagar, Meerut - UPPCB"
06-Oct-2020 - 00:00,84.23,218.14,24.53,2.7,15.24,40.01,8.58,,4.33,0.49,0.11,1.47,0.25,0.38,28.68,0.53,147.71,53.14,742.2,115.02,0.0,07-Oct-2020 - 00:00,"Ganga Nagar, Meerut - UPPCB"
07-Oct-2020 - 00:00,119.65,282.16,32.43,2.86,19.66,41.9,7.7,,10.43,0.7,0.27,2.09,0.55,0.59,28.89,0.46,154.04,52.13,742.2,114.82,0.0,08-Oct-2020 - 00:00,"Ganga Nagar, Meerut - UPPCB"
08-Oct-2020 - 00:00,121.24,267.85,32.77,3.08,20.02,46.21,9.17,,19.46,0.71,0.18,1.91,0.33,0.59,29.29,0.52,156.53,54.17,742.17,111.03,0.0,09-Oct-2020 - 00:00,"Ganga Nagar, Meerut - UPPCB"
09-Oct-2020 - 00:00,129.02,279.07,34.63,3.19,21.1,47.97,8.41,,19.5,0.76,0.21,2.09,0.45,0.63,29.37,0.43,167.94,51.71,742.16,109.56,0.0,10-Oct-2020 - 00:00,"Ganga Nagar, Meerut - UPPCB"
10-Oct-2020 - 00:00,142.34,301.25,34.95,3.15,21.24,47.88,15.3,,17.44,0.68,0.17,1.94,0.32,0.56,29.06,0.45,152.96,54.05,742.15,106.68,0.0,11-Oct-2020 - 00:00,"Ganga Nagar, Meerut - UPPCB"
11-Oct-2020 - 00:00,125.62,315.9,38.98,3.13,23.35,44.18,11.82,,17.57,0.7,0.3,2.44,0.37,1.02,29.36,0.43,148.61,54.45,742.14,108.4,0.0,12-Oct-2020 - 00:00,"Ganga Nagar, Meerut - UPPCB"
12-Oct-2020 - 00:00,125.95,268.86,37.5,3.07,22.49,51.76,6.41,,17.98,0.87,0.3,2.61,0.36,1.02,29.5,0.41,211.5,55.48,742.16,99.78,0.0,13-Oct-2020 - 00:00,"Ganga Nagar, Meerut - UPPCB"
13-Oct-2020 - 00:00,97.1,217.56,22.57,3.19,14.68,47.71,9.14,,17.74,0.71,0.09,1.75,0.12,0.57,28.81,0.43,237.09,63.73,742.16,80.35,0.0,14-Oct-2020 - 00:00,"Ganga Nagar, Meerut - UPPCB"
14-Oct-2020 - 00:00,129.11,280.53,29.86,3.14,18.53,51.32,10.56,,17.62,0.79,0.11,2.35,0.13,1.05,29.3,0.42,181.86,62.25,742.08,91.26,0.0,15-Oct-2020 - 00:00,"Ganga Nagar, Meerut - UPPCB"
15-Oct-2020 - 00:00,174.81,350.36,41.38,3.61,25.03,52.6,8.48,,17.47,0.86,0.09,2.69,0.14,1.35,29.22,0.44,156.77,47.19,742.12,93.5,0.0,16-Oct-2020 - 00:00,"Ganga Nagar, Meerut - UPPCB"
16-Oct-2020 - 00:00,139.94,272.55,47.7,3.88,28.6,44.39,9.0,,17.41,0.73,0.1,2.36,0.23,1.13,28.05,0.46,148.66,34.93,742.17,106.11,0.0,17-Oct-2020 - 00:00,"Ganga Nagar, Meerut - UPPCB"
17-Oct-2020 - 00:00,124.91,272.94,40.59,3.69,24.67,46.89,13.47,,17.61,0.7,0.13,2.01,0.24,0.82,27.69,0.39,142.38,40.28,742.16,97.88,0.0,18-Oct-2020 - 00:00,"Ganga Nagar, Meerut - UPPCB"
18-Oct-2020 - 00:00,106.52,240.36,30.0,2.71,18.23,44.35,16.51,,17.7,0.55,0.04,1.58,0.11,0.53,27.82,0.52,134.97,36.93,742.19,108.2,0.0,19-Oct-2020 - 00:00,"Ganga Nagar, Meerut - UPPCB"
19-Oct-2020 - 00:00,147.95,308.79,36.03,2.9,21.6,45.58,11.66,,17.71,0.7,0.06,1.9,0.11,0.74,27.18,0.52,138.36,39.79,742.28,105.23,0.0,20-Oct-2020 - 00:00,"Ganga Nagar, Meerut - UPPCB"
20-Oct-2020 - 00:00,107.36,252.31,40.58,3.02,24.12,40.98,10.8,,17.74,0.67,0.12,2.06,0.24,1.02,27.12,0.55,143.2,32.08,742.38,111.62,0.0,21-Oct-2020 - 00:00,"Ganga Nagar, Meerut - UPPCB"
21-Oct-2020 - 00:00,181.55,350.39,45.12,4.24,27.54,43.3,10.22,,17.84,0.9,0.14,3.21,0.36,1.12,26.88,0.45,141.66,34.56,742.26,100.14,0.0,22-Oct-2020 - 00:00,"Ganga Nagar, Meerut - UPPCB"
22-Oct-2020 - 00:00,97.14,243.9,47.41,3.51,28.16,48.09,11.47,,17.79,0.91,0.09,3.11,0.11,1.52,27.33,0.48,157.42,40.34,742.12,90.23,0.0,23-Oct-2020 - 00:00,"Ganga Nagar, Meerut - UPPCB"
23-Oct-2020 - 00:00,137.96,298.1,52.55,4.62,31.7,46.16,10.37,,17.79,0.93,0.1,2.96,0.07,1.65,26.43,0.48,147.26,41.01,742.29,101.06,0.0,24-Oct-2020 - 00:00,"Ganga Nagar, Meerut - UPPCB"
24-Oct-2020 - 00:00,190.89,360.65,58.65,3.98,34.51,45.1,13.47,,18.01,1.0,0.12,3.35,0.16,1.85,25.93,0.43,127.03,38.85,742.35,86.32,0.0,25-Oct-2020 - 00:00,"Ganga Nagar, Meerut - UPPCB"
25-Oct-2020 - 00:00,160.18,442.3,63.27,8.78,40.87,49.83,10.29,,17.9,1.25,0.41,4.94,0.66,2.35,26.31,0.4,162.74,42.41,742.29,88.07,0.0,26-Oct-2020 - 00:00,"Ganga Nagar, Meerut - UPPCB"
26-Oct-2020 - 00:00,153.18,339.99,43.75,6.23,28.33,49.12,16.6,,17.96,1.14,0.26,3.6,0.47,1.61,25.55,0.5,139.41,41.01,742.53,85.97,0.0,27-Oct-2020 - 00:00,"Ganga Nagar, Meerut - UPPCB"
27-Oct-2020 - 00:00,163.75,324.14,32.2,2.95,19.6,41.95,10.67,,17.17,0.68,0.05,2.09,0.13,0.86,24.76,0.49,128.51,37.79,742.55,96.21,0.0,28-Oct-2020 - 00:00,"Ganga Nagar, Meerut - UPPCB"
28-Oct-2020 - 00:00,178.61,366.55,63.37,7.05,39.52,42.62,11.11,,36.78,1.03,0.26,4.08,0.77,1.75,24.57,0.44,150.73,38.12,742.52,86.66,0.0,29-Oct-2020 - 00:00,"Ganga Nagar, Meerut - UPPCB"
29-Oct-2020 - 00:00,145.55,301.16,46.43,4.67,28.56,48.77,7.23,,65.32,1.09,0.27,3.88,0.61,1.9,24.47,0.41,178.69,47.65,742.53,87.17,0.0,30-Oct-2020 - 00:00,"Ganga Nagar, Meerut - UPPCB"
30-Oct-2020 - 00:00,160.99,309.67,35.47,3.45,21.68,44.88,7.28,,49.59,0.96,0.14,2.95,0.6,1.16,24.6,0.47,142.39,44.24,742.52,90.86,0.0,31-Oct-2020 - 00:00,"Ganga Nagar, Meerut - UPPCB"
31-Oct-2020 - 00:00,284.94,472.31,35.69,3.01,21.51,47.14,13.77,,31.96,0.93,0.07,2.69,0.28,1.07,23.92,0.48,134.43,44.19,742.55,88.65,0.0,01-Nov-2020 - 00:00,"Ganga Nagar, Meerut - UPPCB"
01-Nov-2020 - 00:00,208.26,389.83,33.37,2.77,20.09,41.07,12.85,,18.99,0.98,0.04,2.89,0.12,1.31,23.62,0.49,129.53,34.59,742.65,87.71,0.0,02-Nov-2020 - 00:00,"Ganga Nagar, Meerut - UPPCB"
02-Nov-2020 - 00:00,208.47,391.8,32.07,3.41,19.89,35.84,11.15,,24.63,1.0,0.08,3.63,0.13,1.59,22.8,0.44,131.19,36.95,742.7,79.53,0.0,03-Nov-2020 - 00:00,"Ganga Nagar, Meerut - UPPCB"
03-Nov-2020 - 00:00,123.18,289.29,50.14,7.21,34.45,23.12,9.03,,31.99,1.07,0.48,8.68,1.27,2.28,23.05,0.39,137.47,32.41,742.6,79.62,0.0,04-Nov-2020 - 00:00,"Ganga Nagar, Meerut - UPPCB"
04-Nov-2020 - 00:00,235.06,441.49,34.23,2.74,22.5,11.19,12.53,,24.31,1.16,0.54,4.18,1.07,1.32,22.54,0.42,131.65,43.49,742.59,69.89,0.0,05-Nov-2020 - 00:00,"Ganga Nagar, Meerut - UPPCB"
05-Nov-2020 - 00:00,244.3,429.9,9.68,2.2,15.05,4.18,10.12,,35.35,1.08,0.29,4.51,0.68,1.2,23.66,0.44,124.15,40.61,742.5,84.84,0.0,06-Nov-2020 - 00:00,"Ganga Nagar, Meerut - UPPCB"
06-Nov-2020 - 00:00,148.41,308.23,40.26,2.77,24.09,29.2,10.42,,18.05,0.91,0.29,3.06,0.61,0.87,24.09,0.47,125.65,35.61,742.49,87.64,0.0,07-Nov-2020 - 00:00,"Ganga Nagar, Meerut - UPPCB"
07-Nov-2020 - 00:00,179.79,348.14,47.6,3.77,28.46,38.49,11.06,0.54,21.47,0.87,0.24,3.04,0.55,0.83,23.22,0.45,125.5,37.97,742.49,85.45,0.0,08-Nov-2020 - 00:00,"Ganga Nagar, Meerut - UPPCB"
08-Nov-2020 - 00:00,237.24,434.89,54.64,5.49,33.61,43.14,10.25,,21.48,1.22,0.47,4.15,0.92,1.25,22.37,0.42,152.06,44.51,742.53,73.95,0.0,09-Nov-2020 - 00:00,"Ganga Nagar, Meerut - UPPCB"
09-Nov-2020 - 00:00,172.07,341.49,54.21,6.1,33.87,43.54,8.86,,25.3,1.32,0.69,4.84,1.35,1.5,22.27,0.44,152.61,55.26,742.55,73.16,0.0,10-Nov-2020 - 00:00,"Ganga Nagar, Meerut - UPPCB"
10-Nov-2020 - 00:00,142.76,271.77,36.29,4.78,23.52,38.55,5.57,,44.51,1.13,0.46,4.46,1.21,1.22,22.47,0.38,218.08,56.28,742.52,76.89,0.0,11-Nov-2020 - 00:00,"Ganga Nagar, Meerut - UPPCB"
11-Nov-2020 - 00:00,93.57,277.04,42.68,8.58,32.29,36.05,4.91,,69.54,0.93,0.42,3.6,0.97,1.09,22.37,0.4,207.7,54.33,742.55,81.39,0.0,12-Nov-2020 - 00:00,"Ganga Nagar, Meerut - UPPCB"
12-Nov-2020 - 00:00,105.97,281.2,50.6,12.08,36.82,50.16,3.8,,91.21,1.11,0.77,4.34,1.29,1.27,22.58,0.42,150.47,52.49,742.52,79.15,0.0,13-Nov-2020 - 00:00,"Ganga Nagar, Meerut - UPPCB"
13-Nov-2020 - 00:00,128.75,349.78,50.72,6.95,32.63,50.02,6.17,,20.53,1.03,0.55,4.44,1.13,1.31,22.71,0.38,139.99,50.38,742.56,72.66,0.0,14-Nov-2020 - 00:00,"Ganga Nagar, Meerut - UPPCB"
14-Nov-2020 - 00:00,247.16,510.23,56.88,11.03,39.31,50.18,8.61,,19.42,1.12,0.17,3.99,1.02,1.12,21.7,0.4,164.28,48.1,742.6,70.15,0.0,15-Nov-2020 - 00:00,"Ganga Nagar, Meerut - UPPCB"
15-Nov-2020 - 00:00,138.17,242.26,27.71,3.19,17.41,50.18,4.98,,21.32,0.84,0.07,2.6,0.27,0.63,21.01,0.51,251.47,63.12,742.68,65.08,0.45,16-Nov-2020 - 00:00,"Ganga Nagar, Meerut - UPPCB"
16-Nov-2020 - 00:00,36.39,80.53,32.27,6.13,22.23,49.79,3.23,,19.72,0.41,0.27,2.21,0.6,0.32,20.93,0.49,211.55,68.58,742.58,81.8,0.0,17-Nov-2020 - 00:00,"Ganga Nagar, Meerut - UPPCB"
17-Nov-2020 - 00:00,33.59,78.19,32.85,5.84,22.3,49.75,3.62,,18.68,0.42,0.07,2.04,0.22,0.5,20.98,0.5,136.44,61.45,742.61,88.11,0.0,18-Nov-2020 - 00:00,"Ganga Nagar, Meerut - UPPCB"
18-Nov-2020 - 00:00,59.31,129.79,35.08,3.68,21.72,43.17,5.97,,19.44,0.4,0.09,1.62,0.26,0.34,19.87,0.47,144.41,56.97,742.67,87.94,0.0,19-Nov-2020 - 00:00,"Ganga Nagar, Meerut - UPPCB"
19-Nov-2020 - 00:00,85.66,160.14,36.51,3.27,22.16,38.83,8.47,,19.99,0.55,0.11,1.73,0.33,0.51,19.23,0.47,148.27,53.04,742.68,83.72,0.0,20-Nov-2020 - 00:00,"Ganga Nagar, Meerut - UPPCB"
20-Nov-2020 - 00:00,96.95,179.97,39.01,3.15,23.39,36.22,9.14,,20.51,0.53,0.07,1.49,0.25,0.35,18.71,0.56,129.34,51.02,742.7,85.29,0.0,21-Nov-2020 - 00:00,"Ganga Nagar, Meerut - UPPCB"
21-Nov-2020 - 00:00,45.36,116.65,29.88,2.86,18.3,26.64,8.54,,20.23,0.31,0.06,0.97,0.17,0.21,18.31,0.68,133.57,36.74,742.74,96.36,0.0,22-Nov-2020 - 00:00,"Ganga Nagar, Meerut - UPPCB"
22-Nov-2020 - 00:00,72.61,145.48,42.88,3.09,25.41,29.27,10.96,,19.18,0.47,0.14,1.37,0.32,0.28,17.68,0.55,132.35,39.25,742.75,89.83,0.0,23-Nov-2020 - 00:00,"Ganga Nagar, Meerut - UPPCB"
23-Nov-2020 - 00:00,105.25,231.28,60.69,18.6,47.4,33.65,12.46,,17.72,0.85,0.73,3.48,1.34,0.91,18.45,0.36,176.28,38.77,742.71,81.14,0.0,24-Nov-2020 - 00:00,"Ganga Nagar, Meerut - UPPCB"
24-Nov-2020 - 00:00,256.49,425.26,61.23,9.88,40.69,48.11,11.37,,18.74,1.28,0.39,3.82,0.77,1.5,17.92,0.38,208.84,49.41,742.71,67.57,0.0,25-Nov-2020 - 00:00,"Ganga Nagar, Meerut - UPPCB"
25-Nov-2020 - 00:00,156.54,282.72,35.31,3.79,21.95,53.84,11.18,,17.5,0.98,0.06,2.05,0.28,0.56,17.44,0.45,214.54,74.08,742.86,44.64,0.0,26-Nov-2020 - 00:00,"Ganga Nagar, Meerut - UPPCB"
26-Nov-2020 - 00:00,57.43,116.82,30.52,3.89,19.48,46.37,6.6,,18.23,0.41,0.09,1.37,0.16,0.4,19.81,0.54,166.0,63.88,742.7,76.83,0.0,27-Nov-2020 - 00:00,"Ganga Nagar, Meerut - UPPCB"
27-Nov-2020 - 00:00,58.69,127.6,35.24,3.96,22.05,39.13,6.43,,18.65,0.38,0.06,1.45,0.2,0.39,19.88,0.6,132.74,55.54,742.66,87.23,0.0,28-Nov-2020 - 00:00,"Ganga Nagar, Meerut - UPPCB"
28-Nov-2020 - 00:00,110.18,203.41,41.68,3.34,24.97,37.63,8.67,,20.99,0.5,0.11,1.59,0.23,0.44,19.22,0.49,134.75,50.29,742.69,86.04,0.0,29-Nov-2020 - 00:00,"Ganga Nagar, Meerut - UPPCB"
29-Nov-2020 - 00:00,156.31,278.96,54.07,5.48,33.29,36.77,10.69,,27.12,0.7,0.15,2.65,0.35,0.65,18.82,0.42,131.17,46.7,742.66,80.73,0.0,30-Nov-2020 - 00:00,"Ganga Nagar, Meerut - UPPCB"
30-Nov-2020 - 00:00,153.65,332.79,65.51,6.13,39.83,39.81,7.12,,32.04,0.98,0.16,2.86,0.54,0.88,18.8,0.37,155.57,52.14,742.65,76.1,0.0,01-Dec-2020 - 00:00,"Ganga Nagar, Meerut - UPPCB"
01-Dec-2020 - 00:00,216.0,426.0,77.8,3.05,43.85,43.5,4.55,,17.25,1.1,0.0,2.7,0.75,0.85,17.4,0.4,134.5,59.0,743.0,17.0,0.0,02-Dec-2020 - 00:00,"Ganga Nagar, Meerut - UPPCB"
