from date,PM2.5,PM10,NO2,NO,NOx,NH3,SO2,CO,Ozone,AT,WS,WD,RH,BP,SR,RF,to date,station
01-Jan-2020 - 00:00,70.2,79.62,55.87,5.76,34.4,65.26,6.48,0.67,30.0,15.83,0.86,106.68,83.01,729.83,162.24,0.16,02-Jan-2020 - 00:00,"Gole Bazar, Katni - MPPCB"
02-Jan-2020 - 00:00,67.37,86.19,57.65,11.64,40.12,66.64,5.76,0.87,19.23,17.24,0.45,109.42,85.02,729.57,182.3,0.02,03-Jan-2020 - 00:00,"Gole Bazar, Katni - MPPCB"
03-Jan-2020 - 00:00,59.21,89.04,48.22,8.59,32.64,71.41,6.6,0.6,22.5,19.11,0.51,186.38,79.62,727.91,234.38,0.0,04-Jan-2020 - 00:00,"Gole Bazar, Katni - MPPCB"
04-Jan-2020 - 00:00,66.52,116.22,49.31,9.44,33.9,70.6,4.03,0.66,25.95,18.09,0.39,192.95,74.19,727.54,253.71,0.0,05-Jan-2020 - 00:00,"Gole Bazar, Katni - MPPCB"
05-Jan-2020 - 00:00,106.49,154.15,51.14,21.06,44.33,62.17,6.29,0.89,34.23,16.34,0.34,170.1,74.77,729.43,231.95,0.0,06-Jan-2020 - 00:00,"Gole Bazar, Katni - MPPCB"
06-Jan-2020 - 00:00,111.23,200.91,74.58,59.22,87.81,61.15,19.66,1.26,30.68,17.77,0.42,152.12,64.26,730.14,274.18,0.0,07-Jan-2020 - 00:00,"Gole Bazar, Katni - MPPCB"
07-Jan-2020 - 00:00,64.99,131.07,64.28,10.07,42.37,57.58,12.48,0.67,42.01,19.49,0.38,138.43,59.62,727.56,259.23,0.0,08-Jan-2020 - 00:00,"Gole Bazar, Katni - MPPCB"
08-Jan-2020 - 00:00,83.82,131.38,60.59,9.55,39.99,64.47,15.7,0.75,37.42,19.86,0.45,173.75,73.43,724.29,212.91,0.05,09-Jan-2020 - 00:00,"Gole Bazar, Katni - MPPCB"
09-Jan-2020 - 00:00,86.29,126.65,47.3,7.46,31.23,69.18,4.63,0.54,45.09,17.27,0.54,194.34,70.14,728.44,278.76,0.0,10-Jan-2020 - 00:00,"Gole Bazar, Katni - MPPCB"
10-Jan-2020 - 00:00,74.56,127.79,52.86,9.55,35.88,60.75,7.25,0.51,49.16,14.21,0.39,193.15,64.91,730.55,285.24,0.0,11-Jan-2020 - 00:00,"Gole Bazar, Katni - MPPCB"
11-Jan-2020 - 00:00,109.69,201.46,80.88,32.01,69.04,63.97,10.35,1.15,38.26,14.73,0.34,209.64,63.26,730.35,292.79,0.0,12-Jan-2020 - 00:00,"Gole Bazar, Katni - MPPCB"
12-Jan-2020 - 00:00,154.03,209.32,80.81,49.05,82.85,66.54,19.96,1.4,42.38,16.7,0.33,209.67,62.33,728.03,284.91,0.0,13-Jan-2020 - 00:00,"Gole Bazar, Katni - MPPCB"
13-Jan-2020 - 00:00,129.4,258.39,83.07,71.22,102.08,61.76,34.67,1.71,32.48,19.66,0.44,215.39,61.53,724.43,274.98,0.0,14-Jan-2020 - 00:00,"Gole Bazar, Katni - MPPCB"
14-Jan-2020 - 00:00,121.93,224.11,70.96,42.98,72.68,63.51,21.33,1.36,36.69,21.53,0.41,182.27,66.92,724.84,259.93,0.0,15-Jan-2020 - 00:00,"Gole Bazar, Katni - MPPCB"
15-Jan-2020 - 00:00,139.32,203.15,65.37,7.09,40.53,63.63,9.8,1.14,45.73,21.46,0.48,139.47,71.67,725.62,262.83,0.0,16-Jan-2020 - 00:00,"Gole Bazar, Katni - MPPCB"
16-Jan-2020 - 00:00,156.12,211.46,53.63,2.37,30.32,65.58,10.12,0.95,66.87,20.86,0.65,134.59,71.53,724.26,245.38,0.0,17-Jan-2020 - 00:00,"Gole Bazar, Katni - MPPCB"
17-Jan-2020 - 00:00,123.68,180.15,48.74,10.57,34.52,64.29,13.38,0.9,56.14,19.72,0.39,239.02,73.91,726.79,222.89,0.01,18-Jan-2020 - 00:00,"Gole Bazar, Katni - MPPCB"
18-Jan-2020 - 00:00,81.08,126.65,54.39,7.91,35.36,59.54,7.16,0.74,67.06,19.42,0.5,101.46,72.3,727.79,262.84,0.0,19-Jan-2020 - 00:00,"Gole Bazar, Katni - MPPCB"
19-Jan-2020 - 00:00,51.76,82.93,35.26,5.22,22.99,48.17,5.72,0.52,76.48,17.56,0.55,156.46,67.9,729.07,262.12,0.0,20-Jan-2020 - 00:00,"Gole Bazar, Katni - MPPCB"
20-Jan-2020 - 00:00,76.02,137.41,55.49,16.89,43.25,48.32,8.82,0.8,61.09,16.03,0.39,164.12,67.34,729.28,278.85,0.0,21-Jan-2020 - 00:00,"Gole Bazar, Katni - MPPCB"
21-Jan-2020 - 00:00,70.97,120.42,51.69,6.01,32.38,50.62,8.33,0.8,75.51,18.55,0.48,107.51,66.2,729.0,275.31,0.0,22-Jan-2020 - 00:00,"Gole Bazar, Katni - MPPCB"
22-Jan-2020 - 00:00,99.25,123.01,52.9,8.12,34.75,57.83,7.47,0.87,43.16,18.15,0.33,124.09,80.57,729.69,151.55,0.08,23-Jan-2020 - 00:00,"Gole Bazar, Katni - MPPCB"
23-Jan-2020 - 00:00,78.86,117.93,44.37,4.34,27.13,57.33,6.88,0.47,51.79,18.58,0.5,214.25,63.49,730.01,379.38,0.0,24-Jan-2020 - 00:00,"Gole Bazar, Katni - MPPCB"
24-Jan-2020 - 00:00,242.0,461.33,107.81,83.33,125.1,71.7,9.3,3.47,3.54,16.06,0.3,255.69,65.77,728.5,17.58,0.0,25-Jan-2020 - 00:00,"Gole Bazar, Katni - MPPCB"
25-Jan-2020 - 00:00,99.82,210.7,71.41,43.48,72.51,54.72,7.84,1.47,27.53,17.23,0.38,190.23,61.25,727.95,287.9,0.0,26-Jan-2020 - 00:00,"Gole Bazar, Katni - MPPCB"
26-Jan-2020 - 00:00,114.27,234.59,69.41,45.14,73.61,52.94,23.57,1.3,33.29,18.4,0.44,209.69,60.24,726.77,286.16,0.0,27-Jan-2020 - 00:00,"Gole Bazar, Katni - MPPCB"
27-Jan-2020 - 00:00,81.31,161.17,58.15,19.12,46.47,53.95,21.42,0.95,38.42,19.69,0.56,140.04,61.22,724.66,273.45,0.0,28-Jan-2020 - 00:00,"Gole Bazar, Katni - MPPCB"
28-Jan-2020 - 00:00,50.09,121.71,51.13,6.36,32.37,53.33,13.79,0.71,43.94,22.34,0.69,204.19,61.53,722.8,263.22,0.0,29-Jan-2020 - 00:00,"Gole Bazar, Katni - MPPCB"
29-Jan-2020 - 00:00,61.74,168.41,52.66,13.25,38.78,54.13,25.85,0.66,34.66,20.92,0.73,265.54,64.97,727.07,270.32,0.0,30-Jan-2020 - 00:00,"Gole Bazar, Katni - MPPCB"
30-Jan-2020 - 00:00,70.59,130.89,42.26,5.62,27.04,52.86,6.37,0.62,47.73,17.83,0.57,211.27,61.82,728.71,293.84,0.0,31-Jan-2020 - 00:00,"Gole Bazar, Katni - MPPCB"
31-Jan-2020 - 00:00,84.88,183.24,58.67,14.72,43.17,43.85,29.32,0.83,46.71,16.76,0.42,188.73,59.29,727.44,297.94,0.0,01-Feb-2020 - 00:00,"Gole Bazar, Katni - MPPCB"
01-Feb-2020 - 00:00,73.99,150.16,68.87,11.58,46.05,43.56,8.42,0.94,40.06,17.7,0.54,126.94,56.2,729.11,298.32,0.0,02-Feb-2020 - 00:00,"Gole Bazar, Katni - MPPCB"
02-Feb-2020 - 00:00,81.94,164.3,67.03,17.33,49.72,38.14,12.79,0.95,40.27,17.48,0.42,187.31,54.74,731.02,302.34,0.0,03-Feb-2020 - 00:00,"Gole Bazar, Katni - MPPCB"
03-Feb-2020 - 00:00,64.2,130.47,60.52,9.07,39.56,38.68,10.61,0.76,47.87,18.08,0.54,110.9,56.38,729.95,294.54,0.0,04-Feb-2020 - 00:00,"Gole Bazar, Katni - MPPCB"
04-Feb-2020 - 00:00,75.25,112.79,47.55,4.35,28.82,39.64,14.21,0.67,35.84,16.34,0.55,108.78,72.74,727.67,158.04,0.0,05-Feb-2020 - 00:00,"Gole Bazar, Katni - MPPCB"
05-Feb-2020 - 00:00,84.03,140.62,56.49,8.54,36.99,35.37,16.26,0.79,49.28,19.36,0.4,136.31,65.62,727.93,279.66,0.0,06-Feb-2020 - 00:00,"Gole Bazar, Katni - MPPCB"
06-Feb-2020 - 00:00,66.28,130.43,57.67,5.48,35.13,36.73,5.38,0.69,52.07,19.08,0.68,111.01,57.56,727.61,273.45,0.0,07-Feb-2020 - 00:00,"Gole Bazar, Katni - MPPCB"
07-Feb-2020 - 00:00,61.79,120.46,51.77,3.72,30.56,33.93,14.66,0.65,67.09,18.84,0.9,99.91,57.53,728.52,287.91,0.0,08-Feb-2020 - 00:00,"Gole Bazar, Katni - MPPCB"
08-Feb-2020 - 00:00,82.73,154.16,63.47,5.53,38.26,36.8,8.22,0.83,62.09,18.4,0.59,117.43,54.99,731.21,297.59,0.0,09-Feb-2020 - 00:00,"Gole Bazar, Katni - MPPCB"
09-Feb-2020 - 00:00,94.72,173.81,65.05,12.46,44.74,37.05,6.49,0.93,49.97,17.54,0.45,156.55,55.69,732.25,305.03,0.0,10-Feb-2020 - 00:00,"Gole Bazar, Katni - MPPCB"
10-Feb-2020 - 00:00,86.09,172.26,65.31,17.22,48.74,36.22,5.8,1.08,42.28,18.22,0.43,160.84,53.49,730.6,294.96,0.0,11-Feb-2020 - 00:00,"Gole Bazar, Katni - MPPCB"
11-Feb-2020 - 00:00,86.62,182.69,70.91,15.36,50.21,37.84,6.41,0.99,46.6,19.13,0.41,163.38,54.67,730.65,303.57,0.0,12-Feb-2020 - 00:00,"Gole Bazar, Katni - MPPCB"
12-Feb-2020 - 00:00,110.75,254.64,78.59,26.69,63.49,41.54,19.83,1.35,40.79,19.92,0.42,220.17,54.23,730.89,300.61,0.0,13-Feb-2020 - 00:00,"Gole Bazar, Katni - MPPCB"
13-Feb-2020 - 00:00,89.38,239.34,68.69,23.77,55.86,37.16,64.47,1.07,40.9,21.72,0.78,271.31,53.27,728.15,296.81,0.0,14-Feb-2020 - 00:00,"Gole Bazar, Katni - MPPCB"
14-Feb-2020 - 00:00,68.99,194.58,59.83,8.96,39.11,39.19,26.44,0.96,51.24,22.59,0.76,264.14,50.04,725.51,298.07,0.0,15-Feb-2020 - 00:00,"Gole Bazar, Katni - MPPCB"
15-Feb-2020 - 00:00,86.06,241.89,65.95,19.91,51.28,39.43,40.22,1.15,38.02,22.03,0.57,249.2,50.73,726.21,299.44,0.0,16-Feb-2020 - 00:00,"Gole Bazar, Katni - MPPCB"
16-Feb-2020 - 00:00,62.28,209.06,64.55,26.45,55.84,33.29,23.33,1.04,36.57,22.16,0.5,241.31,45.05,728.25,303.51,0.0,17-Feb-2020 - 00:00,"Gole Bazar, Katni - MPPCB"
17-Feb-2020 - 00:00,72.11,210.75,68.65,32.74,63.14,32.37,39.15,1.17,37.8,21.55,0.47,220.6,43.04,729.27,302.86,0.0,18-Feb-2020 - 00:00,"Gole Bazar, Katni - MPPCB"
18-Feb-2020 - 00:00,98.81,276.96,73.0,33.23,65.84,32.17,56.39,1.42,37.9,21.83,0.56,250.51,44.01,727.51,298.91,0.0,19-Feb-2020 - 00:00,"Gole Bazar, Katni - MPPCB"
19-Feb-2020 - 00:00,57.85,163.72,58.35,15.25,43.43,38.27,18.2,0.9,40.41,22.96,0.44,184.82,45.43,726.51,297.72,0.0,20-Feb-2020 - 00:00,"Gole Bazar, Katni - MPPCB"
20-Feb-2020 - 00:00,46.96,138.55,50.47,5.85,31.6,38.36,12.52,0.81,55.79,24.62,0.55,157.76,48.18,725.65,285.0,0.0,21-Feb-2020 - 00:00,"Gole Bazar, Katni - MPPCB"
21-Feb-2020 - 00:00,59.71,148.88,43.0,3.4,25.63,44.58,14.8,0.67,51.36,24.48,0.93,174.8,62.28,726.99,254.06,0.23,22-Feb-2020 - 00:00,"Gole Bazar, Katni - MPPCB"
22-Feb-2020 - 00:00,76.29,111.86,32.2,2.89,19.48,43.94,5.9,0.61,53.06,23.83,0.59,143.82,72.85,729.14,280.96,0.0,23-Feb-2020 - 00:00,"Gole Bazar, Katni - MPPCB"
23-Feb-2020 - 00:00,102.92,154.59,32.8,2.85,19.76,42.59,5.93,0.52,54.12,23.82,0.48,164.78,72.52,727.73,256.32,0.0,24-Feb-2020 - 00:00,"Gole Bazar, Katni - MPPCB"
24-Feb-2020 - 00:00,89.6,157.62,39.48,3.13,23.55,37.74,5.2,0.67,60.96,23.43,0.44,176.89,66.84,725.27,279.97,0.0,25-Feb-2020 - 00:00,"Gole Bazar, Katni - MPPCB"
25-Feb-2020 - 00:00,61.42,131.56,45.02,5.63,28.52,42.73,2.45,0.51,53.64,22.79,0.51,233.2,59.84,725.02,288.9,0.0,26-Feb-2020 - 00:00,"Gole Bazar, Katni - MPPCB"
26-Feb-2020 - 00:00,62.69,161.18,52.78,7.39,34.09,41.54,24.98,0.7,50.55,22.5,0.62,195.34,55.04,726.56,301.27,0.0,27-Feb-2020 - 00:00,"Gole Bazar, Katni - MPPCB"
27-Feb-2020 - 00:00,43.4,102.66,41.93,2.73,24.52,37.59,4.7,0.59,65.37,23.49,0.54,133.73,55.95,726.89,306.74,0.0,28-Feb-2020 - 00:00,"Gole Bazar, Katni - MPPCB"
28-Feb-2020 - 00:00,39.65,100.19,36.92,2.13,21.36,36.39,6.13,0.49,76.66,24.2,0.78,124.7,53.96,725.5,304.39,0.0,29-Feb-2020 - 00:00,"Gole Bazar, Katni - MPPCB"
29-Feb-2020 - 00:00,49.1,130.64,42.26,3.58,25.39,37.2,7.06,0.62,70.37,24.98,0.56,144.48,55.95,724.2,280.16,0.0,01-Mar-2020 - 00:00,"Gole Bazar, Katni - MPPCB"
01-Mar-2020 - 00:00,41.91,89.2,31.76,2.11,18.59,35.83,5.82,0.41,71.82,23.68,1.06,109.19,63.69,725.07,287.96,0.03,02-Mar-2020 - 00:00,"Gole Bazar, Katni - MPPCB"
02-Mar-2020 - 00:00,43.22,113.14,45.4,4.87,28.1,33.34,8.96,0.76,54.28,24.93,0.76,194.03,62.43,724.23,300.64,0.01,03-Mar-2020 - 00:00,"Gole Bazar, Katni - MPPCB"
03-Mar-2020 - 00:00,42.07,99.51,40.48,3.38,24.28,35.86,7.73,0.49,59.18,26.17,0.8,158.85,58.18,722.46,300.94,0.0,04-Mar-2020 - 00:00,"Gole Bazar, Katni - MPPCB"
04-Mar-2020 - 00:00,39.36,92.11,39.82,4.2,24.6,31.38,8.28,0.4,57.15,25.26,0.8,144.55,57.2,722.03,308.1,0.0,05-Mar-2020 - 00:00,"Gole Bazar, Katni - MPPCB"
05-Mar-2020 - 00:00,42.52,110.22,38.4,4.21,23.86,29.1,7.63,0.47,67.57,25.82,0.65,132.1,52.74,721.47,304.32,0.0,06-Mar-2020 - 00:00,"Gole Bazar, Katni - MPPCB"
06-Mar-2020 - 00:00,40.4,108.33,27.74,3.6,17.68,30.97,4.26,0.41,58.73,25.12,0.95,162.0,60.94,721.15,299.8,0.0,07-Mar-2020 - 00:00,"Gole Bazar, Katni - MPPCB"
07-Mar-2020 - 00:00,54.71,149.51,40.68,6.61,27.01,31.02,9.88,0.63,46.48,24.82,0.5,214.15,54.67,724.79,295.74,0.0,08-Mar-2020 - 00:00,"Gole Bazar, Katni - MPPCB"
08-Mar-2020 - 00:00,42.56,110.55,35.31,4.31,22.28,31.29,6.2,0.53,57.85,24.14,0.61,136.02,57.22,726.62,314.25,0.0,09-Mar-2020 - 00:00,"Gole Bazar, Katni - MPPCB"
09-Mar-2020 - 00:00,42.96,141.62,49.58,12.97,36.92,28.33,17.93,0.82,44.69,23.95,0.51,179.98,45.36,725.43,320.02,0.0,10-Mar-2020 - 00:00,"Gole Bazar, Katni - MPPCB"
10-Mar-2020 - 00:00,49.23,100.07,32.91,4.93,21.51,32.44,13.32,0.73,52.2,23.75,0.95,118.17,49.78,723.92,281.66,0.0,11-Mar-2020 - 00:00,"Gole Bazar, Katni - MPPCB"
11-Mar-2020 - 00:00,27.88,61.35,25.38,4.44,17.11,27.66,17.15,0.49,46.23,25.34,0.69,184.03,62.55,722.31,288.73,0.01,12-Mar-2020 - 00:00,"Gole Bazar, Katni - MPPCB"
12-Mar-2020 - 00:00,47.55,121.22,34.34,9.27,25.81,34.07,20.11,0.76,41.97,27.31,0.55,218.58,57.83,724.32,301.04,0.0,13-Mar-2020 - 00:00,"Gole Bazar, Katni - MPPCB"
13-Mar-2020 - 00:00,33.05,100.26,30.26,6.52,21.39,44.84,11.67,0.61,46.08,26.29,0.64,212.18,58.07,725.12,271.67,0.0,14-Mar-2020 - 00:00,"Gole Bazar, Katni - MPPCB"
14-Mar-2020 - 00:00,26.08,65.96,32.89,4.15,20.87,41.18,6.6,0.52,46.2,25.35,0.59,145.38,61.39,725.11,278.56,0.0,15-Mar-2020 - 00:00,"Gole Bazar, Katni - MPPCB"
15-Mar-2020 - 00:00,35.16,86.88,27.74,4.28,18.23,42.84,6.73,0.4,49.13,24.17,0.52,135.75,63.54,726.35,278.51,0.0,16-Mar-2020 - 00:00,"Gole Bazar, Katni - MPPCB"
16-Mar-2020 - 00:00,40.45,135.39,41.06,6.66,27.26,47.58,6.89,0.6,54.51,25.12,0.52,163.3,51.33,727.21,322.73,0.0,17-Mar-2020 - 00:00,"Gole Bazar, Katni - MPPCB"
17-Mar-2020 - 00:00,36.01,136.06,40.58,7.06,27.32,56.97,5.27,0.77,67.45,25.65,0.53,114.81,45.72,727.83,321.1,0.0,18-Mar-2020 - 00:00,"Gole Bazar, Katni - MPPCB"
18-Mar-2020 - 00:00,51.41,173.79,50.04,15.37,39.12,72.38,3.69,1.51,65.18,26.55,0.46,169.07,46.07,726.44,318.27,0.0,19-Mar-2020 - 00:00,"Gole Bazar, Katni - MPPCB"
19-Mar-2020 - 00:00,58.27,148.59,46.44,9.05,32.06,89.3,11.08,0.85,39.45,22.35,0.55,153.97,66.73,724.49,216.06,0.06,20-Mar-2020 - 00:00,"Gole Bazar, Katni - MPPCB"
20-Mar-2020 - 00:00,49.44,127.02,38.12,9.88,27.7,83.25,10.96,1.58,33.25,25.67,0.51,195.56,55.74,723.43,302.35,0.0,21-Mar-2020 - 00:00,"Gole Bazar, Katni - MPPCB"
21-Mar-2020 - 00:00,33.19,121.64,36.19,5.64,23.84,77.5,10.21,0.35,56.16,27.31,0.74,197.93,48.92,723.38,313.15,0.0,22-Mar-2020 - 00:00,"Gole Bazar, Katni - MPPCB"
22-Mar-2020 - 00:00,27.93,66.24,25.86,3.32,16.45,58.54,3.97,0.38,74.19,28.07,0.59,123.84,51.17,724.66,309.89,0.0,23-Mar-2020 - 00:00,"Gole Bazar, Katni - MPPCB"
23-Mar-2020 - 00:00,36.69,89.53,26.83,4.15,16.5,61.37,9.72,0.55,68.99,29.41,0.44,153.93,41.88,723.43,195.32,0.0,24-Mar-2020 - 00:00,"Gole Bazar, Katni - MPPCB"
24-Mar-2020 - 00:00,34.03,91.05,26.77,3.72,17.26,67.73,8.36,0.55,68.94,30.04,0.59,134.16,41.28,722.74,305.97,0.0,25-Mar-2020 - 00:00,"Gole Bazar, Katni - MPPCB"
25-Mar-2020 - 00:00,29.57,85.69,20.31,3.27,13.46,62.92,7.52,0.49,72.41,30.4,0.7,133.65,42.56,722.89,290.88,0.0,26-Mar-2020 - 00:00,"Gole Bazar, Katni - MPPCB"
26-Mar-2020 - 00:00,22.03,52.89,18.32,3.04,12.21,52.93,12.93,0.4,62.02,30.67,0.72,229.73,46.17,723.98,295.28,0.0,27-Mar-2020 - 00:00,"Gole Bazar, Katni - MPPCB"
27-Mar-2020 - 00:00,21.03,66.33,17.08,2.96,11.5,40.65,3.51,0.26,55.55,27.41,0.81,134.53,52.73,725.39,277.4,0.0,28-Mar-2020 - 00:00,"Gole Bazar, Katni - MPPCB"
28-Mar-2020 - 00:00,17.92,45.16,16.11,3.2,11.17,35.7,6.03,0.25,50.78,28.18,0.52,176.55,51.03,725.36,319.19,0.0,29-Mar-2020 - 00:00,"Gole Bazar, Katni - MPPCB"
29-Mar-2020 - 00:00,14.03,45.46,16.21,3.29,11.3,34.96,5.43,0.33,64.66,29.55,0.55,160.89,40.84,723.86,311.3,0.0,30-Mar-2020 - 00:00,"Gole Bazar, Katni - MPPCB"
30-Mar-2020 - 00:00,18.1,60.89,17.72,3.06,11.91,43.89,4.47,0.31,66.92,30.52,0.49,135.85,36.55,723.94,305.27,0.0,31-Mar-2020 - 00:00,"Gole Bazar, Katni - MPPCB"
31-Mar-2020 - 00:00,20.45,66.65,16.44,2.81,11.03,59.95,7.18,0.39,75.55,30.88,0.69,167.08,39.23,723.04,297.6,0.05,01-Apr-2020 - 00:00,"Gole Bazar, Katni - MPPCB"
01-Apr-2020 - 00:00,24.29,64.01,19.62,3.01,12.88,41.12,6.59,0.46,58.97,31.61,0.52,204.67,40.86,721.6,303.94,0.0,02-Apr-2020 - 00:00,"Gole Bazar, Katni - MPPCB"
02-Apr-2020 - 00:00,26.72,91.68,18.48,3.03,12.28,50.05,3.81,0.29,61.9,30.59,0.6,221.15,33.85,721.48,314.33,0.0,03-Apr-2020 - 00:00,"Gole Bazar, Katni - MPPCB"
03-Apr-2020 - 00:00,15.93,62.25,14.8,2.48,9.88,44.91,5.51,0.32,66.69,27.78,0.55,140.14,30.15,723.45,315.91,0.0,04-Apr-2020 - 00:00,"Gole Bazar, Katni - MPPCB"
04-Apr-2020 - 00:00,24.73,80.0,17.04,2.74,11.29,41.1,5.27,0.49,61.14,28.25,0.49,153.62,30.08,723.74,316.14,0.0,05-Apr-2020 - 00:00,"Gole Bazar, Katni - MPPCB"
05-Apr-2020 - 00:00,29.88,87.04,16.17,2.54,10.67,37.84,5.83,0.54,62.11,28.5,0.51,176.64,28.14,724.35,312.46,0.0,06-Apr-2020 - 00:00,"Gole Bazar, Katni - MPPCB"
06-Apr-2020 - 00:00,30.12,91.4,17.87,2.64,11.65,37.87,6.69,0.6,71.15,29.84,0.56,199.09,30.14,722.7,306.31,0.0,07-Apr-2020 - 00:00,"Gole Bazar, Katni - MPPCB"
07-Apr-2020 - 00:00,37.51,86.26,16.15,2.89,10.91,36.3,6.45,0.53,81.86,29.64,0.61,133.78,38.88,720.59,302.25,0.0,08-Apr-2020 - 00:00,"Gole Bazar, Katni - MPPCB"
08-Apr-2020 - 00:00,33.94,67.94,16.72,3.01,11.34,39.13,8.52,0.48,80.47,27.3,0.6,112.76,46.01,720.8,262.1,0.02,09-Apr-2020 - 00:00,"Gole Bazar, Katni - MPPCB"
09-Apr-2020 - 00:00,32.54,90.61,18.82,3.02,12.47,43.83,5.3,0.52,65.19,28.05,0.52,200.02,38.58,722.0,314.59,0.0,10-Apr-2020 - 00:00,"Gole Bazar, Katni - MPPCB"
10-Apr-2020 - 00:00,33.28,116.74,18.76,3.14,12.53,44.93,5.31,0.54,56.79,29.7,0.58,164.0,28.52,723.3,314.2,0.0,11-Apr-2020 - 00:00,"Gole Bazar, Katni - MPPCB"
11-Apr-2020 - 00:00,57.55,158.97,21.78,3.3,14.27,40.54,6.5,0.85,46.47,30.3,0.5,218.7,30.02,724.23,305.36,0.0,12-Apr-2020 - 00:00,"Gole Bazar, Katni - MPPCB"
12-Apr-2020 - 00:00,45.82,140.74,20.32,2.98,13.24,39.59,6.55,0.73,59.12,31.3,0.81,226.38,28.21,721.89,314.96,0.0,13-Apr-2020 - 00:00,"Gole Bazar, Katni - MPPCB"
13-Apr-2020 - 00:00,34.58,133.23,18.85,2.89,12.38,38.16,3.3,0.68,49.04,31.69,0.62,225.84,28.18,720.71,309.08,0.0,14-Apr-2020 - 00:00,"Gole Bazar, Katni - MPPCB"
14-Apr-2020 - 00:00,37.59,147.61,21.5,3.49,14.28,38.14,4.04,0.65,55.68,31.91,0.62,181.9,30.17,721.19,275.96,0.0,15-Apr-2020 - 00:00,"Gole Bazar, Katni - MPPCB"
15-Apr-2020 - 00:00,29.05,111.64,17.67,3.07,11.9,36.71,6.54,0.55,59.97,31.34,0.66,192.77,33.55,721.48,267.34,0.0,16-Apr-2020 - 00:00,"Gole Bazar, Katni - MPPCB"
16-Apr-2020 - 00:00,52.17,134.8,20.21,3.19,13.34,38.57,5.83,0.81,58.49,32.17,0.78,249.02,31.01,718.89,310.12,0.0,17-Apr-2020 - 00:00,"Gole Bazar, Katni - MPPCB"
17-Apr-2020 - 00:00,54.82,150.74,21.4,2.72,13.59,37.47,6.51,0.75,60.84,32.39,0.58,203.66,27.05,717.99,294.36,0.0,18-Apr-2020 - 00:00,"Gole Bazar, Katni - MPPCB"
18-Apr-2020 - 00:00,31.65,124.71,18.36,2.68,11.95,36.32,6.1,0.52,72.46,32.15,0.83,210.75,31.93,720.07,267.41,0.0,19-Apr-2020 - 00:00,"Gole Bazar, Katni - MPPCB"
19-Apr-2020 - 00:00,33.96,114.95,16.48,2.91,11.13,34.79,5.62,0.45,65.41,30.81,1.26,247.17,33.71,719.59,290.86,0.0,20-Apr-2020 - 00:00,"Gole Bazar, Katni - MPPCB"
20-Apr-2020 - 00:00,47.42,176.89,17.55,2.66,11.49,36.27,6.33,0.53,65.66,31.21,0.58,212.89,31.53,719.42,286.9,0.0,21-Apr-2020 - 00:00,"Gole Bazar, Katni - MPPCB"
21-Apr-2020 - 00:00,26.33,111.41,15.03,2.71,10.2,32.42,4.74,0.39,79.25,29.82,0.66,153.78,37.19,719.7,312.1,0.0,22-Apr-2020 - 00:00,"Gole Bazar, Katni - MPPCB"
22-Apr-2020 - 00:00,25.12,93.9,15.69,2.84,10.66,33.87,7.55,0.33,80.02,31.25,0.67,161.64,33.67,719.23,318.69,0.0,23-Apr-2020 - 00:00,"Gole Bazar, Katni - MPPCB"
23-Apr-2020 - 00:00,29.7,117.68,16.3,2.86,11.0,35.73,6.3,0.4,78.85,30.2,0.66,109.48,33.9,719.09,294.26,0.0,24-Apr-2020 - 00:00,"Gole Bazar, Katni - MPPCB"
24-Apr-2020 - 00:00,26.3,90.68,15.2,2.63,10.22,33.88,6.7,0.38,88.31,30.94,0.75,117.65,33.29,717.34,318.36,0.0,25-Apr-2020 - 00:00,"Gole Bazar, Katni - MPPCB"
25-Apr-2020 - 00:00,29.99,88.55,14.78,2.79,10.13,27.26,9.52,0.33,84.18,29.64,1.13,121.34,44.44,717.22,307.98,0.08,26-Apr-2020 - 00:00,"Gole Bazar, Katni - MPPCB"
26-Apr-2020 - 00:00,21.73,57.09,15.17,2.66,10.24,19.55,11.39,0.32,85.39,28.27,1.76,120.21,50.02,719.21,318.02,0.0,27-Apr-2020 - 00:00,"Gole Bazar, Katni - MPPCB"
27-Apr-2020 - 00:00,11.32,32.07,13.49,2.69,9.37,16.41,4.53,0.25,89.18,27.45,1.02,136.33,52.15,722.2,303.77,0.0,28-Apr-2020 - 00:00,"Gole Bazar, Katni - MPPCB"
28-Apr-2020 - 00:00,20.18,55.27,13.79,2.61,9.46,14.51,6.54,0.33,89.39,29.81,0.71,141.4,46.06,721.48,323.54,0.0,29-Apr-2020 - 00:00,"Gole Bazar, Katni - MPPCB"
29-Apr-2020 - 00:00,20.15,56.84,14.41,2.84,9.97,13.62,5.47,0.55,87.47,28.33,0.71,130.46,51.59,720.4,301.04,0.2,30-Apr-2020 - 00:00,"Gole Bazar, Katni - MPPCB"
30-Apr-2020 - 00:00,35.02,78.12,15.96,2.97,10.9,12.79,9.67,0.5,89.52,30.5,0.73,143.7,45.88,720.51,321.88,0.0,01-May-2020 - 00:00,"Gole Bazar, Katni - MPPCB"
01-May-2020 - 00:00,30.75,81.23,16.47,2.91,11.12,12.05,4.52,0.59,72.78,32.0,1.01,170.9,40.15,718.6,320.92,0.0,02-May-2020 - 00:00,"Gole Bazar, Katni - MPPCB"
02-May-2020 - 00:00,25.68,82.11,12.48,2.77,8.86,10.98,7.37,0.47,99.73,32.05,1.09,116.21,41.59,717.29,321.1,0.0,03-May-2020 - 00:00,"Gole Bazar, Katni - MPPCB"
03-May-2020 - 00:00,29.92,93.74,11.86,2.63,8.44,10.35,10.89,0.47,103.95,33.04,1.06,121.67,39.76,717.09,315.29,0.0,04-May-2020 - 00:00,"Gole Bazar, Katni - MPPCB"
04-May-2020 - 00:00,23.98,86.61,11.82,2.51,8.33,13.4,7.94,0.48,104.27,30.98,1.32,116.64,45.7,718.56,314.66,0.0,05-May-2020 - 00:00,"Gole Bazar, Katni - MPPCB"
05-May-2020 - 00:00,7.86,33.01,12.08,2.62,8.56,14.95,5.48,0.52,85.15,28.23,0.98,146.83,53.36,719.36,342.51,0.14,06-May-2020 - 00:00,"Gole Bazar, Katni - MPPCB"
06-May-2020 - 00:00,15.71,50.52,16.68,3.06,11.34,15.76,5.89,0.56,79.4,27.79,0.62,161.42,50.8,719.43,299.0,0.01,07-May-2020 - 00:00,"Gole Bazar, Katni - MPPCB"
07-May-2020 - 00:00,22.6,69.99,17.09,4.1,12.39,16.97,11.1,0.66,74.18,31.15,0.69,183.45,37.97,719.0,333.8,0.0,08-May-2020 - 00:00,"Gole Bazar, Katni - MPPCB"
08-May-2020 - 00:00,36.32,111.2,15.37,5.46,12.62,18.79,11.93,0.61,83.92,32.72,0.86,201.93,39.94,717.5,317.94,0.0,09-May-2020 - 00:00,"Gole Bazar, Katni - MPPCB"
09-May-2020 - 00:00,28.21,104.16,11.84,5.19,10.52,16.73,10.7,0.64,77.73,32.81,1.02,225.65,35.82,718.09,316.72,0.0,10-May-2020 - 00:00,"Gole Bazar, Katni - MPPCB"
10-May-2020 - 00:00,47.02,129.33,13.73,5.55,11.81,17.32,36.19,0.68,79.73,31.92,1.33,221.68,36.64,719.03,310.96,0.03,11-May-2020 - 00:00,"Gole Bazar, Katni - MPPCB"
11-May-2020 - 00:00,16.84,41.55,13.72,5.49,11.76,17.25,9.51,0.55,93.17,30.05,0.6,145.27,45.21,720.62,329.14,0.0,12-May-2020 - 00:00,"Gole Bazar, Katni - MPPCB"
12-May-2020 - 00:00,26.18,69.66,14.59,5.24,12.03,17.3,5.34,0.74,85.17,30.71,0.71,145.56,44.91,719.54,314.82,0.0,13-May-2020 - 00:00,"Gole Bazar, Katni - MPPCB"
13-May-2020 - 00:00,32.42,79.44,11.11,5.17,10.11,16.23,11.38,0.69,88.06,31.93,0.8,184.03,41.79,717.81,313.44,0.0,14-May-2020 - 00:00,"Gole Bazar, Katni - MPPCB"
14-May-2020 - 00:00,43.12,113.32,14.86,5.46,12.34,13.88,27.68,0.82,81.64,33.25,0.57,187.47,38.89,717.57,298.01,0.0,15-May-2020 - 00:00,"Gole Bazar, Katni - MPPCB"
15-May-2020 - 00:00,42.33,120.09,16.54,5.34,13.13,12.46,13.39,0.86,79.02,32.98,0.76,174.48,40.88,716.69,266.88,0.0,16-May-2020 - 00:00,"Gole Bazar, Katni - MPPCB"
16-May-2020 - 00:00,34.71,100.94,14.89,5.26,12.19,10.96,18.04,0.82,76.42,33.58,0.74,165.69,39.71,715.9,317.52,0.0,17-May-2020 - 00:00,"Gole Bazar, Katni - MPPCB"
17-May-2020 - 00:00,44.85,142.98,16.68,5.21,13.12,10.86,30.59,0.82,85.04,33.96,0.83,216.52,35.09,715.39,291.85,0.0,18-May-2020 - 00:00,"Gole Bazar, Katni - MPPCB"
18-May-2020 - 00:00,26.67,78.32,12.89,5.32,11.19,12.29,12.02,0.72,93.01,31.23,0.94,187.11,43.57,714.09,264.01,0.05,19-May-2020 - 00:00,"Gole Bazar, Katni - MPPCB"
19-May-2020 - 00:00,44.31,126.11,17.93,5.6,14.1,13.79,14.11,0.81,76.68,31.02,0.57,172.57,42.0,713.17,326.07,0.0,20-May-2020 - 00:00,"Gole Bazar, Katni - MPPCB"
20-May-2020 - 00:00,64.85,218.24,27.73,6.69,20.19,21.83,16.2,1.27,69.39,32.4,0.68,182.02,29.71,711.53,323.65,0.0,21-May-2020 - 00:00,"Gole Bazar, Katni - MPPCB"
21-May-2020 - 00:00,68.18,229.65,27.1,6.31,19.54,29.78,43.07,1.23,62.82,32.82,0.85,250.64,27.36,713.07,332.03,0.0,22-May-2020 - 00:00,"Gole Bazar, Katni - MPPCB"
22-May-2020 - 00:00,74.65,236.79,33.08,6.95,23.25,49.87,30.0,1.29,54.62,34.29,0.69,244.5,23.91,713.73,329.61,0.0,23-May-2020 - 00:00,"Gole Bazar, Katni - MPPCB"
23-May-2020 - 00:00,67.22,251.98,33.61,7.21,23.74,46.95,39.22,1.3,39.59,35.61,0.77,251.25,25.62,714.29,325.3,0.0,24-May-2020 - 00:00,"Gole Bazar, Katni - MPPCB"
24-May-2020 - 00:00,43.82,187.97,23.03,5.75,16.93,46.72,26.65,0.88,56.1,37.18,0.97,268.18,23.34,714.71,313.83,0.0,25-May-2020 - 00:00,"Gole Bazar, Katni - MPPCB"
25-May-2020 - 00:00,41.01,179.03,19.38,5.53,14.81,38.65,36.51,0.83,54.08,37.09,0.84,260.41,23.31,714.9,309.03,0.0,26-May-2020 - 00:00,"Gole Bazar, Katni - MPPCB"
26-May-2020 - 00:00,47.16,201.76,23.29,5.91,17.2,46.3,57.3,0.71,52.03,37.16,1.37,255.16,22.64,714.29,331.11,0.0,27-May-2020 - 00:00,"Gole Bazar, Katni - MPPCB"
27-May-2020 - 00:00,34.46,179.47,16.41,5.49,13.19,43.38,30.65,0.75,55.3,35.99,1.07,226.6,29.26,712.8,311.82,0.02,28-May-2020 - 00:00,"Gole Bazar, Katni - MPPCB"
28-May-2020 - 00:00,31.32,146.14,15.78,5.41,12.8,26.45,9.91,0.68,59.88,33.78,1.41,195.12,39.02,712.46,310.12,0.0,29-May-2020 - 00:00,"Gole Bazar, Katni - MPPCB"
29-May-2020 - 00:00,25.62,103.07,12.93,5.39,11.26,19.59,10.91,0.66,69.87,30.56,0.99,146.47,49.92,714.84,291.35,0.02,30-May-2020 - 00:00,"Gole Bazar, Katni - MPPCB"
30-May-2020 - 00:00,35.31,134.81,14.32,5.44,12.04,17.15,11.67,0.69,58.17,31.3,1.01,194.73,50.41,715.65,319.46,0.03,31-May-2020 - 00:00,"Gole Bazar, Katni - MPPCB"
31-May-2020 - 00:00,34.67,133.97,11.66,5.06,10.33,13.77,9.36,0.62,88.45,32.66,1.06,152.22,47.11,716.96,313.86,0.0,01-Jun-2020 - 00:00,"Gole Bazar, Katni - MPPCB"
01-Jun-2020 - 00:00,29.91,93.4,12.97,5.49,11.37,12.49,9.04,0.74,77.35,31.51,1.02,188.77,49.31,718.22,315.38,0.0,02-Jun-2020 - 00:00,"Gole Bazar, Katni - MPPCB"
02-Jun-2020 - 00:00,31.05,94.3,15.98,5.42,12.91,20.13,9.13,0.65,65.05,28.34,0.82,183.55,59.82,718.06,272.04,0.03,03-Jun-2020 - 00:00,"Gole Bazar, Katni - MPPCB"
03-Jun-2020 - 00:00,32.27,103.58,13.34,5.57,11.62,22.31,19.43,0.58,51.11,28.66,0.81,223.0,55.89,717.15,273.65,0.03,04-Jun-2020 - 00:00,"Gole Bazar, Katni - MPPCB"
04-Jun-2020 - 00:00,14.76,28.99,11.52,5.67,10.74,30.59,7.0,0.54,35.0,24.84,1.09,157.04,79.71,714.19,252.62,0.37,05-Jun-2020 - 00:00,"Gole Bazar, Katni - MPPCB"
05-Jun-2020 - 00:00,23.57,76.65,14.89,6.26,13.0,24.55,8.31,0.67,35.29,24.04,0.98,269.99,79.94,715.15,211.88,0.01,06-Jun-2020 - 00:00,"Gole Bazar, Katni - MPPCB"
06-Jun-2020 - 00:00,31.89,102.53,17.57,5.85,14.1,26.29,14.79,0.64,54.44,28.64,0.71,234.53,62.38,715.64,325.97,0.0,07-Jun-2020 - 00:00,"Gole Bazar, Katni - MPPCB"
07-Jun-2020 - 00:00,24.93,84.72,12.45,5.32,10.94,21.79,13.49,0.51,73.0,30.8,0.77,212.32,55.38,714.84,324.86,0.0,08-Jun-2020 - 00:00,"Gole Bazar, Katni - MPPCB"
08-Jun-2020 - 00:00,29.79,84.3,15.07,5.65,12.61,20.66,10.94,0.62,66.78,31.1,0.76,225.57,55.85,714.76,318.2,0.0,09-Jun-2020 - 00:00,"Gole Bazar, Katni - MPPCB"
09-Jun-2020 - 00:00,35.99,136.05,24.79,6.53,17.55,20.02,29.88,1.19,50.74,32.39,0.81,224.16,50.73,714.54,310.83,0.0,10-Jun-2020 - 00:00,"Gole Bazar, Katni - MPPCB"
10-Jun-2020 - 00:00,36.45,111.32,21.46,5.88,16.2,20.19,20.67,0.78,64.79,33.6,0.82,193.44,46.21,713.34,330.81,0.0,11-Jun-2020 - 00:00,"Gole Bazar, Katni - MPPCB"
11-Jun-2020 - 00:00,54.08,126.84,15.67,5.42,12.74,20.62,13.23,0.79,89.84,32.96,0.96,142.07,49.85,711.42,315.69,0.0,12-Jun-2020 - 00:00,"Gole Bazar, Katni - MPPCB"
12-Jun-2020 - 00:00,52.35,93.25,14.1,5.33,11.84,16.14,14.44,0.69,86.26,32.59,0.74,130.74,53.89,710.36,318.78,0.0,13-Jun-2020 - 00:00,"Gole Bazar, Katni - MPPCB"
13-Jun-2020 - 00:00,48.14,90.04,11.56,5.25,10.43,14.02,14.78,0.74,44.61,29.18,0.7,217.96,67.11,711.39,217.61,0.04,14-Jun-2020 - 00:00,"Gole Bazar, Katni - MPPCB"
14-Jun-2020 - 00:00,22.22,51.74,8.92,5.2,8.97,11.91,12.73,0.61,32.3,28.28,0.53,226.92,71.32,713.05,264.69,0.0,15-Jun-2020 - 00:00,"Gole Bazar, Katni - MPPCB"
15-Jun-2020 - 00:00,17.24,44.39,10.21,5.62,10.0,11.76,10.31,0.58,38.41,28.73,0.6,184.09,71.06,712.71,378.18,0.0,16-Jun-2020 - 00:00,"Gole Bazar, Katni - MPPCB"
16-Jun-2020 - 00:00,,,,,,,,,,,,,,,,,17-Jun-2020 - 00:00,"Gole Bazar, Katni - MPPCB"
17-Jun-2020 - 00:00,,,,,,,,,,,,,,,,,18-Jun-2020 - 00:00,"Gole Bazar, Katni - MPPCB"
18-Jun-2020 - 00:00,,,,,,,,,,,,,,,,,19-Jun-2020 - 00:00,"Gole Bazar, Katni - MPPCB"
19-Jun-2020 - 00:00,26.94,108.32,31.77,7.16,17.8,32.96,15.7,0.79,59.58,28.03,1.37,261.92,64.96,712.92,51.88,0.0,20-Jun-2020 - 00:00,"Gole Bazar, Katni - MPPCB"
20-Jun-2020 - 00:00,34.23,81.18,17.18,6.56,14.34,20.11,14.14,0.54,68.13,28.46,1.19,231.97,66.56,713.2,300.75,0.04,21-Jun-2020 - 00:00,"Gole Bazar, Katni - MPPCB"
21-Jun-2020 - 00:00,42.7,76.71,15.82,5.93,13.23,14.05,11.55,0.67,48.9,28.62,1.17,176.64,71.25,712.35,310.26,0.0,22-Jun-2020 - 00:00,"Gole Bazar, Katni - MPPCB"
22-Jun-2020 - 00:00,25.57,43.71,17.9,6.36,14.69,14.87,9.15,0.74,23.91,26.12,0.55,194.33,83.03,712.3,175.56,1.32,23-Jun-2020 - 00:00,"Gole Bazar, Katni - MPPCB"
23-Jun-2020 - 00:00,26.55,47.71,21.62,6.65,16.91,16.92,10.9,1.04,12.35,25.93,0.4,258.74,86.06,714.06,162.99,0.02,24-Jun-2020 - 00:00,"Gole Bazar, Katni - MPPCB"
24-Jun-2020 - 00:00,38.4,95.27,17.19,5.33,13.36,17.45,10.97,0.73,29.54,28.56,0.88,248.59,74.59,715.94,281.97,0.01,25-Jun-2020 - 00:00,"Gole Bazar, Katni - MPPCB"
25-Jun-2020 - 00:00,38.38,108.93,18.21,5.2,13.53,15.63,16.92,0.72,25.96,29.54,1.04,242.56,71.22,715.38,330.11,0.0,26-Jun-2020 - 00:00,"Gole Bazar, Katni - MPPCB"
26-Jun-2020 - 00:00,35.41,69.45,19.01,4.71,13.76,14.11,17.76,0.78,28.58,26.0,0.96,234.78,81.9,715.27,172.81,0.65,27-Jun-2020 - 00:00,"Gole Bazar, Katni - MPPCB"
27-Jun-2020 - 00:00,35.74,86.55,15.81,6.16,13.34,11.98,17.1,0.76,30.08,26.38,0.89,258.71,78.43,715.58,270.53,0.0,28-Jun-2020 - 00:00,"Gole Bazar, Katni - MPPCB"
28-Jun-2020 - 00:00,49.48,109.5,14.1,6.08,12.39,9.72,21.12,0.75,33.56,29.51,1.21,255.62,68.46,714.98,313.35,0.0,29-Jun-2020 - 00:00,"Gole Bazar, Katni - MPPCB"
29-Jun-2020 - 00:00,30.12,59.27,14.54,5.75,12.36,12.77,16.76,0.62,42.97,23.38,0.81,211.99,85.26,716.3,68.52,0.81,30-Jun-2020 - 00:00,"Gole Bazar, Katni - MPPCB"
30-Jun-2020 - 00:00,29.82,61.78,14.05,5.08,11.54,10.38,10.05,0.76,23.02,26.73,0.65,183.7,80.62,715.14,285.72,0.0,01-Jul-2020 - 00:00,"Gole Bazar, Katni - MPPCB"
01-Jul-2020 - 00:00,36.56,102.4,14.56,4.77,11.15,12.81,14.3,0.64,37.28,28.68,0.98,243.11,71.1,714.08,318.61,0.0,02-Jul-2020 - 00:00,"Gole Bazar, Katni - MPPCB"
02-Jul-2020 - 00:00,33.89,87.73,14.24,3.38,10.1,22.31,12.33,0.56,43.36,28.31,1.04,245.83,73.88,712.62,262.43,0.0,03-Jul-2020 - 00:00,"Gole Bazar, Katni - MPPCB"
03-Jul-2020 - 00:00,41.15,102.93,16.43,3.86,11.69,22.37,11.15,0.76,36.56,29.83,0.81,226.12,70.27,712.27,286.85,0.0,04-Jul-2020 - 00:00,"Gole Bazar, Katni - MPPCB"
04-Jul-2020 - 00:00,35.89,80.98,13.61,3.42,9.89,21.23,11.93,0.69,45.53,29.3,0.67,207.9,70.58,711.78,284.89,0.0,05-Jul-2020 - 00:00,"Gole Bazar, Katni - MPPCB"
05-Jul-2020 - 00:00,20.48,40.21,10.61,3.2,8.22,16.36,3.71,0.63,43.16,28.3,0.66,186.71,73.78,711.2,273.1,0.01,06-Jul-2020 - 00:00,"Gole Bazar, Katni - MPPCB"
06-Jul-2020 - 00:00,17.8,37.9,13.13,3.51,9.58,12.19,12.56,0.73,33.03,25.71,0.63,242.52,83.17,711.32,220.68,0.3,07-Jul-2020 - 00:00,"Gole Bazar, Katni - MPPCB"
07-Jul-2020 - 00:00,22.52,59.23,12.2,3.51,9.08,11.24,15.3,0.65,21.97,26.89,0.95,243.83,79.05,714.32,284.72,0.01,08-Jul-2020 - 00:00,"Gole Bazar, Katni - MPPCB"
08-Jul-2020 - 00:00,24.31,95.32,14.1,3.87,10.46,10.63,16.74,0.68,20.84,29.88,0.93,216.01,69.72,715.9,320.79,0.0,09-Jul-2020 - 00:00,"Gole Bazar, Katni - MPPCB"
09-Jul-2020 - 00:00,23.18,69.6,12.19,3.64,8.65,10.28,19.03,0.58,23.85,28.95,1.09,245.5,73.2,714.29,282.7,0.03,10-Jul-2020 - 00:00,"Gole Bazar, Katni - MPPCB"
10-Jul-2020 - 00:00,29.55,93.17,12.08,4.34,9.75,11.05,16.56,0.69,19.37,27.9,1.22,247.36,75.72,713.89,276.94,0.0,11-Jul-2020 - 00:00,"Gole Bazar, Katni - MPPCB"
11-Jul-2020 - 00:00,30.64,111.15,16.41,3.5,11.34,7.13,19.78,0.63,19.23,29.17,1.57,254.14,70.17,713.91,303.02,0.0,12-Jul-2020 - 00:00,"Gole Bazar, Katni - MPPCB"
12-Jul-2020 - 00:00,23.62,71.46,14.46,3.8,10.42,5.32,27.99,0.59,19.45,29.24,1.49,259.7,69.24,714.54,323.93,0.0,13-Jul-2020 - 00:00,"Gole Bazar, Katni - MPPCB"
13-Jul-2020 - 00:00,20.49,73.36,15.7,3.43,11.01,5.21,20.61,0.7,19.6,29.77,1.13,261.66,69.34,713.88,292.62,0.0,14-Jul-2020 - 00:00,"Gole Bazar, Katni - MPPCB"
14-Jul-2020 - 00:00,27.46,88.15,17.16,3.42,11.75,5.53,15.82,0.72,14.27,27.76,0.59,237.31,78.79,714.45,178.23,0.0,15-Jul-2020 - 00:00,"Gole Bazar, Katni - MPPCB"
15-Jul-2020 - 00:00,33.91,72.89,15.78,3.47,11.09,7.04,13.53,0.64,31.83,28.78,0.8,162.1,75.04,713.28,278.99,0.0,16-Jul-2020 - 00:00,"Gole Bazar, Katni - MPPCB"
16-Jul-2020 - 00:00,26.5,63.61,13.8,3.22,9.38,6.4,11.85,0.55,30.82,28.75,0.71,176.58,72.2,712.25,299.69,0.0,17-Jul-2020 - 00:00,"Gole Bazar, Katni - MPPCB"
17-Jul-2020 - 00:00,20.04,55.17,12.56,3.26,9.14,6.78,10.83,0.59,34.45,29.73,0.8,181.89,67.82,713.67,297.07,0.0,18-Jul-2020 - 00:00,"Gole Bazar, Katni - MPPCB"
18-Jul-2020 - 00:00,22.35,77.93,11.79,3.19,8.39,6.85,14.4,0.56,33.56,30.6,0.73,220.89,66.94,715.62,316.72,0.01,19-Jul-2020 - 00:00,"Gole Bazar, Katni - MPPCB"
19-Jul-2020 - 00:00,24.31,78.93,12.03,2.87,8.21,5.56,28.21,0.57,27.39,30.13,1.26,249.98,68.08,715.32,304.94,0.0,20-Jul-2020 - 00:00,"Gole Bazar, Katni - MPPCB"
20-Jul-2020 - 00:00,20.94,69.74,14.17,4.63,11.04,11.31,14.23,0.5,18.99,27.28,0.98,233.23,80.11,714.5,250.77,0.28,21-Jul-2020 - 00:00,"Gole Bazar, Katni - MPPCB"
21-Jul-2020 - 00:00,20.89,54.33,14.24,4.76,11.22,18.82,13.23,0.53,24.42,25.57,0.87,233.82,84.72,716.48,222.31,0.42,22-Jul-2020 - 00:00,"Gole Bazar, Katni - MPPCB"
22-Jul-2020 - 00:00,23.84,93.47,15.56,4.0,11.42,14.92,17.01,0.67,25.21,28.38,1.06,254.78,73.56,716.84,309.15,0.19,23-Jul-2020 - 00:00,"Gole Bazar, Katni - MPPCB"
23-Jul-2020 - 00:00,22.45,78.93,15.96,3.36,11.05,14.68,17.99,0.55,34.78,27.82,0.81,246.29,74.4,716.01,253.12,0.0,24-Jul-2020 - 00:00,"Gole Bazar, Katni - MPPCB"
24-Jul-2020 - 00:00,24.44,75.29,14.16,3.18,10.05,13.29,16.84,0.64,40.55,28.12,0.71,215.23,71.85,717.84,302.86,0.0,25-Jul-2020 - 00:00,"Gole Bazar, Katni - MPPCB"
25-Jul-2020 - 00:00,27.98,60.66,11.18,2.97,8.32,15.07,12.83,0.52,35.74,27.62,0.61,207.72,75.95,719.48,243.32,0.0,26-Jul-2020 - 00:00,"Gole Bazar, Katni - MPPCB"
26-Jul-2020 - 00:00,28.47,63.95,14.39,3.17,10.13,13.31,13.48,0.55,31.62,29.24,0.68,244.08,70.36,719.82,314.55,0.0,27-Jul-2020 - 00:00,"Gole Bazar, Katni - MPPCB"
27-Jul-2020 - 00:00,21.16,61.8,13.52,2.9,9.39,11.87,25.51,0.44,31.83,30.59,1.07,255.6,65.85,718.15,308.52,0.0,28-Jul-2020 - 00:00,"Gole Bazar, Katni - MPPCB"
28-Jul-2020 - 00:00,22.45,63.44,13.62,3.24,9.82,13.41,15.05,0.54,28.3,28.16,0.84,239.51,76.36,716.69,227.5,0.07,29-Jul-2020 - 00:00,"Gole Bazar, Katni - MPPCB"
29-Jul-2020 - 00:00,18.58,40.96,13.73,2.98,9.71,15.07,10.98,0.61,25.77,26.12,0.43,239.04,82.46,716.72,220.21,0.38,30-Jul-2020 - 00:00,"Gole Bazar, Katni - MPPCB"
30-Jul-2020 - 00:00,31.91,74.16,15.34,3.3,10.74,16.91,15.82,0.63,32.99,28.68,0.64,234.51,73.16,717.03,310.73,0.0,31-Jul-2020 - 00:00,"Gole Bazar, Katni - MPPCB"
31-Jul-2020 - 00:00,44.0,97.23,13.41,3.15,9.7,19.38,13.82,0.58,34.53,29.64,0.75,228.47,71.36,716.54,300.1,0.0,01-Aug-2020 - 00:00,"Gole Bazar, Katni - MPPCB"
01-Aug-2020 - 00:00,22.67,50.7,14.2,4.2,9.31,15.21,13.65,0.61,30.8,28.07,0.6,207.7,77.32,716.21,266.39,0.14,02-Aug-2020 - 00:00,"Gole Bazar, Katni - MPPCB"
02-Aug-2020 - 00:00,19.7,46.18,15.84,5.21,8.66,12.25,16.03,0.58,31.42,27.13,0.67,237.4,80.32,714.35,250.83,0.01,03-Aug-2020 - 00:00,"Gole Bazar, Katni - MPPCB"
03-Aug-2020 - 00:00,24.02,47.55,15.01,4.81,9.09,10.8,16.28,0.54,37.16,26.97,0.94,247.75,79.23,711.39,269.27,0.0,04-Aug-2020 - 00:00,"Gole Bazar, Katni - MPPCB"
04-Aug-2020 - 00:00,22.69,47.26,16.83,3.26,11.41,15.61,11.87,0.49,25.28,27.16,0.93,251.76,79.96,708.55,274.61,0.0,05-Aug-2020 - 00:00,"Gole Bazar, Katni - MPPCB"
05-Aug-2020 - 00:00,18.58,35.52,23.03,3.58,15.04,18.67,8.11,0.54,25.69,26.55,0.74,173.75,82.41,707.02,273.96,0.23,06-Aug-2020 - 00:00,"Gole Bazar, Katni - MPPCB"
06-Aug-2020 - 00:00,16.21,28.78,21.32,3.73,14.33,18.47,10.78,0.48,19.99,26.14,0.66,164.36,85.2,709.16,186.46,0.4,07-Aug-2020 - 00:00,"Gole Bazar, Katni - MPPCB"
07-Aug-2020 - 00:00,20.39,46.38,17.53,3.4,11.91,17.5,7.63,0.5,29.16,27.44,0.89,186.7,78.52,714.14,288.7,0.0,08-Aug-2020 - 00:00,"Gole Bazar, Katni - MPPCB"
08-Aug-2020 - 00:00,21.74,61.62,20.45,4.51,14.43,17.71,13.25,0.56,18.03,26.28,1.02,250.45,83.98,713.97,208.99,0.01,09-Aug-2020 - 00:00,"Gole Bazar, Katni - MPPCB"
09-Aug-2020 - 00:00,23.27,53.93,20.39,4.09,14.16,18.39,13.84,0.55,19.67,27.1,0.61,238.66,82.41,712.51,236.94,0.02,10-Aug-2020 - 00:00,"Gole Bazar, Katni - MPPCB"
10-Aug-2020 - 00:00,22.02,57.28,25.24,5.01,17.5,19.93,10.07,0.55,24.22,27.8,0.55,188.18,81.01,712.62,244.08,0.06,11-Aug-2020 - 00:00,"Gole Bazar, Katni - MPPCB"
11-Aug-2020 - 00:00,22.54,73.3,23.23,4.25,15.7,21.47,12.53,0.58,20.66,28.19,0.98,251.99,80.58,713.32,232.0,0.07,12-Aug-2020 - 00:00,"Gole Bazar, Katni - MPPCB"
12-Aug-2020 - 00:00,21.96,47.52,21.18,4.67,15.06,21.76,6.85,0.61,22.54,25.58,0.53,267.27,89.59,714.16,44.96,0.45,13-Aug-2020 - 00:00,"Gole Bazar, Katni - MPPCB"
13-Aug-2020 - 00:00,22.7,56.0,23.44,4.73,16.31,21.42,11.55,0.57,21.71,26.19,0.57,249.61,85.61,712.15,200.86,0.19,14-Aug-2020 - 00:00,"Gole Bazar, Katni - MPPCB"
14-Aug-2020 - 00:00,15.26,53.01,22.55,4.62,15.74,22.12,12.86,0.55,20.97,27.29,0.65,250.3,81.34,711.0,265.41,0.0,15-Aug-2020 - 00:00,"Gole Bazar, Katni - MPPCB"
15-Aug-2020 - 00:00,13.85,45.2,20.08,4.9,14.5,20.61,8.27,0.6,18.72,25.45,0.69,273.38,87.18,711.61,107.3,0.37,16-Aug-2020 - 00:00,"Gole Bazar, Katni - MPPCB"
16-Aug-2020 - 00:00,15.21,33.38,18.58,4.28,13.31,18.06,8.66,0.47,22.42,27.12,0.67,268.93,82.72,711.68,231.4,0.0,17-Aug-2020 - 00:00,"Gole Bazar, Katni - MPPCB"
17-Aug-2020 - 00:00,18.96,45.26,24.57,4.59,16.59,20.65,9.53,0.6,26.46,28.65,0.7,178.89,78.75,711.36,284.44,0.03,18-Aug-2020 - 00:00,"Gole Bazar, Katni - MPPCB"
18-Aug-2020 - 00:00,13.29,28.62,24.29,5.27,17.2,19.72,7.29,0.63,18.27,25.78,0.55,262.27,89.22,712.66,55.14,1.05,19-Aug-2020 - 00:00,"Gole Bazar, Katni - MPPCB"
19-Aug-2020 - 00:00,17.36,57.4,26.58,6.14,19.13,19.0,9.65,0.73,20.38,26.74,0.55,238.38,82.66,712.7,242.38,0.0,20-Aug-2020 - 00:00,"Gole Bazar, Katni - MPPCB"
20-Aug-2020 - 00:00,25.76,54.09,25.78,5.56,18.22,26.02,5.83,0.75,22.29,27.77,0.83,107.48,81.26,711.96,268.54,0.16,21-Aug-2020 - 00:00,"Gole Bazar, Katni - MPPCB"
21-Aug-2020 - 00:00,11.28,21.28,17.45,4.99,13.18,17.54,7.63,0.45,23.97,26.37,1.34,127.06,87.47,711.02,145.5,0.46,22-Aug-2020 - 00:00,"Gole Bazar, Katni - MPPCB"
22-Aug-2020 - 00:00,11.48,29.14,13.39,5.43,11.3,13.62,5.58,0.36,27.71,26.69,1.32,191.16,79.09,714.44,289.67,0.06,23-Aug-2020 - 00:00,"Gole Bazar, Katni - MPPCB"
23-Aug-2020 - 00:00,12.72,33.2,13.59,5.32,11.36,13.0,8.4,0.48,14.98,26.7,0.64,209.29,83.15,716.17,288.56,0.08,24-Aug-2020 - 00:00,"Gole Bazar, Katni - MPPCB"
24-Aug-2020 - 00:00,19.97,62.46,18.97,6.36,15.07,14.05,10.34,0.51,18.01,27.11,0.87,227.9,79.47,717.32,296.57,0.06,25-Aug-2020 - 00:00,"Gole Bazar, Katni - MPPCB"
25-Aug-2020 - 00:00,19.71,72.08,21.45,7.92,17.51,22.36,10.75,1.68,15.77,27.85,0.88,261.29,77.89,718.9,240.44,0.0,26-Aug-2020 - 00:00,"Gole Bazar, Katni - MPPCB"
26-Aug-2020 - 00:00,15.91,51.69,18.48,6.95,15.29,20.47,6.7,0.59,17.58,27.31,0.77,278.33,81.64,718.79,245.01,0.17,27-Aug-2020 - 00:00,"Gole Bazar, Katni - MPPCB"
27-Aug-2020 - 00:00,11.89,25.26,16.36,5.53,12.8,24.7,9.07,0.63,19.59,26.51,0.82,209.45,85.91,715.0,218.34,0.57,28-Aug-2020 - 00:00,"Gole Bazar, Katni - MPPCB"
28-Aug-2020 - 00:00,18.29,32.92,19.25,5.54,14.62,22.6,8.33,0.72,22.66,25.74,0.78,94.91,87.91,711.33,152.99,0.27,29-Aug-2020 - 00:00,"Gole Bazar, Katni - MPPCB"
29-Aug-2020 - 00:00,10.64,25.68,16.99,6.59,12.77,16.44,8.09,0.46,21.02,25.01,1.02,170.77,88.06,711.96,163.59,0.16,30-Aug-2020 - 00:00,"Gole Bazar, Katni - MPPCB"
30-Aug-2020 - 00:00,13.59,38.62,16.14,6.16,9.46,14.74,10.77,0.41,26.35,28.73,1.01,214.07,75.4,716.78,282.31,0.0,31-Aug-2020 - 00:00,"Gole Bazar, Katni - MPPCB"
31-Aug-2020 - 00:00,21.31,83.35,24.34,8.23,15.51,16.0,11.02,0.53,18.3,28.74,0.85,244.31,74.17,719.44,308.44,0.0,01-Sep-2020 - 00:00,"Gole Bazar, Katni - MPPCB"
01-Sep-2020 - 00:00,22.06,82.47,24.12,8.71,15.83,21.84,10.41,0.53,17.52,28.17,0.75,269.78,73.42,720.43,301.23,0.0,02-Sep-2020 - 00:00,"Gole Bazar, Katni - MPPCB"
02-Sep-2020 - 00:00,24.97,86.04,33.05,11.61,22.97,23.28,11.74,0.54,20.47,26.79,0.48,232.57,79.12,720.43,227.25,0.0,03-Sep-2020 - 00:00,"Gole Bazar, Katni - MPPCB"
03-Sep-2020 - 00:00,24.7,67.73,20.52,5.96,12.63,26.75,8.66,0.5,28.5,27.62,0.71,217.99,75.12,720.46,286.36,0.02,04-Sep-2020 - 00:00,"Gole Bazar, Katni - MPPCB"
04-Sep-2020 - 00:00,22.53,52.87,18.47,4.66,13.37,25.86,10.48,0.51,28.81,27.48,0.78,214.07,74.0,720.46,312.15,0.0,05-Sep-2020 - 00:00,"Gole Bazar, Katni - MPPCB"
05-Sep-2020 - 00:00,25.4,58.86,42.88,5.25,26.6,31.39,14.74,0.66,26.73,26.67,0.7,248.47,76.46,719.17,276.67,0.36,06-Sep-2020 - 00:00,"Gole Bazar, Katni - MPPCB"
06-Sep-2020 - 00:00,38.42,89.19,54.28,4.87,35.63,40.49,21.68,0.65,19.61,27.8,0.57,256.71,75.14,718.29,282.61,0.0,07-Sep-2020 - 00:00,"Gole Bazar, Katni - MPPCB"
07-Sep-2020 - 00:00,32.75,78.79,26.21,5.11,23.02,25.71,16.62,0.63,20.28,27.7,0.82,250.66,74.89,718.67,288.59,0.01,08-Sep-2020 - 00:00,"Gole Bazar, Katni - MPPCB"
08-Sep-2020 - 00:00,29.34,75.2,28.62,6.43,20.84,26.85,10.36,0.64,21.5,28.22,0.71,249.07,72.86,719.21,299.65,0.0,09-Sep-2020 - 00:00,"Gole Bazar, Katni - MPPCB"
09-Sep-2020 - 00:00,30.57,76.69,25.82,5.57,16.89,21.07,15.7,0.55,26.36,28.35,0.77,241.03,71.85,718.57,297.86,0.0,10-Sep-2020 - 00:00,"Gole Bazar, Katni - MPPCB"
10-Sep-2020 - 00:00,26.34,64.17,24.57,4.25,16.29,22.95,12.46,0.59,27.45,25.99,0.71,235.93,77.43,716.53,215.44,0.14,11-Sep-2020 - 00:00,"Gole Bazar, Katni - MPPCB"
11-Sep-2020 - 00:00,36.42,96.51,29.14,5.12,19.29,25.75,15.65,0.78,35.58,26.44,0.53,201.66,74.81,716.9,281.24,0.0,12-Sep-2020 - 00:00,"Gole Bazar, Katni - MPPCB"
12-Sep-2020 - 00:00,47.78,107.72,30.24,4.68,19.19,28.72,15.08,0.76,27.55,25.44,0.45,213.05,78.86,718.74,195.1,0.0,13-Sep-2020 - 00:00,"Gole Bazar, Katni - MPPCB"
13-Sep-2020 - 00:00,37.52,61.64,21.38,6.65,14.78,27.55,11.12,0.67,25.57,26.61,0.51,171.28,76.26,718.73,260.97,0.0,14-Sep-2020 - 00:00,"Gole Bazar, Katni - MPPCB"
14-Sep-2020 - 00:00,35.57,74.8,23.71,6.29,15.88,23.2,7.34,1.02,20.44,27.53,0.55,214.47,72.4,717.55,235.46,0.0,15-Sep-2020 - 00:00,"Gole Bazar, Katni - MPPCB"
15-Sep-2020 - 00:00,35.27,80.17,23.4,6.4,16.22,17.52,11.74,0.49,19.94,27.96,0.64,245.36,70.81,717.39,295.07,0.0,16-Sep-2020 - 00:00,"Gole Bazar, Katni - MPPCB"
16-Sep-2020 - 00:00,39.07,91.4,27.16,5.83,18.93,19.38,12.96,1.32,15.8,28.11,0.61,262.1,72.15,717.07,235.86,0.0,17-Sep-2020 - 00:00,"Gole Bazar, Katni - MPPCB"
17-Sep-2020 - 00:00,47.39,111.1,23.31,4.7,15.35,17.36,13.68,0.74,33.07,28.07,0.66,222.03,69.98,717.27,277.39,0.0,18-Sep-2020 - 00:00,"Gole Bazar, Katni - MPPCB"
18-Sep-2020 - 00:00,47.26,108.96,22.81,4.52,15.55,16.43,16.36,0.71,29.96,28.48,0.66,221.32,69.78,716.34,275.99,0.0,19-Sep-2020 - 00:00,"Gole Bazar, Katni - MPPCB"
19-Sep-2020 - 00:00,30.32,76.25,22.28,4.22,15.05,19.25,20.64,0.64,34.84,26.72,0.68,198.6,73.8,714.99,258.33,0.0,20-Sep-2020 - 00:00,"Gole Bazar, Katni - MPPCB"
20-Sep-2020 - 00:00,51.09,94.5,23.04,4.04,15.48,24.67,11.86,0.76,35.66,26.91,0.72,128.27,76.04,713.52,254.36,0.0,21-Sep-2020 - 00:00,"Gole Bazar, Katni - MPPCB"
21-Sep-2020 - 00:00,34.62,69.46,26.03,3.69,16.49,18.46,12.42,0.53,28.54,26.2,0.82,120.83,76.97,712.51,260.69,0.09,22-Sep-2020 - 00:00,"Gole Bazar, Katni - MPPCB"
22-Sep-2020 - 00:00,19.8,34.43,22.56,5.48,16.16,22.06,13.68,0.58,20.51,24.59,0.59,96.72,81.97,712.41,232.14,0.0,23-Sep-2020 - 00:00,"Gole Bazar, Katni - MPPCB"
23-Sep-2020 - 00:00,21.34,41.13,15.83,3.9,11.44,14.1,13.98,0.55,20.09,24.36,0.72,216.83,82.22,713.3,226.85,0.0,24-Sep-2020 - 00:00,"Gole Bazar, Katni - MPPCB"
24-Sep-2020 - 00:00,21.99,53.73,17.77,3.52,12.1,15.28,12.85,0.56,20.27,24.48,0.84,261.1,83.05,716.02,206.54,0.03,25-Sep-2020 - 00:00,"Gole Bazar, Katni - MPPCB"
25-Sep-2020 - 00:00,37.61,94.52,20.32,3.77,13.69,21.09,13.3,0.68,39.17,26.16,0.81,229.61,74.24,717.21,277.31,0.0,26-Sep-2020 - 00:00,"Gole Bazar, Katni - MPPCB"
26-Sep-2020 - 00:00,35.67,107.6,22.73,4.29,15.33,22.51,18.34,0.51,35.72,26.22,0.68,252.86,71.68,716.94,266.71,0.0,27-Sep-2020 - 00:00,"Gole Bazar, Katni - MPPCB"
27-Sep-2020 - 00:00,30.43,84.42,19.52,3.44,12.8,18.19,18.71,0.49,39.63,25.92,0.66,248.02,70.62,719.28,280.83,0.0,28-Sep-2020 - 00:00,"Gole Bazar, Katni - MPPCB"
28-Sep-2020 - 00:00,31.4,70.31,22.84,4.46,15.58,17.99,15.12,0.58,31.68,24.92,0.57,228.94,75.45,720.32,253.45,0.52,29-Sep-2020 - 00:00,"Gole Bazar, Katni - MPPCB"
29-Sep-2020 - 00:00,43.76,132.56,37.4,9.36,27.45,20.3,16.91,0.96,27.91,25.47,0.48,228.2,72.27,719.78,278.23,0.0,30-Sep-2020 - 00:00,"Gole Bazar, Katni - MPPCB"
30-Sep-2020 - 00:00,47.74,161.75,37.88,4.52,23.18,22.91,15.2,0.92,38.4,25.9,0.47,221.02,66.41,718.71,283.56,0.0,01-Oct-2020 - 00:00,"Gole Bazar, Katni - MPPCB"
01-Oct-2020 - 00:00,48.86,185.14,37.55,5.69,24.22,26.7,18.0,0.96,38.85,26.05,0.55,237.83,61.88,718.31,290.86,0.0,02-Oct-2020 - 00:00,"Gole Bazar, Katni - MPPCB"
02-Oct-2020 - 00:00,60.95,204.64,42.57,7.21,28.48,25.84,24.52,1.0,42.29,25.71,0.53,242.51,61.85,718.39,288.53,0.0,03-Oct-2020 - 00:00,"Gole Bazar, Katni - MPPCB"
03-Oct-2020 - 00:00,59.05,171.62,37.65,6.82,25.57,25.7,14.03,0.94,43.27,25.51,0.58,196.85,63.52,719.03,284.45,0.0,04-Oct-2020 - 00:00,"Gole Bazar, Katni - MPPCB"
04-Oct-2020 - 00:00,67.92,153.68,28.95,4.72,19.2,29.28,13.49,0.88,48.0,25.61,0.52,180.14,65.74,719.55,255.08,0.0,05-Oct-2020 - 00:00,"Gole Bazar, Katni - MPPCB"
05-Oct-2020 - 00:00,49.36,142.21,37.23,4.92,23.62,23.58,16.81,0.76,44.96,26.14,0.5,207.0,61.52,719.43,278.14,0.0,06-Oct-2020 - 00:00,"Gole Bazar, Katni - MPPCB"
06-Oct-2020 - 00:00,61.52,171.01,38.87,3.69,23.57,24.38,14.69,0.89,59.72,26.26,0.46,212.11,54.79,720.07,265.11,0.0,07-Oct-2020 - 00:00,"Gole Bazar, Katni - MPPCB"
07-Oct-2020 - 00:00,64.89,168.12,32.84,4.91,21.42,28.99,13.07,1.15,41.95,25.91,0.51,167.18,66.03,721.35,251.6,0.0,08-Oct-2020 - 00:00,"Gole Bazar, Katni - MPPCB"
08-Oct-2020 - 00:00,36.58,89.01,18.1,3.74,12.51,19.23,12.82,0.87,51.37,26.44,0.78,101.88,62.65,721.76,280.09,0.0,09-Oct-2020 - 00:00,"Gole Bazar, Katni - MPPCB"
09-Oct-2020 - 00:00,37.59,91.49,22.28,3.69,14.71,25.25,9.01,0.74,42.93,25.19,0.59,103.17,70.4,722.03,232.39,0.0,10-Oct-2020 - 00:00,"Gole Bazar, Katni - MPPCB"
10-Oct-2020 - 00:00,40.71,80.3,18.75,3.63,12.79,17.02,11.44,0.7,44.67,26.24,0.62,112.47,70.75,720.83,242.21,0.0,11-Oct-2020 - 00:00,"Gole Bazar, Katni - MPPCB"
11-Oct-2020 - 00:00,43.84,96.28,17.48,3.22,11.82,8.95,11.65,0.71,63.54,26.54,0.74,125.32,62.92,719.04,275.18,0.0,12-Oct-2020 - 00:00,"Gole Bazar, Katni - MPPCB"
12-Oct-2020 - 00:00,62.95,130.38,25.22,3.72,16.11,13.9,10.01,1.65,58.77,26.61,0.65,125.32,64.57,717.86,234.85,0.0,13-Oct-2020 - 00:00,"Gole Bazar, Katni - MPPCB"
13-Oct-2020 - 00:00,44.03,91.85,19.43,2.97,12.48,21.1,10.39,1.21,39.65,26.28,0.88,103.84,69.4,717.82,258.48,0.0,14-Oct-2020 - 00:00,"Gole Bazar, Katni - MPPCB"
14-Oct-2020 - 00:00,32.33,80.97,19.87,3.45,13.35,20.24,9.54,0.73,30.75,26.61,1.01,97.12,65.31,718.84,281.76,0.0,15-Oct-2020 - 00:00,"Gole Bazar, Katni - MPPCB"
15-Oct-2020 - 00:00,32.81,76.44,19.36,3.27,12.77,20.39,11.53,0.9,41.37,26.47,1.01,108.33,65.75,719.17,266.77,0.0,16-Oct-2020 - 00:00,"Gole Bazar, Katni - MPPCB"
16-Oct-2020 - 00:00,37.01,81.49,17.09,3.28,11.72,21.66,10.77,0.79,37.73,26.55,0.86,107.5,67.53,719.4,271.48,0.0,17-Oct-2020 - 00:00,"Gole Bazar, Katni - MPPCB"
17-Oct-2020 - 00:00,30.21,70.68,15.58,3.56,11.14,20.02,6.42,0.69,39.64,27.22,0.72,110.53,65.0,720.34,271.19,0.0,18-Oct-2020 - 00:00,"Gole Bazar, Katni - MPPCB"
18-Oct-2020 - 00:00,44.8,95.42,17.63,3.33,11.9,21.41,9.11,0.69,55.89,26.53,0.72,112.16,63.09,720.9,263.9,0.0,19-Oct-2020 - 00:00,"Gole Bazar, Katni - MPPCB"
19-Oct-2020 - 00:00,58.02,146.7,26.48,4.09,17.4,19.78,5.16,0.86,53.78,26.17,0.56,150.32,56.95,720.66,264.21,0.0,20-Oct-2020 - 00:00,"Gole Bazar, Katni - MPPCB"
20-Oct-2020 - 00:00,95.95,236.42,45.04,5.04,28.04,24.08,10.28,1.27,38.78,25.26,0.38,188.4,59.11,720.68,231.58,0.0,21-Oct-2020 - 00:00,"Gole Bazar, Katni - MPPCB"
21-Oct-2020 - 00:00,76.11,208.91,40.97,5.08,25.89,18.8,7.56,1.18,52.14,24.95,0.56,152.68,45.61,721.53,266.83,0.0,22-Oct-2020 - 00:00,"Gole Bazar, Katni - MPPCB"
22-Oct-2020 - 00:00,79.66,236.6,44.09,6.79,28.98,21.14,8.58,1.28,38.41,23.76,0.53,189.96,49.33,720.04,267.12,0.0,23-Oct-2020 - 00:00,"Gole Bazar, Katni - MPPCB"
23-Oct-2020 - 00:00,88.27,263.67,44.22,13.83,34.75,23.79,9.78,1.35,33.45,23.85,0.39,197.38,53.77,719.93,261.56,0.0,24-Oct-2020 - 00:00,"Gole Bazar, Katni - MPPCB"
24-Oct-2020 - 00:00,74.15,192.86,33.63,6.55,23.13,23.84,8.49,0.68,40.93,24.05,0.39,201.4,53.1,721.49,257.3,0.0,25-Oct-2020 - 00:00,"Gole Bazar, Katni - MPPCB"
25-Oct-2020 - 00:00,60.74,157.06,28.31,4.18,18.43,21.43,7.84,1.22,34.62,24.57,0.42,185.64,53.73,723.58,257.69,0.0,26-Oct-2020 - 00:00,"Gole Bazar, Katni - MPPCB"
26-Oct-2020 - 00:00,55.73,135.48,23.23,3.34,15.06,19.74,8.69,0.78,43.56,24.59,0.4,189.34,52.32,724.49,258.28,0.0,27-Oct-2020 - 00:00,"Gole Bazar, Katni - MPPCB"
27-Oct-2020 - 00:00,65.78,170.3,28.5,3.84,18.29,21.0,6.77,0.89,50.04,23.97,0.44,140.28,49.33,724.23,253.05,0.01,28-Oct-2020 - 00:00,"Gole Bazar, Katni - MPPCB"
28-Oct-2020 - 00:00,69.89,187.18,35.41,4.14,22.07,27.65,14.19,0.92,65.1,22.94,0.36,145.24,51.24,724.82,258.92,0.0,29-Oct-2020 - 00:00,"Gole Bazar, Katni - MPPCB"
29-Oct-2020 - 00:00,73.1,198.62,36.75,5.41,23.89,25.64,12.4,0.95,64.35,22.94,0.37,153.7,50.94,725.41,266.14,0.0,30-Oct-2020 - 00:00,"Gole Bazar, Katni - MPPCB"
30-Oct-2020 - 00:00,118.67,303.5,52.9,8.17,34.78,24.34,13.18,1.25,55.73,21.52,0.44,169.12,49.79,725.5,268.31,0.0,31-Oct-2020 - 00:00,"Gole Bazar, Katni - MPPCB"
31-Oct-2020 - 00:00,130.71,315.1,66.11,15.03,47.31,30.28,15.75,1.56,46.86,21.58,0.38,196.15,49.4,725.65,246.44,0.0,01-Nov-2020 - 00:00,"Gole Bazar, Katni - MPPCB"
01-Nov-2020 - 00:00,120.01,295.77,54.55,9.15,36.46,34.56,18.07,1.33,50.29,21.26,0.38,222.67,48.25,726.41,261.81,0.0,02-Nov-2020 - 00:00,"Gole Bazar, Katni - MPPCB"
02-Nov-2020 - 00:00,148.02,352.69,72.76,17.78,53.16,39.24,16.2,1.48,45.28,20.52,0.34,213.4,47.86,727.43,260.17,0.0,03-Nov-2020 - 00:00,"Gole Bazar, Katni - MPPCB"
03-Nov-2020 - 00:00,112.91,279.0,69.63,26.21,58.35,38.93,17.31,1.7,43.15,19.98,0.36,211.21,47.2,727.31,264.35,0.0,04-Nov-2020 - 00:00,"Gole Bazar, Katni - MPPCB"
04-Nov-2020 - 00:00,122.61,288.05,61.18,17.25,46.57,36.0,18.86,1.18,37.68,20.15,0.41,239.7,46.08,726.0,270.21,0.0,05-Nov-2020 - 00:00,"Gole Bazar, Katni - MPPCB"
05-Nov-2020 - 00:00,105.41,272.37,63.46,20.5,50.42,33.58,16.87,1.44,38.74,21.63,0.38,234.11,43.66,726.88,271.02,0.0,06-Nov-2020 - 00:00,"Gole Bazar, Katni - MPPCB"
06-Nov-2020 - 00:00,151.82,329.39,71.28,31.6,63.54,41.08,15.12,1.81,41.21,21.22,0.32,210.43,50.03,729.27,254.83,0.0,07-Nov-2020 - 00:00,"Gole Bazar, Katni - MPPCB"
07-Nov-2020 - 00:00,170.98,325.37,78.37,27.13,63.75,46.24,12.99,1.94,43.49,21.11,0.36,184.64,51.42,730.02,256.32,0.0,08-Nov-2020 - 00:00,"Gole Bazar, Katni - MPPCB"
08-Nov-2020 - 00:00,164.23,335.54,68.86,18.96,52.04,48.11,13.72,1.92,38.24,20.3,0.34,205.0,52.77,730.09,252.85,0.0,09-Nov-2020 - 00:00,"Gole Bazar, Katni - MPPCB"
09-Nov-2020 - 00:00,175.86,321.24,62.6,23.52,52.42,48.18,12.29,2.05,30.37,19.6,0.36,218.64,52.43,728.72,254.51,0.0,10-Nov-2020 - 00:00,"Gole Bazar, Katni - MPPCB"
10-Nov-2020 - 00:00,185.94,296.94,54.28,22.84,47.44,53.09,8.79,2.2,27.99,19.17,0.42,168.79,53.75,727.18,248.02,0.0,11-Nov-2020 - 00:00,"Gole Bazar, Katni - MPPCB"
11-Nov-2020 - 00:00,143.89,266.82,44.53,13.21,34.41,50.57,9.17,1.19,24.29,21.09,0.51,150.58,56.04,728.06,256.73,0.0,12-Nov-2020 - 00:00,"Gole Bazar, Katni - MPPCB"
12-Nov-2020 - 00:00,82.83,178.38,33.26,9.04,25.05,42.37,7.84,1.13,12.43,23.72,0.42,135.89,63.67,728.89,228.39,0.01,13-Nov-2020 - 00:00,"Gole Bazar, Katni - MPPCB"
13-Nov-2020 - 00:00,58.38,124.09,24.86,5.06,17.31,24.73,7.94,0.93,21.53,25.14,0.4,138.45,60.21,728.01,252.91,0.0,14-Nov-2020 - 00:00,"Gole Bazar, Katni - MPPCB"
14-Nov-2020 - 00:00,90.22,167.78,25.72,4.51,17.29,25.04,8.31,0.9,31.4,24.8,0.47,114.58,59.76,726.72,246.96,0.0,15-Nov-2020 - 00:00,"Gole Bazar, Katni - MPPCB"
15-Nov-2020 - 00:00,92.78,158.14,21.25,4.62,15.01,31.46,7.89,0.79,52.04,25.43,0.48,139.93,58.18,726.35,247.39,0.0,16-Nov-2020 - 00:00,"Gole Bazar, Katni - MPPCB"
16-Nov-2020 - 00:00,97.19,166.34,31.13,5.3,20.85,29.05,8.87,0.83,47.24,23.03,0.55,136.5,66.3,727.1,249.4,0.0,17-Nov-2020 - 00:00,"Gole Bazar, Katni - MPPCB"
17-Nov-2020 - 00:00,87.92,158.11,28.23,4.74,18.88,27.46,12.34,0.9,49.39,23.24,0.39,123.19,64.27,725.74,245.45,0.0,18-Nov-2020 - 00:00,"Gole Bazar, Katni - MPPCB"
18-Nov-2020 - 00:00,84.24,138.09,23.93,4.54,16.36,25.9,7.52,0.76,54.37,23.22,0.72,113.99,67.89,724.71,244.06,0.0,19-Nov-2020 - 00:00,"Gole Bazar, Katni - MPPCB"
19-Nov-2020 - 00:00,58.05,117.97,21.35,4.33,14.86,24.17,6.91,0.76,32.9,23.45,0.56,171.32,71.85,723.99,221.43,0.18,20-Nov-2020 - 00:00,"Gole Bazar, Katni - MPPCB"
20-Nov-2020 - 00:00,88.72,139.92,30.54,4.76,20.11,38.56,8.56,0.91,47.41,21.59,0.42,141.84,73.66,725.99,234.75,0.0,21-Nov-2020 - 00:00,"Gole Bazar, Katni - MPPCB"
21-Nov-2020 - 00:00,90.47,171.36,39.42,6.13,25.91,29.75,10.66,0.85,62.29,19.05,0.39,207.78,55.83,727.8,266.34,0.0,22-Nov-2020 - 00:00,"Gole Bazar, Katni - MPPCB"
22-Nov-2020 - 00:00,126.97,241.03,44.75,10.32,32.19,35.57,10.19,1.32,41.94,17.18,0.38,180.99,57.68,728.89,260.82,0.0,23-Nov-2020 - 00:00,"Gole Bazar, Katni - MPPCB"
23-Nov-2020 - 00:00,122.8,206.56,42.07,12.92,32.82,39.18,10.43,1.4,46.04,17.43,0.46,148.33,60.44,728.7,261.53,0.0,24-Nov-2020 - 00:00,"Gole Bazar, Katni - MPPCB"
24-Nov-2020 - 00:00,112.52,187.94,38.11,5.84,24.9,39.07,10.38,1.36,35.54,18.02,0.39,137.5,58.07,727.93,254.85,0.0,25-Nov-2020 - 00:00,"Gole Bazar, Katni - MPPCB"
25-Nov-2020 - 00:00,112.72,187.46,38.16,5.09,24.43,38.79,11.57,1.07,43.99,19.25,0.43,106.3,53.76,727.75,258.84,0.0,26-Nov-2020 - 00:00,"Gole Bazar, Katni - MPPCB"
26-Nov-2020 - 00:00,116.24,205.14,37.49,5.17,24.15,40.92,9.87,0.98,36.74,19.79,0.49,108.46,57.62,728.33,254.14,0.0,27-Nov-2020 - 00:00,"Gole Bazar, Katni - MPPCB"
27-Nov-2020 - 00:00,181.37,291.83,29.86,7.06,21.63,54.83,8.12,1.47,40.91,18.44,0.38,128.04,63.25,731.12,218.42,0.0,28-Nov-2020 - 00:00,"Gole Bazar, Katni - MPPCB"
28-Nov-2020 - 00:00,160.82,288.65,38.41,14.34,32.08,55.77,8.43,1.6,27.64,18.67,0.42,151.38,61.88,731.05,253.94,0.0,29-Nov-2020 - 00:00,"Gole Bazar, Katni - MPPCB"
29-Nov-2020 - 00:00,106.75,212.19,34.42,15.72,31.08,56.69,9.92,1.21,21.19,19.49,0.37,177.1,59.32,729.74,252.93,0.0,30-Nov-2020 - 00:00,"Gole Bazar, Katni - MPPCB"
30-Nov-2020 - 00:00,96.71,215.3,35.41,12.39,28.9,37.53,11.39,1.29,16.85,18.94,0.37,180.99,59.29,728.96,252.22,0.0,01-Dec-2020 - 00:00,"Gole Bazar, Katni - MPPCB"
01-Dec-2020 - 00:00,127.0,317.0,57.2,20.55,47.15,35.85,12.65,2.06,13.7,14.4,0.3,240.0,73.0,729.0,7.5,0.0,02-Dec-2020 - 00:00,"Gole Bazar, Katni - MPPCB"
