from date,AT,BP,PM10,PM2.5,RH,SR,WD,WS,Benzene,Toluene,NH3,NO2,NO,NOx,Ozone,SO2,CO,to date,station
01-Jan-2020 - 00:00,8.17,998.38,573.04,444.47,76.16,61.72,227.78,0.96,10.37,55.89,51.56,92.43,67.6,216.75,17.76,19.24,4.91,02-Jan-2020 - 00:00,"Jawaharlal Nehru Stadium, Delhi - DPCC"
02-Jan-2020 - 00:00,9.3,998.13,463.89,350.01,73.38,57.86,231.4,0.74,7.7,50.11,54.73,97.3,151.65,221.89,16.99,16.82,4.08,03-Jan-2020 - 00:00,"Jawaharlal Nehru Stadium, Delhi - DPCC"
03-Jan-2020 - 00:00,9.79,996.41,333.94,234.34,72.7,55.03,218.27,0.79,8.71,69.87,50.34,85.43,246.94,256.6,13.43,15.55,3.98,04-Jan-2020 - 00:00,"Jawaharlal Nehru Stadium, Delhi - DPCC"
04-Jan-2020 - 00:00,9.51,995.24,287.36,209.96,72.94,58.94,293.13,1.5,7.53,50.88,38.98,83.64,165.5,180.09,17.54,13.04,2.07,05-Jan-2020 - 00:00,"Jawaharlal Nehru Stadium, Delhi - DPCC"
05-Jan-2020 - 00:00,9.53,995.75,239.72,167.1,68.05,62.49,283.85,1.56,3.16,24.3,36.67,78.7,60.8,91.42,19.76,14.12,1.11,06-Jan-2020 - 00:00,"Jawaharlal Nehru Stadium, Delhi - DPCC"
06-Jan-2020 - 00:00,9.83,996.85,233.65,154.66,67.54,38.06,207.93,0.88,4.45,29.62,51.46,86.88,79.35,110.9,9.47,15.38,1.22,07-Jan-2020 - 00:00,"Jawaharlal Nehru Stadium, Delhi - DPCC"
07-Jan-2020 - 00:00,10.14,994.88,174.51,120.11,72.26,36.19,112.57,1.35,4.17,27.52,54.15,74.99,50.9,81.39,13.17,20.91,1.05,08-Jan-2020 - 00:00,"Jawaharlal Nehru Stadium, Delhi - DPCC"
08-Jan-2020 - 00:00,9.44,992.76,147.4,122.4,83.33,12.02,191.89,2.22,4.39,25.81,61.52,56.97,43.65,65.89,10.84,11.65,0.93,09-Jan-2020 - 00:00,"Jawaharlal Nehru Stadium, Delhi - DPCC"
09-Jan-2020 - 00:00,8.24,997.29,138.94,95.2,77.25,51.09,301.34,2.74,3.54,21.75,42.11,42.43,20.64,39.4,17.64,12.95,0.66,10-Jan-2020 - 00:00,"Jawaharlal Nehru Stadium, Delhi - DPCC"
10-Jan-2020 - 00:00,8.26,997.49,215.3,140.08,75.55,64.25,299.39,1.89,4.96,32.13,45.1,66.37,51.08,76.94,21.11,11.07,1.11,11-Jan-2020 - 00:00,"Jawaharlal Nehru Stadium, Delhi - DPCC"
11-Jan-2020 - 00:00,8.67,997.12,249.2,162.85,69.19,63.66,302.2,1.36,6.85,49.46,50.07,85.24,81.26,111.59,25.37,15.88,1.83,12-Jan-2020 - 00:00,"Jawaharlal Nehru Stadium, Delhi - DPCC"
12-Jan-2020 - 00:00,9.38,994.14,329.02,220.01,70.1,64.07,285.41,1.27,6.66,46.38,58.48,92.74,153.55,173.15,16.86,16.8,2.68,13-Jan-2020 - 00:00,"Jawaharlal Nehru Stadium, Delhi - DPCC"
13-Jan-2020 - 00:00,9.99,989.85,373.86,250.48,72.92,52.43,180.21,1.59,7.08,50.33,70.02,94.4,63.09,104.79,11.92,15.59,2.75,14-Jan-2020 - 00:00,"Jawaharlal Nehru Stadium, Delhi - DPCC"
14-Jan-2020 - 00:00,9.31,993.32,175.84,122.95,77.56,63.44,295.88,1.68,4.77,29.85,50.57,55.79,39.81,62.13,11.99,10.22,0.99,15-Jan-2020 - 00:00,"Jawaharlal Nehru Stadium, Delhi - DPCC"
15-Jan-2020 - 00:00,9.41,994.56,184.16,110.52,73.97,70.93,260.98,1.31,5.81,22.43,40.66,77.51,56.13,86.99,18.23,11.82,1.05,16-Jan-2020 - 00:00,"Jawaharlal Nehru Stadium, Delhi - DPCC"
16-Jan-2020 - 00:00,9.1,993.49,184.62,136.08,77.84,37.46,285.03,1.24,6.09,20.09,47.9,73.76,45.54,76.36,6.29,16.62,0.99,17-Jan-2020 - 00:00,"Jawaharlal Nehru Stadium, Delhi - DPCC"
17-Jan-2020 - 00:00,9.35,994.64,142.99,96.38,81.23,56.76,283.73,1.6,5.79,19.26,36.3,54.56,45.25,65.91,12.97,12.42,0.93,18-Jan-2020 - 00:00,"Jawaharlal Nehru Stadium, Delhi - DPCC"
18-Jan-2020 - 00:00,9.0,996.42,215.04,131.09,79.53,46.37,261.15,1.21,7.68,25.87,40.81,79.13,82.55,109.39,16.5,10.97,1.49,19-Jan-2020 - 00:00,"Jawaharlal Nehru Stadium, Delhi - DPCC"
19-Jan-2020 - 00:00,8.31,997.06,190.08,133.79,76.7,71.28,293.07,2.4,4.21,10.84,41.87,48.34,13.91,37.05,32.03,12.82,0.68,20-Jan-2020 - 00:00,"Jawaharlal Nehru Stadium, Delhi - DPCC"
20-Jan-2020 - 00:00,8.64,996.06,226.25,143.94,79.53,60.19,282.16,1.94,5.12,14.19,42.94,63.09,63.69,85.49,20.34,15.79,1.35,21-Jan-2020 - 00:00,"Jawaharlal Nehru Stadium, Delhi - DPCC"
21-Jan-2020 - 00:00,9.44,996.92,325.29,202.74,76.87,70.05,157.17,0.98,7.04,22.28,50.53,83.21,92.78,128.91,15.38,16.8,1.84,22-Jan-2020 - 00:00,"Jawaharlal Nehru Stadium, Delhi - DPCC"
22-Jan-2020 - 00:00,9.04,998.05,317.04,208.68,78.82,64.14,289.62,2.09,8.56,27.16,47.42,72.46,122.29,145.34,20.6,15.38,1.9,23-Jan-2020 - 00:00,"Jawaharlal Nehru Stadium, Delhi - DPCC"
23-Jan-2020 - 00:00,9.6,996.73,125.26,65.95,60.55,82.15,294.68,3.64,2.88,9.58,31.68,50.95,5.95,31.95,44.2,14.43,0.47,24-Jan-2020 - 00:00,"Jawaharlal Nehru Stadium, Delhi - DPCC"
24-Jan-2020 - 00:00,9.36,994.25,149.99,75.84,58.9,80.08,291.89,3.23,3.42,11.94,30.92,64.58,42.94,69.36,46.22,19.09,1.26,25-Jan-2020 - 00:00,"Jawaharlal Nehru Stadium, Delhi - DPCC"
25-Jan-2020 - 00:00,9.08,994.51,222.17,126.11,67.86,80.65,300.24,1.39,6.15,20.21,36.74,88.42,133.46,155.55,36.93,18.62,1.65,26-Jan-2020 - 00:00,"Jawaharlal Nehru Stadium, Delhi - DPCC"
26-Jan-2020 - 00:00,9.53,992.74,289.36,192.28,70.37,79.3,287.98,1.64,6.99,23.72,43.87,76.24,178.51,192.06,35.74,17.84,2.28,27-Jan-2020 - 00:00,"Jawaharlal Nehru Stadium, Delhi - DPCC"
27-Jan-2020 - 00:00,10.26,990.47,331.98,215.22,68.75,50.85,156.06,1.02,8.01,26.85,48.38,109.94,170.4,212.6,15.88,19.73,2.65,28-Jan-2020 - 00:00,"Jawaharlal Nehru Stadium, Delhi - DPCC"
28-Jan-2020 - 00:00,10.45,989.24,155.0,113.32,73.08,65.68,132.53,2.1,4.25,13.54,40.68,77.28,35.85,70.34,17.4,15.86,1.0,29-Jan-2020 - 00:00,"Jawaharlal Nehru Stadium, Delhi - DPCC"
29-Jan-2020 - 00:00,9.93,994.89,136.15,77.11,72.05,86.7,251.99,1.58,4.76,17.41,34.06,67.46,73.94,96.16,28.55,14.68,0.99,30-Jan-2020 - 00:00,"Jawaharlal Nehru Stadium, Delhi - DPCC"
30-Jan-2020 - 00:00,9.45,995.67,168.39,90.92,72.04,88.86,292.14,2.61,4.83,18.52,29.57,66.27,50.29,76.26,29.87,13.71,0.74,31-Jan-2020 - 00:00,"Jawaharlal Nehru Stadium, Delhi - DPCC"
31-Jan-2020 - 00:00,8.87,993.61,154.14,81.78,70.47,99.91,290.18,1.67,4.2,14.26,27.25,68.36,60.48,85.67,29.54,17.33,1.01,01-Feb-2020 - 00:00,"Jawaharlal Nehru Stadium, Delhi - DPCC"
01-Feb-2020 - 00:00,9.11,996.39,186.28,105.3,71.64,96.68,293.29,1.63,7.07,23.02,29.05,66.77,111.79,129.47,33.75,15.48,1.36,02-Feb-2020 - 00:00,"Jawaharlal Nehru Stadium, Delhi - DPCC"
02-Feb-2020 - 00:00,8.87,997.89,220.33,131.62,72.37,103.02,300.12,2.07,6.9,22.8,33.65,72.11,78.01,101.95,33.32,16.29,1.32,03-Feb-2020 - 00:00,"Jawaharlal Nehru Stadium, Delhi - DPCC"
03-Feb-2020 - 00:00,9.24,996.54,244.15,136.03,68.01,109.55,296.03,1.56,6.22,21.25,32.23,90.96,79.69,108.61,39.23,17.26,1.94,04-Feb-2020 - 00:00,"Jawaharlal Nehru Stadium, Delhi - DPCC"
04-Feb-2020 - 00:00,9.47,995.06,341.67,198.69,68.27,96.59,203.38,0.77,8.7,29.1,36.59,107.32,90.26,146.95,39.62,18.25,3.39,05-Feb-2020 - 00:00,"Jawaharlal Nehru Stadium, Delhi - DPCC"
05-Feb-2020 - 00:00,9.56,995.14,231.81,137.44,67.92,105.06,299.5,1.97,5.62,19.43,34.95,82.04,89.93,116.94,30.57,13.8,1.25,06-Feb-2020 - 00:00,"Jawaharlal Nehru Stadium, Delhi - DPCC"
06-Feb-2020 - 00:00,9.17,994.48,188.08,107.45,67.96,111.06,287.5,1.22,5.02,19.21,30.76,78.54,85.13,111.18,35.74,16.12,1.24,07-Feb-2020 - 00:00,"Jawaharlal Nehru Stadium, Delhi - DPCC"
07-Feb-2020 - 00:00,9.25,996.87,247.08,147.23,68.99,93.69,288.29,1.35,6.71,24.64,31.85,86.88,175.75,191.22,25.61,22.24,1.95,08-Feb-2020 - 00:00,"Jawaharlal Nehru Stadium, Delhi - DPCC"
08-Feb-2020 - 00:00,9.51,998.45,226.33,146.45,68.1,101.43,307.78,1.81,5.42,15.19,31.55,78.69,58.28,89.37,36.06,18.85,1.16,09-Feb-2020 - 00:00,"Jawaharlal Nehru Stadium, Delhi - DPCC"
09-Feb-2020 - 00:00,9.58,998.56,233.54,142.5,67.99,108.36,297.06,1.42,6.3,16.85,31.54,82.91,64.13,96.38,43.64,19.69,1.27,10-Feb-2020 - 00:00,"Jawaharlal Nehru Stadium, Delhi - DPCC"
10-Feb-2020 - 00:00,9.44,997.29,282.38,172.47,69.66,104.27,308.82,1.39,7.26,26.31,30.52,94.26,135.96,160.98,40.78,18.67,1.92,11-Feb-2020 - 00:00,"Jawaharlal Nehru Stadium, Delhi - DPCC"
11-Feb-2020 - 00:00,9.7,997.57,287.67,167.47,67.2,112.07,303.23,1.5,9.13,34.05,30.28,101.12,205.67,226.51,40.11,16.76,2.56,12-Feb-2020 - 00:00,"Jawaharlal Nehru Stadium, Delhi - DPCC"
12-Feb-2020 - 00:00,10.67,996.84,287.88,169.61,64.52,105.83,296.63,2.57,5.25,18.82,32.62,82.8,52.24,86.63,51.47,22.46,1.13,13-Feb-2020 - 00:00,"Jawaharlal Nehru Stadium, Delhi - DPCC"
13-Feb-2020 - 00:00,11.95,993.78,164.9,86.23,56.35,117.5,277.83,4.31,2.83,8.12,28.88,54.18,7.11,34.62,55.2,22.99,0.56,14-Feb-2020 - 00:00,"Jawaharlal Nehru Stadium, Delhi - DPCC"
14-Feb-2020 - 00:00,11.71,991.02,164.36,63.99,54.65,118.61,289.76,4.97,2.53,7.31,24.57,41.88,3.88,25.44,68.41,20.03,0.45,15-Feb-2020 - 00:00,"Jawaharlal Nehru Stadium, Delhi - DPCC"
15-Feb-2020 - 00:00,11.23,991.34,183.97,77.34,52.2,125.28,285.69,3.71,3.27,10.97,23.79,68.95,26.25,58.07,55.36,23.05,0.8,16-Feb-2020 - 00:00,"Jawaharlal Nehru Stadium, Delhi - DPCC"
16-Feb-2020 - 00:00,11.02,994.36,267.62,123.51,59.72,124.07,295.39,1.99,4.85,15.24,28.81,98.34,75.28,110.89,49.74,26.41,1.77,17-Feb-2020 - 00:00,"Jawaharlal Nehru Stadium, Delhi - DPCC"
17-Feb-2020 - 00:00,11.13,995.46,296.33,159.68,61.0,122.8,294.01,2.41,6.02,20.31,36.89,100.94,95.98,129.45,45.33,28.88,1.74,18-Feb-2020 - 00:00,"Jawaharlal Nehru Stadium, Delhi - DPCC"
18-Feb-2020 - 00:00,11.47,992.93,241.26,133.96,52.67,161.26,286.28,3.33,3.46,9.67,41.85,81.14,21.34,60.55,60.99,35.95,0.69,19-Feb-2020 - 00:00,"Jawaharlal Nehru Stadium, Delhi - DPCC"
19-Feb-2020 - 00:00,13.15,991.55,296.57,101.55,50.13,145.0,114.38,2.85,3.24,23.82,39.19,103.76,22.1,73.19,49.87,21.61,1.03,20-Feb-2020 - 00:00,"Jawaharlal Nehru Stadium, Delhi - DPCC"
20-Feb-2020 - 00:00,12.35,991.11,270.65,101.09,57.35,113.36,116.77,3.0,2.98,21.72,46.82,85.42,14.7,57.41,47.45,16.43,0.84,21-Feb-2020 - 00:00,"Jawaharlal Nehru Stadium, Delhi - DPCC"
21-Feb-2020 - 00:00,10.9,995.12,89.01,52.34,70.69,48.61,112.1,2.3,1.98,17.55,36.03,54.78,10.14,37.4,52.38,16.78,0.64,22-Feb-2020 - 00:00,"Jawaharlal Nehru Stadium, Delhi - DPCC"
22-Feb-2020 - 00:00,11.46,997.87,131.72,61.59,69.56,102.69,190.04,1.05,2.89,28.0,31.81,68.89,77.75,100.03,35.39,19.87,1.38,23-Feb-2020 - 00:00,"Jawaharlal Nehru Stadium, Delhi - DPCC"
23-Feb-2020 - 00:00,12.07,995.96,175.65,91.84,67.54,105.14,240.76,1.2,4.38,44.01,39.54,52.57,72.85,87.36,38.44,16.3,1.14,24-Feb-2020 - 00:00,"Jawaharlal Nehru Stadium, Delhi - DPCC"
24-Feb-2020 - 00:00,12.05,992.93,131.57,56.49,63.62,154.05,285.9,1.93,2.45,25.54,31.59,55.05,33.76,56.79,46.85,24.89,0.72,25-Feb-2020 - 00:00,"Jawaharlal Nehru Stadium, Delhi - DPCC"
25-Feb-2020 - 00:00,12.99,991.09,187.0,88.09,59.18,171.61,299.62,2.62,3.52,28.49,41.28,63.78,40.24,66.72,62.19,30.84,1.16,26-Feb-2020 - 00:00,"Jawaharlal Nehru Stadium, Delhi - DPCC"
26-Feb-2020 - 00:00,12.28,991.84,239.96,127.11,65.98,118.35,206.45,1.29,4.44,40.49,44.34,72.03,72.09,97.08,43.68,28.09,1.44,27-Feb-2020 - 00:00,"Jawaharlal Nehru Stadium, Delhi - DPCC"
27-Feb-2020 - 00:00,12.53,992.45,201.86,98.26,67.54,99.1,102.79,1.64,3.45,26.72,43.68,71.81,29.39,62.16,28.57,25.85,1.03,28-Feb-2020 - 00:00,"Jawaharlal Nehru Stadium, Delhi - DPCC"
28-Feb-2020 - 00:00,12.71,991.21,165.97,82.07,65.2,105.41,123.29,3.05,2.61,17.67,39.93,51.14,11.07,36.22,39.36,18.44,0.72,29-Feb-2020 - 00:00,"Jawaharlal Nehru Stadium, Delhi - DPCC"
29-Feb-2020 - 00:00,12.26,990.43,114.19,56.5,68.43,98.84,119.93,2.66,2.1,15.89,34.08,48.32,9.04,33.08,34.05,19.81,0.6,01-Mar-2020 - 00:00,"Jawaharlal Nehru Stadium, Delhi - DPCC"
01-Mar-2020 - 00:00,12.53,990.94,98.26,42.79,67.16,137.99,145.51,1.06,2.15,22.24,31.44,55.76,52.89,72.78,44.43,23.39,1.1,02-Mar-2020 - 00:00,"Jawaharlal Nehru Stadium, Delhi - DPCC"
02-Mar-2020 - 00:00,12.79,990.41,187.7,93.6,69.75,122.21,254.55,1.14,4.58,42.16,44.12,67.09,129.85,141.56,45.88,23.58,1.91,03-Mar-2020 - 00:00,"Jawaharlal Nehru Stadium, Delhi - DPCC"
03-Mar-2020 - 00:00,12.76,988.87,159.88,73.36,63.29,152.75,268.65,1.46,3.77,41.95,33.86,55.51,88.28,101.51,38.09,17.21,1.22,04-Mar-2020 - 00:00,"Jawaharlal Nehru Stadium, Delhi - DPCC"
04-Mar-2020 - 00:00,12.69,988.41,187.5,79.35,63.08,127.24,170.82,1.93,3.63,31.24,32.95,58.54,87.8,102.72,47.87,25.82,0.58,05-Mar-2020 - 00:00,"Jawaharlal Nehru Stadium, Delhi - DPCC"
05-Mar-2020 - 00:00,12.08,988.62,64.71,27.4,66.27,109.84,139.03,2.52,1.59,18.35,25.93,48.17,13.68,36.77,33.88,18.58,0.55,06-Mar-2020 - 00:00,"Jawaharlal Nehru Stadium, Delhi - DPCC"
06-Mar-2020 - 00:00,13.83,987.67,33.93,17.19,75.34,97.49,125.39,2.58,1.17,13.96,16.96,47.38,16.69,38.81,29.26,14.78,0.53,07-Mar-2020 - 00:00,"Jawaharlal Nehru Stadium, Delhi - DPCC"
07-Mar-2020 - 00:00,19.25,992.02,94.58,41.96,73.03,85.44,134.84,1.73,1.78,18.73,9.36,50.26,32.39,53.15,30.73,18.58,0.81,08-Mar-2020 - 00:00,"Jawaharlal Nehru Stadium, Delhi - DPCC"
08-Mar-2020 - 00:00,20.01,993.6,118.99,59.82,66.37,171.4,266.18,2.53,2.83,27.57,9.2,37.47,55.13,64.87,40.22,18.26,0.97,09-Mar-2020 - 00:00,"Jawaharlal Nehru Stadium, Delhi - DPCC"
09-Mar-2020 - 00:00,19.76,990.69,122.5,55.61,62.42,176.27,291.09,3.74,2.22,19.88,8.47,34.45,15.74,31.16,38.42,18.16,0.64,10-Mar-2020 - 00:00,"Jawaharlal Nehru Stadium, Delhi - DPCC"
10-Mar-2020 - 00:00,20.45,989.58,170.46,82.42,61.74,161.14,189.89,1.93,2.6,19.36,8.98,38.59,16.9,34.31,48.77,27.3,0.84,11-Mar-2020 - 00:00,"Jawaharlal Nehru Stadium, Delhi - DPCC"
11-Mar-2020 - 00:00,21.57,987.51,114.31,54.03,62.91,149.73,127.46,3.03,1.98,14.47,16.18,37.89,10.4,28.63,44.14,20.36,0.66,12-Mar-2020 - 00:00,"Jawaharlal Nehru Stadium, Delhi - DPCC"
12-Mar-2020 - 00:00,21.82,990.02,165.27,52.12,61.56,145.4,167.64,1.51,2.41,25.7,27.89,41.51,45.71,59.35,31.01,25.01,1.12,13-Mar-2020 - 00:00,"Jawaharlal Nehru Stadium, Delhi - DPCC"
13-Mar-2020 - 00:00,21.75,991.64,195.17,55.14,54.31,159.25,187.87,1.37,2.09,22.55,25.09,37.87,34.39,48.19,35.2,21.95,0.79,14-Mar-2020 - 00:00,"Jawaharlal Nehru Stadium, Delhi - DPCC"
14-Mar-2020 - 00:00,19.75,992.92,73.74,34.92,73.35,90.87,160.97,1.43,1.83,19.05,24.15,31.9,17.04,30.8,25.38,18.98,0.75,15-Mar-2020 - 00:00,"Jawaharlal Nehru Stadium, Delhi - DPCC"
15-Mar-2020 - 00:00,19.88,994.53,107.08,47.04,67.39,166.65,203.55,1.07,2.28,25.17,23.56,36.31,25.4,40.02,43.71,21.99,0.82,16-Mar-2020 - 00:00,"Jawaharlal Nehru Stadium, Delhi - DPCC"
16-Mar-2020 - 00:00,20.61,994.08,134.97,57.59,65.81,162.07,289.21,2.52,2.53,26.84,24.36,35.62,25.69,39.89,43.48,21.68,0.94,17-Mar-2020 - 00:00,"Jawaharlal Nehru Stadium, Delhi - DPCC"
17-Mar-2020 - 00:00,21.13,994.0,142.68,60.66,64.43,190.25,293.69,2.39,3.15,29.67,25.07,38.85,38.2,51.81,46.84,22.2,1.06,18-Mar-2020 - 00:00,"Jawaharlal Nehru Stadium, Delhi - DPCC"
18-Mar-2020 - 00:00,21.78,992.31,144.17,56.5,62.4,186.21,292.19,2.18,3.18,33.44,23.64,42.03,45.74,59.64,47.46,21.84,1.15,19-Mar-2020 - 00:00,"Jawaharlal Nehru Stadium, Delhi - DPCC"
19-Mar-2020 - 00:00,22.47,989.32,173.81,77.99,64.06,172.17,278.47,1.46,3.4,34.0,29.24,39.35,58.41,68.56,48.89,29.79,1.25,20-Mar-2020 - 00:00,"Jawaharlal Nehru Stadium, Delhi - DPCC"
20-Mar-2020 - 00:00,23.43,988.43,196.12,85.79,59.62,144.03,162.03,1.31,3.84,35.96,28.36,65.63,50.26,75.89,57.64,42.32,1.7,21-Mar-2020 - 00:00,"Jawaharlal Nehru Stadium, Delhi - DPCC"
21-Mar-2020 - 00:00,23.14,988.64,151.5,64.9,58.27,140.15,261.81,1.69,3.07,29.88,29.61,42.56,32.59,49.21,48.31,26.62,1.05,22-Mar-2020 - 00:00,"Jawaharlal Nehru Stadium, Delhi - DPCC"
22-Mar-2020 - 00:00,23.09,990.4,117.52,67.51,57.99,180.2,254.96,1.32,2.39,18.66,28.08,26.03,10.08,22.07,56.95,26.35,0.71,23-Mar-2020 - 00:00,"Jawaharlal Nehru Stadium, Delhi - DPCC"
23-Mar-2020 - 00:00,23.48,990.08,92.22,45.92,55.94,176.33,236.59,1.3,1.97,13.37,24.62,26.08,9.58,21.01,53.13,25.48,0.73,24-Mar-2020 - 00:00,"Jawaharlal Nehru Stadium, Delhi - DPCC"
24-Mar-2020 - 00:00,23.3,988.96,103.05,49.46,58.63,122.45,175.37,2.07,3.7,28.2,25.76,23.15,11.11,21.37,37.75,27.14,0.78,25-Mar-2020 - 00:00,"Jawaharlal Nehru Stadium, Delhi - DPCC"
25-Mar-2020 - 00:00,23.89,989.15,63.58,28.56,59.54,188.53,275.47,1.38,3.7,28.2,27.04,13.21,9.98,15.16,36.93,21.36,0.61,26-Mar-2020 - 00:00,"Jawaharlal Nehru Stadium, Delhi - DPCC"
26-Mar-2020 - 00:00,23.21,990.36,68.92,33.44,60.0,121.49,281.48,3.31,3.7,28.2,25.24,6.81,3.36,6.37,32.55,22.09,0.5,27-Mar-2020 - 00:00,"Jawaharlal Nehru Stadium, Delhi - DPCC"
27-Mar-2020 - 00:00,22.01,992.37,42.92,21.75,66.49,105.16,178.2,3.16,3.7,28.2,21.36,6.68,4.7,7.22,29.84,19.89,0.44,28-Mar-2020 - 00:00,"Jawaharlal Nehru Stadium, Delhi - DPCC"
28-Mar-2020 - 00:00,22.2,992.5,29.22,15.23,64.54,208.08,273.42,3.56,3.7,28.2,20.07,6.63,2.92,5.91,32.73,18.19,0.45,29-Mar-2020 - 00:00,"Jawaharlal Nehru Stadium, Delhi - DPCC"
29-Mar-2020 - 00:00,22.89,990.37,52.52,18.85,56.41,209.53,295.78,3.42,3.7,28.2,18.82,7.48,2.35,5.9,49.25,16.96,0.38,30-Mar-2020 - 00:00,"Jawaharlal Nehru Stadium, Delhi - DPCC"
30-Mar-2020 - 00:00,22.69,990.48,61.04,31.0,54.93,205.43,282.32,3.85,3.7,28.2,20.3,11.67,2.4,8.17,54.96,21.47,0.45,31-Mar-2020 - 00:00,"Jawaharlal Nehru Stadium, Delhi - DPCC"
31-Mar-2020 - 00:00,23.35,989.19,61.46,27.33,54.05,184.29,282.7,1.85,3.7,28.2,19.06,11.18,2.35,7.86,54.91,21.78,0.42,01-Apr-2020 - 00:00,"Jawaharlal Nehru Stadium, Delhi - DPCC"
01-Apr-2020 - 00:00,23.86,988.24,55.66,24.44,56.26,200.67,278.32,1.73,3.7,28.2,19.73,11.43,2.84,8.39,45.51,23.28,0.46,02-Apr-2020 - 00:00,"Jawaharlal Nehru Stadium, Delhi - DPCC"
02-Apr-2020 - 00:00,23.53,988.62,51.51,20.1,51.79,216.04,289.01,3.82,3.7,28.2,18.85,6.5,2.24,5.29,57.01,18.8,0.39,03-Apr-2020 - 00:00,"Jawaharlal Nehru Stadium, Delhi - DPCC"
03-Apr-2020 - 00:00,22.83,989.86,59.26,28.8,47.6,219.19,285.48,3.64,3.7,28.2,18.68,11.03,2.4,7.83,64.35,25.25,0.43,04-Apr-2020 - 00:00,"Jawaharlal Nehru Stadium, Delhi - DPCC"
04-Apr-2020 - 00:00,23.05,989.61,67.06,33.86,51.0,217.0,295.73,2.13,3.7,28.2,18.44,16.32,2.63,10.82,53.51,21.49,0.53,05-Apr-2020 - 00:00,"Jawaharlal Nehru Stadium, Delhi - DPCC"
05-Apr-2020 - 00:00,24.02,990.42,87.09,43.92,51.91,196.19,190.97,2.01,3.7,28.2,20.36,20.74,4.52,14.72,67.4,27.22,0.66,06-Apr-2020 - 00:00,"Jawaharlal Nehru Stadium, Delhi - DPCC"
06-Apr-2020 - 00:00,25.56,989.13,103.43,53.45,47.39,213.01,283.47,1.97,,,22.48,17.0,2.97,11.48,80.2,27.59,0.63,07-Apr-2020 - 00:00,"Jawaharlal Nehru Stadium, Delhi - DPCC"
07-Apr-2020 - 00:00,24.66,987.29,92.04,24.09,48.09,203.47,273.22,2.56,,,20.73,8.64,2.26,6.45,59.6,24.21,0.41,08-Apr-2020 - 00:00,"Jawaharlal Nehru Stadium, Delhi - DPCC"
08-Apr-2020 - 00:00,24.41,987.76,78.65,22.8,44.2,214.88,281.52,3.81,,,17.89,9.44,2.28,6.88,61.65,21.08,0.4,09-Apr-2020 - 00:00,"Jawaharlal Nehru Stadium, Delhi - DPCC"
09-Apr-2020 - 00:00,23.89,988.19,75.5,31.91,47.09,208.12,292.55,2.26,,,17.59,14.59,2.39,9.71,62.74,25.48,0.5,10-Apr-2020 - 00:00,"Jawaharlal Nehru Stadium, Delhi - DPCC"
10-Apr-2020 - 00:00,25.04,989.15,105.51,58.79,46.78,207.86,278.59,1.57,,,20.8,23.78,4.95,16.69,55.2,26.94,0.73,11-Apr-2020 - 00:00,"Jawaharlal Nehru Stadium, Delhi - DPCC"
11-Apr-2020 - 00:00,26.51,990.02,108.21,45.95,45.63,202.57,247.77,1.07,,,21.58,18.58,4.61,13.65,67.62,25.66,0.68,12-Apr-2020 - 00:00,"Jawaharlal Nehru Stadium, Delhi - DPCC"
12-Apr-2020 - 00:00,25.86,987.8,90.79,34.83,44.16,216.87,298.19,1.96,,,20.62,12.13,2.51,8.5,62.19,28.75,0.55,13-Apr-2020 - 00:00,"Jawaharlal Nehru Stadium, Delhi - DPCC"
13-Apr-2020 - 00:00,26.49,985.76,131.36,58.41,45.64,208.56,292.57,1.64,,,22.26,22.04,3.39,14.49,52.03,36.51,0.76,14-Apr-2020 - 00:00,"Jawaharlal Nehru Stadium, Delhi - DPCC"
14-Apr-2020 - 00:00,27.39,986.37,129.78,48.5,45.54,159.04,173.54,0.64,,,21.97,30.47,3.8,19.3,51.56,24.85,0.9,15-Apr-2020 - 00:00,"Jawaharlal Nehru Stadium, Delhi - DPCC"
15-Apr-2020 - 00:00,27.44,985.91,190.72,48.94,40.09,196.39,208.25,1.19,,,23.97,25.74,8.01,20.23,48.39,24.87,,16-Apr-2020 - 00:00,"Jawaharlal Nehru Stadium, Delhi - DPCC"
16-Apr-2020 - 00:00,27.13,984.55,174.57,58.28,39.32,194.72,278.04,1.55,,,25.17,23.82,4.95,16.71,57.41,27.55,,17-Apr-2020 - 00:00,"Jawaharlal Nehru Stadium, Delhi - DPCC"
17-Apr-2020 - 00:00,27.47,984.36,83.84,18.33,38.21,185.25,188.54,1.55,,,20.76,9.45,2.52,7.09,75.98,22.58,,18-Apr-2020 - 00:00,"Jawaharlal Nehru Stadium, Delhi - DPCC"
18-Apr-2020 - 00:00,26.04,986.38,109.44,20.47,46.05,185.62,103.38,1.82,,,23.38,10.51,2.63,7.73,66.08,18.51,,19-Apr-2020 - 00:00,"Jawaharlal Nehru Stadium, Delhi - DPCC"
19-Apr-2020 - 00:00,24.98,985.71,59.1,25.46,52.72,220.91,282.02,1.76,,,25.16,16.27,3.39,11.42,50.01,22.33,,20-Apr-2020 - 00:00,"Jawaharlal Nehru Stadium, Delhi - DPCC"
20-Apr-2020 - 00:00,24.48,986.66,84.35,35.42,51.59,119.98,225.45,0.96,,,25.03,21.61,4.9,15.49,39.2,17.87,,21-Apr-2020 - 00:00,"Jawaharlal Nehru Stadium, Delhi - DPCC"
21-Apr-2020 - 00:00,25.03,986.94,78.29,29.65,48.7,206.33,234.69,1.68,,,22.63,14.07,2.59,9.6,65.46,22.27,,22-Apr-2020 - 00:00,"Jawaharlal Nehru Stadium, Delhi - DPCC"
22-Apr-2020 - 00:00,25.5,985.52,102.68,44.45,46.04,217.1,279.65,1.04,,,21.67,22.27,3.42,14.63,60.41,19.97,,23-Apr-2020 - 00:00,"Jawaharlal Nehru Stadium, Delhi - DPCC"
23-Apr-2020 - 00:00,26.15,984.71,104.75,41.72,42.35,147.13,185.56,1.11,,,22.74,19.5,2.8,12.66,57.38,24.18,,24-Apr-2020 - 00:00,"Jawaharlal Nehru Stadium, Delhi - DPCC"
24-Apr-2020 - 00:00,26.46,983.3,115.17,56.42,45.74,210.95,131.94,1.07,,,26.87,22.13,3.56,14.68,65.29,25.99,,25-Apr-2020 - 00:00,"Jawaharlal Nehru Stadium, Delhi - DPCC"
25-Apr-2020 - 00:00,26.86,983.54,74.05,20.34,42.37,175.98,177.4,1.06,,,21.8,13.27,3.45,9.87,71.02,18.19,,26-Apr-2020 - 00:00,"Jawaharlal Nehru Stadium, Delhi - DPCC"
26-Apr-2020 - 00:00,23.94,986.4,114.01,37.42,57.29,91.6,114.02,2.05,,,26.89,12.11,2.51,8.49,57.46,21.66,,27-Apr-2020 - 00:00,"Jawaharlal Nehru Stadium, Delhi - DPCC"
27-Apr-2020 - 00:00,24.35,989.18,51.12,22.22,59.23,217.03,108.91,2.69,,,27.34,8.71,2.68,6.83,67.29,17.32,,28-Apr-2020 - 00:00,"Jawaharlal Nehru Stadium, Delhi - DPCC"
28-Apr-2020 - 00:00,25.52,989.06,72.08,34.77,54.45,193.06,120.27,1.53,,,27.15,11.73,2.79,8.51,75.46,21.38,,29-Apr-2020 - 00:00,"Jawaharlal Nehru Stadium, Delhi - DPCC"
29-Apr-2020 - 00:00,26.84,986.55,107.49,49.89,51.58,190.63,140.69,1.05,,,28.69,15.59,2.73,10.53,71.45,22.5,,30-Apr-2020 - 00:00,"Jawaharlal Nehru Stadium, Delhi - DPCC"
30-Apr-2020 - 00:00,27.53,986.11,117.29,45.21,48.62,203.42,130.51,1.22,,,31.29,13.32,2.75,9.33,78.59,23.18,,01-May-2020 - 00:00,"Jawaharlal Nehru Stadium, Delhi - DPCC"
01-May-2020 - 00:00,27.53,984.33,134.29,48.94,51.29,202.59,117.16,1.75,,,35.0,12.12,2.61,8.57,78.22,24.32,,02-May-2020 - 00:00,"Jawaharlal Nehru Stadium, Delhi - DPCC"
02-May-2020 - 00:00,26.71,984.22,114.95,29.49,52.78,202.21,112.62,3.37,,,32.6,9.54,2.67,7.25,72.5,22.92,,03-May-2020 - 00:00,"Jawaharlal Nehru Stadium, Delhi - DPCC"
03-May-2020 - 00:00,25.41,985.46,78.09,26.02,58.25,29.94,140.75,2.36,,,28.16,9.33,2.6,7.08,60.28,18.86,,04-May-2020 - 00:00,"Jawaharlal Nehru Stadium, Delhi - DPCC"
04-May-2020 - 00:00,25.41,986.74,49.39,19.46,56.05,207.97,185.53,0.91,,,25.89,11.53,2.77,8.39,68.41,21.56,,05-May-2020 - 00:00,"Jawaharlal Nehru Stadium, Delhi - DPCC"
05-May-2020 - 00:00,26.88,985.05,99.52,45.41,49.82,212.59,258.51,1.1,,,24.14,16.7,2.92,11.26,83.27,29.93,,06-May-2020 - 00:00,"Jawaharlal Nehru Stadium, Delhi - DPCC"
06-May-2020 - 00:00,26.5,984.69,169.91,51.34,47.2,161.85,153.23,1.43,3.83,35.94,23.35,22.07,3.01,14.19,65.45,28.88,1.2,07-May-2020 - 00:00,"Jawaharlal Nehru Stadium, Delhi - DPCC"
07-May-2020 - 00:00,26.69,985.3,79.03,23.65,43.33,229.79,136.43,1.42,1.47,11.56,20.81,12.46,2.66,8.8,104.2,24.67,0.56,08-May-2020 - 00:00,"Jawaharlal Nehru Stadium, Delhi - DPCC"
08-May-2020 - 00:00,28.16,983.6,101.48,31.4,45.2,214.84,168.05,1.15,1.97,8.99,24.06,12.78,2.61,8.93,108.12,20.49,0.66,09-May-2020 - 00:00,"Jawaharlal Nehru Stadium, Delhi - DPCC"
09-May-2020 - 00:00,28.64,984.39,127.85,,45.93,199.65,114.1,1.73,2.61,9.1,29.3,12.73,2.57,8.87,108.34,31.98,0.74,10-May-2020 - 00:00,"Jawaharlal Nehru Stadium, Delhi - DPCC"
10-May-2020 - 00:00,25.43,985.81,116.75,,53.34,100.53,115.87,2.24,,,28.83,12.37,2.57,8.68,77.41,21.62,0.65,11-May-2020 - 00:00,"Jawaharlal Nehru Stadium, Delhi - DPCC"
11-May-2020 - 00:00,25.62,986.69,89.99,45.94,55.49,162.91,110.61,2.07,1.85,12.04,28.43,16.66,2.81,11.15,80.45,22.16,0.72,12-May-2020 - 00:00,"Jawaharlal Nehru Stadium, Delhi - DPCC"
12-May-2020 - 00:00,27.0,986.27,83.22,34.44,50.74,180.28,86.87,1.43,1.77,12.01,30.87,14.24,2.73,9.8,86.77,23.03,0.7,13-May-2020 - 00:00,"Jawaharlal Nehru Stadium, Delhi - DPCC"
13-May-2020 - 00:00,26.85,985.02,143.35,53.86,52.6,112.4,177.98,0.85,1.89,12.61,33.13,17.18,2.71,11.34,78.67,24.4,0.79,14-May-2020 - 00:00,"Jawaharlal Nehru Stadium, Delhi - DPCC"
14-May-2020 - 00:00,27.03,984.08,113.3,40.34,52.41,183.42,201.1,1.02,1.68,13.57,28.13,22.04,3.37,14.47,68.96,20.47,0.75,15-May-2020 - 00:00,"Jawaharlal Nehru Stadium, Delhi - DPCC"
15-May-2020 - 00:00,27.52,983.36,108.52,37.1,43.38,214.91,311.1,2.27,1.7,13.7,23.2,16.51,2.75,11.03,85.87,27.87,0.63,16-May-2020 - 00:00,"Jawaharlal Nehru Stadium, Delhi - DPCC"
16-May-2020 - 00:00,27.53,982.32,141.66,67.76,41.67,225.9,301.59,2.0,1.7,13.7,21.53,20.2,2.65,12.91,90.89,30.61,0.79,17-May-2020 - 00:00,"Jawaharlal Nehru Stadium, Delhi - DPCC"
17-May-2020 - 00:00,27.85,980.91,160.08,73.22,40.96,175.07,297.61,1.3,1.7,13.7,21.23,30.51,3.19,18.83,82.34,33.96,0.92,18-May-2020 - 00:00,"Jawaharlal Nehru Stadium, Delhi - DPCC"
18-May-2020 - 00:00,27.74,979.98,159.4,75.08,39.84,203.31,295.62,1.56,1.7,13.7,19.85,36.38,10.96,28.3,72.91,39.68,1.04,19-May-2020 - 00:00,"Jawaharlal Nehru Stadium, Delhi - DPCC"
19-May-2020 - 00:00,28.19,979.47,171.99,76.1,37.66,204.74,233.25,1.07,1.7,13.7,18.1,46.1,14.03,35.95,73.86,35.01,1.15,20-May-2020 - 00:00,"Jawaharlal Nehru Stadium, Delhi - DPCC"
20-May-2020 - 00:00,31.5,979.02,140.19,50.72,35.02,227.62,310.91,1.84,1.7,13.7,17.44,28.67,3.91,18.43,84.62,31.9,0.74,21-May-2020 - 00:00,"Jawaharlal Nehru Stadium, Delhi - DPCC"
21-May-2020 - 00:00,36.68,978.1,148.14,34.04,34.49,233.03,308.33,2.52,1.7,13.7,15.25,28.65,7.22,21.13,85.24,32.37,0.79,22-May-2020 - 00:00,"Jawaharlal Nehru Stadium, Delhi - DPCC"
22-May-2020 - 00:00,37.22,978.22,180.02,62.31,37.01,219.73,279.79,1.21,1.7,13.7,18.6,53.93,15.5,41.32,66.76,44.64,1.07,23-May-2020 - 00:00,"Jawaharlal Nehru Stadium, Delhi - DPCC"
23-May-2020 - 00:00,38.13,979.57,194.18,48.74,36.28,192.9,249.36,1.49,1.58,14.11,19.1,42.66,15.05,34.96,49.33,23.68,0.63,24-May-2020 - 00:00,"Jawaharlal Nehru Stadium, Delhi - DPCC"
24-May-2020 - 00:00,38.66,980.15,169.67,33.35,33.55,214.99,291.36,1.88,1.59,15.12,16.17,22.44,3.23,14.57,65.87,27.41,0.66,25-May-2020 - 00:00,"Jawaharlal Nehru Stadium, Delhi - DPCC"
25-May-2020 - 00:00,37.7,979.59,161.27,48.85,36.61,224.51,295.69,2.03,2.33,17.78,17.81,32.14,9.56,24.89,63.15,41.72,0.95,26-May-2020 - 00:00,"Jawaharlal Nehru Stadium, Delhi - DPCC"
26-May-2020 - 00:00,38.43,978.16,182.09,32.99,35.75,211.54,274.91,1.88,3.81,43.52,15.35,36.74,17.86,34.11,47.24,22.86,0.93,27-May-2020 - 00:00,"Jawaharlal Nehru Stadium, Delhi - DPCC"
27-May-2020 - 00:00,38.73,976.9,164.98,29.42,35.01,208.85,171.54,1.58,2.81,28.93,17.31,26.33,3.06,16.5,88.55,24.85,0.67,28-May-2020 - 00:00,"Jawaharlal Nehru Stadium, Delhi - DPCC"
28-May-2020 - 00:00,36.19,978.93,268.28,29.35,47.86,175.72,115.78,3.51,1.07,6.6,22.31,14.4,3.17,10.25,70.11,21.86,0.65,29-May-2020 - 00:00,"Jawaharlal Nehru Stadium, Delhi - DPCC"
29-May-2020 - 00:00,33.69,981.92,63.52,17.61,59.36,162.2,132.81,2.84,0.87,7.85,28.74,18.53,3.29,12.54,53.38,17.89,0.66,30-May-2020 - 00:00,"Jawaharlal Nehru Stadium, Delhi - DPCC"
30-May-2020 - 00:00,33.81,983.93,50.76,17.79,58.44,200.51,134.59,2.33,0.87,5.06,34.4,16.12,3.39,11.35,61.45,19.75,0.63,31-May-2020 - 00:00,"Jawaharlal Nehru Stadium, Delhi - DPCC"
31-May-2020 - 00:00,32.24,985.76,34.31,15.41,67.57,176.53,158.22,1.79,0.71,5.73,32.95,13.56,2.83,9.52,47.76,17.19,0.6,01-Jun-2020 - 00:00,"Jawaharlal Nehru Stadium, Delhi - DPCC"
01-Jun-2020 - 00:00,33.65,985.97,77.1,38.35,60.95,206.99,149.97,0.7,1.79,20.46,28.81,26.7,3.58,17.13,82.99,22.18,0.84,02-Jun-2020 - 00:00,"Jawaharlal Nehru Stadium, Delhi - DPCC"
02-Jun-2020 - 00:00,35.07,984.01,91.58,36.33,53.83,221.27,211.84,1.11,2.5,37.3,28.85,23.2,3.01,14.8,72.4,19.74,0.73,03-Jun-2020 - 00:00,"Jawaharlal Nehru Stadium, Delhi - DPCC"
03-Jun-2020 - 00:00,34.79,982.17,111.59,43.44,56.78,181.0,204.65,0.92,1.84,19.58,28.86,35.25,6.04,23.68,59.6,27.11,0.96,04-Jun-2020 - 00:00,"Jawaharlal Nehru Stadium, Delhi - DPCC"
04-Jun-2020 - 00:00,34.17,981.39,125.44,51.34,57.9,114.13,185.91,1.39,2.49,23.77,34.56,36.45,11.08,28.42,44.88,26.1,1.05,05-Jun-2020 - 00:00,"Jawaharlal Nehru Stadium, Delhi - DPCC"
05-Jun-2020 - 00:00,34.22,981.56,75.0,32.94,56.73,174.22,161.88,1.33,1.56,12.5,31.88,28.72,4.5,18.95,51.89,21.39,0.85,06-Jun-2020 - 00:00,"Jawaharlal Nehru Stadium, Delhi - DPCC"
06-Jun-2020 - 00:00,34.83,980.94,70.51,25.02,56.17,204.43,128.26,1.64,1.22,7.81,27.72,22.06,3.78,14.83,57.32,21.76,0.77,07-Jun-2020 - 00:00,"Jawaharlal Nehru Stadium, Delhi - DPCC"
07-Jun-2020 - 00:00,34.48,980.67,82.02,32.1,57.97,173.45,166.79,1.13,1.46,10.48,26.33,23.58,3.48,15.38,48.67,20.86,0.78,08-Jun-2020 - 00:00,"Jawaharlal Nehru Stadium, Delhi - DPCC"
08-Jun-2020 - 00:00,35.41,979.96,92.68,36.82,54.14,204.18,218.16,1.07,1.35,12.37,25.27,27.14,3.63,17.39,68.16,22.79,0.85,09-Jun-2020 - 00:00,"Jawaharlal Nehru Stadium, Delhi - DPCC"
09-Jun-2020 - 00:00,36.82,979.64,135.28,52.85,51.42,198.28,237.03,1.07,1.96,21.82,29.48,37.73,7.31,26.02,63.53,23.75,1.06,10-Jun-2020 - 00:00,"Jawaharlal Nehru Stadium, Delhi - DPCC"
10-Jun-2020 - 00:00,36.85,978.51,140.73,46.81,53.19,167.29,206.66,0.96,2.04,22.31,28.32,38.9,12.92,31.22,70.98,22.34,1.14,11-Jun-2020 - 00:00,"Jawaharlal Nehru Stadium, Delhi - DPCC"
11-Jun-2020 - 00:00,37.07,976.54,129.89,47.23,52.28,208.16,180.53,0.83,1.66,21.37,30.35,35.78,4.57,22.75,75.9,16.09,0.96,12-Jun-2020 - 00:00,"Jawaharlal Nehru Stadium, Delhi - DPCC"
12-Jun-2020 - 00:00,37.61,976.6,144.99,52.77,50.47,201.31,128.3,1.49,1.82,13.55,33.74,32.43,4.77,21.14,70.46,17.4,0.98,13-Jun-2020 - 00:00,"Jawaharlal Nehru Stadium, Delhi - DPCC"
13-Jun-2020 - 00:00,35.86,976.49,143.76,41.23,55.97,122.46,159.73,1.6,1.49,14.62,27.63,30.37,3.86,19.3,30.36,16.74,0.93,14-Jun-2020 - 00:00,"Jawaharlal Nehru Stadium, Delhi - DPCC"
14-Jun-2020 - 00:00,37.13,976.62,152.46,55.52,53.12,200.5,162.86,1.04,1.79,18.46,30.26,28.39,4.49,18.76,45.42,15.46,0.95,15-Jun-2020 - 00:00,"Jawaharlal Nehru Stadium, Delhi - DPCC"
15-Jun-2020 - 00:00,37.98,976.54,121.62,37.49,46.41,193.81,198.47,1.23,1.66,12.53,31.39,28.56,3.33,17.91,70.64,20.78,0.85,16-Jun-2020 - 00:00,"Jawaharlal Nehru Stadium, Delhi - DPCC"
16-Jun-2020 - 00:00,37.77,976.79,107.04,29.78,47.83,234.03,134.73,1.86,1.87,13.48,27.14,28.23,3.86,18.16,59.87,18.33,0.84,17-Jun-2020 - 00:00,"Jawaharlal Nehru Stadium, Delhi - DPCC"
17-Jun-2020 - 00:00,36.95,976.97,90.57,24.64,52.99,293.75,113.34,2.75,1.37,8.46,28.51,15.13,3.46,10.88,48.86,17.31,0.72,18-Jun-2020 - 00:00,"Jawaharlal Nehru Stadium, Delhi - DPCC"
18-Jun-2020 - 00:00,37.28,976.94,104.53,30.83,53.15,298.57,122.91,1.88,1.34,6.64,22.9,16.21,4.16,12.02,92.54,15.97,0.71,19-Jun-2020 - 00:00,"Jawaharlal Nehru Stadium, Delhi - DPCC"
19-Jun-2020 - 00:00,39.07,976.87,221.39,46.0,48.34,248.15,100.03,1.79,1.23,13.88,22.93,23.51,3.05,15.0,45.14,12.55,0.82,20-Jun-2020 - 00:00,"Jawaharlal Nehru Stadium, Delhi - DPCC"
20-Jun-2020 - 00:00,35.42,976.65,112.23,24.16,56.3,130.9,174.51,1.77,0.98,10.36,15.42,26.17,4.11,17.27,36.62,9.79,0.72,21-Jun-2020 - 00:00,"Jawaharlal Nehru Stadium, Delhi - DPCC"
21-Jun-2020 - 00:00,35.27,976.74,90.35,31.17,59.94,145.03,137.68,1.26,1.21,14.62,21.26,27.03,4.05,17.69,23.84,9.99,0.84,22-Jun-2020 - 00:00,"Jawaharlal Nehru Stadium, Delhi - DPCC"
22-Jun-2020 - 00:00,35.62,976.56,72.85,34.15,59.25,229.87,182.34,1.41,1.82,7.47,24.64,23.34,2.83,14.73,49.4,10.89,0.83,23-Jun-2020 - 00:00,"Jawaharlal Nehru Stadium, Delhi - DPCC"
23-Jun-2020 - 00:00,35.86,976.62,55.41,19.72,59.83,201.72,110.15,2.59,0.91,8.51,27.13,17.54,3.44,12.14,22.45,11.14,0.63,24-Jun-2020 - 00:00,"Jawaharlal Nehru Stadium, Delhi - DPCC"
24-Jun-2020 - 00:00,34.87,976.34,58.84,25.65,66.62,130.81,113.42,2.11,1.27,14.41,24.94,25.69,5.49,18.14,20.59,9.85,0.72,25-Jun-2020 - 00:00,"Jawaharlal Nehru Stadium, Delhi - DPCC"
25-Jun-2020 - 00:00,35.42,976.2,67.74,27.42,64.77,172.02,233.03,0.92,1.18,13.12,20.36,30.19,4.66,19.87,33.0,11.33,0.71,26-Jun-2020 - 00:00,"Jawaharlal Nehru Stadium, Delhi - DPCC"
26-Jun-2020 - 00:00,35.84,976.31,106.43,33.71,61.93,166.71,226.61,1.59,1.0,12.0,21.38,27.72,5.27,19.05,38.29,10.11,0.72,27-Jun-2020 - 00:00,"Jawaharlal Nehru Stadium, Delhi - DPCC"
27-Jun-2020 - 00:00,36.78,976.29,167.79,25.86,54.27,172.21,279.08,2.25,1.0,12.0,20.06,26.16,7.06,19.68,23.03,10.99,0.55,28-Jun-2020 - 00:00,"Jawaharlal Nehru Stadium, Delhi - DPCC"
28-Jun-2020 - 00:00,37.73,976.31,369.9,38.44,51.76,193.26,263.52,2.07,0.9,11.11,18.24,25.36,11.54,22.9,21.73,11.46,0.59,29-Jun-2020 - 00:00,"Jawaharlal Nehru Stadium, Delhi - DPCC"
29-Jun-2020 - 00:00,36.89,976.39,172.62,27.46,54.45,182.0,210.93,1.77,1.42,19.23,17.43,26.3,8.56,20.98,31.83,10.94,0.61,30-Jun-2020 - 00:00,"Jawaharlal Nehru Stadium, Delhi - DPCC"
30-Jun-2020 - 00:00,35.92,976.58,93.92,31.54,60.93,27.38,113.96,2.18,1.16,15.62,16.42,21.81,3.75,14.66,25.25,9.79,0.64,01-Jul-2020 - 00:00,"Jawaharlal Nehru Stadium, Delhi - DPCC"
01-Jul-2020 - 00:00,36.65,976.65,114.04,41.17,57.41,25.8,108.65,1.7,1.1,17.0,17.14,24.4,3.0,15.43,32.94,10.7,0.65,02-Jul-2020 - 00:00,"Jawaharlal Nehru Stadium, Delhi - DPCC"
02-Jul-2020 - 00:00,37.76,976.65,128.71,52.04,53.79,27.08,120.58,1.19,1.1,17.0,22.03,25.09,3.28,16.02,41.17,10.04,0.73,03-Jul-2020 - 00:00,"Jawaharlal Nehru Stadium, Delhi - DPCC"
03-Jul-2020 - 00:00,37.53,976.65,136.42,55.67,54.94,26.31,123.26,1.94,1.31,16.36,22.28,28.38,3.53,17.96,22.84,11.52,0.76,04-Jul-2020 - 00:00,"Jawaharlal Nehru Stadium, Delhi - DPCC"
04-Jul-2020 - 00:00,36.19,976.68,85.25,37.29,60.0,32.28,115.6,2.69,1.07,12.97,28.44,18.25,3.46,12.53,27.37,10.59,0.62,05-Jul-2020 - 00:00,"Jawaharlal Nehru Stadium, Delhi - DPCC"
05-Jul-2020 - 00:00,34.12,976.71,43.42,23.68,66.39,31.63,102.46,1.63,0.81,14.06,24.67,17.52,2.33,11.23,46.05,8.1,0.51,06-Jul-2020 - 00:00,"Jawaharlal Nehru Stadium, Delhi - DPCC"
06-Jul-2020 - 00:00,35.0,976.78,65.25,37.96,66.45,37.84,98.48,1.79,0.81,18.8,21.49,25.33,3.92,16.67,12.88,8.84,1.09,07-Jul-2020 - 00:00,"Jawaharlal Nehru Stadium, Delhi - DPCC"
07-Jul-2020 - 00:00,34.13,976.71,31.85,12.72,68.18,37.63,100.52,2.69,0.74,14.55,22.68,13.59,4.21,10.67,13.65,7.71,0.41,08-Jul-2020 - 00:00,"Jawaharlal Nehru Stadium, Delhi - DPCC"
08-Jul-2020 - 00:00,34.39,976.47,42.6,16.93,69.53,27.75,147.57,2.08,,,21.23,24.26,6.31,18.05,9.32,9.43,0.41,09-Jul-2020 - 00:00,"Jawaharlal Nehru Stadium, Delhi - DPCC"
09-Jul-2020 - 00:00,35.9,976.37,51.69,23.76,63.02,37.97,220.11,1.03,0.59,15.11,18.91,25.81,5.45,18.17,21.15,8.92,0.43,10-Jul-2020 - 00:00,"Jawaharlal Nehru Stadium, Delhi - DPCC"
10-Jul-2020 - 00:00,36.26,976.32,58.44,14.46,60.24,41.15,265.26,1.99,0.49,11.2,20.16,22.61,5.33,16.37,22.51,7.53,0.47,11-Jul-2020 - 00:00,"Jawaharlal Nehru Stadium, Delhi - DPCC"
11-Jul-2020 - 00:00,35.11,976.42,41.71,12.75,64.22,33.89,216.21,1.31,0.5,12.33,18.77,20.96,3.99,14.41,27.72,9.56,0.53,12-Jul-2020 - 00:00,"Jawaharlal Nehru Stadium, Delhi - DPCC"
12-Jul-2020 - 00:00,34.6,976.32,34.34,11.89,62.37,32.23,243.03,1.52,0.33,15.72,21.13,15.22,2.6,10.22,37.85,8.41,0.36,13-Jul-2020 - 00:00,"Jawaharlal Nehru Stadium, Delhi - DPCC"
13-Jul-2020 - 00:00,35.64,976.34,90.95,14.58,58.79,38.86,258.31,1.32,0.64,15.49,20.62,22.25,4.34,15.37,36.07,9.48,0.49,14-Jul-2020 - 00:00,"Jawaharlal Nehru Stadium, Delhi - DPCC"
14-Jul-2020 - 00:00,37.01,976.43,94.67,,56.07,41.25,226.19,1.34,0.91,16.43,18.42,21.89,4.06,14.95,37.36,8.74,0.51,15-Jul-2020 - 00:00,"Jawaharlal Nehru Stadium, Delhi - DPCC"
15-Jul-2020 - 00:00,36.1,976.64,60.25,14.28,60.77,24.9,104.57,2.49,0.74,11.62,21.91,17.77,3.2,12.07,23.42,8.2,0.55,16-Jul-2020 - 00:00,"Jawaharlal Nehru Stadium, Delhi - DPCC"
16-Jul-2020 - 00:00,35.57,976.92,56.91,23.99,63.71,144.87,105.09,2.22,0.81,13.21,23.9,26.3,5.59,18.54,9.93,11.71,0.57,17-Jul-2020 - 00:00,"Jawaharlal Nehru Stadium, Delhi - DPCC"
17-Jul-2020 - 00:00,35.39,976.75,70.6,42.5,67.61,134.61,134.57,1.98,0.68,13.57,24.6,30.91,8.75,23.58,10.05,13.61,0.51,18-Jul-2020 - 00:00,"Jawaharlal Nehru Stadium, Delhi - DPCC"
18-Jul-2020 - 00:00,35.46,976.61,67.29,34.36,66.44,139.75,102.23,1.79,0.36,13.8,16.11,22.51,4.52,15.66,9.98,9.51,0.18,19-Jul-2020 - 00:00,"Jawaharlal Nehru Stadium, Delhi - DPCC"
19-Jul-2020 - 00:00,34.26,976.32,35.6,18.84,72.39,142.34,237.97,1.43,0.21,7.8,32.16,24.24,6.22,17.96,6.0,9.51,0.31,20-Jul-2020 - 00:00,"Jawaharlal Nehru Stadium, Delhi - DPCC"
20-Jul-2020 - 00:00,33.84,976.22,36.01,14.79,67.78,135.87,248.99,1.57,1.2,22.97,37.67,32.37,3.53,20.1,14.69,11.05,0.4,21-Jul-2020 - 00:00,"Jawaharlal Nehru Stadium, Delhi - DPCC"
21-Jul-2020 - 00:00,32.7,976.39,27.98,18.17,75.14,120.78,175.47,1.49,0.89,21.39,27.03,31.47,6.08,21.7,13.83,11.91,0.3,22-Jul-2020 - 00:00,"Jawaharlal Nehru Stadium, Delhi - DPCC"
22-Jul-2020 - 00:00,32.51,976.27,21.76,9.46,77.27,95.07,244.15,1.32,0.82,16.52,18.78,25.59,6.68,19.05,8.65,8.21,0.24,23-Jul-2020 - 00:00,"Jawaharlal Nehru Stadium, Delhi - DPCC"
23-Jul-2020 - 00:00,34.06,976.2,46.72,26.78,68.41,189.33,251.74,1.1,1.21,19.47,21.84,32.52,16.64,30.87,23.19,10.13,0.42,24-Jul-2020 - 00:00,"Jawaharlal Nehru Stadium, Delhi - DPCC"
24-Jul-2020 - 00:00,34.43,976.44,58.07,34.41,68.68,163.56,113.93,1.74,1.2,19.96,24.04,31.52,7.36,22.77,13.44,9.09,0.23,25-Jul-2020 - 00:00,"Jawaharlal Nehru Stadium, Delhi - DPCC"
25-Jul-2020 - 00:00,34.67,976.53,40.48,23.1,70.26,177.82,100.36,1.76,1.01,13.43,33.45,19.87,4.13,13.94,9.99,12.2,0.19,26-Jul-2020 - 00:00,"Jawaharlal Nehru Stadium, Delhi - DPCC"
26-Jul-2020 - 00:00,35.38,976.5,53.66,34.78,68.29,185.98,149.72,0.88,1.49,19.38,32.1,26.66,9.96,22.31,13.61,7.99,0.44,27-Jul-2020 - 00:00,"Jawaharlal Nehru Stadium, Delhi - DPCC"
27-Jul-2020 - 00:00,36.01,976.24,63.03,24.22,62.69,216.73,274.17,1.99,2.34,27.8,34.06,26.99,6.46,19.62,12.97,9.27,0.22,28-Jul-2020 - 00:00,"Jawaharlal Nehru Stadium, Delhi - DPCC"
28-Jul-2020 - 00:00,36.22,976.26,56.67,16.01,60.9,201.84,271.16,2.08,1.51,19.06,26.01,24.72,5.47,17.6,13.15,9.5,0.5,29-Jul-2020 - 00:00,"Jawaharlal Nehru Stadium, Delhi - DPCC"
29-Jul-2020 - 00:00,34.58,976.43,53.07,18.17,67.31,112.68,140.29,1.35,1.2,16.21,24.19,34.51,5.96,23.21,10.95,14.18,0.84,30-Jul-2020 - 00:00,"Jawaharlal Nehru Stadium, Delhi - DPCC"
30-Jul-2020 - 00:00,34.12,976.32,31.19,13.59,68.02,172.47,191.71,1.5,1.3,18.04,25.14,29.84,4.25,19.33,18.93,11.79,0.77,31-Jul-2020 - 00:00,"Jawaharlal Nehru Stadium, Delhi - DPCC"
31-Jul-2020 - 00:00,34.96,976.49,63.39,34.39,68.87,144.15,121.96,1.06,2.11,29.26,23.78,41.28,8.59,28.97,16.34,12.21,1.0,01-Aug-2020 - 00:00,"Jawaharlal Nehru Stadium, Delhi - DPCC"
01-Aug-2020 - 00:00,34.51,976.45,54.68,28.24,70.3,134.6,162.15,1.19,1.47,20.65,26.82,33.78,7.64,24.19,16.98,11.83,0.94,02-Aug-2020 - 00:00,"Jawaharlal Nehru Stadium, Delhi - DPCC"
02-Aug-2020 - 00:00,35.33,976.21,44.56,16.49,66.27,189.91,289.03,1.58,1.07,13.72,26.68,24.48,9.63,20.88,14.35,10.76,0.8,03-Aug-2020 - 00:00,"Jawaharlal Nehru Stadium, Delhi - DPCC"
03-Aug-2020 - 00:00,35.99,976.22,53.18,15.05,61.96,183.99,278.48,1.93,0.94,10.2,24.26,26.0,7.55,19.99,14.73,9.77,0.76,04-Aug-2020 - 00:00,"Jawaharlal Nehru Stadium, Delhi - DPCC"
04-Aug-2020 - 00:00,36.06,976.38,45.81,15.72,61.04,193.48,234.86,1.0,0.87,9.98,22.37,24.8,3.55,16.08,24.42,11.23,0.69,05-Aug-2020 - 00:00,"Jawaharlal Nehru Stadium, Delhi - DPCC"
05-Aug-2020 - 00:00,34.96,976.52,58.84,32.85,69.84,102.41,130.3,1.15,1.81,28.24,18.0,35.59,6.33,24.09,20.94,12.31,0.98,06-Aug-2020 - 00:00,"Jawaharlal Nehru Stadium, Delhi - DPCC"
06-Aug-2020 - 00:00,35.83,976.5,38.36,10.57,62.08,191.03,99.52,3.48,0.86,15.89,22.38,18.39,5.36,14.16,14.63,12.88,0.65,07-Aug-2020 - 00:00,"Jawaharlal Nehru Stadium, Delhi - DPCC"
07-Aug-2020 - 00:00,35.32,976.51,35.99,17.49,65.02,182.64,107.81,2.51,0.9,10.71,22.8,23.39,6.56,17.79,17.78,11.82,0.79,08-Aug-2020 - 00:00,"Jawaharlal Nehru Stadium, Delhi - DPCC"
08-Aug-2020 - 00:00,36.42,976.49,54.33,37.84,61.95,183.17,166.82,0.88,1.22,14.84,22.44,31.2,4.34,20.15,31.23,15.69,0.84,09-Aug-2020 - 00:00,"Jawaharlal Nehru Stadium, Delhi - DPCC"
09-Aug-2020 - 00:00,34.69,976.36,36.03,23.89,71.75,104.06,248.44,1.62,1.43,18.6,19.78,24.16,5.02,16.95,19.86,12.26,0.86,10-Aug-2020 - 00:00,"Jawaharlal Nehru Stadium, Delhi - DPCC"
10-Aug-2020 - 00:00,34.9,976.49,38.23,22.69,70.73,116.03,123.45,1.73,1.28,13.06,18.79,26.02,9.48,21.57,11.35,12.3,0.9,11-Aug-2020 - 00:00,"Jawaharlal Nehru Stadium, Delhi - DPCC"
11-Aug-2020 - 00:00,35.12,976.38,48.08,34.58,70.43,114.53,194.34,0.93,1.7,21.76,24.55,30.77,6.79,21.9,17.47,14.9,0.98,12-Aug-2020 - 00:00,"Jawaharlal Nehru Stadium, Delhi - DPCC"
12-Aug-2020 - 00:00,35.22,976.3,38.3,16.12,68.88,157.18,255.32,1.98,0.88,12.61,23.16,18.6,4.68,13.71,13.37,13.0,0.67,13-Aug-2020 - 00:00,"Jawaharlal Nehru Stadium, Delhi - DPCC"
13-Aug-2020 - 00:00,32.94,976.49,17.1,9.22,80.63,47.03,180.25,1.13,1.42,20.1,23.29,27.98,8.27,21.64,14.78,12.33,0.87,14-Aug-2020 - 00:00,"Jawaharlal Nehru Stadium, Delhi - DPCC"
14-Aug-2020 - 00:00,33.85,976.55,27.5,14.44,75.48,98.57,95.9,1.76,1.19,17.39,19.78,23.33,6.37,17.6,13.59,12.5,0.88,15-Aug-2020 - 00:00,"Jawaharlal Nehru Stadium, Delhi - DPCC"
15-Aug-2020 - 00:00,34.72,976.51,34.56,24.72,71.47,134.19,115.47,1.88,0.87,10.43,18.66,15.34,4.31,11.68,15.94,11.46,0.75,16-Aug-2020 - 00:00,"Jawaharlal Nehru Stadium, Delhi - DPCC"
16-Aug-2020 - 00:00,35.04,976.53,26.08,14.9,70.25,170.55,119.28,1.83,0.94,10.01,17.87,20.51,6.63,16.32,13.39,13.42,0.8,17-Aug-2020 - 00:00,"Jawaharlal Nehru Stadium, Delhi - DPCC"
17-Aug-2020 - 00:00,34.61,976.58,36.3,23.65,74.96,97.02,126.85,1.37,2.02,25.2,23.04,28.16,16.98,28.82,15.8,15.43,1.17,18-Aug-2020 - 00:00,"Jawaharlal Nehru Stadium, Delhi - DPCC"
18-Aug-2020 - 00:00,34.71,976.4,42.05,20.25,73.81,109.99,170.26,1.25,1.61,21.73,26.53,29.98,14.04,27.39,14.03,15.52,1.04,19-Aug-2020 - 00:00,"Jawaharlal Nehru Stadium, Delhi - DPCC"
19-Aug-2020 - 00:00,32.76,976.35,28.12,16.43,81.69,21.18,149.37,1.05,1.67,23.42,25.78,37.03,17.66,34.1,10.35,13.91,1.09,20-Aug-2020 - 00:00,"Jawaharlal Nehru Stadium, Delhi - DPCC"
20-Aug-2020 - 00:00,32.49,976.68,24.98,16.22,81.22,61.14,110.77,1.36,1.75,30.43,19.05,33.77,12.91,28.68,18.73,13.98,0.97,21-Aug-2020 - 00:00,"Jawaharlal Nehru Stadium, Delhi - DPCC"
21-Aug-2020 - 00:00,34.02,976.73,33.21,11.18,71.24,170.82,90.07,1.67,1.69,34.66,16.36,25.73,18.19,28.54,21.64,16.59,0.94,22-Aug-2020 - 00:00,"Jawaharlal Nehru Stadium, Delhi - DPCC"
22-Aug-2020 - 00:00,34.53,976.69,26.48,8.55,66.74,176.54,93.32,2.6,1.85,35.17,14.1,19.88,7.2,16.46,16.86,16.04,0.69,23-Aug-2020 - 00:00,"Jawaharlal Nehru Stadium, Delhi - DPCC"
23-Aug-2020 - 00:00,34.12,976.59,24.96,11.82,70.44,132.07,100.68,2.69,0.74,10.22,17.7,14.89,5.08,12.07,18.17,15.23,0.64,24-Aug-2020 - 00:00,"Jawaharlal Nehru Stadium, Delhi - DPCC"
24-Aug-2020 - 00:00,33.97,976.54,25.76,7.5,71.26,110.24,119.36,2.47,0.98,12.33,17.33,22.92,10.45,20.71,14.9,14.21,0.76,25-Aug-2020 - 00:00,"Jawaharlal Nehru Stadium, Delhi - DPCC"
25-Aug-2020 - 00:00,34.22,976.56,32.47,12.43,70.61,98.14,143.42,1.41,1.15,16.08,18.22,24.56,10.22,21.39,14.19,14.79,0.82,26-Aug-2020 - 00:00,"Jawaharlal Nehru Stadium, Delhi - DPCC"
26-Aug-2020 - 00:00,34.49,976.35,31.06,8.53,68.11,139.47,264.42,1.46,0.96,11.65,18.99,23.9,15.12,25.04,20.2,13.39,0.78,27-Aug-2020 - 00:00,"Jawaharlal Nehru Stadium, Delhi - DPCC"
27-Aug-2020 - 00:00,34.89,976.28,34.52,10.9,65.98,149.41,283.92,1.47,1.32,16.83,17.75,23.87,7.97,19.19,28.94,10.76,0.72,28-Aug-2020 - 00:00,"Jawaharlal Nehru Stadium, Delhi - DPCC"
28-Aug-2020 - 00:00,33.35,976.4,57.07,23.42,76.45,67.13,186.49,1.08,2.5,37.83,16.18,39.1,26.37,42.32,23.79,14.95,1.22,29-Aug-2020 - 00:00,"Jawaharlal Nehru Stadium, Delhi - DPCC"
29-Aug-2020 - 00:00,34.41,976.47,67.88,30.42,70.56,161.3,117.07,1.3,2.22,38.69,17.12,29.53,20.57,32.47,29.85,16.25,1.12,30-Aug-2020 - 00:00,"Jawaharlal Nehru Stadium, Delhi - DPCC"
30-Aug-2020 - 00:00,33.61,976.46,42.88,14.04,70.49,93.03,101.39,3.05,0.95,17.08,17.17,15.93,5.66,13.09,18.75,17.12,0.63,31-Aug-2020 - 00:00,"Jawaharlal Nehru Stadium, Delhi - DPCC"
31-Aug-2020 - 00:00,32.73,976.37,18.15,7.62,76.09,3.7,123.66,3.27,,,18.86,11.04,3.81,8.95,15.11,12.5,0.5,01-Sep-2020 - 00:00,"Jawaharlal Nehru Stadium, Delhi - DPCC"
01-Sep-2020 - 00:00,,,,,,,,,,,,,,,,,,02-Sep-2020 - 00:00,"Jawaharlal Nehru Stadium, Delhi - DPCC"
02-Sep-2020 - 00:00,,,,,,,,,,,,,,,,,,03-Sep-2020 - 00:00,"Jawaharlal Nehru Stadium, Delhi - DPCC"
03-Sep-2020 - 00:00,35.02,983.95,82.73,38.0,66.53,12.18,104.5,2.0,1.81,23.39,,52.37,7.78,34.21,38.89,16.87,0.86,04-Sep-2020 - 00:00,"Jawaharlal Nehru Stadium, Delhi - DPCC"
04-Sep-2020 - 00:00,35.09,983.98,64.68,32.26,67.17,132.38,143.31,1.52,1.37,16.49,,36.11,10.28,27.59,52.93,10.99,1.0,05-Sep-2020 - 00:00,"Jawaharlal Nehru Stadium, Delhi - DPCC"
05-Sep-2020 - 00:00,34.5,982.29,48.05,20.11,69.25,137.04,201.66,1.14,1.5,16.25,,33.76,12.95,28.5,76.31,8.32,0.94,06-Sep-2020 - 00:00,"Jawaharlal Nehru Stadium, Delhi - DPCC"
06-Sep-2020 - 00:00,31.91,981.09,20.78,8.89,83.08,2.97,258.62,0.95,1.45,18.2,,37.29,4.58,23.56,19.09,10.7,0.84,07-Sep-2020 - 00:00,"Jawaharlal Nehru Stadium, Delhi - DPCC"
07-Sep-2020 - 00:00,34.59,982.27,64.87,28.2,67.87,98.56,254.77,1.39,2.26,29.03,,56.92,7.48,36.34,31.76,10.6,1.0,08-Sep-2020 - 00:00,"Jawaharlal Nehru Stadium, Delhi - DPCC"
08-Sep-2020 - 00:00,34.79,982.88,62.36,24.19,66.6,162.29,299.98,1.54,1.87,20.92,31.66,35.5,14.77,30.94,58.08,11.47,0.92,09-Sep-2020 - 00:00,"Jawaharlal Nehru Stadium, Delhi - DPCC"
09-Sep-2020 - 00:00,34.98,982.57,96.61,44.22,67.84,155.4,302.01,1.58,2.86,31.79,29.98,40.1,14.09,32.82,53.05,10.81,1.04,10-Sep-2020 - 00:00,"Jawaharlal Nehru Stadium, Delhi - DPCC"
10-Sep-2020 - 00:00,35.12,980.12,98.14,42.56,65.33,165.51,306.53,1.72,2.27,24.93,27.34,42.15,14.26,34.06,59.73,13.36,1.05,11-Sep-2020 - 00:00,"Jawaharlal Nehru Stadium, Delhi - DPCC"
11-Sep-2020 - 00:00,35.53,980.57,124.53,47.32,61.35,163.6,294.04,0.98,2.67,31.51,22.61,48.01,37.1,55.76,60.58,13.21,1.26,12-Sep-2020 - 00:00,"Jawaharlal Nehru Stadium, Delhi - DPCC"
12-Sep-2020 - 00:00,35.73,983.02,121.8,50.5,60.7,158.47,272.93,0.92,3.06,31.94,22.16,40.99,31.78,47.72,65.24,9.88,1.22,13-Sep-2020 - 00:00,"Jawaharlal Nehru Stadium, Delhi - DPCC"
13-Sep-2020 - 00:00,36.38,982.71,125.5,61.32,57.23,176.41,276.3,0.79,1.31,9.04,36.27,30.11,7.24,21.93,74.54,17.01,1.16,14-Sep-2020 - 00:00,"Jawaharlal Nehru Stadium, Delhi - DPCC"
14-Sep-2020 - 00:00,35.13,982.08,136.99,66.25,65.89,108.24,269.88,0.72,2.79,34.61,29.37,43.42,26.65,44.83,48.56,10.44,1.54,15-Sep-2020 - 00:00,"Jawaharlal Nehru Stadium, Delhi - DPCC"
15-Sep-2020 - 00:00,35.21,981.56,120.38,54.03,63.57,126.3,291.96,1.01,2.66,36.41,32.74,41.27,18.81,37.31,53.88,10.61,1.3,16-Sep-2020 - 00:00,"Jawaharlal Nehru Stadium, Delhi - DPCC"
16-Sep-2020 - 00:00,35.51,981.25,143.86,58.01,62.71,136.14,293.38,1.42,2.86,38.37,37.24,43.53,21.67,40.81,40.11,8.58,1.42,17-Sep-2020 - 00:00,"Jawaharlal Nehru Stadium, Delhi - DPCC"
17-Sep-2020 - 00:00,35.67,980.76,104.82,35.78,60.12,149.9,302.13,2.16,1.88,22.95,43.37,32.96,8.42,24.43,39.96,7.73,0.78,18-Sep-2020 - 00:00,"Jawaharlal Nehru Stadium, Delhi - DPCC"
18-Sep-2020 - 00:00,36.09,979.91,102.14,31.33,58.75,152.25,297.14,2.04,1.53,21.46,50.32,29.88,7.52,22.02,43.33,9.79,0.82,19-Sep-2020 - 00:00,"Jawaharlal Nehru Stadium, Delhi - DPCC"
19-Sep-2020 - 00:00,35.59,980.26,116.57,47.39,62.19,135.88,291.99,1.13,2.26,24.1,50.84,36.04,9.82,27.16,62.97,8.59,1.02,20-Sep-2020 - 00:00,"Jawaharlal Nehru Stadium, Delhi - DPCC"
20-Sep-2020 - 00:00,35.44,979.61,131.98,58.16,61.85,137.73,297.03,1.56,1.43,19.9,50.8,33.89,8.71,25.13,70.73,9.22,1.09,21-Sep-2020 - 00:00,"Jawaharlal Nehru Stadium, Delhi - DPCC"
21-Sep-2020 - 00:00,35.55,978.56,134.65,54.34,61.46,125.49,293.09,1.05,0.0,0.0,42.2,37.93,5.29,24.45,78.38,10.9,0.94,22-Sep-2020 - 00:00,"Jawaharlal Nehru Stadium, Delhi - DPCC"
22-Sep-2020 - 00:00,35.64,979.36,85.16,29.53,60.98,139.2,118.77,1.52,,,34.05,29.0,5.67,20.04,25.69,10.99,0.82,23-Sep-2020 - 00:00,"Jawaharlal Nehru Stadium, Delhi - DPCC"
23-Sep-2020 - 00:00,36.03,979.21,72.75,18.61,57.3,179.74,105.14,1.42,2.34,30.67,44.56,50.91,18.69,42.33,29.17,22.64,1.1,24-Sep-2020 - 00:00,"Jawaharlal Nehru Stadium, Delhi - DPCC"
24-Sep-2020 - 00:00,34.78,981.39,119.59,36.29,62.95,120.14,169.47,1.19,1.87,21.51,45.01,33.46,9.77,25.75,54.74,16.55,0.94,25-Sep-2020 - 00:00,"Jawaharlal Nehru Stadium, Delhi - DPCC"
25-Sep-2020 - 00:00,34.86,980.57,128.77,44.47,59.88,129.47,266.13,1.47,2.49,25.97,49.14,38.18,27.35,42.56,66.69,16.79,1.27,26-Sep-2020 - 00:00,"Jawaharlal Nehru Stadium, Delhi - DPCC"
26-Sep-2020 - 00:00,34.04,980.72,163.27,49.26,60.17,91.9,283.59,1.54,2.85,33.23,47.63,57.95,93.23,106.9,33.37,15.16,1.27,27-Sep-2020 - 00:00,"Jawaharlal Nehru Stadium, Delhi - DPCC"
27-Sep-2020 - 00:00,34.08,983.35,103.75,28.12,56.47,126.89,297.22,1.43,1.94,23.79,44.39,,,,60.36,17.42,0.95,28-Sep-2020 - 00:00,"Jawaharlal Nehru Stadium, Delhi - DPCC"
28-Sep-2020 - 00:00,34.1,984.41,175.57,55.7,57.34,124.73,307.03,1.72,2.87,36.57,36.41,48.75,9.2,33.42,59.41,15.89,1.16,29-Sep-2020 - 00:00,"Jawaharlal Nehru Stadium, Delhi - DPCC"
29-Sep-2020 - 00:00,34.07,984.16,178.57,55.84,58.57,125.29,309.16,2.0,2.36,25.47,40.3,36.93,4.96,23.73,27.12,12.57,0.91,30-Sep-2020 - 00:00,"Jawaharlal Nehru Stadium, Delhi - DPCC"
30-Sep-2020 - 00:00,33.76,983.13,154.45,47.55,57.05,128.19,302.77,2.06,2.59,26.46,63.09,40.82,8.71,28.8,28.28,11.63,0.92,01-Oct-2020 - 00:00,"Jawaharlal Nehru Stadium, Delhi - DPCC"
01-Oct-2020 - 00:00,33.83,982.7,164.21,49.22,55.82,121.62,302.87,1.74,3.26,35.29,57.42,47.5,32.66,52.01,32.75,13.23,1.2,02-Oct-2020 - 00:00,"Jawaharlal Nehru Stadium, Delhi - DPCC"
02-Oct-2020 - 00:00,33.46,983.21,171.7,63.46,58.09,114.03,299.69,1.26,4.03,42.8,55.04,47.86,27.67,48.04,37.86,11.44,1.21,03-Oct-2020 - 00:00,"Jawaharlal Nehru Stadium, Delhi - DPCC"
03-Oct-2020 - 00:00,33.13,984.52,165.19,68.67,58.69,112.43,306.07,1.21,3.57,35.9,59.75,49.46,24.63,46.37,39.14,13.95,1.33,04-Oct-2020 - 00:00,"Jawaharlal Nehru Stadium, Delhi - DPCC"
04-Oct-2020 - 00:00,32.83,985.33,175.38,68.5,56.05,111.06,301.23,1.22,3.76,40.79,61.87,54.22,42.89,63.81,42.29,14.2,1.29,05-Oct-2020 - 00:00,"Jawaharlal Nehru Stadium, Delhi - DPCC"
05-Oct-2020 - 00:00,32.99,984.87,176.83,59.38,53.64,112.64,300.28,1.94,3.75,34.86,60.14,50.17,33.71,54.14,42.07,13.86,1.12,06-Oct-2020 - 00:00,"Jawaharlal Nehru Stadium, Delhi - DPCC"
06-Oct-2020 - 00:00,32.82,985.38,184.25,64.0,55.56,107.74,287.54,1.5,4.28,44.16,58.01,53.29,68.94,84.53,41.43,18.65,1.66,07-Oct-2020 - 00:00,"Jawaharlal Nehru Stadium, Delhi - DPCC"
07-Oct-2020 - 00:00,32.93,987.19,190.42,74.54,56.52,104.22,297.71,1.27,4.61,51.91,57.37,55.58,62.75,80.72,43.35,17.93,1.66,08-Oct-2020 - 00:00,"Jawaharlal Nehru Stadium, Delhi - DPCC"
08-Oct-2020 - 00:00,32.98,987.59,189.83,74.38,56.36,98.58,300.71,1.2,3.9,43.07,57.87,59.54,37.35,62.08,48.82,17.97,1.38,09-Oct-2020 - 00:00,"Jawaharlal Nehru Stadium, Delhi - DPCC"
09-Oct-2020 - 00:00,32.89,987.89,199.21,76.21,55.95,91.9,302.96,0.99,4.87,48.46,55.87,65.1,44.09,70.55,44.42,17.51,1.52,10-Oct-2020 - 00:00,"Jawaharlal Nehru Stadium, Delhi - DPCC"
10-Oct-2020 - 00:00,32.98,986.54,197.44,83.49,57.02,91.34,309.54,1.29,4.53,41.14,49.77,58.69,29.96,55.62,39.51,18.52,1.42,11-Oct-2020 - 00:00,"Jawaharlal Nehru Stadium, Delhi - DPCC"
11-Oct-2020 - 00:00,32.92,984.63,204.64,87.25,57.19,87.19,309.16,1.35,3.54,34.21,34.99,54.24,25.7,49.8,41.04,23.35,1.31,12-Oct-2020 - 00:00,"Jawaharlal Nehru Stadium, Delhi - DPCC"
12-Oct-2020 - 00:00,32.83,983.18,242.45,112.03,57.27,84.73,301.5,0.82,4.41,47.8,26.9,79.13,87.38,113.33,46.12,25.26,2.16,13-Oct-2020 - 00:00,"Jawaharlal Nehru Stadium, Delhi - DPCC"
13-Oct-2020 - 00:00,33.13,984.12,250.58,119.04,63.35,72.81,162.91,0.89,6.48,69.24,34.95,72.44,122.51,138.34,22.28,21.75,2.62,14-Oct-2020 - 00:00,"Jawaharlal Nehru Stadium, Delhi - DPCC"
14-Oct-2020 - 00:00,33.6,985.45,219.6,114.83,61.37,67.62,269.09,0.58,4.6,48.2,37.3,70.49,86.7,108.13,25.1,21.93,2.28,15-Oct-2020 - 00:00,"Jawaharlal Nehru Stadium, Delhi - DPCC"
15-Oct-2020 - 00:00,32.98,986.16,233.27,126.89,52.65,81.74,266.27,0.84,4.91,53.71,29.74,64.13,68.18,89.68,19.5,16.9,1.76,16-Oct-2020 - 00:00,"Jawaharlal Nehru Stadium, Delhi - DPCC"
16-Oct-2020 - 00:00,31.76,985.98,214.47,97.77,52.53,82.32,262.47,1.17,3.82,53.19,22.6,68.44,105.75,122.6,48.57,24.23,1.97,17-Oct-2020 - 00:00,"Jawaharlal Nehru Stadium, Delhi - DPCC"
17-Oct-2020 - 00:00,31.78,986.73,254.08,119.8,55.34,72.96,270.85,1.42,5.4,74.76,27.65,84.3,108.56,133.35,45.35,22.31,2.38,18-Oct-2020 - 00:00,"Jawaharlal Nehru Stadium, Delhi - DPCC"
18-Oct-2020 - 00:00,31.65,986.64,211.17,99.48,51.66,74.31,285.73,2.34,6.1,66.2,24.26,58.91,44.02,67.26,40.8,20.44,1.52,19-Oct-2020 - 00:00,"Jawaharlal Nehru Stadium, Delhi - DPCC"
19-Oct-2020 - 00:00,31.58,986.27,234.44,100.35,48.72,74.18,293.12,2.28,5.19,52.04,22.98,63.67,34.54,61.97,44.61,23.81,1.24,20-Oct-2020 - 00:00,"Jawaharlal Nehru Stadium, Delhi - DPCC"
20-Oct-2020 - 00:00,31.06,985.89,215.16,91.28,49.97,78.47,285.68,2.04,4.59,47.59,19.96,69.05,114.56,130.56,40.45,28.9,1.94,21-Oct-2020 - 00:00,"Jawaharlal Nehru Stadium, Delhi - DPCC"
21-Oct-2020 - 00:00,31.58,986.91,217.42,90.71,53.17,75.52,274.8,0.57,5.14,62.07,22.42,66.92,218.92,215.08,35.55,20.56,2.94,22-Oct-2020 - 00:00,"Jawaharlal Nehru Stadium, Delhi - DPCC"
22-Oct-2020 - 00:00,31.42,985.77,269.21,134.42,54.06,51.64,228.74,1.7,5.8,68.14,30.63,93.93,166.44,185.74,33.63,24.79,3.08,23-Oct-2020 - 00:00,"Jawaharlal Nehru Stadium, Delhi - DPCC"
23-Oct-2020 - 00:00,30.75,985.46,308.88,175.0,59.71,70.46,286.91,1.27,6.57,79.39,34.64,84.03,182.04,193.14,48.73,26.72,3.34,24-Oct-2020 - 00:00,"Jawaharlal Nehru Stadium, Delhi - DPCC"
24-Oct-2020 - 00:00,30.34,986.44,282.62,152.25,58.85,65.82,290.0,1.62,5.37,59.87,30.34,71.54,146.43,157.46,52.95,21.09,2.75,25-Oct-2020 - 00:00,"Jawaharlal Nehru Stadium, Delhi - DPCC"
25-Oct-2020 - 00:00,30.57,988.88,285.54,162.75,63.55,63.67,268.13,0.92,6.85,72.05,31.52,83.98,193.59,202.53,38.99,24.66,3.56,26-Oct-2020 - 00:00,"Jawaharlal Nehru Stadium, Delhi - DPCC"
26-Oct-2020 - 00:00,30.6,990.21,288.42,162.96,57.89,57.37,279.21,1.87,5.91,63.01,29.51,81.0,138.47,156.72,37.02,22.79,2.82,27-Oct-2020 - 00:00,"Jawaharlal Nehru Stadium, Delhi - DPCC"
27-Oct-2020 - 00:00,29.66,990.09,283.08,159.38,55.33,58.88,290.61,1.67,4.69,46.15,25.33,61.95,93.47,109.12,43.91,20.34,2.0,28-Oct-2020 - 00:00,"Jawaharlal Nehru Stadium, Delhi - DPCC"
28-Oct-2020 - 00:00,29.37,990.7,322.25,168.46,58.08,59.46,293.62,1.64,5.68,61.81,25.98,84.24,154.82,171.37,36.95,25.95,2.95,29-Oct-2020 - 00:00,"Jawaharlal Nehru Stadium, Delhi - DPCC"
29-Oct-2020 - 00:00,29.53,991.62,335.67,201.81,62.22,59.66,272.72,0.98,6.5,73.16,30.27,87.78,173.56,188.33,33.45,19.61,2.59,30-Oct-2020 - 00:00,"Jawaharlal Nehru Stadium, Delhi - DPCC"
30-Oct-2020 - 00:00,29.81,991.25,306.99,185.74,56.52,54.94,293.39,2.52,6.2,71.89,28.33,58.92,109.33,120.53,30.78,16.41,2.12,31-Oct-2020 - 00:00,"Jawaharlal Nehru Stadium, Delhi - DPCC"
31-Oct-2020 - 00:00,29.54,991.11,364.39,242.36,54.09,48.54,295.74,2.51,4.24,42.72,29.34,48.37,24.22,45.44,35.16,18.31,1.61,01-Nov-2020 - 00:00,"Jawaharlal Nehru Stadium, Delhi - DPCC"
01-Nov-2020 - 00:00,28.81,991.76,366.15,244.68,51.47,50.74,293.2,1.76,4.55,37.42,26.64,45.24,47.23,62.64,34.01,21.67,1.73,02-Nov-2020 - 00:00,"Jawaharlal Nehru Stadium, Delhi - DPCC"
02-Nov-2020 - 00:00,28.44,992.43,271.58,141.67,52.43,52.43,292.37,1.44,4.04,39.18,18.01,50.94,98.68,129.6,31.39,19.96,2.24,03-Nov-2020 - 00:00,"Jawaharlal Nehru Stadium, Delhi - DPCC"
03-Nov-2020 - 00:00,27.32,991.52,246.41,115.12,63.27,17.9,271.26,1.11,5.4,60.02,21.18,52.09,223.75,217.31,20.23,20.69,2.97,04-Nov-2020 - 00:00,"Jawaharlal Nehru Stadium, Delhi - DPCC"
04-Nov-2020 - 00:00,28.33,990.58,461.92,300.73,59.91,51.23,284.31,1.3,6.07,57.15,32.16,66.01,152.29,159.22,18.07,20.36,3.24,05-Nov-2020 - 00:00,"Jawaharlal Nehru Stadium, Delhi - DPCC"
05-Nov-2020 - 00:00,28.71,991.92,403.56,270.11,60.37,50.1,280.93,1.53,5.27,49.97,29.09,64.41,139.92,148.52,24.8,24.18,3.07,06-Nov-2020 - 00:00,"Jawaharlal Nehru Stadium, Delhi - DPCC"
06-Nov-2020 - 00:00,28.75,994.7,372.91,230.2,59.46,46.93,297.04,1.43,6.55,65.51,33.14,67.57,158.21,178.45,17.17,27.11,2.64,07-Nov-2020 - 00:00,"Jawaharlal Nehru Stadium, Delhi - DPCC"
07-Nov-2020 - 00:00,28.63,995.67,451.45,299.08,59.96,45.79,298.52,1.33,6.34,61.21,38.41,58.7,145.59,149.88,34.89,27.08,2.46,08-Nov-2020 - 00:00,"Jawaharlal Nehru Stadium, Delhi - DPCC"
08-Nov-2020 - 00:00,27.98,996.26,439.0,291.16,64.84,46.68,292.43,0.88,6.25,62.46,39.13,63.75,157.96,162.76,27.41,26.72,2.93,09-Nov-2020 - 00:00,"Jawaharlal Nehru Stadium, Delhi - DPCC"
09-Nov-2020 - 00:00,28.06,994.74,677.25,504.94,67.12,47.39,293.43,1.48,6.85,66.12,50.79,69.69,104.4,122.19,28.93,24.73,3.26,10-Nov-2020 - 00:00,"Jawaharlal Nehru Stadium, Delhi - DPCC"
10-Nov-2020 - 00:00,28.36,993.78,638.52,508.31,68.53,45.46,226.25,1.1,6.89,64.27,48.17,62.63,151.32,156.73,21.78,29.01,4.09,11-Nov-2020 - 00:00,"Jawaharlal Nehru Stadium, Delhi - DPCC"
11-Nov-2020 - 00:00,28.54,995.69,281.48,142.6,67.97,45.36,212.38,0.81,5.96,58.51,30.63,49.62,217.57,203.77,15.05,28.87,3.64,12-Nov-2020 - 00:00,"Jawaharlal Nehru Stadium, Delhi - DPCC"
12-Nov-2020 - 00:00,28.82,996.81,271.96,144.9,67.73,45.36,234.53,0.68,5.93,61.81,31.31,56.32,220.49,209.75,25.25,29.57,4.16,13-Nov-2020 - 00:00,"Jawaharlal Nehru Stadium, Delhi - DPCC"
13-Nov-2020 - 00:00,28.55,995.3,294.02,172.01,66.78,43.67,275.92,1.25,7.47,69.08,33.08,72.13,156.75,166.13,31.43,21.34,2.99,14-Nov-2020 - 00:00,"Jawaharlal Nehru Stadium, Delhi - DPCC"
14-Nov-2020 - 00:00,27.96,993.19,486.04,373.62,70.55,45.22,258.39,0.71,7.07,52.19,41.37,83.36,149.87,166.31,30.21,26.4,3.65,15-Nov-2020 - 00:00,"Jawaharlal Nehru Stadium, Delhi - DPCC"
15-Nov-2020 - 00:00,28.89,992.73,374.56,321.76,66.33,43.11,129.82,1.58,4.6,28.52,36.01,55.33,68.65,85.36,31.98,21.88,2.0,16-Nov-2020 - 00:00,"Jawaharlal Nehru Stadium, Delhi - DPCC"
16-Nov-2020 - 00:00,29.07,994.12,118.18,83.61,70.24,42.22,170.43,2.26,2.03,13.16,31.85,35.47,17.98,33.51,24.1,24.27,0.93,17-Nov-2020 - 00:00,"Jawaharlal Nehru Stadium, Delhi - DPCC"
17-Nov-2020 - 00:00,28.45,992.31,134.2,75.76,67.83,45.69,292.81,1.88,2.92,32.64,26.61,36.96,28.69,43.07,21.23,22.24,1.0,18-Nov-2020 - 00:00,"Jawaharlal Nehru Stadium, Delhi - DPCC"
18-Nov-2020 - 00:00,27.46,991.17,162.22,106.06,66.04,47.61,279.41,1.71,2.9,29.41,25.65,44.11,33.39,50.69,31.8,23.73,1.2,19-Nov-2020 - 00:00,"Jawaharlal Nehru Stadium, Delhi - DPCC"
19-Nov-2020 - 00:00,26.93,991.46,189.48,120.61,64.51,46.89,285.85,1.34,3.75,49.45,25.13,52.5,86.52,98.21,29.72,24.89,1.83,20-Nov-2020 - 00:00,"Jawaharlal Nehru Stadium, Delhi - DPCC"
20-Nov-2020 - 00:00,26.79,992.95,215.68,144.22,60.67,43.98,290.82,2.39,3.63,38.94,26.58,45.85,38.25,55.55,31.51,23.85,1.25,21-Nov-2020 - 00:00,"Jawaharlal Nehru Stadium, Delhi - DPCC"
21-Nov-2020 - 00:00,26.4,993.39,182.41,114.16,57.28,42.17,296.91,2.62,2.7,24.09,22.3,38.79,25.64,41.55,31.91,25.45,0.99,22-Nov-2020 - 00:00,"Jawaharlal Nehru Stadium, Delhi - DPCC"
22-Nov-2020 - 00:00,25.92,994.07,216.92,134.77,58.13,45.04,289.35,1.73,3.32,31.66,21.57,39.56,70.39,78.43,29.05,26.71,1.6,23-Nov-2020 - 00:00,"Jawaharlal Nehru Stadium, Delhi - DPCC"
23-Nov-2020 - 00:00,26.13,994.48,267.17,166.54,62.37,49.0,260.95,0.7,4.7,41.84,26.16,66.42,157.04,163.49,26.92,28.87,2.63,24-Nov-2020 - 00:00,"Jawaharlal Nehru Stadium, Delhi - DPCC"
24-Nov-2020 - 00:00,25.77,994.5,350.23,234.55,69.98,41.14,211.58,0.54,6.31,63.24,33.03,76.92,230.46,228.8,16.05,30.45,3.91,25-Nov-2020 - 00:00,"Jawaharlal Nehru Stadium, Delhi - DPCC"
25-Nov-2020 - 00:00,27.28,994.86,376.01,259.14,64.81,36.68,147.5,0.95,5.56,46.96,38.45,61.16,97.44,112.11,22.64,25.52,2.19,26-Nov-2020 - 00:00,"Jawaharlal Nehru Stadium, Delhi - DPCC"
26-Nov-2020 - 00:00,27.7,996.21,164.11,101.96,65.33,19.15,245.91,1.47,3.51,34.54,27.68,34.02,30.03,42.58,20.94,24.81,1.1,27-Nov-2020 - 00:00,"Jawaharlal Nehru Stadium, Delhi - DPCC"
27-Nov-2020 - 00:00,27.3,998.05,127.9,70.09,62.91,38.39,285.54,2.85,2.83,32.34,22.72,30.03,26.29,37.4,26.68,26.06,1.12,28-Nov-2020 - 00:00,"Jawaharlal Nehru Stadium, Delhi - DPCC"
28-Nov-2020 - 00:00,26.75,997.0,180.21,110.66,62.06,38.1,279.59,2.84,2.93,29.73,23.9,32.62,36.54,47.16,34.78,23.98,1.17,29-Nov-2020 - 00:00,"Jawaharlal Nehru Stadium, Delhi - DPCC"
29-Nov-2020 - 00:00,26.36,995.67,202.51,120.39,61.43,40.56,289.54,1.35,3.27,30.57,22.66,35.68,63.49,70.75,38.34,25.98,1.71,30-Nov-2020 - 00:00,"Jawaharlal Nehru Stadium, Delhi - DPCC"
30-Nov-2020 - 00:00,26.07,994.72,261.74,166.12,68.55,39.74,296.79,1.38,4.55,43.08,27.02,31.57,92.13,91.93,35.7,25.92,2.51,01-Dec-2020 - 00:00,"Jawaharlal Nehru Stadium, Delhi - DPCC"
01-Dec-2020 - 00:00,24.05,994.4,401.0,262.0,85.35,3.05,286.8,0.4,8.3,86.65,30.55,28.7,182.6,164.15,4.6,32.35,5.55,02-Dec-2020 - 00:00,"Jawaharlal Nehru Stadium, Delhi - DPCC"
