from date,PM2.5,PM10,NO2,NO,NOx,NH3,SO2,CO,Ozone,Benzene,Toluene,Xylene,Eth-Benzene,MP-Xylene,RH,SR,WS,WD,RF,to date,station
01-Jan-2020 - 00:00,110.17,185.84,5.27,8.11,7.44,34.34,6.09,1.21,15.13,9.46,0.56,2.22,0.81,0.59,88.2,244.65,1.72,124.25,0.0,02-Jan-2020 - 00:00,"Shastri Nagar, Narnaul - HSPCB"
02-Jan-2020 - 00:00,140.54,160.95,4.48,16.16,13.47,41.87,6.29,1.43,8.99,9.64,79.59,3.06,0.92,0.75,81.13,238.91,1.69,192.77,0.0,03-Jan-2020 - 00:00,"Shastri Nagar, Narnaul - HSPCB"
03-Jan-2020 - 00:00,103.9,118.77,5.16,7.85,7.17,36.09,6.49,0.76,14.67,4.9,69.3,1.87,0.96,0.94,85.12,247.52,1.57,211.65,0.0,04-Jan-2020 - 00:00,"Shastri Nagar, Narnaul - HSPCB"
04-Jan-2020 - 00:00,110.58,137.91,4.6,15.01,12.62,41.42,6.38,1.06,8.56,7.79,92.19,3.7,1.68,1.69,79.85,239.67,1.46,171.29,0.0,05-Jan-2020 - 00:00,"Shastri Nagar, Narnaul - HSPCB"
05-Jan-2020 - 00:00,107.19,158.24,5.28,13.42,11.44,40.79,6.31,0.84,9.02,5.54,89.21,2.39,1.0,1.01,80.99,293.61,1.9,189.55,0.0,06-Jan-2020 - 00:00,"Shastri Nagar, Narnaul - HSPCB"
06-Jan-2020 - 00:00,102.37,135.34,5.35,7.01,6.6,37.71,6.2,0.64,10.75,4.09,81.99,1.74,1.0,0.85,79.7,195.88,2.1,118.01,0.0,07-Jan-2020 - 00:00,"Shastri Nagar, Narnaul - HSPCB"
07-Jan-2020 - 00:00,78.04,95.96,5.35,6.33,6.05,34.05,6.13,0.57,11.92,3.83,79.93,1.52,0.94,0.77,82.58,138.24,1.76,123.07,0.01,08-Jan-2020 - 00:00,"Shastri Nagar, Narnaul - HSPCB"
08-Jan-2020 - 00:00,76.95,79.14,5.66,7.25,6.96,29.93,6.1,0.61,6.73,3.87,71.65,1.42,0.88,0.74,99.23,23.5,2.94,307.61,0.0,09-Jan-2020 - 00:00,"Shastri Nagar, Narnaul - HSPCB"
09-Jan-2020 - 00:00,42.93,54.88,5.99,6.0,6.14,24.93,6.3,0.41,15.53,3.96,53.31,2.31,2.05,1.94,88.97,255.99,2.79,283.12,0.0,10-Jan-2020 - 00:00,"Shastri Nagar, Narnaul - HSPCB"
10-Jan-2020 - 00:00,62.3,93.99,7.42,4.76,5.87,27.66,6.24,0.59,22.13,3.67,51.48,1.76,0.46,0.48,74.68,340.44,2.62,290.84,0.0,11-Jan-2020 - 00:00,"Shastri Nagar, Narnaul - HSPCB"
11-Jan-2020 - 00:00,79.15,110.18,7.62,5.33,6.44,31.13,6.11,0.69,10.89,5.34,91.92,2.16,0.93,0.99,61.28,286.16,1.71,215.37,0.0,12-Jan-2020 - 00:00,"Shastri Nagar, Narnaul - HSPCB"
12-Jan-2020 - 00:00,102.58,156.57,7.14,5.02,5.94,31.19,6.32,0.9,9.47,7.39,100.91,3.92,1.92,1.6,69.63,,1.78,164.61,0.0,13-Jan-2020 - 00:00,"Shastri Nagar, Narnaul - HSPCB"
13-Jan-2020 - 00:00,73.34,117.88,6.81,5.06,5.79,28.31,6.27,0.59,10.26,6.45,76.47,2.07,0.57,0.49,69.63,,2.82,216.13,0.0,14-Jan-2020 - 00:00,"Shastri Nagar, Narnaul - HSPCB"
14-Jan-2020 - 00:00,44.64,48.29,7.78,5.44,6.6,27.54,6.08,0.43,12.99,2.83,47.93,0.72,0.2,0.2,82.39,276.09,2.44,273.11,0.0,15-Jan-2020 - 00:00,"Shastri Nagar, Narnaul - HSPCB"
15-Jan-2020 - 00:00,65.93,76.5,8.75,5.19,6.88,37.5,6.15,0.55,10.32,4.16,79.14,1.13,0.56,0.52,90.83,212.13,2.16,199.94,0.0,16-Jan-2020 - 00:00,"Shastri Nagar, Narnaul - HSPCB"
16-Jan-2020 - 00:00,65.34,72.67,8.2,5.17,6.55,28.35,6.05,0.5,9.37,3.28,74.24,0.98,0.34,0.32,82.74,145.44,2.56,280.45,0.0,17-Jan-2020 - 00:00,"Shastri Nagar, Narnaul - HSPCB"
17-Jan-2020 - 00:00,50.51,63.7,9.14,5.16,7.09,32.26,6.18,0.51,9.57,3.46,79.25,0.93,0.52,0.47,90.13,272.27,2.44,238.32,0.0,18-Jan-2020 - 00:00,"Shastri Nagar, Narnaul - HSPCB"
18-Jan-2020 - 00:00,58.97,89.88,9.28,5.15,7.12,34.14,6.07,0.64,10.61,4.5,86.18,1.34,0.78,0.66,95.57,163.38,1.87,148.54,0.0,19-Jan-2020 - 00:00,"Shastri Nagar, Narnaul - HSPCB"
19-Jan-2020 - 00:00,69.43,92.95,8.11,5.08,6.5,34.34,6.03,0.63,10.76,4.34,74.13,0.93,0.56,0.48,94.1,200.4,2.56,288.49,0.0,20-Jan-2020 - 00:00,"Shastri Nagar, Narnaul - HSPCB"
20-Jan-2020 - 00:00,77.52,95.9,8.61,5.05,6.73,29.08,6.09,0.68,15.75,5.59,69.67,0.98,0.57,0.5,92.41,205.2,2.07,185.28,0.0,21-Jan-2020 - 00:00,"Shastri Nagar, Narnaul - HSPCB"
21-Jan-2020 - 00:00,143.88,220.8,9.38,4.91,6.6,24.81,6.33,0.92,10.05,7.15,82.53,2.41,1.46,0.96,87.01,296.76,2.1,125.36,0.0,22-Jan-2020 - 00:00,"Shastri Nagar, Narnaul - HSPCB"
22-Jan-2020 - 00:00,56.3,88.88,12.05,5.5,8.7,24.74,6.14,0.79,10.33,6.75,71.6,2.28,1.66,1.03,78.39,286.84,3.24,301.4,0.0,23-Jan-2020 - 00:00,"Shastri Nagar, Narnaul - HSPCB"
23-Jan-2020 - 00:00,36.33,51.32,12.57,5.42,8.95,25.08,6.06,0.36,11.45,2.67,56.34,0.81,0.42,0.4,62.79,350.24,3.97,307.7,0.0,24-Jan-2020 - 00:00,"Shastri Nagar, Narnaul - HSPCB"
24-Jan-2020 - 00:00,28.69,49.6,13.22,5.26,9.07,23.55,5.97,0.37,11.84,2.57,65.54,0.83,0.4,0.44,45.41,327.69,2.77,297.93,0.0,25-Jan-2020 - 00:00,"Shastri Nagar, Narnaul - HSPCB"
25-Jan-2020 - 00:00,49.66,98.99,13.76,5.37,9.43,23.53,6.06,0.54,10.73,4.34,81.25,1.67,0.8,0.77,50.97,333.68,2.21,234.67,0.0,26-Jan-2020 - 00:00,"Shastri Nagar, Narnaul - HSPCB"
26-Jan-2020 - 00:00,71.13,138.06,13.4,5.39,9.3,23.6,6.11,0.76,9.04,7.97,87.9,4.35,1.18,0.83,61.3,313.82,2.13,205.59,0.0,27-Jan-2020 - 00:00,"Shastri Nagar, Narnaul - HSPCB"
27-Jan-2020 - 00:00,59.13,124.01,14.1,5.32,9.43,23.41,6.12,0.62,11.34,6.39,83.03,1.92,0.28,0.22,75.6,204.95,2.43,101.27,0.0,28-Jan-2020 - 00:00,"Shastri Nagar, Narnaul - HSPCB"
28-Jan-2020 - 00:00,66.47,99.39,14.88,5.39,9.32,27.19,6.08,0.66,14.29,4.75,59.3,1.76,1.09,0.79,90.23,206.6,3.02,174.24,0.0,29-Jan-2020 - 00:00,"Shastri Nagar, Narnaul - HSPCB"
29-Jan-2020 - 00:00,48.81,70.41,13.44,5.15,9.09,26.17,5.92,0.48,17.69,3.6,57.51,1.12,0.56,0.53,74.24,323.81,2.83,233.79,0.0,30-Jan-2020 - 00:00,"Shastri Nagar, Narnaul - HSPCB"
30-Jan-2020 - 00:00,45.6,79.09,14.59,5.49,9.86,23.35,5.35,0.52,10.42,4.16,72.73,1.21,0.61,0.57,74.54,330.16,2.98,283.87,0.0,31-Jan-2020 - 00:00,"Shastri Nagar, Narnaul - HSPCB"
31-Jan-2020 - 00:00,49.84,76.92,14.69,5.3,9.83,25.14,5.18,0.55,10.72,4.53,82.31,1.14,0.56,0.55,78.74,310.08,2.24,198.44,0.0,01-Feb-2020 - 00:00,"Shastri Nagar, Narnaul - HSPCB"
01-Feb-2020 - 00:00,61.62,95.69,14.59,5.27,9.76,26.31,5.26,0.63,12.7,5.22,80.13,1.56,0.85,0.71,76.69,310.19,1.88,181.63,0.0,02-Feb-2020 - 00:00,"Shastri Nagar, Narnaul - HSPCB"
02-Feb-2020 - 00:00,62.77,98.05,14.59,5.35,9.73,26.37,5.23,0.59,11.33,4.57,77.96,1.32,0.68,0.59,72.18,342.15,2.34,253.38,0.0,03-Feb-2020 - 00:00,"Shastri Nagar, Narnaul - HSPCB"
03-Feb-2020 - 00:00,72.88,133.68,14.64,5.77,10.17,23.13,5.27,0.69,10.97,5.89,80.66,2.22,1.05,0.92,64.66,337.91,2.06,163.68,0.0,04-Feb-2020 - 00:00,"Shastri Nagar, Narnaul - HSPCB"
04-Feb-2020 - 00:00,67.38,106.44,15.05,5.44,10.09,20.37,5.34,0.58,15.47,4.88,69.53,1.56,0.9,0.7,60.82,297.77,2.36,155.54,0.0,05-Feb-2020 - 00:00,"Shastri Nagar, Narnaul - HSPCB"
05-Feb-2020 - 00:00,91.6,114.8,15.17,5.46,10.15,24.43,5.28,0.71,12.7,5.59,73.99,1.24,0.75,0.61,71.02,294.85,2.5,239.91,0.0,06-Feb-2020 - 00:00,"Shastri Nagar, Narnaul - HSPCB"
06-Feb-2020 - 00:00,59.84,85.79,14.99,5.28,9.96,27.29,5.32,0.57,14.92,4.84,82.64,1.09,0.57,0.55,66.85,339.13,2.05,199.9,0.0,07-Feb-2020 - 00:00,"Shastri Nagar, Narnaul - HSPCB"
07-Feb-2020 - 00:00,77.02,115.17,14.67,5.26,9.67,27.41,5.45,0.68,14.4,5.75,72.81,1.87,1.17,0.79,65.25,314.32,2.38,229.69,0.0,08-Feb-2020 - 00:00,"Shastri Nagar, Narnaul - HSPCB"
08-Feb-2020 - 00:00,80.41,129.16,15.05,5.54,10.2,27.37,5.42,0.74,13.88,6.59,78.41,1.66,0.78,0.8,65.92,324.32,2.25,226.91,0.0,09-Feb-2020 - 00:00,"Shastri Nagar, Narnaul - HSPCB"
09-Feb-2020 - 00:00,83.34,129.84,14.77,5.02,9.56,27.45,5.32,0.76,12.07,6.87,87.04,2.55,1.13,1.11,61.86,325.5,2.27,156.25,0.0,10-Feb-2020 - 00:00,"Shastri Nagar, Narnaul - HSPCB"
10-Feb-2020 - 00:00,93.57,155.66,14.86,5.52,10.06,26.73,5.41,0.81,11.71,7.08,79.98,1.98,0.92,0.87,62.49,318.19,2.04,174.81,0.0,11-Feb-2020 - 00:00,"Shastri Nagar, Narnaul - HSPCB"
11-Feb-2020 - 00:00,104.3,162.85,15.89,5.42,9.59,23.67,5.45,0.81,11.44,7.15,78.86,2.32,1.21,0.92,67.51,287.66,2.0,159.16,0.0,12-Feb-2020 - 00:00,"Shastri Nagar, Narnaul - HSPCB"
12-Feb-2020 - 00:00,97.45,150.21,13.23,5.58,9.41,21.57,5.29,0.77,11.04,8.0,85.06,2.62,0.74,0.71,58.71,322.49,2.99,278.24,0.0,13-Feb-2020 - 00:00,"Shastri Nagar, Narnaul - HSPCB"
13-Feb-2020 - 00:00,51.25,81.97,15.74,7.21,11.22,21.6,5.59,0.46,13.08,3.12,55.29,0.72,0.2,0.21,51.16,334.29,3.42,303.59,0.0,14-Feb-2020 - 00:00,"Shastri Nagar, Narnaul - HSPCB"
14-Feb-2020 - 00:00,41.6,103.16,18.08,8.11,12.58,21.54,5.31,0.36,13.67,2.98,52.26,0.63,0.31,0.32,31.94,403.36,4.28,305.08,0.0,15-Feb-2020 - 00:00,"Shastri Nagar, Narnaul - HSPCB"
15-Feb-2020 - 00:00,27.86,65.88,18.01,8.24,12.59,21.46,5.51,0.36,13.74,2.73,64.67,0.76,0.35,0.37,30.25,370.11,3.29,285.19,0.0,16-Feb-2020 - 00:00,"Shastri Nagar, Narnaul - HSPCB"
16-Feb-2020 - 00:00,46.06,115.61,18.25,8.04,12.54,21.44,5.49,0.51,10.54,4.86,90.15,1.62,0.65,0.71,31.6,334.5,2.55,209.65,0.0,17-Feb-2020 - 00:00,"Shastri Nagar, Narnaul - HSPCB"
17-Feb-2020 - 00:00,61.05,138.03,18.26,8.43,12.79,21.41,5.65,0.65,7.49,5.68,84.19,1.95,0.76,0.86,36.59,335.57,2.51,236.26,0.0,18-Feb-2020 - 00:00,"Shastri Nagar, Narnaul - HSPCB"
18-Feb-2020 - 00:00,59.49,117.47,,,,,4.47,0.59,7.91,6.51,69.17,2.81,2.54,2.96,37.18,325.95,3.28,231.87,0.0,19-Feb-2020 - 00:00,"Shastri Nagar, Narnaul - HSPCB"
19-Feb-2020 - 00:00,52.96,149.83,,,,,3.41,0.53,7.81,5.08,64.08,0.66,0.84,1.32,46.51,312.05,3.24,159.68,0.0,20-Feb-2020 - 00:00,"Shastri Nagar, Narnaul - HSPCB"
20-Feb-2020 - 00:00,41.31,93.52,,,,,3.34,0.45,9.73,3.81,59.04,0.45,0.53,0.81,62.4,214.14,3.36,144.09,0.04,21-Feb-2020 - 00:00,"Shastri Nagar, Narnaul - HSPCB"
21-Feb-2020 - 00:00,56.53,66.78,,,,,3.2,0.5,4.95,4.06,75.58,0.55,0.69,1.07,89.92,209.86,3.58,124.23,0.0,22-Feb-2020 - 00:00,"Shastri Nagar, Narnaul - HSPCB"
22-Feb-2020 - 00:00,78.68,113.05,,,,,5.46,0.7,11.39,5.14,61.98,0.55,0.58,0.97,85.68,246.53,2.81,198.22,0.0,23-Feb-2020 - 00:00,"Shastri Nagar, Narnaul - HSPCB"
23-Feb-2020 - 00:00,91.3,124.35,,,,,5.46,0.7,1.82,6.72,109.61,1.02,1.01,2.04,87.2,325.25,2.27,205.57,0.0,24-Feb-2020 - 00:00,"Shastri Nagar, Narnaul - HSPCB"
24-Feb-2020 - 00:00,71.76,106.11,,,,,5.56,0.6,2.18,5.37,105.53,0.73,0.73,1.52,81.75,292.29,2.36,234.09,0.0,25-Feb-2020 - 00:00,"Shastri Nagar, Narnaul - HSPCB"
25-Feb-2020 - 00:00,71.26,111.6,,,,,5.34,0.65,2.45,6.61,123.08,0.81,0.69,1.62,69.51,329.73,2.45,149.2,0.0,26-Feb-2020 - 00:00,"Shastri Nagar, Narnaul - HSPCB"
26-Feb-2020 - 00:00,68.18,168.37,,,,,5.71,0.71,2.44,6.24,123.83,1.11,0.98,2.38,64.4,329.26,2.29,145.1,0.0,27-Feb-2020 - 00:00,"Shastri Nagar, Narnaul - HSPCB"
27-Feb-2020 - 00:00,91.61,148.39,,,,,5.62,0.68,8.91,6.54,94.45,1.02,1.27,2.25,72.36,293.66,2.3,114.95,0.0,28-Feb-2020 - 00:00,"Shastri Nagar, Narnaul - HSPCB"
28-Feb-2020 - 00:00,59.73,97.26,,,,,5.53,0.46,7.76,4.35,66.56,0.53,0.54,1.07,71.88,277.02,3.02,143.2,0.0,29-Feb-2020 - 00:00,"Shastri Nagar, Narnaul - HSPCB"
29-Feb-2020 - 00:00,49.08,83.54,,,,,5.34,0.44,6.43,4.16,71.24,0.46,0.46,0.87,77.25,242.63,3.61,146.94,0.05,01-Mar-2020 - 00:00,"Shastri Nagar, Narnaul - HSPCB"
01-Mar-2020 - 00:00,34.92,49.06,,,,,5.48,0.37,2.53,3.06,89.25,0.57,0.53,0.96,99.13,0.03,2.82,133.99,0.0,02-Mar-2020 - 00:00,"Shastri Nagar, Narnaul - HSPCB"
02-Mar-2020 - 00:00,-999.9,,,,,,7.15,0.52,10.22,5.09,122.16,0.66,0.54,1.19,70.69,219.18,3.08,76.17,0.0,03-Mar-2020 - 00:00,"Shastri Nagar, Narnaul - HSPCB"
03-Mar-2020 - 00:00,47.19,86.24,,,,,6.48,0.58,10.26,5.89,126.66,0.84,0.75,1.78,75.97,333.07,2.41,149.88,0.0,04-Mar-2020 - 00:00,"Shastri Nagar, Narnaul - HSPCB"
04-Mar-2020 - 00:00,56.39,104.33,,,,,6.8,0.42,13.13,4.25,101.22,0.73,0.8,1.53,73.61,240.75,3.55,140.08,0.02,05-Mar-2020 - 00:00,"Shastri Nagar, Narnaul - HSPCB"
05-Mar-2020 - 00:00,22.35,37.1,,,,,5.87,0.24,15.1,2.3,68.68,0.48,0.53,0.89,81.75,227.67,3.78,142.19,0.17,06-Mar-2020 - 00:00,"Shastri Nagar, Narnaul - HSPCB"
06-Mar-2020 - 00:00,26.01,37.29,,,,,4.73,0.37,18.66,1.86,50.28,0.39,0.32,0.66,90.7,287.83,3.55,141.08,0.06,07-Mar-2020 - 00:00,"Shastri Nagar, Narnaul - HSPCB"
07-Mar-2020 - 00:00,22.05,37.51,,,,,4.32,0.3,10.29,3.36,85.82,1.58,1.4,1.89,78.97,372.9,2.99,219.22,0.0,08-Mar-2020 - 00:00,"Shastri Nagar, Narnaul - HSPCB"
08-Mar-2020 - 00:00,34.65,80.92,,,,,3.46,0.42,8.7,3.78,112.27,0.81,1.0,1.75,69.26,364.96,3.28,250.04,0.0,09-Mar-2020 - 00:00,"Shastri Nagar, Narnaul - HSPCB"
09-Mar-2020 - 00:00,35.34,85.65,,,,,3.39,0.4,9.09,3.09,107.37,0.68,0.59,1.28,63.42,373.22,3.81,297.49,0.0,10-Mar-2020 - 00:00,"Shastri Nagar, Narnaul - HSPCB"
10-Mar-2020 - 00:00,43.72,96.57,,,,,173.76,0.58,12.28,4.22,104.5,0.64,0.59,1.06,,,2.88,167.93,0.0,11-Mar-2020 - 00:00,"Shastri Nagar, Narnaul - HSPCB"
11-Mar-2020 - 00:00,25.97,80.26,,,,,19.21,0.66,33.67,2.27,48.76,0.37,0.23,0.44,60.94,264.92,4.5,169.35,0.03,12-Mar-2020 - 00:00,"Shastri Nagar, Narnaul - HSPCB"
12-Mar-2020 - 00:00,18.78,162.39,,,,,3.45,0.27,22.32,2.55,59.75,0.44,0.33,0.68,47.59,241.13,3.64,185.39,0.0,13-Mar-2020 - 00:00,"Shastri Nagar, Narnaul - HSPCB"
13-Mar-2020 - 00:00,50.5,247.53,,,,,10.05,0.32,13.95,2.55,75.84,0.4,0.36,0.68,38.05,365.59,3.11,207.65,0.0,14-Mar-2020 - 00:00,"Shastri Nagar, Narnaul - HSPCB"
14-Mar-2020 - 00:00,41.46,138.45,,,,,9.68,0.34,10.88,2.41,80.72,0.3,0.28,0.51,51.95,347.66,3.71,314.07,0.0,15-Mar-2020 - 00:00,"Shastri Nagar, Narnaul - HSPCB"
15-Mar-2020 - 00:00,33.41,77.17,,,,,9.35,0.42,10.34,2.91,92.82,0.38,0.34,0.62,57.19,328.4,2.94,208.83,0.0,16-Mar-2020 - 00:00,"Shastri Nagar, Narnaul - HSPCB"
16-Mar-2020 - 00:00,42.22,91.47,,,,,4.82,0.4,9.64,3.1,104.04,0.55,0.48,0.97,63.42,261.94,2.18,198.61,0.0,17-Mar-2020 - 00:00,"Shastri Nagar, Narnaul - HSPCB"
17-Mar-2020 - 00:00,44.24,105.37,,,,,5.03,0.5,9.21,3.85,109.18,0.75,0.72,1.49,57.45,303.85,2.36,228.09,0.0,18-Mar-2020 - 00:00,"Shastri Nagar, Narnaul - HSPCB"
18-Mar-2020 - 00:00,45.86,113.59,,,,,5.18,0.5,10.02,3.77,92.84,0.85,0.79,1.66,55.15,312.38,2.56,218.06,0.0,19-Mar-2020 - 00:00,"Shastri Nagar, Narnaul - HSPCB"
19-Mar-2020 - 00:00,49.87,133.03,,,,,5.29,0.48,9.66,3.78,86.03,0.72,0.78,1.48,57.71,307.35,2.4,179.66,0.0,20-Mar-2020 - 00:00,"Shastri Nagar, Narnaul - HSPCB"
20-Mar-2020 - 00:00,55.3,108.6,,,,,5.38,0.47,12.2,4.18,80.0,0.83,1.11,1.77,58.05,193.82,2.45,154.89,0.0,21-Mar-2020 - 00:00,"Shastri Nagar, Narnaul - HSPCB"
21-Mar-2020 - 00:00,20.39,53.69,,,,,5.44,0.29,12.06,1.89,54.37,0.35,0.24,0.38,51.79,286.82,3.71,169.05,0.0,22-Mar-2020 - 00:00,"Shastri Nagar, Narnaul - HSPCB"
22-Mar-2020 - 00:00,49.2,104.67,,,,,5.74,0.47,9.01,,,,0.0,0.0,52.33,304.41,3.18,225.16,0.0,23-Mar-2020 - 00:00,"Shastri Nagar, Narnaul - HSPCB"
23-Mar-2020 - 00:00,42.15,109.82,,,,,19.02,0.79,13.65,4.46,118.56,0.93,0.6,1.51,51.31,,2.68,132.15,0.0,24-Mar-2020 - 00:00,"Shastri Nagar, Narnaul - HSPCB"
24-Mar-2020 - 00:00,40.68,87.45,,,,,3.76,0.42,10.48,4.37,99.9,0.75,0.72,1.54,57.72,231.52,4.47,133.9,0.0,25-Mar-2020 - 00:00,"Shastri Nagar, Narnaul - HSPCB"
25-Mar-2020 - 00:00,27.45,50.98,,,,,3.91,0.34,9.2,3.39,94.65,0.56,0.55,1.11,63.95,146.4,3.99,148.78,0.0,26-Mar-2020 - 00:00,"Shastri Nagar, Narnaul - HSPCB"
26-Mar-2020 - 00:00,11.98,22.98,,,,,3.96,0.21,9.06,1.74,77.79,0.41,0.4,0.82,65.97,95.88,4.48,245.29,0.01,27-Mar-2020 - 00:00,"Shastri Nagar, Narnaul - HSPCB"
27-Mar-2020 - 00:00,10.19,16.62,,,,,3.99,0.18,11.11,1.52,60.26,0.3,0.3,0.59,79.23,105.83,4.2,206.22,0.01,28-Mar-2020 - 00:00,"Shastri Nagar, Narnaul - HSPCB"
28-Mar-2020 - 00:00,15.78,29.22,,,,,4.09,0.27,8.81,2.34,86.64,0.44,0.43,0.88,65.45,283.44,2.98,203.66,0.0,29-Mar-2020 - 00:00,"Shastri Nagar, Narnaul - HSPCB"
29-Mar-2020 - 00:00,19.33,38.65,,,,,4.14,0.28,10.71,2.66,79.29,0.39,0.4,0.75,54.15,297.79,4.06,270.49,0.0,30-Mar-2020 - 00:00,"Shastri Nagar, Narnaul - HSPCB"
30-Mar-2020 - 00:00,22.66,50.16,,,,,4.19,0.3,11.35,2.65,78.58,0.37,0.36,0.69,47.19,327.98,4.46,281.38,0.0,31-Mar-2020 - 00:00,"Shastri Nagar, Narnaul - HSPCB"
31-Mar-2020 - 00:00,24.84,61.52,,,,,4.47,0.34,11.02,3.45,107.34,0.48,0.52,0.89,47.48,317.54,3.2,133.86,0.0,01-Apr-2020 - 00:00,"Shastri Nagar, Narnaul - HSPCB"
01-Apr-2020 - 00:00,15.68,73.35,,,,,3.85,0.97,15.98,3.36,58.43,0.28,0.21,0.38,53.23,,4.33,319.63,0.0,02-Apr-2020 - 00:00,"Shastri Nagar, Narnaul - HSPCB"
02-Apr-2020 - 00:00,19.94,42.8,,,,,3.9,0.22,11.83,2.4,68.46,0.28,0.29,0.53,49.46,287.15,5.45,295.15,0.0,03-Apr-2020 - 00:00,"Shastri Nagar, Narnaul - HSPCB"
03-Apr-2020 - 00:00,19.11,43.81,,,,,3.98,0.26,12.59,2.46,75.59,0.3,0.31,0.55,38.06,282.99,4.97,270.75,0.0,04-Apr-2020 - 00:00,"Shastri Nagar, Narnaul - HSPCB"
04-Apr-2020 - 00:00,26.24,62.91,,,,,4.17,0.35,11.71,3.33,86.99,0.39,0.38,0.71,39.06,327.32,3.62,221.25,0.0,05-Apr-2020 - 00:00,"Shastri Nagar, Narnaul - HSPCB"
05-Apr-2020 - 00:00,28.37,67.31,,,,,4.45,0.35,10.44,4.13,85.9,0.51,0.6,0.93,43.48,356.79,3.03,225.11,0.0,06-Apr-2020 - 00:00,"Shastri Nagar, Narnaul - HSPCB"
06-Apr-2020 - 00:00,25.82,89.25,,,,,8.24,0.21,19.89,3.13,77.5,0.34,0.39,0.56,25.35,346.12,4.75,223.93,0.0,07-Apr-2020 - 00:00,"Shastri Nagar, Narnaul - HSPCB"
07-Apr-2020 - 00:00,23.76,77.15,,,,,2.94,0.26,13.5,3.07,72.9,0.29,0.33,0.51,43.44,298.29,5.14,180.94,0.0,08-Apr-2020 - 00:00,"Shastri Nagar, Narnaul - HSPCB"
08-Apr-2020 - 00:00,17.45,51.23,,,,,3.23,0.25,14.52,2.21,63.71,0.24,0.26,0.42,38.28,309.79,4.57,300.29,0.0,09-Apr-2020 - 00:00,"Shastri Nagar, Narnaul - HSPCB"
09-Apr-2020 - 00:00,23.59,60.23,,,,,4.74,0.29,13.12,3.4,79.58,0.3,0.32,0.51,31.91,317.88,4.87,254.04,0.0,10-Apr-2020 - 00:00,"Shastri Nagar, Narnaul - HSPCB"
10-Apr-2020 - 00:00,30.4,87.49,,,,,4.35,0.36,11.24,3.45,106.05,0.45,0.7,0.83,32.82,365.28,3.42,150.52,0.0,11-Apr-2020 - 00:00,"Shastri Nagar, Narnaul - HSPCB"
11-Apr-2020 - 00:00,41.54,103.74,,,,,4.64,0.36,16.14,3.71,85.63,0.36,0.4,0.62,24.26,307.73,4.4,229.01,0.0,12-Apr-2020 - 00:00,"Shastri Nagar, Narnaul - HSPCB"
12-Apr-2020 - 00:00,24.53,84.39,,,,,4.53,0.3,12.52,3.23,86.06,0.34,0.37,0.59,28.65,343.35,4.36,289.94,0.0,13-Apr-2020 - 00:00,"Shastri Nagar, Narnaul - HSPCB"
13-Apr-2020 - 00:00,35.8,125.83,,,,,4.71,0.42,11.5,5.12,102.86,0.49,0.51,0.91,28.85,332.17,4.34,254.55,0.0,14-Apr-2020 - 00:00,"Shastri Nagar, Narnaul - HSPCB"
14-Apr-2020 - 00:00,38.79,139.53,,,,,4.86,0.4,12.0,4.19,117.82,0.59,0.59,1.11,24.19,294.29,4.59,208.69,0.0,15-Apr-2020 - 00:00,"Shastri Nagar, Narnaul - HSPCB"
15-Apr-2020 - 00:00,32.36,130.78,,,,,4.82,0.31,11.23,3.78,116.6,0.49,0.48,0.84,17.36,276.4,5.1,255.72,0.0,16-Apr-2020 - 00:00,"Shastri Nagar, Narnaul - HSPCB"
16-Apr-2020 - 00:00,29.43,107.59,,,,,4.92,0.33,13.41,3.82,92.22,0.34,0.34,0.57,25.07,309.58,4.37,308.34,0.0,17-Apr-2020 - 00:00,"Shastri Nagar, Narnaul - HSPCB"
17-Apr-2020 - 00:00,27.21,132.34,,,,,5.03,0.29,13.67,2.64,101.96,0.34,0.33,0.56,22.85,343.03,3.47,176.16,0.0,18-Apr-2020 - 00:00,"Shastri Nagar, Narnaul - HSPCB"
18-Apr-2020 - 00:00,34.9,161.7,,,,,5.21,0.33,13.87,3.88,95.64,0.35,0.35,0.61,34.56,373.95,5.5,117.25,0.0,19-Apr-2020 - 00:00,"Shastri Nagar, Narnaul - HSPCB"
19-Apr-2020 - 00:00,21.27,70.81,,,,,5.17,0.28,12.08,3.38,88.15,0.3,0.3,0.5,30.81,373.78,4.39,310.51,0.0,20-Apr-2020 - 00:00,"Shastri Nagar, Narnaul - HSPCB"
20-Apr-2020 - 00:00,16.39,43.91,,,,,5.33,0.25,15.47,2.99,80.56,0.31,0.31,0.56,47.63,189.55,5.38,238.0,0.01,21-Apr-2020 - 00:00,"Shastri Nagar, Narnaul - HSPCB"
21-Apr-2020 - 00:00,23.4,60.72,,,,,5.49,0.33,11.71,3.43,103.05,0.46,0.47,0.89,43.11,368.68,3.81,241.43,0.0,22-Apr-2020 - 00:00,"Shastri Nagar, Narnaul - HSPCB"
22-Apr-2020 - 00:00,24.66,76.34,,,,,5.62,0.38,13.21,3.96,104.08,0.45,0.44,0.85,31.54,379.66,3.78,213.48,0.0,23-Apr-2020 - 00:00,"Shastri Nagar, Narnaul - HSPCB"
23-Apr-2020 - 00:00,22.77,74.97,,,,,5.61,0.28,13.33,2.72,95.8,0.38,0.39,0.66,32.31,266.09,4.87,191.35,0.0,24-Apr-2020 - 00:00,"Shastri Nagar, Narnaul - HSPCB"
24-Apr-2020 - 00:00,20.87,68.89,,,,,5.82,0.28,12.74,3.12,78.84,0.6,0.43,0.78,35.84,319.0,4.34,185.05,0.0,25-Apr-2020 - 00:00,"Shastri Nagar, Narnaul - HSPCB"
25-Apr-2020 - 00:00,14.6,31.35,,,,,6.03,0.25,13.37,2.2,0.6,0.94,0.4,0.79,47.95,211.27,3.6,204.1,0.02,26-Apr-2020 - 00:00,"Shastri Nagar, Narnaul - HSPCB"
26-Apr-2020 - 00:00,24.64,66.93,,,,,6.14,0.34,12.83,3.63,0.64,1.12,0.61,1.24,51.86,311.97,4.31,168.99,0.0,27-Apr-2020 - 00:00,"Shastri Nagar, Narnaul - HSPCB"
27-Apr-2020 - 00:00,19.51,42.55,,,,,6.4,0.26,14.85,3.5,0.75,1.37,0.51,1.03,54.98,358.56,3.58,120.55,0.0,28-Apr-2020 - 00:00,"Shastri Nagar, Narnaul - HSPCB"
28-Apr-2020 - 00:00,28.73,53.2,,,,,2.59,0.4,6.22,3.17,0.26,0.47,0.03,0.05,47.28,361.05,3.93,122.81,0.0,29-Apr-2020 - 00:00,"Shastri Nagar, Narnaul - HSPCB"
29-Apr-2020 - 00:00,35.91,84.57,,,,,3.07,0.38,12.31,3.19,54.76,1.08,0.29,0.57,41.15,370.08,3.61,179.11,0.0,30-Apr-2020 - 00:00,"Shastri Nagar, Narnaul - HSPCB"
30-Apr-2020 - 00:00,37.06,175.97,,,,,2.95,0.32,24.13,3.39,101.71,0.99,0.4,0.78,31.14,364.8,5.18,285.15,0.0,01-May-2020 - 00:00,"Shastri Nagar, Narnaul - HSPCB"
01-May-2020 - 00:00,34.88,139.45,,,,,3.03,0.34,14.96,3.86,102.4,0.96,0.39,0.77,24.6,368.33,5.52,264.81,0.0,02-May-2020 - 00:00,"Shastri Nagar, Narnaul - HSPCB"
02-May-2020 - 00:00,40.07,136.78,,,,,3.22,0.35,19.26,3.64,51.95,0.95,0.38,0.73,36.78,398.14,4.49,168.08,0.0,03-May-2020 - 00:00,"Shastri Nagar, Narnaul - HSPCB"
03-May-2020 - 00:00,27.22,104.37,,,,,3.78,0.37,23.28,3.8,0.61,1.09,0.34,0.6,59.03,345.17,5.86,117.77,0.11,04-May-2020 - 00:00,"Shastri Nagar, Narnaul - HSPCB"
04-May-2020 - 00:00,26.4,51.17,,,,,16.31,0.27,13.92,2.78,0.63,0.99,0.4,0.88,63.77,352.83,5.17,89.0,0.0,05-May-2020 - 00:00,"Shastri Nagar, Narnaul - HSPCB"
05-May-2020 - 00:00,30.04,64.82,,,,,7.63,0.35,14.48,3.99,0.68,1.14,0.55,1.28,44.08,337.55,4.22,291.75,0.0,06-May-2020 - 00:00,"Shastri Nagar, Narnaul - HSPCB"
06-May-2020 - 00:00,18.22,89.15,,,,,7.42,0.18,17.67,1.96,0.45,0.8,0.36,0.72,34.92,237.4,5.23,199.27,0.0,07-May-2020 - 00:00,"Shastri Nagar, Narnaul - HSPCB"
07-May-2020 - 00:00,22.27,71.59,,,,,7.71,0.29,15.38,3.31,0.61,1.01,0.45,0.89,37.56,347.38,4.23,143.34,0.0,08-May-2020 - 00:00,"Shastri Nagar, Narnaul - HSPCB"
08-May-2020 - 00:00,42.99,112.5,,,,,7.88,0.42,17.22,4.59,0.64,1.1,0.59,1.13,28.13,366.95,5.19,156.51,0.0,09-May-2020 - 00:00,"Shastri Nagar, Narnaul - HSPCB"
09-May-2020 - 00:00,35.59,113.69,28.3,23.82,16.33,24.58,8.05,0.37,22.57,5.94,4.7,2.46,3.42,3.71,32.35,317.58,3.8,178.0,0.0,10-May-2020 - 00:00,"Shastri Nagar, Narnaul - HSPCB"
10-May-2020 - 00:00,29.06,143.83,27.86,24.19,16.41,24.58,8.03,0.24,20.33,2.36,0.71,0.45,0.44,0.92,30.67,247.99,5.06,171.79,0.0,11-May-2020 - 00:00,"Shastri Nagar, Narnaul - HSPCB"
11-May-2020 - 00:00,,,,,,,,,,,,,,,,,,,,12-May-2020 - 00:00,"Shastri Nagar, Narnaul - HSPCB"
12-May-2020 - 00:00,,,,,,,,,,,,,,,,,,,,13-May-2020 - 00:00,"Shastri Nagar, Narnaul - HSPCB"
13-May-2020 - 00:00,,,,,,,,,,,,,,,,,,,,14-May-2020 - 00:00,"Shastri Nagar, Narnaul - HSPCB"
14-May-2020 - 00:00,,,,,,,,,,,,,,,,,,,,15-May-2020 - 00:00,"Shastri Nagar, Narnaul - HSPCB"
15-May-2020 - 00:00,,,,,,,,,,,,,,,,,,,,16-May-2020 - 00:00,"Shastri Nagar, Narnaul - HSPCB"
16-May-2020 - 00:00,,,,,,,,,,,,,,,,,,,,17-May-2020 - 00:00,"Shastri Nagar, Narnaul - HSPCB"
17-May-2020 - 00:00,31.83,106.32,29.92,23.1,15.63,26.04,160.15,0.37,21.3,3.05,1.22,0.93,0.81,1.97,,,4.84,172.22,0.0,18-May-2020 - 00:00,"Shastri Nagar, Narnaul - HSPCB"
18-May-2020 - 00:00,29.31,123.75,27.72,24.4,16.5,24.59,34.0,0.34,18.67,3.49,0.7,0.59,0.56,1.31,9.38,444.18,6.07,286.65,0.0,19-May-2020 - 00:00,"Shastri Nagar, Narnaul - HSPCB"
19-May-2020 - 00:00,34.12,133.25,27.79,24.22,16.39,24.6,7.16,0.35,20.37,3.78,0.69,0.57,0.54,1.24,13.58,323.57,5.87,275.5,0.0,20-May-2020 - 00:00,"Shastri Nagar, Narnaul - HSPCB"
20-May-2020 - 00:00,38.14,124.81,28.93,22.44,14.79,25.26,7.23,0.43,22.94,4.53,0.62,0.4,0.19,0.38,19.86,409.57,4.94,313.35,0.0,21-May-2020 - 00:00,"Shastri Nagar, Narnaul - HSPCB"
21-May-2020 - 00:00,24.34,99.62,27.73,24.37,16.47,24.59,161.16,0.28,22.13,,,,0.0,0.0,,,5.44,286.65,0.0,22-May-2020 - 00:00,"Shastri Nagar, Narnaul - HSPCB"
22-May-2020 - 00:00,27.43,113.78,27.76,24.29,16.43,24.61,6.89,0.36,18.62,4.35,0.64,0.43,0.07,0.15,10.33,291.31,4.94,269.43,0.0,23-May-2020 - 00:00,"Shastri Nagar, Narnaul - HSPCB"
23-May-2020 - 00:00,29.89,144.82,27.78,24.28,16.44,24.59,6.89,0.26,18.85,,,,0.0,0.0,14.3,358.78,5.98,257.0,0.0,24-May-2020 - 00:00,"Shastri Nagar, Narnaul - HSPCB"
24-May-2020 - 00:00,28.97,133.85,27.77,24.11,16.29,24.63,7.03,0.23,19.96,,,,0.0,0.0,15.42,367.67,5.84,298.78,0.0,25-May-2020 - 00:00,"Shastri Nagar, Narnaul - HSPCB"
25-May-2020 - 00:00,27.04,112.56,27.74,24.28,16.41,24.61,7.29,0.35,19.22,2.55,0.76,0.42,0.13,0.27,14.72,293.29,5.63,275.03,0.0,26-May-2020 - 00:00,"Shastri Nagar, Narnaul - HSPCB"
26-May-2020 - 00:00,31.55,165.26,27.78,24.14,16.32,24.61,7.33,0.23,18.54,1.54,0.72,0.45,0.17,0.35,13.61,314.16,6.87,264.75,0.0,27-May-2020 - 00:00,"Shastri Nagar, Narnaul - HSPCB"
27-May-2020 - 00:00,36.68,174.82,27.82,24.24,16.42,24.6,7.44,0.28,17.52,2.23,0.66,0.47,0.04,0.08,14.02,308.11,5.59,250.98,0.0,28-May-2020 - 00:00,"Shastri Nagar, Narnaul - HSPCB"
28-May-2020 - 00:00,36.05,185.74,27.74,24.16,16.31,24.64,7.62,0.31,24.05,2.55,0.69,0.58,0.12,0.28,34.98,314.12,6.04,134.04,0.02,29-May-2020 - 00:00,"Shastri Nagar, Narnaul - HSPCB"
29-May-2020 - 00:00,20.28,75.94,26.42,22.75,16.35,26.0,7.71,0.23,33.7,1.52,30.77,0.24,0.24,0.44,47.78,352.58,6.3,122.74,0.0,30-May-2020 - 00:00,"Shastri Nagar, Narnaul - HSPCB"
30-May-2020 - 00:00,21.46,42.51,25.56,19.74,15.28,27.73,7.38,0.24,26.19,2.18,61.69,0.35,0.08,0.14,49.53,221.68,4.61,159.44,0.28,31-May-2020 - 00:00,"Shastri Nagar, Narnaul - HSPCB"
31-May-2020 - 00:00,21.62,34.74,24.77,21.22,16.38,27.61,7.01,0.23,21.59,,,,0.0,0.0,68.37,360.48,4.4,134.79,0.0,01-Jun-2020 - 00:00,"Shastri Nagar, Narnaul - HSPCB"
01-Jun-2020 - 00:00,22.84,55.24,24.72,21.27,16.4,27.6,7.23,0.25,19.36,,,,0.0,0.0,57.92,320.14,3.83,144.4,0.0,02-Jun-2020 - 00:00,"Shastri Nagar, Narnaul - HSPCB"
02-Jun-2020 - 00:00,28.76,220.1,24.7,21.22,16.34,27.62,7.23,0.23,20.19,,,,,,50.49,406.47,4.32,185.6,0.0,03-Jun-2020 - 00:00,"Shastri Nagar, Narnaul - HSPCB"
03-Jun-2020 - 00:00,25.89,79.85,24.69,21.28,16.38,27.6,7.54,0.32,19.96,,,,,,53.78,322.01,3.95,165.34,0.0,04-Jun-2020 - 00:00,"Shastri Nagar, Narnaul - HSPCB"
04-Jun-2020 - 00:00,30.18,154.64,24.66,21.19,16.3,27.64,7.92,0.31,21.0,,,,,,57.51,264.53,4.24,217.97,0.0,05-Jun-2020 - 00:00,"Shastri Nagar, Narnaul - HSPCB"
05-Jun-2020 - 00:00,20.93,53.6,24.74,21.05,16.23,27.63,8.14,0.26,20.83,,,,,,64.34,379.49,4.31,158.45,0.02,06-Jun-2020 - 00:00,"Shastri Nagar, Narnaul - HSPCB"
06-Jun-2020 - 00:00,24.91,57.79,26.8,20.27,15.21,28.9,8.49,0.31,20.88,,,,0.0,0.0,65.18,447.65,4.24,190.16,0.0,07-Jun-2020 - 00:00,"Shastri Nagar, Narnaul - HSPCB"
07-Jun-2020 - 00:00,,,,,,,,,,,,,,,,,,,,08-Jun-2020 - 00:00,"Shastri Nagar, Narnaul - HSPCB"
08-Jun-2020 - 00:00,30.66,235.8,28.84,18.58,14.59,28.02,1.2,0.82,22.71,,,,0.0,0.0,39.25,,3.36,238.78,0.0,09-Jun-2020 - 00:00,"Shastri Nagar, Narnaul - HSPCB"
09-Jun-2020 - 00:00,24.05,124.54,31.33,19.77,16.69,29.76,50.29,0.41,9.13,,,,0.0,0.0,56.08,390.98,4.5,224.8,0.0,10-Jun-2020 - 00:00,"Shastri Nagar, Narnaul - HSPCB"
10-Jun-2020 - 00:00,22.02,95.45,28.68,20.58,17.16,31.44,78.51,0.41,13.07,,,,0.0,0.0,51.32,644.99,4.49,223.9,0.0,11-Jun-2020 - 00:00,"Shastri Nagar, Narnaul - HSPCB"
11-Jun-2020 - 00:00,24.38,95.66,24.81,21.24,16.42,27.6,7.24,0.25,15.95,,,,0.0,0.0,46.06,367.49,2.97,238.48,0.0,12-Jun-2020 - 00:00,"Shastri Nagar, Narnaul - HSPCB"
12-Jun-2020 - 00:00,28.99,107.42,21.09,21.8,16.45,27.62,7.56,0.27,16.68,2.26,129.79,0.71,0.23,0.58,38.29,412.97,2.18,196.89,0.0,13-Jun-2020 - 00:00,"Shastri Nagar, Narnaul - HSPCB"
13-Jun-2020 - 00:00,38.82,143.09,17.72,22.2,16.34,27.63,8.02,0.39,16.93,4.11,159.35,1.1,0.42,1.03,49.46,432.7,2.97,190.28,0.0,14-Jun-2020 - 00:00,"Shastri Nagar, Narnaul - HSPCB"
14-Jun-2020 - 00:00,34.6,88.56,17.76,22.2,16.36,27.65,8.35,0.37,17.53,,,,0.0,0.0,49.16,382.94,2.34,76.3,0.0,15-Jun-2020 - 00:00,"Shastri Nagar, Narnaul - HSPCB"
15-Jun-2020 - 00:00,32.62,111.17,17.71,23.0,16.94,26.92,8.53,0.32,20.39,2.68,105.01,0.58,0.1,0.22,37.21,393.36,3.55,218.79,0.0,16-Jun-2020 - 00:00,"Shastri Nagar, Narnaul - HSPCB"
16-Jun-2020 - 00:00,38.83,137.3,17.71,26.28,19.4,23.62,8.86,0.38,19.3,3.69,152.58,0.87,0.81,1.76,35.82,326.28,4.01,125.78,0.0,17-Jun-2020 - 00:00,"Shastri Nagar, Narnaul - HSPCB"
17-Jun-2020 - 00:00,31.48,105.1,17.8,26.21,19.39,23.6,9.06,0.32,22.85,2.88,146.81,0.76,0.72,1.47,33.85,402.24,3.47,126.34,0.0,18-Jun-2020 - 00:00,"Shastri Nagar, Narnaul - HSPCB"
18-Jun-2020 - 00:00,52.33,266.71,17.72,26.35,19.46,23.63,9.05,0.32,16.13,2.31,117.82,0.68,0.59,1.35,36.04,390.44,4.19,247.7,0.0,19-Jun-2020 - 00:00,"Shastri Nagar, Narnaul - HSPCB"
19-Jun-2020 - 00:00,43.87,188.55,17.69,26.25,19.36,23.63,9.23,0.28,16.41,1.94,105.53,0.72,0.61,1.52,34.56,299.64,5.15,265.51,0.04,20-Jun-2020 - 00:00,"Shastri Nagar, Narnaul - HSPCB"
20-Jun-2020 - 00:00,30.68,102.22,17.69,26.31,19.42,23.64,9.38,0.18,16.58,1.33,112.35,0.42,0.35,0.74,55.36,322.95,3.78,179.41,0.0,21-Jun-2020 - 00:00,"Shastri Nagar, Narnaul - HSPCB"
21-Jun-2020 - 00:00,28.38,89.37,19.51,24.81,18.32,24.65,9.54,0.25,16.75,2.05,126.24,0.55,0.4,0.94,69.62,185.71,3.47,183.76,0.02,22-Jun-2020 - 00:00,"Shastri Nagar, Narnaul - HSPCB"
22-Jun-2020 - 00:00,26.32,65.23,17.76,26.33,19.46,23.63,7.15,0.24,15.81,2.1,158.98,0.57,0.48,1.09,60.29,381.66,2.02,118.12,0.0,23-Jun-2020 - 00:00,"Shastri Nagar, Narnaul - HSPCB"
23-Jun-2020 - 00:00,39.75,81.12,17.71,26.33,19.44,23.62,7.33,0.34,19.23,2.9,149.83,0.63,0.74,1.29,58.5,445.94,2.84,119.9,0.0,24-Jun-2020 - 00:00,"Shastri Nagar, Narnaul - HSPCB"
24-Jun-2020 - 00:00,30.62,45.97,17.74,26.18,19.33,23.64,7.46,0.32,17.53,2.18,118.19,0.51,0.51,1.03,75.41,201.13,3.58,145.28,0.05,25-Jun-2020 - 00:00,"Shastri Nagar, Narnaul - HSPCB"
25-Jun-2020 - 00:00,31.26,106.89,17.67,26.29,19.39,23.65,7.81,0.33,15.24,2.59,96.98,0.69,0.7,1.55,66.82,427.11,3.84,209.86,0.0,26-Jun-2020 - 00:00,"Shastri Nagar, Narnaul - HSPCB"
26-Jun-2020 - 00:00,26.74,97.69,17.67,26.32,19.41,23.65,7.99,0.28,13.35,2.18,0.47,0.91,0.76,1.93,66.79,197.72,4.17,224.9,0.0,27-Jun-2020 - 00:00,"Shastri Nagar, Narnaul - HSPCB"
27-Jun-2020 - 00:00,22.19,96.18,17.81,26.26,19.43,23.63,4.55,0.23,12.97,1.66,0.46,0.83,0.52,1.23,54.32,433.99,4.78,241.98,0.0,28-Jun-2020 - 00:00,"Shastri Nagar, Narnaul - HSPCB"
28-Jun-2020 - 00:00,30.8,136.62,17.9,24.67,18.24,23.49,,0.17,12.33,,,,0.0,0.0,,,5.56,255.87,0.0,29-Jun-2020 - 00:00,"Shastri Nagar, Narnaul - HSPCB"
29-Jun-2020 - 00:00,24.66,108.8,18.2,25.12,18.57,23.73,3.79,0.19,13.9,1.44,0.41,0.53,0.23,0.5,53.87,506.03,5.72,206.99,0.0,30-Jun-2020 - 00:00,"Shastri Nagar, Narnaul - HSPCB"
30-Jun-2020 - 00:00,26.48,76.65,17.77,26.13,19.31,23.62,4.31,0.21,17.74,2.04,0.42,0.6,0.55,1.2,58.02,507.3,5.36,129.78,0.0,01-Jul-2020 - 00:00,"Shastri Nagar, Narnaul - HSPCB"
01-Jul-2020 - 00:00,30.92,99.74,16.12,22.96,19.08,23.84,4.47,0.27,17.68,2.06,0.54,0.64,0.51,1.2,59.39,765.0,4.37,149.08,0.02,02-Jul-2020 - 00:00,"Shastri Nagar, Narnaul - HSPCB"
02-Jul-2020 - 00:00,50.17,199.77,13.66,20.3,19.39,23.61,,0.28,16.83,2.19,0.51,0.75,0.64,1.59,50.81,973.07,5.86,245.66,0.0,03-Jul-2020 - 00:00,"Shastri Nagar, Narnaul - HSPCB"
03-Jul-2020 - 00:00,42.01,151.16,13.69,20.27,19.38,23.63,,0.24,16.4,1.99,0.41,0.68,0.6,1.46,50.81,973.07,5.7,216.69,0.0,04-Jul-2020 - 00:00,"Shastri Nagar, Narnaul - HSPCB"
04-Jul-2020 - 00:00,26.75,84.22,13.68,20.27,19.38,23.65,7.83,0.21,19.29,1.76,0.44,0.56,0.51,1.13,47.98,770.57,3.42,151.72,0.0,05-Jul-2020 - 00:00,"Shastri Nagar, Narnaul - HSPCB"
05-Jul-2020 - 00:00,13.49,46.04,13.68,20.26,19.37,23.63,8.04,0.2,20.04,1.45,0.46,0.45,0.4,0.84,63.8,369.63,3.47,98.95,0.0,06-Jul-2020 - 00:00,"Shastri Nagar, Narnaul - HSPCB"
06-Jul-2020 - 00:00,34.87,74.74,13.71,20.24,19.37,23.64,8.31,0.33,19.25,2.45,0.53,0.71,0.72,1.48,58.49,454.78,2.93,77.49,0.0,07-Jul-2020 - 00:00,"Shastri Nagar, Narnaul - HSPCB"
07-Jul-2020 - 00:00,25.9,51.1,13.74,20.22,19.36,23.64,8.28,0.22,16.22,1.98,0.4,0.57,0.58,1.19,72.09,338.83,3.44,94.98,0.01,08-Jul-2020 - 00:00,"Shastri Nagar, Narnaul - HSPCB"
08-Jul-2020 - 00:00,18.59,32.95,15.99,24.26,19.92,29.96,7.92,0.21,14.04,1.88,0.39,0.63,0.6,1.39,78.97,256.03,3.0,114.99,0.01,09-Jul-2020 - 00:00,"Shastri Nagar, Narnaul - HSPCB"
09-Jul-2020 - 00:00,14.12,34.51,17.62,27.33,20.39,34.63,7.5,0.25,14.46,1.98,0.37,0.77,0.79,1.81,72.51,270.96,3.19,175.03,0.03,10-Jul-2020 - 00:00,"Shastri Nagar, Narnaul - HSPCB"
10-Jul-2020 - 00:00,15.27,52.72,17.65,27.32,20.4,34.63,7.44,0.16,15.37,1.32,0.38,0.56,0.52,1.19,57.35,451.36,5.2,258.88,0.0,11-Jul-2020 - 00:00,"Shastri Nagar, Narnaul - HSPCB"
11-Jul-2020 - 00:00,19.71,60.26,17.65,27.24,20.33,34.64,7.64,0.23,15.26,1.63,0.37,0.71,0.66,1.67,52.56,398.6,3.48,171.16,0.0,12-Jul-2020 - 00:00,"Shastri Nagar, Narnaul - HSPCB"
12-Jul-2020 - 00:00,16.74,43.73,17.66,27.28,20.37,34.64,7.74,0.19,15.7,1.48,0.36,0.65,0.61,1.48,52.56,258.91,4.05,145.51,0.0,13-Jul-2020 - 00:00,"Shastri Nagar, Narnaul - HSPCB"
13-Jul-2020 - 00:00,22.31,71.79,17.65,27.32,20.4,34.63,7.85,0.15,13.54,1.48,0.35,0.61,0.54,1.36,61.69,313.76,3.65,212.15,0.0,14-Jul-2020 - 00:00,"Shastri Nagar, Narnaul - HSPCB"
14-Jul-2020 - 00:00,28.99,107.04,17.63,27.23,20.31,34.64,7.86,0.16,12.69,1.63,0.31,0.61,0.58,1.38,60.78,502.11,3.8,187.37,0.0,15-Jul-2020 - 00:00,"Shastri Nagar, Narnaul - HSPCB"
15-Jul-2020 - 00:00,47.45,122.64,17.63,27.29,20.37,34.64,8.08,0.27,16.07,2.28,0.38,0.66,0.74,1.45,65.21,449.83,3.68,75.76,0.0,16-Jul-2020 - 00:00,"Shastri Nagar, Narnaul - HSPCB"
16-Jul-2020 - 00:00,31.19,68.31,17.66,27.18,20.29,34.63,8.15,0.23,16.1,1.93,0.34,0.57,0.59,1.25,68.64,457.49,3.91,110.97,0.0,17-Jul-2020 - 00:00,"Shastri Nagar, Narnaul - HSPCB"
17-Jul-2020 - 00:00,38.07,58.76,17.59,27.29,20.34,34.64,8.28,0.21,16.58,1.77,0.3,0.54,0.58,1.18,69.06,507.19,4.24,108.96,0.0,18-Jul-2020 - 00:00,"Shastri Nagar, Narnaul - HSPCB"
18-Jul-2020 - 00:00,41.7,64.01,17.72,27.25,20.38,34.62,8.51,0.23,17.36,1.8,0.36,0.64,0.86,1.46,,154.32,4.07,134.86,0.0,19-Jul-2020 - 00:00,"Shastri Nagar, Narnaul - HSPCB"
19-Jul-2020 - 00:00,19.77,48.84,18.53,27.17,20.74,34.54,8.68,0.21,15.16,1.8,0.33,0.55,0.24,0.55,,303.46,5.39,255.33,0.07,20-Jul-2020 - 00:00,"Shastri Nagar, Narnaul - HSPCB"
20-Jul-2020 - 00:00,11.51,25.19,18.53,28.59,23.44,38.85,6.39,0.16,16.78,1.53,0.42,0.53,0.26,0.62,72.6,248.74,5.28,178.04,0.02,21-Jul-2020 - 00:00,"Shastri Nagar, Narnaul - HSPCB"
21-Jul-2020 - 00:00,13.83,27.05,18.58,30.36,26.92,44.54,4.67,0.15,15.89,1.37,0.33,0.49,0.51,1.05,81.44,348.62,4.09,142.74,0.01,22-Jul-2020 - 00:00,"Shastri Nagar, Narnaul - HSPCB"
22-Jul-2020 - 00:00,16.46,32.77,19.36,30.42,27.37,44.41,4.91,0.2,13.23,1.45,0.3,0.54,0.59,1.26,82.69,273.44,3.78,215.19,0.05,23-Jul-2020 - 00:00,"Shastri Nagar, Narnaul - HSPCB"
23-Jul-2020 - 00:00,23.64,60.21,20.83,30.03,27.84,44.26,5.05,0.25,12.26,2.08,0.33,0.83,0.91,2.09,74.89,386.22,6.34,207.33,0.0,24-Jul-2020 - 00:00,"Shastri Nagar, Narnaul - HSPCB"
24-Jul-2020 - 00:00,18.56,48.7,21.01,30.31,28.15,44.23,5.06,0.22,17.22,1.66,0.26,0.55,0.59,1.31,76.45,416.58,6.65,161.56,0.01,25-Jul-2020 - 00:00,"Shastri Nagar, Narnaul - HSPCB"
25-Jul-2020 - 00:00,44.28,57.53,27.17,30.69,31.66,43.37,5.28,0.25,16.0,1.94,0.26,0.62,1.06,1.57,81.19,338.43,4.44,126.18,0.06,26-Jul-2020 - 00:00,"Shastri Nagar, Narnaul - HSPCB"
26-Jul-2020 - 00:00,19.37,46.89,29.75,30.33,32.66,43.17,5.39,0.22,15.77,1.8,0.21,0.38,0.49,0.9,70.18,499.46,3.33,143.41,0.0,27-Jul-2020 - 00:00,"Shastri Nagar, Narnaul - HSPCB"
27-Jul-2020 - 00:00,22.35,63.02,29.9,26.89,32.69,39.71,5.34,0.19,14.12,1.45,0.29,0.48,0.46,1.03,67.54,435.6,5.41,244.94,0.0,28-Jul-2020 - 00:00,"Shastri Nagar, Narnaul - HSPCB"
28-Jul-2020 - 00:00,15.35,50.66,30.43,24.04,32.85,37.02,5.39,0.14,13.0,1.38,0.3,0.49,0.48,1.06,58.02,450.4,6.27,249.27,0.0,29-Jul-2020 - 00:00,"Shastri Nagar, Narnaul - HSPCB"
29-Jul-2020 - 00:00,19.17,55.5,29.99,24.31,32.83,37.05,6.59,0.15,14.31,1.35,0.27,0.45,0.41,0.97,60.66,430.34,5.78,218.86,0.04,30-Jul-2020 - 00:00,"Shastri Nagar, Narnaul - HSPCB"
30-Jul-2020 - 00:00,16.74,25.96,30.67,24.5,33.35,36.94,7.63,0.17,13.79,1.36,0.26,0.44,0.43,0.93,78.7,413.82,5.19,144.42,0.02,31-Jul-2020 - 00:00,"Shastri Nagar, Narnaul - HSPCB"
31-Jul-2020 - 00:00,20.19,50.89,33.72,26.12,35.7,36.42,7.83,0.27,14.59,2.06,0.29,0.63,0.62,1.28,76.51,407.6,4.3,196.43,0.0,01-Aug-2020 - 00:00,"Shastri Nagar, Narnaul - HSPCB"
01-Aug-2020 - 00:00,12.6,46.78,29.64,24.67,32.69,37.0,4.02,0.22,13.81,1.72,0.24,0.52,0.59,1.21,78.16,377.94,3.97,216.69,0.0,02-Aug-2020 - 00:00,"Shastri Nagar, Narnaul - HSPCB"
02-Aug-2020 - 00:00,6.41,36.65,33.84,26.69,36.78,36.36,,0.19,14.17,1.49,0.28,0.53,0.47,1.06,,,5.05,242.84,0.0,03-Aug-2020 - 00:00,"Shastri Nagar, Narnaul - HSPCB"
03-Aug-2020 - 00:00,,,,,,,,,,,,,,,,,,,,04-Aug-2020 - 00:00,"Shastri Nagar, Narnaul - HSPCB"
04-Aug-2020 - 00:00,12.49,91.33,32.18,27.34,35.7,36.64,2.8,0.66,16.97,2.34,0.58,1.12,0.94,2.6,64.98,489.45,4.32,211.37,0.0,05-Aug-2020 - 00:00,"Shastri Nagar, Narnaul - HSPCB"
05-Aug-2020 - 00:00,6.48,66.02,32.2,24.89,33.76,36.91,3.13,0.26,14.54,2.69,0.41,1.18,1.11,2.87,77.55,353.21,3.09,139.29,0.01,06-Aug-2020 - 00:00,"Shastri Nagar, Narnaul - HSPCB"
06-Aug-2020 - 00:00,7.26,35.52,34.1,24.51,34.79,36.65,3.14,0.21,16.23,2.29,0.32,0.87,1.0,2.01,78.79,324.43,4.79,89.33,0.04,07-Aug-2020 - 00:00,"Shastri Nagar, Narnaul - HSPCB"
07-Aug-2020 - 00:00,9.15,26.11,32.99,23.85,33.95,36.72,3.01,0.18,17.02,1.81,0.24,0.46,0.4,0.94,79.78,387.62,4.26,110.06,0.0,08-Aug-2020 - 00:00,"Shastri Nagar, Narnaul - HSPCB"
08-Aug-2020 - 00:00,12.82,41.03,30.47,24.68,33.38,36.98,3.38,0.17,13.42,1.75,0.25,0.48,0.47,1.07,76.09,454.48,2.47,139.45,0.0,09-Aug-2020 - 00:00,"Shastri Nagar, Narnaul - HSPCB"
09-Aug-2020 - 00:00,8.01,30.91,30.61,23.91,32.84,37.02,3.52,0.17,12.83,1.62,0.17,0.3,0.33,0.68,79.88,253.57,2.97,241.57,0.0,10-Aug-2020 - 00:00,"Shastri Nagar, Narnaul - HSPCB"
10-Aug-2020 - 00:00,10.38,44.79,45.57,27.92,43.32,35.08,5.43,0.22,11.98,2.47,0.14,0.32,0.22,0.43,84.26,261.96,2.32,164.64,0.0,11-Aug-2020 - 00:00,"Shastri Nagar, Narnaul - HSPCB"
11-Aug-2020 - 00:00,4.3,19.92,26.89,24.17,31.1,37.46,19.6,0.17,8.68,,,,0.0,0.0,84.09,289.82,2.31,240.54,0.01,12-Aug-2020 - 00:00,"Shastri Nagar, Narnaul - HSPCB"
12-Aug-2020 - 00:00,7.21,35.82,25.69,24.43,30.72,37.63,26.85,0.17,8.43,,,,0.0,0.0,75.17,375.38,2.72,245.77,0.0,13-Aug-2020 - 00:00,"Shastri Nagar, Narnaul - HSPCB"
13-Aug-2020 - 00:00,9.09,40.16,29.46,24.49,32.44,37.1,14.52,0.42,10.85,5.48,0.42,1.06,0.54,1.24,87.12,185.37,2.84,149.18,0.02,14-Aug-2020 - 00:00,"Shastri Nagar, Narnaul - HSPCB"
14-Aug-2020 - 00:00,10.83,28.55,18.28,27.68,28.36,34.49,0.93,0.33,12.57,3.57,0.31,0.81,1.04,1.86,90.64,241.86,2.08,83.54,0.06,15-Aug-2020 - 00:00,"Shastri Nagar, Narnaul - HSPCB"
15-Aug-2020 - 00:00,5.76,19.26,17.73,30.22,29.36,35.24,1.17,0.23,12.92,1.94,0.22,0.53,0.54,1.08,85.28,345.9,2.1,104.32,0.0,16-Aug-2020 - 00:00,"Shastri Nagar, Narnaul - HSPCB"
16-Aug-2020 - 00:00,6.93,28.49,17.89,30.22,29.44,37.62,1.55,0.22,12.17,1.89,0.16,0.39,0.39,0.8,85.12,328.8,1.88,159.3,0.0,17-Aug-2020 - 00:00,"Shastri Nagar, Narnaul - HSPCB"
17-Aug-2020 - 00:00,9.54,44.55,20.89,28.24,28.38,38.07,2.09,0.3,11.78,2.53,0.24,0.65,0.53,1.23,81.64,364.15,1.93,172.02,0.0,18-Aug-2020 - 00:00,"Shastri Nagar, Narnaul - HSPCB"
18-Aug-2020 - 00:00,10.76,32.88,20.82,30.56,31.25,37.26,,0.28,11.42,2.09,0.2,0.67,0.62,1.42,91.82,125.57,2.31,200.38,0.04,19-Aug-2020 - 00:00,"Shastri Nagar, Narnaul - HSPCB"
19-Aug-2020 - 00:00,13.93,37.16,21.7,30.52,31.68,37.1,,0.26,12.33,2.14,43.12,0.57,0.56,1.32,92.3,87.49,2.82,195.87,0.27,20-Aug-2020 - 00:00,"Shastri Nagar, Narnaul - HSPCB"
20-Aug-2020 - 00:00,6.29,17.48,24.43,29.9,32.58,36.88,8.93,0.22,15.87,2.41,108.36,0.39,0.35,0.67,90.41,241.64,2.67,112.93,0.0,21-Aug-2020 - 00:00,"Shastri Nagar, Narnaul - HSPCB"
21-Aug-2020 - 00:00,10.26,33.04,22.42,30.03,31.67,37.09,3.5,0.23,13.15,2.98,121.5,0.46,0.73,1.03,81.39,406.02,3.19,78.65,0.0,22-Aug-2020 - 00:00,"Shastri Nagar, Narnaul - HSPCB"
22-Aug-2020 - 00:00,13.01,29.01,22.36,30.38,31.92,37.01,3.7,0.21,14.48,2.4,111.04,0.54,0.82,1.19,80.77,424.26,4.27,71.96,0.0,23-Aug-2020 - 00:00,"Shastri Nagar, Narnaul - HSPCB"
23-Aug-2020 - 00:00,16.82,27.77,22.44,30.16,31.78,37.11,3.86,0.19,14.56,1.65,103.35,0.49,0.52,0.89,83.42,285.96,4.65,70.7,0.0,24-Aug-2020 - 00:00,"Shastri Nagar, Narnaul - HSPCB"
24-Aug-2020 - 00:00,9.42,17.32,22.28,30.41,31.9,37.05,4.02,0.16,14.46,1.52,83.74,0.39,0.37,0.74,86.37,270.46,3.82,129.88,0.0,25-Aug-2020 - 00:00,"Shastri Nagar, Narnaul - HSPCB"
25-Aug-2020 - 00:00,11.94,22.2,22.4,30.56,32.07,37.03,4.37,0.18,13.06,1.79,105.06,0.53,0.49,1.1,86.23,322.75,2.71,149.08,0.0,26-Aug-2020 - 00:00,"Shastri Nagar, Narnaul - HSPCB"
26-Aug-2020 - 00:00,7.25,31.3,22.55,31.82,32.45,38.03,4.78,0.14,12.82,2.61,124.01,2.48,2.69,6.91,75.53,344.73,3.1,228.56,0.0,27-Aug-2020 - 00:00,"Shastri Nagar, Narnaul - HSPCB"
27-Aug-2020 - 00:00,9.98,42.65,22.95,33.17,33.04,38.95,4.94,0.16,14.7,2.18,125.84,1.68,1.54,4.52,74.21,452.7,4.26,259.06,0.0,28-Aug-2020 - 00:00,"Shastri Nagar, Narnaul - HSPCB"
28-Aug-2020 - 00:00,9.81,38.82,23.85,33.29,33.45,38.99,4.2,0.27,13.95,3.2,138.15,1.32,0.92,2.55,67.46,291.12,5.2,223.59,0.0,29-Aug-2020 - 00:00,"Shastri Nagar, Narnaul - HSPCB"
29-Aug-2020 - 00:00,15.64,55.04,21.78,32.98,32.28,39.18,3.91,0.18,13.62,2.53,5.4,1.08,1.11,2.67,60.32,217.26,3.94,112.87,0.0,30-Aug-2020 - 00:00,"Shastri Nagar, Narnaul - HSPCB"
30-Aug-2020 - 00:00,21.14,39.67,21.53,33.25,32.38,39.23,4.02,0.2,13.85,2.22,0.21,0.94,1.34,2.27,60.32,217.26,6.07,88.45,0.01,31-Aug-2020 - 00:00,"Shastri Nagar, Narnaul - HSPCB"
31-Aug-2020 - 00:00,5.3,19.9,22.89,33.18,33.03,38.99,3.95,0.11,16.15,1.61,0.11,0.4,0.41,0.92,66.75,267.82,6.86,160.23,0.0,01-Sep-2020 - 00:00,"Shastri Nagar, Narnaul - HSPCB"
01-Sep-2020 - 00:00,7.93,30.21,23.39,32.88,32.85,39.18,4.26,0.23,13.42,1.9,0.15,0.63,0.34,0.86,82.49,390.48,7.04,192.84,0.0,02-Sep-2020 - 00:00,"Shastri Nagar, Narnaul - HSPCB"
02-Sep-2020 - 00:00,8.85,33.41,22.35,33.11,32.68,39.07,4.21,0.21,12.61,2.46,0.33,0.99,0.47,1.1,64.68,424.96,7.61,262.23,0.0,03-Sep-2020 - 00:00,"Shastri Nagar, Narnaul - HSPCB"
03-Sep-2020 - 00:00,21.2,63.0,22.59,33.23,32.91,39.01,5.22,0.36,14.34,4.04,0.73,3.94,3.87,5.26,76.72,244.92,6.27,160.22,0.01,04-Sep-2020 - 00:00,"Shastri Nagar, Narnaul - HSPCB"
04-Sep-2020 - 00:00,11.6,35.5,22.27,33.18,32.69,39.07,6.54,0.76,13.4,6.2,1.13,6.05,5.54,7.61,82.23,281.19,5.49,166.67,0.0,05-Sep-2020 - 00:00,"Shastri Nagar, Narnaul - HSPCB"
05-Sep-2020 - 00:00,12.28,41.11,22.14,33.45,32.85,39.09,7.22,0.94,12.32,7.4,1.19,6.7,6.05,8.97,86.61,236.57,5.59,223.81,0.14,06-Sep-2020 - 00:00,"Shastri Nagar, Narnaul - HSPCB"
06-Sep-2020 - 00:00,5.53,17.08,22.31,33.18,32.73,39.07,7.05,0.68,12.73,6.64,1.02,5.47,5.05,7.78,79.62,462.22,5.23,263.13,0.0,07-Sep-2020 - 00:00,"Shastri Nagar, Narnaul - HSPCB"
07-Sep-2020 - 00:00,8.08,28.71,22.16,33.22,32.65,39.08,6.99,0.7,13.56,6.3,0.85,4.73,4.17,6.69,82.36,14.9,6.17,249.56,0.05,08-Sep-2020 - 00:00,"Shastri Nagar, Narnaul - HSPCB"
08-Sep-2020 - 00:00,13.48,47.31,22.08,33.15,32.58,39.19,6.9,0.75,12.85,6.14,0.45,3.69,3.13,5.63,75.57,429.98,5.97,268.77,0.0,09-Sep-2020 - 00:00,"Shastri Nagar, Narnaul - HSPCB"
09-Sep-2020 - 00:00,19.93,81.07,24.11,35.94,32.63,41.78,6.99,0.75,12.46,6.8,0.7,4.54,4.18,7.07,70.45,483.66,5.96,279.21,0.0,10-Sep-2020 - 00:00,"Shastri Nagar, Narnaul - HSPCB"
10-Sep-2020 - 00:00,23.04,100.77,26.16,38.18,32.65,44.13,7.03,0.65,12.38,6.49,0.57,4.22,3.66,6.27,66.23,517.29,6.2,257.77,0.0,11-Sep-2020 - 00:00,"Shastri Nagar, Narnaul - HSPCB"
11-Sep-2020 - 00:00,21.44,99.11,25.83,37.94,32.28,44.16,7.03,0.62,12.45,7.54,0.29,2.89,0.86,1.46,63.38,557.18,6.37,230.33,0.0,12-Sep-2020 - 00:00,"Shastri Nagar, Narnaul - HSPCB"
12-Sep-2020 - 00:00,35.91,138.01,34.02,39.97,38.19,42.98,9.23,0.68,11.24,9.44,0.18,2.83,1.03,1.67,,466.33,5.4,157.33,0.0,13-Sep-2020 - 00:00,"Shastri Nagar, Narnaul - HSPCB"
13-Sep-2020 - 00:00,41.48,151.72,41.74,36.68,39.24,41.06,11.89,0.65,12.42,7.24,0.09,0.51,0.08,0.18,56.05,498.61,3.88,191.83,0.0,14-Sep-2020 - 00:00,"Shastri Nagar, Narnaul - HSPCB"
14-Sep-2020 - 00:00,36.04,135.67,27.1,38.35,33.21,36.99,4.78,0.47,15.4,5.63,0.12,0.76,0.72,1.55,54.66,517.54,3.36,213.75,0.0,15-Sep-2020 - 00:00,"Shastri Nagar, Narnaul - HSPCB"
15-Sep-2020 - 00:00,39.67,143.06,24.91,38.19,32.0,37.28,5.03,0.49,14.87,4.25,0.17,1.09,0.93,2.47,57.69,506.87,3.07,239.07,0.0,16-Sep-2020 - 00:00,"Shastri Nagar, Narnaul - HSPCB"
16-Sep-2020 - 00:00,38.88,140.06,24.98,38.3,32.13,37.18,5.28,0.46,14.57,4.04,0.09,0.81,0.93,2.01,54.98,488.37,3.93,264.66,0.0,17-Sep-2020 - 00:00,"Shastri Nagar, Narnaul - HSPCB"
17-Sep-2020 - 00:00,15.85,78.14,25.4,37.91,32.04,35.48,5.49,0.26,13.96,2.7,0.06,0.48,0.5,1.11,55.46,517.1,5.93,267.75,0.0,18-Sep-2020 - 00:00,"Shastri Nagar, Narnaul - HSPCB"
18-Sep-2020 - 00:00,17.28,68.22,25.29,38.25,32.25,34.18,5.57,0.27,14.04,2.58,0.04,0.37,0.41,0.85,55.31,503.26,5.08,279.03,0.0,19-Sep-2020 - 00:00,"Shastri Nagar, Narnaul - HSPCB"
19-Sep-2020 - 00:00,21.54,76.79,25.53,36.7,30.83,35.21,5.87,0.26,12.91,2.81,0.03,0.36,0.42,0.85,62.36,422.47,4.91,220.8,0.0,20-Sep-2020 - 00:00,"Shastri Nagar, Narnaul - HSPCB"
20-Sep-2020 - 00:00,25.4,95.32,25.56,35.29,29.42,36.14,6.1,0.33,16.48,3.43,0.03,0.34,0.41,0.75,59.82,513.96,6.3,222.96,0.0,21-Sep-2020 - 00:00,"Shastri Nagar, Narnaul - HSPCB"
21-Sep-2020 - 00:00,35.29,131.83,26.2,33.9,28.37,35.35,6.32,0.48,17.17,4.07,0.04,0.4,0.46,0.91,57.65,525.71,6.04,181.23,0.0,22-Sep-2020 - 00:00,"Shastri Nagar, Narnaul - HSPCB"
22-Sep-2020 - 00:00,37.05,115.38,27.52,32.09,27.24,34.19,6.58,0.45,16.16,4.35,0.07,0.56,0.73,1.36,51.56,418.53,7.3,173.27,0.0,23-Sep-2020 - 00:00,"Shastri Nagar, Narnaul - HSPCB"
23-Sep-2020 - 00:00,21.59,63.62,27.46,32.42,27.47,34.11,6.71,0.37,15.02,3.44,0.07,0.58,0.71,1.4,40.17,363.43,6.89,129.07,0.0,24-Sep-2020 - 00:00,"Shastri Nagar, Narnaul - HSPCB"
24-Sep-2020 - 00:00,23.1,72.21,27.61,32.12,27.31,34.16,6.93,0.34,16.05,3.01,0.08,0.59,0.66,1.41,34.88,487.66,7.69,109.63,0.0,25-Sep-2020 - 00:00,"Shastri Nagar, Narnaul - HSPCB"
25-Sep-2020 - 00:00,45.0,239.14,35.02,29.6,25.3,37.18,7.41,0.69,12.82,4.09,0.13,1.54,0.84,2.05,18.23,355.15,7.23,240.71,0.0,26-Sep-2020 - 00:00,"Shastri Nagar, Narnaul - HSPCB"
26-Sep-2020 - 00:00,19.93,74.57,27.94,32.04,27.42,34.14,5.01,0.17,13.42,1.86,0.08,1.11,0.54,1.47,58.52,311.09,6.59,255.9,0.0,27-Sep-2020 - 00:00,"Shastri Nagar, Narnaul - HSPCB"
27-Sep-2020 - 00:00,14.96,67.51,27.33,32.39,27.38,34.15,5.11,0.2,13.88,1.64,0.07,0.48,0.41,0.99,53.25,517.73,6.0,247.36,0.0,28-Sep-2020 - 00:00,"Shastri Nagar, Narnaul - HSPCB"
28-Sep-2020 - 00:00,25.3,113.73,26.8,32.18,26.93,34.29,5.31,0.33,14.27,2.54,0.07,0.59,0.57,1.45,49.01,517.01,5.7,241.09,0.0,29-Sep-2020 - 00:00,"Shastri Nagar, Narnaul - HSPCB"
29-Sep-2020 - 00:00,28.83,138.3,28.43,35.12,28.66,36.57,5.53,0.4,15.9,3.09,0.12,0.64,0.62,1.62,46.02,488.08,7.43,255.06,0.0,30-Sep-2020 - 00:00,"Shastri Nagar, Narnaul - HSPCB"
30-Sep-2020 - 00:00,27.08,128.75,30.13,37.27,30.18,38.19,5.82,0.33,14.4,3.31,0.17,0.76,0.76,1.93,43.37,508.64,7.97,243.1,0.0,01-Oct-2020 - 00:00,"Shastri Nagar, Narnaul - HSPCB"
01-Oct-2020 - 00:00,26.6,134.36,30.73,37.07,30.33,38.21,6.07,0.45,20.98,3.4,0.18,0.89,0.84,2.72,34.65,511.56,8.0,271.85,0.0,02-Oct-2020 - 00:00,"Shastri Nagar, Narnaul - HSPCB"
02-Oct-2020 - 00:00,21.56,105.41,31.06,37.41,30.78,38.07,6.05,0.26,15.35,3.42,0.18,0.67,0.59,1.69,31.61,523.91,7.94,268.63,0.0,03-Oct-2020 - 00:00,"Shastri Nagar, Narnaul - HSPCB"
03-Oct-2020 - 00:00,31.04,148.7,35.47,32.95,28.6,38.4,6.12,0.39,18.47,3.53,0.19,0.66,0.65,1.73,34.82,511.68,4.83,220.87,0.0,04-Oct-2020 - 00:00,"Shastri Nagar, Narnaul - HSPCB"
04-Oct-2020 - 00:00,41.91,164.47,40.66,28.09,26.31,39.14,6.3,0.46,22.29,4.4,0.23,0.82,0.85,2.37,34.98,499.14,4.11,231.17,0.0,05-Oct-2020 - 00:00,"Shastri Nagar, Narnaul - HSPCB"
05-Oct-2020 - 00:00,38.9,149.36,36.34,25.06,23.63,35.01,5.31,0.42,26.52,3.48,0.19,0.61,0.44,1.18,33.57,496.98,4.66,272.05,0.0,06-Oct-2020 - 00:00,"Shastri Nagar, Narnaul - HSPCB"
06-Oct-2020 - 00:00,36.84,155.76,19.95,32.19,46.96,36.47,4.18,0.41,20.56,2.62,0.13,0.54,0.27,0.73,30.64,736.61,3.94,270.04,0.0,07-Oct-2020 - 00:00,"Shastri Nagar, Narnaul - HSPCB"
07-Oct-2020 - 00:00,37.16,158.96,18.35,33.13,47.14,37.43,4.27,0.43,18.8,3.78,0.16,0.82,0.83,2.24,30.33,849.07,4.14,228.74,0.0,08-Oct-2020 - 00:00,"Shastri Nagar, Narnaul - HSPCB"
08-Oct-2020 - 00:00,38.4,170.89,17.86,33.35,47.06,33.28,4.35,0.44,19.84,4.03,0.18,0.71,0.7,1.94,33.65,736.9,4.41,248.22,0.0,09-Oct-2020 - 00:00,"Shastri Nagar, Narnaul - HSPCB"
09-Oct-2020 - 00:00,37.59,179.86,18.88,32.95,45.6,30.1,4.18,0.48,20.08,3.55,0.16,0.63,0.62,1.58,32.99,472.54,3.49,188.93,0.0,10-Oct-2020 - 00:00,"Shastri Nagar, Narnaul - HSPCB"
10-Oct-2020 - 00:00,43.03,176.73,17.36,34.23,46.69,28.95,2.93,0.48,36.81,4.15,0.13,0.55,0.59,1.51,35.53,464.47,5.3,258.31,0.0,11-Oct-2020 - 00:00,"Shastri Nagar, Narnaul - HSPCB"
11-Oct-2020 - 00:00,40.24,163.67,17.41,38.41,46.87,26.53,3.19,0.45,16.55,5.31,0.14,0.6,0.63,1.63,33.16,459.14,5.44,276.35,0.0,12-Oct-2020 - 00:00,"Shastri Nagar, Narnaul - HSPCB"
12-Oct-2020 - 00:00,39.83,194.88,17.33,38.3,46.74,33.4,3.12,0.45,18.24,4.66,0.12,0.56,0.61,1.56,28.31,479.82,3.58,165.25,0.0,13-Oct-2020 - 00:00,"Shastri Nagar, Narnaul - HSPCB"
13-Oct-2020 - 00:00,67.81,228.76,19.14,35.85,44.92,34.9,3.24,0.6,18.19,5.0,0.12,0.63,0.78,1.79,32.56,443.84,2.69,177.57,0.0,14-Oct-2020 - 00:00,"Shastri Nagar, Narnaul - HSPCB"
14-Oct-2020 - 00:00,96.27,214.32,20.14,34.25,43.6,32.52,3.62,0.78,28.96,5.4,0.11,0.53,0.78,1.37,48.9,340.41,2.44,166.0,0.0,15-Oct-2020 - 00:00,"Shastri Nagar, Narnaul - HSPCB"
15-Oct-2020 - 00:00,87.36,178.28,20.01,34.28,43.55,32.53,3.75,0.71,18.87,5.03,0.11,0.5,0.65,1.26,44.2,381.8,4.16,130.16,0.0,16-Oct-2020 - 00:00,"Shastri Nagar, Narnaul - HSPCB"
16-Oct-2020 - 00:00,69.86,191.14,24.68,36.0,44.73,36.55,3.55,0.59,18.21,4.3,0.1,0.48,0.6,1.31,25.02,474.92,3.5,196.6,0.0,17-Oct-2020 - 00:00,"Shastri Nagar, Narnaul - HSPCB"
17-Oct-2020 - 00:00,82.2,207.34,28.16,37.22,45.58,39.5,3.64,0.62,18.14,4.99,0.09,0.46,0.58,1.25,33.71,363.85,3.1,188.16,0.0,18-Oct-2020 - 00:00,"Shastri Nagar, Narnaul - HSPCB"
18-Oct-2020 - 00:00,83.03,207.91,28.14,37.22,45.57,39.51,3.73,0.66,18.34,5.09,0.08,0.4,0.55,1.1,31.94,328.04,3.39,181.62,0.0,19-Oct-2020 - 00:00,"Shastri Nagar, Narnaul - HSPCB"
19-Oct-2020 - 00:00,62.37,172.59,28.15,37.17,45.54,39.51,3.63,0.56,17.99,4.32,0.07,0.34,0.46,0.96,24.76,411.92,2.41,237.78,0.0,20-Oct-2020 - 00:00,"Shastri Nagar, Narnaul - HSPCB"
20-Oct-2020 - 00:00,62.17,205.38,28.06,37.17,45.49,39.51,3.65,0.52,18.14,4.08,0.06,0.29,0.43,0.86,26.54,444.16,1.87,151.26,0.0,21-Oct-2020 - 00:00,"Shastri Nagar, Narnaul - HSPCB"
21-Oct-2020 - 00:00,78.83,229.29,28.1,37.2,45.54,39.52,3.86,0.66,20.94,4.9,0.06,0.35,0.59,1.1,29.63,316.58,1.7,159.68,0.0,22-Oct-2020 - 00:00,"Shastri Nagar, Narnaul - HSPCB"
22-Oct-2020 - 00:00,60.27,144.23,29.2,32.65,43.82,35.52,4.22,0.5,24.03,3.47,0.05,0.25,0.41,0.69,41.16,362.28,1.51,130.89,0.0,23-Oct-2020 - 00:00,"Shastri Nagar, Narnaul - HSPCB"
23-Oct-2020 - 00:00,126.16,271.49,30.07,29.17,42.49,32.49,4.33,0.82,19.53,5.69,0.07,0.37,0.63,1.06,33.87,350.89,1.56,198.4,0.0,24-Oct-2020 - 00:00,"Shastri Nagar, Narnaul - HSPCB"
24-Oct-2020 - 00:00,91.53,212.94,30.05,29.26,42.56,32.5,4.18,0.72,18.28,5.21,37.99,0.37,0.6,1.09,28.4,434.63,2.22,239.39,0.0,25-Oct-2020 - 00:00,"Shastri Nagar, Narnaul - HSPCB"
25-Oct-2020 - 00:00,71.78,213.24,30.04,29.26,42.56,32.5,4.18,0.72,18.91,5.11,61.4,0.28,0.53,0.93,28.01,396.79,1.56,184.89,0.0,26-Oct-2020 - 00:00,"Shastri Nagar, Narnaul - HSPCB"
26-Oct-2020 - 00:00,80.7,193.18,20.84,20.58,29.72,22.51,4.26,0.73,19.34,4.69,48.57,0.23,0.45,0.82,29.11,418.54,2.44,262.86,0.0,27-Oct-2020 - 00:00,"Shastri Nagar, Narnaul - HSPCB"
27-Oct-2020 - 00:00,103.29,192.06,0.74,1.25,1.39,0.53,4.4,0.68,20.82,4.03,46.32,0.13,0.29,0.43,30.68,378.09,2.42,289.29,0.0,28-Oct-2020 - 00:00,"Shastri Nagar, Narnaul - HSPCB"
28-Oct-2020 - 00:00,70.97,174.08,9.36,11.4,13.9,17.08,4.47,0.63,18.25,4.09,49.11,0.17,0.34,0.55,26.7,433.78,1.75,171.99,0.0,29-Oct-2020 - 00:00,"Shastri Nagar, Narnaul - HSPCB"
29-Oct-2020 - 00:00,121.88,242.89,22.54,26.31,32.33,42.59,4.46,0.85,19.62,5.89,54.72,0.21,0.41,0.67,29.51,374.4,1.57,199.92,0.0,30-Oct-2020 - 00:00,"Shastri Nagar, Narnaul - HSPCB"
30-Oct-2020 - 00:00,117.07,224.42,25.44,27.99,34.07,44.79,5.08,0.77,31.27,4.49,38.08,0.13,0.31,0.43,31.15,318.34,2.33,263.85,0.0,31-Oct-2020 - 00:00,"Shastri Nagar, Narnaul - HSPCB"
31-Oct-2020 - 00:00,131.61,231.18,27.59,29.3,35.35,46.56,4.71,0.8,19.88,4.85,39.23,0.14,0.29,0.45,33.35,405.69,3.1,285.81,0.0,01-Nov-2020 - 00:00,"Shastri Nagar, Narnaul - HSPCB"
01-Nov-2020 - 00:00,61.45,139.13,27.58,29.25,35.3,46.56,4.52,0.54,21.05,3.98,35.51,0.11,0.2,0.34,24.67,417.25,3.03,263.41,0.0,02-Nov-2020 - 00:00,"Shastri Nagar, Narnaul - HSPCB"
02-Nov-2020 - 00:00,51.96,145.85,26.48,28.09,34.16,45.47,4.6,0.53,21.82,3.58,29.34,0.17,0.3,0.68,19.75,414.24,2.68,256.05,0.0,03-Nov-2020 - 00:00,"Shastri Nagar, Narnaul - HSPCB"
03-Nov-2020 - 00:00,52.91,148.06,26.12,26.13,32.74,42.88,4.61,0.52,19.6,3.67,31.13,0.15,0.27,0.55,19.99,439.0,2.66,263.62,0.0,04-Nov-2020 - 00:00,"Shastri Nagar, Narnaul - HSPCB"
04-Nov-2020 - 00:00,117.54,210.97,26.95,25.23,32.72,41.96,4.93,0.85,18.81,5.28,33.61,0.14,0.29,0.53,27.96,352.77,2.61,263.2,0.0,05-Nov-2020 - 00:00,"Shastri Nagar, Narnaul - HSPCB"
05-Nov-2020 - 00:00,98.91,181.8,,,,,4.87,0.81,11.33,6.05,39.52,0.16,0.36,0.59,25.59,381.21,1.86,181.47,0.0,06-Nov-2020 - 00:00,"Shastri Nagar, Narnaul - HSPCB"
06-Nov-2020 - 00:00,132.62,267.82,14.06,3.05,8.83,0.71,5.09,0.96,13.16,6.42,37.71,0.14,0.32,0.54,29.58,330.93,1.73,170.11,0.0,07-Nov-2020 - 00:00,"Shastri Nagar, Narnaul - HSPCB"
07-Nov-2020 - 00:00,201.84,267.47,11.13,2.56,7.0,0.72,5.08,1.26,15.89,7.25,38.39,0.13,0.21,0.34,35.04,353.88,2.17,240.87,0.0,08-Nov-2020 - 00:00,"Shastri Nagar, Narnaul - HSPCB"
08-Nov-2020 - 00:00,225.25,203.53,8.47,1.86,5.36,0.66,2.69,1.08,20.58,6.77,35.09,0.09,0.18,0.26,29.01,436.43,1.93,190.59,0.0,09-Nov-2020 - 00:00,"Shastri Nagar, Narnaul - HSPCB"
09-Nov-2020 - 00:00,258.55,259.85,7.5,1.81,4.93,0.62,2.47,1.28,23.33,7.51,34.87,0.09,0.27,0.39,37.3,345.35,2.05,219.25,0.0,10-Nov-2020 - 00:00,"Shastri Nagar, Narnaul - HSPCB"
10-Nov-2020 - 00:00,140.68,191.71,13.43,2.0,7.92,0.76,2.56,1.52,27.07,9.32,32.0,0.12,0.32,0.5,41.42,242.57,1.71,159.59,0.0,11-Nov-2020 - 00:00,"Shastri Nagar, Narnaul - HSPCB"
11-Nov-2020 - 00:00,143.27,224.53,21.78,3.15,12.5,0.62,2.46,1.14,24.94,8.09,32.02,0.13,0.39,0.53,47.04,315.09,1.42,163.15,0.0,12-Nov-2020 - 00:00,"Shastri Nagar, Narnaul - HSPCB"
12-Nov-2020 - 00:00,141.6,190.53,21.47,2.87,11.87,0.71,2.53,0.93,26.14,6.37,33.95,0.1,0.32,0.44,58.39,340.61,1.5,172.85,0.0,13-Nov-2020 - 00:00,"Shastri Nagar, Narnaul - HSPCB"
13-Nov-2020 - 00:00,79.11,117.11,20.03,2.52,11.53,11.75,2.67,0.9,23.79,6.64,35.43,0.12,0.33,0.47,48.13,329.33,1.48,162.17,0.0,14-Nov-2020 - 00:00,"Shastri Nagar, Narnaul - HSPCB"
14-Nov-2020 - 00:00,158.6,225.23,19.95,3.63,11.06,22.36,3.15,1.1,30.42,8.26,30.43,0.14,0.35,0.54,46.86,316.46,1.58,172.35,0.0,15-Nov-2020 - 00:00,"Shastri Nagar, Narnaul - HSPCB"
15-Nov-2020 - 00:00,119.48,158.94,21.37,9.56,12.34,39.27,3.38,0.71,26.12,5.65,17.27,0.16,0.25,1.02,59.64,244.25,2.79,174.88,0.0,16-Nov-2020 - 00:00,"Shastri Nagar, Narnaul - HSPCB"
16-Nov-2020 - 00:00,70.92,77.08,24.55,10.45,14.68,38.91,2.23,0.66,21.82,3.53,26.21,0.08,0.13,0.21,86.37,149.23,2.57,134.77,0.0,17-Nov-2020 - 00:00,"Shastri Nagar, Narnaul - HSPCB"
17-Nov-2020 - 00:00,34.55,51.05,23.43,9.37,13.2,39.32,2.64,0.56,18.06,3.34,32.61,0.09,0.14,0.21,62.16,,3.36,296.04,0.0,18-Nov-2020 - 00:00,"Shastri Nagar, Narnaul - HSPCB"
18-Nov-2020 - 00:00,68.55,83.85,23.08,9.79,13.37,39.26,2.71,0.67,25.08,4.99,33.45,0.09,0.21,0.32,60.43,319.97,2.03,169.88,0.0,19-Nov-2020 - 00:00,"Shastri Nagar, Narnaul - HSPCB"
19-Nov-2020 - 00:00,60.86,98.17,22.96,9.26,12.85,31.14,2.76,0.67,23.81,4.94,29.31,0.11,0.21,0.41,44.67,361.1,2.2,251.19,0.0,20-Nov-2020 - 00:00,"Shastri Nagar, Narnaul - HSPCB"
20-Nov-2020 - 00:00,89.4,141.99,19.84,9.6,11.6,25.95,2.67,0.62,25.83,4.04,22.59,0.1,0.19,0.41,42.39,383.8,3.17,283.51,0.0,21-Nov-2020 - 00:00,"Shastri Nagar, Narnaul - HSPCB"
21-Nov-2020 - 00:00,75.56,109.68,20.07,10.16,12.14,27.32,2.34,0.5,24.86,3.45,20.02,0.03,0.1,0.17,42.18,359.67,3.98,294.84,0.0,22-Nov-2020 - 00:00,"Shastri Nagar, Narnaul - HSPCB"
22-Nov-2020 - 00:00,81.27,131.88,18.49,9.39,10.75,27.4,1.67,0.65,23.0,5.09,20.29,0.03,0.11,0.18,39.06,361.34,2.71,220.82,0.0,23-Nov-2020 - 00:00,"Shastri Nagar, Narnaul - HSPCB"
23-Nov-2020 - 00:00,93.04,138.81,18.35,9.37,10.66,27.26,1.91,0.75,30.29,5.19,21.46,0.04,0.15,0.23,40.86,375.3,1.9,149.17,0.0,24-Nov-2020 - 00:00,"Shastri Nagar, Narnaul - HSPCB"
24-Nov-2020 - 00:00,122.14,178.46,18.06,9.34,10.42,24.48,2.11,0.8,31.93,5.61,20.19,0.06,0.22,0.28,48.06,309.22,1.72,130.06,0.0,25-Nov-2020 - 00:00,"Shastri Nagar, Narnaul - HSPCB"
25-Nov-2020 - 00:00,140.29,172.91,17.81,9.19,10.22,24.47,2.45,0.7,40.48,4.32,17.17,0.03,0.14,0.17,49.92,215.87,2.08,114.65,0.0,26-Nov-2020 - 00:00,"Shastri Nagar, Narnaul - HSPCB"
26-Nov-2020 - 00:00,91.45,119.17,18.29,9.45,10.71,24.29,2.48,0.75,25.35,5.36,19.57,0.05,0.2,0.22,68.64,260.73,2.46,170.17,0.0,27-Nov-2020 - 00:00,"Shastri Nagar, Narnaul - HSPCB"
27-Nov-2020 - 00:00,45.75,76.03,18.22,8.98,10.27,24.37,2.41,0.43,24.6,2.49,13.24,0.02,0.08,0.1,58.72,410.75,3.45,327.51,0.0,28-Nov-2020 - 00:00,"Shastri Nagar, Narnaul - HSPCB"
28-Nov-2020 - 00:00,59.93,108.03,18.26,9.34,10.62,24.33,2.53,0.52,28.5,3.23,15.75,0.02,0.1,0.12,46.86,404.81,2.8,293.36,0.0,29-Nov-2020 - 00:00,"Shastri Nagar, Narnaul - HSPCB"
29-Nov-2020 - 00:00,75.81,113.14,17.98,9.41,10.52,24.41,2.55,0.79,28.7,5.62,18.21,0.04,0.13,0.2,41.05,401.95,2.12,203.22,0.0,30-Nov-2020 - 00:00,"Shastri Nagar, Narnaul - HSPCB"
30-Nov-2020 - 00:00,95.88,176.83,18.25,9.45,10.69,24.35,2.69,0.89,27.96,6.5,20.85,0.06,0.19,0.31,42.35,374.7,1.86,218.91,0.0,01-Dec-2020 - 00:00,"Shastri Nagar, Narnaul - HSPCB"
01-Dec-2020 - 00:00,136.15,236.15,18.18,6.07,7.81,24.5,2.71,1.31,22.25,8.48,24.86,0.11,0.32,0.56,53.17,,1.91,211.26,0.0,02-Dec-2020 - 00:00,"Shastri Nagar, Narnaul - HSPCB"
