from date,Benzene,Eth-Benzene,MP-Xylene,O Xylene,BP,PM10,PM2.5,RF,RH,Temp,WD,WS,CO,NH3,NO,NO2,NOx,Ozone,SO2,to date,station
01-Jan-2020 - 00:00,3.86,1.13,1.93,1.16,747.81,184.59,90.94,0.0,74.87,12.52,67.17,1.19,0.74,24.26,14.08,33.34,47.42,44.62,8.27,02-Jan-2020 - 00:00,"Shrinath Puram, Kota - RSPCB"
02-Jan-2020 - 00:00,3.74,0.76,1.46,0.9,748.5,177.29,88.94,0.0,82.48,13.96,140.22,1.17,0.61,29.88,15.07,31.05,45.98,41.6,8.11,03-Jan-2020 - 00:00,"Shrinath Puram, Kota - RSPCB"
03-Jan-2020 - 00:00,3.08,0.59,1.37,0.87,747.08,129.49,66.86,0.0,74.11,15.99,224.38,0.87,0.66,28.26,19.18,31.57,50.75,42.41,8.2,04-Jan-2020 - 00:00,"Shrinath Puram, Kota - RSPCB"
04-Jan-2020 - 00:00,3.69,1.17,2.59,1.58,746.81,133.38,71.74,0.0,86.82,14.11,184.0,0.62,0.73,27.47,30.27,29.83,60.11,23.67,9.15,05-Jan-2020 - 00:00,"Shrinath Puram, Kota - RSPCB"
05-Jan-2020 - 00:00,3.7,1.41,3.2,1.89,747.54,144.0,69.42,0.0,76.52,14.65,146.23,0.95,0.71,25.64,24.34,27.96,52.3,24.35,8.17,06-Jan-2020 - 00:00,"Shrinath Puram, Kota - RSPCB"
06-Jan-2020 - 00:00,2.57,1.44,2.93,1.66,747.17,103.58,44.58,0.0,60.41,17.35,151.0,1.14,0.65,27.32,28.13,28.51,55.61,24.81,8.67,07-Jan-2020 - 00:00,"Shrinath Puram, Kota - RSPCB"
07-Jan-2020 - 00:00,3.47,1.8,3.73,2.22,744.13,145.58,63.86,0.0,66.91,18.27,169.8,0.85,0.73,21.74,23.57,21.51,45.07,23.28,7.35,08-Jan-2020 - 00:00,"Shrinath Puram, Kota - RSPCB"
08-Jan-2020 - 00:00,2.42,0.91,2.01,1.2,742.99,86.12,44.68,0.0,73.86,16.58,291.94,1.98,0.49,26.59,11.32,20.45,31.69,39.91,7.44,09-Jan-2020 - 00:00,"Shrinath Puram, Kota - RSPCB"
09-Jan-2020 - 00:00,1.68,0.61,1.17,0.74,748.52,69.27,32.71,0.0,63.67,12.83,168.28,1.1,0.51,16.69,14.24,25.34,39.56,43.45,7.46,10-Jan-2020 - 00:00,"Shrinath Puram, Kota - RSPCB"
10-Jan-2020 - 00:00,2.22,0.76,1.77,1.08,749.53,93.33,41.15,0.0,62.5,12.0,132.98,0.8,0.6,13.33,16.29,29.03,45.26,35.99,8.48,11-Jan-2020 - 00:00,"Shrinath Puram, Kota - RSPCB"
11-Jan-2020 - 00:00,3.05,1.09,2.7,1.57,748.72,99.74,54.1,0.0,60.87,12.71,153.19,0.92,0.72,11.06,22.17,30.28,52.42,31.58,8.17,12-Jan-2020 - 00:00,"Shrinath Puram, Kota - RSPCB"
12-Jan-2020 - 00:00,3.77,1.38,3.38,1.96,745.81,93.66,60.21,0.0,61.34,15.31,163.68,0.93,0.86,12.44,28.1,29.34,57.42,34.67,9.35,13-Jan-2020 - 00:00,"Shrinath Puram, Kota - RSPCB"
13-Jan-2020 - 00:00,3.52,1.16,2.95,1.73,740.91,130.9,55.63,0.0,64.34,19.4,242.74,1.29,0.56,17.5,24.31,22.93,47.21,35.15,7.69,14-Jan-2020 - 00:00,"Shrinath Puram, Kota - RSPCB"
14-Jan-2020 - 00:00,2.08,0.42,1.06,0.62,743.98,73.58,34.14,0.0,68.47,16.49,196.78,1.22,0.62,18.47,15.39,25.0,40.37,37.87,7.46,15-Jan-2020 - 00:00,"Shrinath Puram, Kota - RSPCB"
15-Jan-2020 - 00:00,2.98,0.75,1.53,0.89,744.39,92.46,52.81,0.03,85.5,15.09,56.19,1.32,0.63,21.04,14.78,25.35,38.18,42.42,7.7,16-Jan-2020 - 00:00,"Shrinath Puram, Kota - RSPCB"
16-Jan-2020 - 00:00,2.63,0.75,1.41,0.98,743.6,80.48,46.29,0.0,97.43,14.52,229.75,1.22,0.5,20.87,14.67,19.51,34.18,26.56,7.67,17-Jan-2020 - 00:00,"Shrinath Puram, Kota - RSPCB"
17-Jan-2020 - 00:00,1.76,0.48,1.03,0.61,746.14,69.66,38.95,0.0,79.79,14.21,239.5,1.18,0.52,23.31,11.63,22.09,33.63,35.41,8.08,18-Jan-2020 - 00:00,"Shrinath Puram, Kota - RSPCB"
18-Jan-2020 - 00:00,2.34,0.69,1.74,0.97,747.0,83.26,44.93,0.0,84.01,13.75,134.83,0.85,0.77,28.62,18.79,17.5,36.24,25.52,7.92,19-Jan-2020 - 00:00,"Shrinath Puram, Kota - RSPCB"
19-Jan-2020 - 00:00,2.92,1.1,2.67,1.53,748.56,79.53,44.02,0.0,89.28,12.92,160.18,0.8,0.57,27.91,27.1,18.06,45.15,21.26,7.66,20-Jan-2020 - 00:00,"Shrinath Puram, Kota - RSPCB"
20-Jan-2020 - 00:00,2.83,0.99,2.43,1.4,747.16,90.38,41.64,0.0,80.7,13.6,147.88,0.8,0.52,27.29,13.75,22.2,35.89,28.73,7.87,21-Jan-2020 - 00:00,"Shrinath Puram, Kota - RSPCB"
21-Jan-2020 - 00:00,2.91,1.11,2.78,1.56,746.39,117.25,50.53,0.0,78.38,15.67,174.07,0.91,0.49,30.7,19.33,25.61,44.91,24.12,8.37,22-Jan-2020 - 00:00,"Shrinath Puram, Kota - RSPCB"
22-Jan-2020 - 00:00,2.24,0.83,2.07,1.22,748.97,76.16,31.83,0.0,75.05,15.52,164.1,1.02,0.54,33.41,8.39,23.35,31.67,31.96,7.51,23-Jan-2020 - 00:00,"Shrinath Puram, Kota - RSPCB"
23-Jan-2020 - 00:00,2.39,0.81,2.22,1.34,749.45,91.83,40.47,0.0,64.46,15.33,206.26,0.77,0.64,30.36,14.26,21.31,35.5,13.03,7.81,24-Jan-2020 - 00:00,"Shrinath Puram, Kota - RSPCB"
24-Jan-2020 - 00:00,2.32,0.99,2.76,1.74,747.19,69.95,30.33,0.0,48.78,15.44,176.86,0.94,0.57,26.5,12.11,23.0,35.01,4.18,8.04,25-Jan-2020 - 00:00,"Shrinath Puram, Kota - RSPCB"
25-Jan-2020 - 00:00,2.63,1.0,2.81,1.63,746.0,94.24,40.46,0.0,50.51,16.49,179.74,0.74,0.73,25.36,17.1,28.86,45.9,16.83,8.62,26-Jan-2020 - 00:00,"Shrinath Puram, Kota - RSPCB"
26-Jan-2020 - 00:00,3.19,1.26,3.49,1.94,744.28,116.22,45.71,0.0,54.38,17.88,142.5,0.97,0.65,25.36,10.61,25.5,36.05,12.05,8.41,27-Jan-2020 - 00:00,"Shrinath Puram, Kota - RSPCB"
27-Jan-2020 - 00:00,2.75,1.16,3.0,1.68,740.32,108.16,37.88,0.0,63.62,18.88,142.33,0.87,0.65,21.06,11.37,17.87,29.08,30.92,7.93,28-Jan-2020 - 00:00,"Shrinath Puram, Kota - RSPCB"
28-Jan-2020 - 00:00,1.92,0.99,2.68,1.6,739.63,61.75,23.36,0.0,45.6,20.52,261.81,1.5,0.33,18.11,10.37,17.11,27.47,52.2,7.71,29-Jan-2020 - 00:00,"Shrinath Puram, Kota - RSPCB"
29-Jan-2020 - 00:00,1.29,0.47,1.26,0.76,745.82,53.17,20.81,0.0,48.15,17.15,161.23,1.09,0.63,18.31,10.46,16.37,26.83,45.43,7.63,30-Jan-2020 - 00:00,"Shrinath Puram, Kota - RSPCB"
30-Jan-2020 - 00:00,1.87,0.63,1.88,1.11,747.33,69.16,30.5,0.0,52.36,15.56,164.28,1.01,0.58,18.08,11.99,18.54,30.52,12.59,7.75,31-Jan-2020 - 00:00,"Shrinath Puram, Kota - RSPCB"
31-Jan-2020 - 00:00,1.44,0.38,1.45,0.83,744.67,71.33,27.74,0.0,48.87,16.28,124.7,1.07,0.57,18.85,9.69,17.06,26.74,4.54,7.28,01-Feb-2020 - 00:00,"Shrinath Puram, Kota - RSPCB"
01-Feb-2020 - 00:00,1.7,0.52,1.86,1.07,746.97,79.16,33.7,0.0,49.72,16.51,138.85,0.93,0.56,19.3,10.78,18.07,28.84,14.18,7.95,02-Feb-2020 - 00:00,"Shrinath Puram, Kota - RSPCB"
02-Feb-2020 - 00:00,2.02,0.41,2.2,1.29,748.83,85.85,37.7,0.0,52.14,15.23,151.47,0.93,0.67,18.41,11.91,17.56,29.46,9.96,7.72,03-Feb-2020 - 00:00,"Shrinath Puram, Kota - RSPCB"
03-Feb-2020 - 00:00,2.39,0.34,2.45,1.41,747.25,93.6,41.43,0.0,60.83,15.64,163.13,0.96,0.71,18.72,13.52,19.8,33.33,11.22,7.15,04-Feb-2020 - 00:00,"Shrinath Puram, Kota - RSPCB"
04-Feb-2020 - 00:00,2.79,0.4,3.09,1.75,744.9,115.08,47.36,0.0,62.78,16.58,150.13,0.81,0.65,20.03,12.43,20.59,33.02,13.86,8.27,05-Feb-2020 - 00:00,"Shrinath Puram, Kota - RSPCB"
05-Feb-2020 - 00:00,2.67,0.73,2.87,1.66,745.97,91.83,44.94,0.0,57.72,17.18,130.21,0.99,0.6,20.76,12.55,20.39,32.93,8.77,7.56,06-Feb-2020 - 00:00,"Shrinath Puram, Kota - RSPCB"
06-Feb-2020 - 00:00,2.66,0.57,2.83,1.61,744.94,104.55,53.64,0.0,62.53,16.59,202.15,0.92,0.64,38.78,22.56,40.52,61.26,26.98,7.39,07-Feb-2020 - 00:00,"Shrinath Puram, Kota - RSPCB"
07-Feb-2020 - 00:00,2.47,0.49,2.47,1.35,747.02,93.38,51.72,0.0,56.63,16.82,136.36,1.03,0.53,57.04,15.98,66.4,81.96,20.21,8.05,08-Feb-2020 - 00:00,"Shrinath Puram, Kota - RSPCB"
08-Feb-2020 - 00:00,2.86,0.49,2.83,1.89,749.86,112.92,58.1,0.0,57.45,15.89,135.59,0.82,0.78,69.17,23.96,46.17,68.39,35.24,9.35,09-Feb-2020 - 00:00,"Shrinath Puram, Kota - RSPCB"
09-Feb-2020 - 00:00,2.74,0.36,2.54,1.54,750.47,111.52,57.83,0.0,59.23,15.18,179.59,0.99,0.5,23.63,29.4,25.49,53.82,28.98,8.52,10-Feb-2020 - 00:00,"Shrinath Puram, Kota - RSPCB"
10-Feb-2020 - 00:00,2.4,0.35,2.39,1.34,748.34,104.19,52.17,0.0,54.69,15.94,154.18,1.01,0.59,18.61,16.48,35.18,51.39,16.69,8.75,11-Feb-2020 - 00:00,"Shrinath Puram, Kota - RSPCB"
11-Feb-2020 - 00:00,2.66,0.36,2.97,1.63,748.15,120.22,57.42,0.0,56.11,17.34,150.08,1.06,0.62,17.96,19.7,24.36,43.46,11.84,8.92,12-Feb-2020 - 00:00,"Shrinath Puram, Kota - RSPCB"
12-Feb-2020 - 00:00,3.08,0.36,3.29,1.82,748.85,135.22,63.09,0.0,57.02,19.1,184.01,0.78,0.82,21.67,27.7,26.79,53.57,28.7,9.51,13-Feb-2020 - 00:00,"Shrinath Puram, Kota - RSPCB"
13-Feb-2020 - 00:00,3.38,0.35,4.32,2.36,746.55,104.11,50.21,0.0,53.79,21.6,204.84,0.91,0.63,40.68,11.7,33.09,44.33,50.85,8.76,14-Feb-2020 - 00:00,"Shrinath Puram, Kota - RSPCB"
14-Feb-2020 - 00:00,2.1,0.35,2.58,1.43,744.27,79.39,41.53,0.0,40.63,21.64,277.73,1.46,0.49,43.79,9.35,30.41,39.76,55.8,8.69,15-Feb-2020 - 00:00,"Shrinath Puram, Kota - RSPCB"
15-Feb-2020 - 00:00,1.81,0.36,1.97,1.1,744.42,63.55,37.29,0.0,47.17,21.07,181.0,1.09,0.56,45.93,11.37,29.86,41.19,29.75,8.81,16-Feb-2020 - 00:00,"Shrinath Puram, Kota - RSPCB"
16-Feb-2020 - 00:00,2.26,0.35,2.55,1.39,746.28,70.48,36.85,0.0,51.84,20.97,144.17,0.73,0.71,43.72,13.42,26.52,39.93,27.11,8.82,17-Feb-2020 - 00:00,"Shrinath Puram, Kota - RSPCB"
17-Feb-2020 - 00:00,3.45,1.4,4.3,2.75,747.11,95.69,51.69,0.0,53.2,21.49,134.91,0.81,0.64,45.9,17.19,39.73,56.5,23.16,10.81,18-Feb-2020 - 00:00,"Shrinath Puram, Kota - RSPCB"
18-Feb-2020 - 00:00,3.39,0.49,3.35,1.81,744.91,87.45,40.96,0.0,54.88,21.98,183.75,0.9,0.6,63.49,11.16,33.25,44.41,30.59,9.29,19-Feb-2020 - 00:00,"Shrinath Puram, Kota - RSPCB"
19-Feb-2020 - 00:00,2.72,0.35,2.75,1.45,741.91,56.73,26.81,0.0,49.02,24.0,183.52,0.97,0.49,50.26,11.38,30.16,41.54,27.93,9.29,20-Feb-2020 - 00:00,"Shrinath Puram, Kota - RSPCB"
20-Feb-2020 - 00:00,2.08,0.36,2.56,1.37,740.58,82.69,35.94,0.0,60.95,24.14,153.1,1.05,0.68,30.7,10.49,26.13,36.62,54.04,9.2,21-Feb-2020 - 00:00,"Shrinath Puram, Kota - RSPCB"
21-Feb-2020 - 00:00,2.43,0.36,1.71,0.91,744.77,107.2,47.72,0.0,67.01,20.61,259.4,2.01,0.6,28.77,10.33,25.12,35.32,80.91,8.64,22-Feb-2020 - 00:00,"Shrinath Puram, Kota - RSPCB"
22-Feb-2020 - 00:00,2.68,0.35,2.3,1.17,748.48,84.93,41.61,0.0,81.0,18.81,150.09,1.07,0.59,27.44,9.66,23.21,32.91,67.87,10.06,23-Feb-2020 - 00:00,"Shrinath Puram, Kota - RSPCB"
23-Feb-2020 - 00:00,2.44,0.35,1.9,0.93,746.87,82.59,42.23,0.0,83.27,19.31,217.88,1.05,0.62,29.44,8.42,30.42,38.84,71.13,9.82,24-Feb-2020 - 00:00,"Shrinath Puram, Kota - RSPCB"
24-Feb-2020 - 00:00,1.9,0.35,1.69,0.83,744.24,79.85,40.22,0.0,78.29,20.36,206.68,0.75,0.56,27.09,9.07,48.53,57.61,64.31,10.04,25-Feb-2020 - 00:00,"Shrinath Puram, Kota - RSPCB"
25-Feb-2020 - 00:00,3.16,0.35,2.58,1.37,743.41,89.19,45.38,0.0,70.58,21.34,183.93,0.93,0.84,25.61,14.21,66.05,80.25,38.73,11.07,26-Feb-2020 - 00:00,"Shrinath Puram, Kota - RSPCB"
26-Feb-2020 - 00:00,2.89,0.48,2.75,1.48,743.33,104.73,44.03,0.0,59.02,23.22,202.23,1.11,0.79,23.33,17.42,66.12,83.54,27.19,11.62,27-Feb-2020 - 00:00,"Shrinath Puram, Kota - RSPCB"
27-Feb-2020 - 00:00,2.71,0.38,3.25,1.71,743.03,97.51,41.16,0.0,58.69,24.18,168.34,0.93,0.53,24.99,10.96,60.66,71.62,8.75,11.17,28-Feb-2020 - 00:00,"Shrinath Puram, Kota - RSPCB"
28-Feb-2020 - 00:00,2.74,0.35,3.1,1.58,741.12,97.81,46.09,0.0,65.38,24.59,129.46,1.1,0.55,26.11,11.23,59.47,70.7,32.71,10.83,29-Feb-2020 - 00:00,"Shrinath Puram, Kota - RSPCB"
29-Feb-2020 - 00:00,2.46,0.8,2.67,1.39,739.46,95.15,39.37,0.0,75.27,24.31,204.93,1.05,0.47,28.6,9.52,48.3,57.83,33.46,10.6,01-Mar-2020 - 00:00,"Shrinath Puram, Kota - RSPCB"
01-Mar-2020 - 00:00,1.91,0.76,2.22,1.14,741.35,84.57,29.51,0.0,85.04,21.74,105.43,1.32,0.53,27.94,8.03,37.66,45.68,38.78,9.67,02-Mar-2020 - 00:00,"Shrinath Puram, Kota - RSPCB"
02-Mar-2020 - 00:00,2.55,0.47,3.14,1.59,741.34,95.39,37.72,0.0,78.45,23.22,93.71,1.05,0.44,26.97,7.29,36.31,43.59,51.34,10.35,03-Mar-2020 - 00:00,"Shrinath Puram, Kota - RSPCB"
03-Mar-2020 - 00:00,2.08,0.44,2.57,1.29,740.29,93.75,39.11,0.0,77.82,23.69,98.48,1.16,0.47,25.0,6.55,33.77,40.39,52.49,10.82,04-Mar-2020 - 00:00,"Shrinath Puram, Kota - RSPCB"
04-Mar-2020 - 00:00,2.1,0.5,2.47,1.16,739.1,94.22,48.58,0.0,74.77,23.41,149.31,1.01,0.51,24.94,9.58,38.99,48.67,43.62,11.23,05-Mar-2020 - 00:00,"Shrinath Puram, Kota - RSPCB"
05-Mar-2020 - 00:00,1.77,0.58,2.27,1.09,738.48,110.19,55.75,0.0,62.24,22.82,150.11,1.24,0.42,24.45,7.8,35.62,43.41,40.24,10.09,06-Mar-2020 - 00:00,"Shrinath Puram, Kota - RSPCB"
06-Mar-2020 - 00:00,0.86,0.5,1.81,1.57,738.08,68.77,26.07,0.0,62.29,21.74,240.3,2.08,0.37,23.41,5.44,25.26,30.69,46.78,8.41,07-Mar-2020 - 00:00,"Shrinath Puram, Kota - RSPCB"
07-Mar-2020 - 00:00,0.86,0.36,1.14,0.82,743.24,47.6,20.14,0.0,62.45,20.27,224.22,1.5,0.51,23.45,5.73,32.67,38.4,37.11,8.48,08-Mar-2020 - 00:00,"Shrinath Puram, Kota - RSPCB"
08-Mar-2020 - 00:00,1.82,0.35,2.7,1.87,745.21,68.01,29.97,0.0,66.17,20.91,103.39,1.15,0.54,24.28,7.07,39.59,46.68,17.76,8.93,09-Mar-2020 - 00:00,"Shrinath Puram, Kota - RSPCB"
09-Mar-2020 - 00:00,2.28,0.35,3.04,2.1,743.03,99.17,41.27,0.0,61.68,21.14,149.49,1.1,0.74,23.81,9.15,47.59,56.74,24.64,8.05,10-Mar-2020 - 00:00,"Shrinath Puram, Kota - RSPCB"
10-Mar-2020 - 00:00,2.01,0.36,2.95,2.14,740.13,94.64,34.04,0.0,63.6,21.89,99.38,2.36,0.41,25.08,6.29,35.8,42.08,28.38,9.16,11-Mar-2020 - 00:00,"Shrinath Puram, Kota - RSPCB"
11-Mar-2020 - 00:00,1.11,0.35,1.2,0.85,738.64,62.47,34.58,0.0,66.43,22.79,235.38,1.47,0.37,23.76,5.65,27.83,33.48,22.63,8.48,12-Mar-2020 - 00:00,"Shrinath Puram, Kota - RSPCB"
12-Mar-2020 - 00:00,0.6,0.35,0.81,0.56,741.37,53.33,30.77,0.0,51.83,23.32,211.12,1.45,0.39,21.23,5.12,23.66,28.77,27.19,8.77,13-Mar-2020 - 00:00,"Shrinath Puram, Kota - RSPCB"
13-Mar-2020 - 00:00,0.74,0.35,0.87,0.59,743.49,104.88,44.11,0.0,41.29,22.27,228.5,1.29,0.41,19.56,4.69,19.45,24.13,24.28,8.87,14-Mar-2020 - 00:00,"Shrinath Puram, Kota - RSPCB"
14-Mar-2020 - 00:00,1.02,0.42,0.95,0.64,744.58,101.28,37.47,0.0,50.96,20.62,309.98,1.84,0.41,30.55,6.57,27.39,33.57,27.55,9.11,15-Mar-2020 - 00:00,"Shrinath Puram, Kota - RSPCB"
15-Mar-2020 - 00:00,1.38,0.77,1.53,1.14,745.43,113.49,51.89,0.0,53.6,20.67,242.98,0.96,0.47,22.71,10.74,43.87,54.6,46.64,9.35,16-Mar-2020 - 00:00,"Shrinath Puram, Kota - RSPCB"
16-Mar-2020 - 00:00,2.14,0.98,2.26,1.66,745.57,104.32,46.51,0.0,63.35,20.91,134.96,1.06,0.69,20.01,11.07,37.2,48.26,40.64,8.78,17-Mar-2020 - 00:00,"Shrinath Puram, Kota - RSPCB"
17-Mar-2020 - 00:00,3.18,1.15,4.01,3.97,745.67,113.2,50.4,0.0,63.17,22.47,150.34,0.83,0.72,16.62,11.04,30.64,41.68,41.47,9.17,18-Mar-2020 - 00:00,"Shrinath Puram, Kota - RSPCB"
18-Mar-2020 - 00:00,3.93,1.27,4.79,4.54,743.99,104.86,46.45,0.0,61.95,23.8,149.95,0.86,0.73,16.89,13.21,33.61,46.82,39.77,9.14,19-Mar-2020 - 00:00,"Shrinath Puram, Kota - RSPCB"
19-Mar-2020 - 00:00,3.3,1.17,4.02,4.14,740.72,92.21,40.51,0.0,50.05,26.52,163.47,0.95,0.54,17.1,12.28,31.37,43.66,39.11,9.66,20-Mar-2020 - 00:00,"Shrinath Puram, Kota - RSPCB"
20-Mar-2020 - 00:00,1.77,1.07,2.81,2.5,738.63,88.23,34.64,0.0,41.23,28.27,179.41,1.45,0.4,27.55,8.93,21.62,30.55,55.49,9.33,21-Mar-2020 - 00:00,"Shrinath Puram, Kota - RSPCB"
21-Mar-2020 - 00:00,1.49,1.1,1.74,1.61,740.37,74.06,33.39,0.0,57.31,25.86,121.47,1.22,0.63,38.77,10.29,22.34,32.64,49.02,10.0,22-Mar-2020 - 00:00,"Shrinath Puram, Kota - RSPCB"
22-Mar-2020 - 00:00,2.65,1.02,2.11,2.73,741.39,95.52,40.4,0.0,50.94,27.49,165.74,0.89,0.51,36.06,9.47,22.99,32.47,36.1,10.63,23-Mar-2020 - 00:00,"Shrinath Puram, Kota - RSPCB"
23-Mar-2020 - 00:00,1.85,0.87,2.17,1.77,740.97,80.65,34.99,0.0,52.69,28.11,174.5,1.03,0.66,30.79,8.37,17.26,25.63,41.06,10.42,24-Mar-2020 - 00:00,"Shrinath Puram, Kota - RSPCB"
24-Mar-2020 - 00:00,2.9,0.77,2.32,1.89,739.95,88.01,38.44,0.0,55.92,28.33,144.24,0.84,0.55,28.32,8.36,16.38,24.74,37.15,10.49,25-Mar-2020 - 00:00,"Shrinath Puram, Kota - RSPCB"
25-Mar-2020 - 00:00,1.47,0.78,1.91,1.43,740.4,70.98,27.64,0.01,63.04,26.88,127.92,1.8,0.46,28.02,8.05,12.24,20.29,36.94,9.8,26-Mar-2020 - 00:00,"Shrinath Puram, Kota - RSPCB"
26-Mar-2020 - 00:00,1.13,0.78,1.12,0.84,741.9,43.97,22.61,0.02,75.97,24.52,197.23,1.42,0.49,31.05,8.24,12.31,20.55,31.5,9.76,27-Mar-2020 - 00:00,"Shrinath Puram, Kota - RSPCB"
27-Mar-2020 - 00:00,0.9,0.71,0.86,0.65,744.15,33.75,13.94,0.08,88.45,20.89,148.44,1.9,0.45,32.19,8.34,10.07,18.41,22.11,9.29,28-Mar-2020 - 00:00,"Shrinath Puram, Kota - RSPCB"
28-Mar-2020 - 00:00,1.35,0.7,1.34,0.97,743.45,63.23,24.63,0.0,64.51,24.28,170.59,0.79,0.49,29.98,8.61,12.79,21.4,27.74,10.42,29-Mar-2020 - 00:00,"Shrinath Puram, Kota - RSPCB"
29-Mar-2020 - 00:00,1.44,0.7,1.69,1.24,742.19,63.82,22.53,0.0,62.36,25.47,138.44,0.92,0.43,28.44,8.24,13.97,22.21,38.58,10.13,30-Mar-2020 - 00:00,"Shrinath Puram, Kota - RSPCB"
30-Mar-2020 - 00:00,1.61,0.73,1.77,1.28,741.84,75.15,24.91,0.0,54.81,26.65,173.42,0.96,0.52,27.13,8.17,14.56,22.72,46.56,10.49,31-Mar-2020 - 00:00,"Shrinath Puram, Kota - RSPCB"
31-Mar-2020 - 00:00,2.15,0.74,1.66,1.29,740.29,82.82,27.0,0.0,51.79,28.37,152.53,1.16,0.53,27.16,8.03,14.33,22.35,47.41,9.88,01-Apr-2020 - 00:00,"Shrinath Puram, Kota - RSPCB"
01-Apr-2020 - 00:00,1.56,0.71,1.18,0.91,740.12,91.87,28.75,0.0,46.38,28.48,299.75,1.59,0.41,26.6,7.71,10.8,18.51,47.51,9.6,02-Apr-2020 - 00:00,"Shrinath Puram, Kota - RSPCB"
02-Apr-2020 - 00:00,0.99,0.72,0.93,0.68,740.87,65.8,23.09,0.0,46.42,27.34,212.8,1.02,0.42,28.53,7.83,12.54,20.37,44.2,10.05,03-Apr-2020 - 00:00,"Shrinath Puram, Kota - RSPCB"
03-Apr-2020 - 00:00,1.14,0.74,1.24,0.96,741.8,63.69,21.9,0.0,44.96,27.06,175.3,1.06,0.43,29.45,7.77,12.88,20.64,42.88,10.06,04-Apr-2020 - 00:00,"Shrinath Puram, Kota - RSPCB"
04-Apr-2020 - 00:00,1.26,0.72,0.87,1.13,741.62,65.03,23.37,0.0,37.88,28.52,133.02,1.05,0.49,27.97,7.89,12.89,20.78,48.77,10.1,05-Apr-2020 - 00:00,"Shrinath Puram, Kota - RSPCB"
05-Apr-2020 - 00:00,1.5,0.72,0.88,1.15,741.39,71.91,27.59,0.0,39.63,29.95,200.87,0.88,0.53,28.55,7.96,14.68,22.66,38.34,10.23,06-Apr-2020 - 00:00,"Shrinath Puram, Kota - RSPCB"
06-Apr-2020 - 00:00,2.0,0.7,0.75,1.43,740.42,80.16,31.03,0.0,39.76,30.41,174.33,0.85,0.57,28.22,8.07,15.76,23.84,43.1,10.69,07-Apr-2020 - 00:00,"Shrinath Puram, Kota - RSPCB"
07-Apr-2020 - 00:00,1.67,0.71,0.91,1.23,738.05,78.98,30.26,0.0,37.11,31.0,174.97,1.09,0.45,27.7,7.82,12.94,20.76,52.32,10.79,08-Apr-2020 - 00:00,"Shrinath Puram, Kota - RSPCB"
08-Apr-2020 - 00:00,1.2,0.68,0.9,0.83,739.31,103.7,38.58,0.0,41.45,30.33,245.26,1.09,0.39,27.23,7.69,12.12,19.81,52.11,10.6,09-Apr-2020 - 00:00,"Shrinath Puram, Kota - RSPCB"
09-Apr-2020 - 00:00,1.24,0.68,0.69,0.81,740.53,80.54,32.45,0.0,41.25,29.59,190.08,0.99,0.47,26.6,7.64,12.06,19.7,52.56,10.7,10-Apr-2020 - 00:00,"Shrinath Puram, Kota - RSPCB"
10-Apr-2020 - 00:00,1.81,0.65,0.25,1.36,741.06,81.46,33.5,0.0,39.21,31.03,160.83,0.78,0.62,26.87,7.97,14.27,22.24,38.16,10.36,11-Apr-2020 - 00:00,"Shrinath Puram, Kota - RSPCB"
11-Apr-2020 - 00:00,1.68,0.65,0.54,1.24,741.98,72.55,33.66,0.0,36.75,32.46,229.72,1.04,0.55,27.03,7.84,12.09,19.92,38.09,8.95,12-Apr-2020 - 00:00,"Shrinath Puram, Kota - RSPCB"
12-Apr-2020 - 00:00,1.18,0.64,0.8,0.81,740.79,57.45,30.45,0.0,39.04,32.14,202.97,1.02,0.58,26.53,7.65,12.75,20.4,45.21,9.94,13-Apr-2020 - 00:00,"Shrinath Puram, Kota - RSPCB"
13-Apr-2020 - 00:00,1.06,0.6,0.87,0.89,738.85,63.12,30.72,0.0,37.07,33.63,236.36,1.03,0.45,25.87,7.64,10.38,18.04,40.79,9.42,14-Apr-2020 - 00:00,"Shrinath Puram, Kota - RSPCB"
14-Apr-2020 - 00:00,1.09,0.58,0.85,0.63,739.01,71.39,33.48,0.0,33.53,34.12,248.93,1.13,0.59,23.88,7.4,11.26,18.65,45.33,9.75,15-Apr-2020 - 00:00,"Shrinath Puram, Kota - RSPCB"
15-Apr-2020 - 00:00,1.14,0.56,0.98,0.78,739.24,57.68,28.61,0.0,33.59,34.24,265.34,1.7,0.51,23.17,7.4,9.36,16.76,46.34,8.78,16-Apr-2020 - 00:00,"Shrinath Puram, Kota - RSPCB"
16-Apr-2020 - 00:00,0.88,0.56,0.69,0.5,737.24,57.92,24.77,0.0,35.37,33.49,270.73,1.4,0.55,23.27,7.37,9.31,16.68,44.37,7.28,17-Apr-2020 - 00:00,"Shrinath Puram, Kota - RSPCB"
17-Apr-2020 - 00:00,0.82,0.54,0.68,0.49,736.91,82.9,36.68,0.0,37.61,33.67,246.31,1.4,0.46,22.88,7.23,8.12,15.35,48.55,7.96,18-Apr-2020 - 00:00,"Shrinath Puram, Kota - RSPCB"
18-Apr-2020 - 00:00,0.54,0.5,0.61,0.28,738.0,46.94,22.38,0.0,36.18,33.56,273.97,1.93,0.47,21.64,7.17,6.83,14.0,46.85,7.52,19-Apr-2020 - 00:00,"Shrinath Puram, Kota - RSPCB"
19-Apr-2020 - 00:00,0.81,0.5,0.6,0.3,737.87,66.7,29.81,0.0,38.22,32.18,239.92,1.58,0.54,22.21,7.28,8.48,15.76,48.8,8.68,20-Apr-2020 - 00:00,"Shrinath Puram, Kota - RSPCB"
20-Apr-2020 - 00:00,1.43,0.56,0.81,1.09,738.16,58.73,28.89,0.0,46.65,29.6,140.4,1.41,0.53,22.69,7.89,11.43,19.35,47.03,6.71,21-Apr-2020 - 00:00,"Shrinath Puram, Kota - RSPCB"
21-Apr-2020 - 00:00,1.23,0.58,1.07,0.47,738.82,42.5,22.17,0.0,44.93,30.01,206.03,1.2,0.65,48.08,8.83,14.87,23.68,43.45,8.61,22-Apr-2020 - 00:00,"Shrinath Puram, Kota - RSPCB"
22-Apr-2020 - 00:00,1.69,0.74,1.65,0.76,737.74,54.87,25.1,0.0,41.11,31.24,185.11,0.8,0.56,25.8,8.53,16.19,24.75,36.9,8.51,23-Apr-2020 - 00:00,"Shrinath Puram, Kota - RSPCB"
23-Apr-2020 - 00:00,1.22,0.66,1.38,0.61,736.49,70.02,28.48,0.0,39.34,31.98,119.7,1.51,0.5,23.63,8.36,13.51,21.87,53.12,6.95,24-Apr-2020 - 00:00,"Shrinath Puram, Kota - RSPCB"
24-Apr-2020 - 00:00,1.16,0.61,1.1,0.42,735.11,55.23,25.03,0.0,50.04,31.38,150.17,1.05,0.57,23.99,8.45,13.55,22.0,45.62,9.06,25-Apr-2020 - 00:00,"Shrinath Puram, Kota - RSPCB"
25-Apr-2020 - 00:00,0.89,0.59,1.04,0.39,735.29,74.21,29.71,0.0,48.29,31.49,195.95,1.37,0.5,22.84,8.32,15.18,23.49,33.19,9.62,26-Apr-2020 - 00:00,"Shrinath Puram, Kota - RSPCB"
26-Apr-2020 - 00:00,0.86,0.55,0.91,0.29,737.01,80.64,32.55,0.0,45.6,31.85,197.56,1.53,0.54,22.41,8.25,13.2,21.46,44.46,9.58,27-Apr-2020 - 00:00,"Shrinath Puram, Kota - RSPCB"
27-Apr-2020 - 00:00,0.91,0.55,0.87,0.26,739.22,43.24,18.95,0.0,54.18,30.08,162.95,1.67,0.49,24.75,8.27,11.82,20.09,49.43,8.82,28-Apr-2020 - 00:00,"Shrinath Puram, Kota - RSPCB"
28-Apr-2020 - 00:00,1.29,0.63,1.16,0.38,739.38,56.81,26.5,0.0,50.4,31.44,194.61,1.17,0.62,23.37,8.41,14.65,23.08,44.64,8.9,29-Apr-2020 - 00:00,"Shrinath Puram, Kota - RSPCB"
29-Apr-2020 - 00:00,2.15,0.87,2.05,0.94,737.82,81.05,36.94,0.0,47.39,32.76,187.92,1.09,0.67,21.75,8.48,16.59,25.07,45.86,8.96,30-Apr-2020 - 00:00,"Shrinath Puram, Kota - RSPCB"
30-Apr-2020 - 00:00,1.75,0.62,1.18,0.45,738.07,75.82,33.47,0.0,41.58,34.22,197.98,1.39,0.63,20.53,8.37,14.1,22.47,45.92,8.97,01-May-2020 - 00:00,"Shrinath Puram, Kota - RSPCB"
01-May-2020 - 00:00,0.63,0.48,0.77,0.18,736.67,42.68,22.44,0.0,33.54,35.37,285.76,1.95,0.57,20.87,7.95,11.21,19.16,47.36,7.78,02-May-2020 - 00:00,"Shrinath Puram, Kota - RSPCB"
02-May-2020 - 00:00,0.48,0.46,0.65,0.08,734.88,43.22,20.66,0.0,31.05,36.36,269.26,1.77,0.52,19.13,7.95,10.69,18.64,45.09,7.39,03-May-2020 - 00:00,"Shrinath Puram, Kota - RSPCB"
03-May-2020 - 00:00,0.72,0.51,0.84,0.21,734.94,55.19,29.8,0.0,42.26,34.72,228.29,1.87,0.47,18.33,8.13,11.9,20.04,34.14,8.53,04-May-2020 - 00:00,"Shrinath Puram, Kota - RSPCB"
04-May-2020 - 00:00,1.16,0.5,0.76,0.16,737.63,66.11,27.71,0.0,61.3,30.29,171.68,1.59,0.55,21.91,8.36,12.71,21.07,48.14,7.6,05-May-2020 - 00:00,"Shrinath Puram, Kota - RSPCB"
05-May-2020 - 00:00,1.13,0.55,0.98,0.25,737.26,58.46,30.74,0.0,57.6,31.15,199.49,1.21,0.63,23.32,8.66,16.81,25.47,45.08,8.62,06-May-2020 - 00:00,"Shrinath Puram, Kota - RSPCB"
06-May-2020 - 00:00,2.03,0.66,1.38,0.53,736.95,58.61,32.09,0.0,49.47,30.92,166.59,1.89,0.62,20.28,9.97,18.12,25.9,48.14,7.94,07-May-2020 - 00:00,"Shrinath Puram, Kota - RSPCB"
07-May-2020 - 00:00,1.82,0.86,1.92,1.33,736.17,42.44,23.84,0.0,47.48,32.42,195.75,1.16,0.43,16.6,13.26,34.76,47.99,44.77,7.74,08-May-2020 - 00:00,"Shrinath Puram, Kota - RSPCB"
08-May-2020 - 00:00,1.58,0.67,2.52,0.93,734.89,68.37,36.76,0.0,34.11,35.4,251.63,1.27,0.43,19.04,11.86,32.65,44.47,43.13,7.9,09-May-2020 - 00:00,"Shrinath Puram, Kota - RSPCB"
09-May-2020 - 00:00,0.69,0.47,1.13,0.36,735.49,54.59,24.62,0.0,34.68,36.33,249.59,1.72,0.37,13.61,8.36,22.98,31.32,42.09,8.96,10-May-2020 - 00:00,"Shrinath Puram, Kota - RSPCB"
10-May-2020 - 00:00,0.81,0.4,0.6,0.08,736.17,63.54,25.2,0.0,39.06,35.4,170.06,1.67,0.44,10.92,7.07,22.89,29.63,53.81,9.95,11-May-2020 - 00:00,"Shrinath Puram, Kota - RSPCB"
11-May-2020 - 00:00,0.99,0.48,0.92,0.33,737.05,65.36,27.57,0.0,45.44,34.05,187.3,1.59,0.42,16.51,12.63,19.5,32.13,55.11,9.03,12-May-2020 - 00:00,"Shrinath Puram, Kota - RSPCB"
12-May-2020 - 00:00,0.93,0.42,0.79,0.46,737.31,63.79,21.45,0.0,52.38,32.29,92.79,1.89,0.51,12.11,11.5,25.76,37.27,68.71,9.19,13-May-2020 - 00:00,"Shrinath Puram, Kota - RSPCB"
13-May-2020 - 00:00,1.5,0.46,0.92,0.51,735.7,68.6,33.07,0.0,46.58,33.96,177.38,1.1,0.48,6.39,7.08,28.61,35.66,57.14,9.59,14-May-2020 - 00:00,"Shrinath Puram, Kota - RSPCB"
14-May-2020 - 00:00,1.57,0.46,0.89,0.51,735.3,71.03,35.3,0.0,45.57,34.81,159.37,1.12,0.42,10.74,7.91,26.13,34.03,47.43,10.21,15-May-2020 - 00:00,"Shrinath Puram, Kota - RSPCB"
15-May-2020 - 00:00,1.01,0.44,0.8,0.47,734.71,66.96,34.9,0.0,41.24,35.42,221.1,1.31,0.45,19.96,8.97,19.72,28.69,44.33,9.08,16-May-2020 - 00:00,"Shrinath Puram, Kota - RSPCB"
16-May-2020 - 00:00,1.09,0.42,0.69,0.41,734.46,56.03,27.19,0.0,41.79,34.77,184.88,0.97,0.47,19.82,8.02,16.56,24.58,53.34,8.83,17-May-2020 - 00:00,"Shrinath Puram, Kota - RSPCB"
17-May-2020 - 00:00,1.32,0.57,1.14,0.59,733.14,41.66,24.16,0.0,37.7,35.47,218.52,1.12,0.43,20.24,7.16,11.52,18.68,48.02,8.92,18-May-2020 - 00:00,"Shrinath Puram, Kota - RSPCB"
18-May-2020 - 00:00,1.07,0.91,2.02,2.43,732.83,79.79,36.19,0.0,30.63,35.02,266.02,1.57,0.45,19.35,7.06,10.68,17.74,50.72,9.6,19-May-2020 - 00:00,"Shrinath Puram, Kota - RSPCB"
19-May-2020 - 00:00,0.89,0.55,1.11,0.97,731.93,90.76,28.98,0.0,30.25,35.69,295.07,1.61,0.49,22.96,7.58,8.47,16.05,51.51,9.2,20-May-2020 - 00:00,"Shrinath Puram, Kota - RSPCB"
20-May-2020 - 00:00,1.07,0.5,0.86,0.51,731.71,89.27,38.69,0.0,27.59,35.33,305.99,2.23,0.53,25.52,7.43,9.71,17.14,58.72,9.22,21-May-2020 - 00:00,"Shrinath Puram, Kota - RSPCB"
21-May-2020 - 00:00,1.02,0.5,0.93,0.51,732.03,60.22,30.69,0.0,28.29,36.18,263.86,1.77,0.52,26.89,7.38,9.56,16.94,55.48,9.6,22-May-2020 - 00:00,"Shrinath Puram, Kota - RSPCB"
22-May-2020 - 00:00,0.66,0.45,0.75,0.42,732.35,87.75,38.27,0.0,28.6,37.81,283.77,2.88,0.55,29.85,7.24,7.35,14.58,45.18,8.63,23-May-2020 - 00:00,"Shrinath Puram, Kota - RSPCB"
23-May-2020 - 00:00,0.65,0.44,0.67,0.4,733.42,75.13,38.4,0.0,30.68,37.92,257.0,2.16,0.47,30.76,7.37,6.8,14.18,47.39,8.73,24-May-2020 - 00:00,"Shrinath Puram, Kota - RSPCB"
24-May-2020 - 00:00,0.61,0.43,0.61,0.35,733.97,82.38,39.13,0.0,32.38,37.69,284.91,2.04,0.51,30.72,7.54,7.2,14.75,40.61,6.76,25-May-2020 - 00:00,"Shrinath Puram, Kota - RSPCB"
25-May-2020 - 00:00,0.72,0.44,0.65,0.36,733.73,74.54,36.59,0.0,32.68,38.36,282.97,2.29,0.46,29.02,7.37,7.0,14.37,42.4,8.13,26-May-2020 - 00:00,"Shrinath Puram, Kota - RSPCB"
26-May-2020 - 00:00,0.74,0.46,0.77,0.44,732.56,53.94,26.65,0.0,29.58,38.64,264.88,1.98,0.44,28.06,7.4,8.6,16.0,39.19,8.37,27-May-2020 - 00:00,"Shrinath Puram, Kota - RSPCB"
27-May-2020 - 00:00,0.64,0.85,1.58,1.81,730.41,74.68,30.38,0.0,36.35,38.85,263.11,2.6,0.43,18.88,7.11,6.11,13.22,42.71,7.41,28-May-2020 - 00:00,"Shrinath Puram, Kota - RSPCB"
28-May-2020 - 00:00,0.58,0.45,0.69,0.62,729.55,103.6,35.65,0.0,44.76,37.5,253.1,2.25,0.55,18.75,7.15,6.7,13.83,42.64,8.34,29-May-2020 - 00:00,"Shrinath Puram, Kota - RSPCB"
29-May-2020 - 00:00,0.81,0.46,0.67,0.43,731.5,112.29,42.99,0.0,45.42,36.19,179.86,1.79,0.53,18.79,7.48,7.11,14.59,47.1,8.73,30-May-2020 - 00:00,"Shrinath Puram, Kota - RSPCB"
30-May-2020 - 00:00,0.8,0.43,0.6,0.36,733.99,92.83,36.87,0.0,59.7,32.51,203.81,2.05,0.47,19.62,7.37,7.75,15.11,51.93,9.7,31-May-2020 - 00:00,"Shrinath Puram, Kota - RSPCB"
31-May-2020 - 00:00,0.88,0.46,0.66,0.38,736.61,48.54,21.48,0.0,60.85,30.62,222.22,1.76,0.49,19.37,7.41,8.78,16.2,55.29,9.72,01-Jun-2020 - 00:00,"Shrinath Puram, Kota - RSPCB"
01-Jun-2020 - 00:00,0.97,0.48,0.78,0.43,736.76,55.15,26.41,0.07,59.65,31.55,138.64,1.56,0.55,18.15,7.44,8.91,16.35,52.77,9.22,02-Jun-2020 - 00:00,"Shrinath Puram, Kota - RSPCB"
02-Jun-2020 - 00:00,0.87,0.5,0.87,0.49,735.4,53.67,31.25,0.0,61.71,31.27,165.59,1.07,0.47,20.71,7.72,10.76,18.48,52.57,9.17,03-Jun-2020 - 00:00,"Shrinath Puram, Kota - RSPCB"
03-Jun-2020 - 00:00,0.76,0.48,0.8,0.45,733.46,43.86,21.55,0.0,56.1,31.62,201.44,1.09,0.53,19.54,7.45,9.88,17.33,49.95,8.23,04-Jun-2020 - 00:00,"Shrinath Puram, Kota - RSPCB"
04-Jun-2020 - 00:00,1.03,0.51,0.89,0.48,732.77,39.81,19.6,0.0,68.79,28.89,110.23,1.73,0.52,19.3,7.41,7.61,15.02,46.4,8.78,05-Jun-2020 - 00:00,"Shrinath Puram, Kota - RSPCB"
05-Jun-2020 - 00:00,0.91,0.47,0.78,0.43,732.87,38.82,16.31,0.05,75.64,28.28,176.47,1.32,0.59,19.82,7.35,8.22,15.57,42.9,8.57,06-Jun-2020 - 00:00,"Shrinath Puram, Kota - RSPCB"
06-Jun-2020 - 00:00,0.86,0.6,1.07,0.64,732.26,43.48,19.63,0.03,66.56,30.18,241.48,1.76,0.53,18.34,7.25,6.89,14.14,46.43,8.59,07-Jun-2020 - 00:00,"Shrinath Puram, Kota - RSPCB"
07-Jun-2020 - 00:00,0.75,0.55,1.01,0.49,733.1,39.07,18.5,0.17,78.2,28.08,221.45,1.26,0.62,19.61,7.39,7.25,14.64,31.28,7.07,08-Jun-2020 - 00:00,"Shrinath Puram, Kota - RSPCB"
08-Jun-2020 - 00:00,0.83,0.5,0.86,0.37,732.51,46.84,20.43,0.0,70.73,31.0,243.24,1.32,0.59,22.82,7.4,8.22,15.61,39.55,8.55,09-Jun-2020 - 00:00,"Shrinath Puram, Kota - RSPCB"
09-Jun-2020 - 00:00,0.79,0.49,0.94,0.41,732.58,44.94,22.63,0.0,65.17,32.76,266.36,1.7,0.58,16.11,7.31,7.01,14.32,42.52,8.18,10-Jun-2020 - 00:00,"Shrinath Puram, Kota - RSPCB"
10-Jun-2020 - 00:00,0.68,0.44,0.73,0.31,731.96,46.53,25.56,0.3,67.84,32.28,247.86,1.89,0.52,19.12,7.87,9.09,16.94,34.78,9.91,11-Jun-2020 - 00:00,"Shrinath Puram, Kota - RSPCB"
11-Jun-2020 - 00:00,0.63,0.48,0.8,0.38,730.2,40.24,18.65,0.0,72.63,31.74,235.88,1.36,0.52,46.94,8.18,9.46,17.65,24.8,10.5,12-Jun-2020 - 00:00,"Shrinath Puram, Kota - RSPCB"
12-Jun-2020 - 00:00,0.92,0.56,1.04,0.52,728.31,65.66,28.22,0.0,66.33,33.84,262.94,1.2,0.58,24.01,8.02,10.66,18.67,26.82,10.26,13-Jun-2020 - 00:00,"Shrinath Puram, Kota - RSPCB"
13-Jun-2020 - 00:00,0.93,0.53,1.01,0.49,728.37,68.33,30.66,0.0,63.52,33.54,256.43,1.73,0.53,18.89,7.84,9.62,17.46,45.22,10.43,14-Jun-2020 - 00:00,"Shrinath Puram, Kota - RSPCB"
14-Jun-2020 - 00:00,1.12,0.55,1.01,0.45,730.54,49.21,25.38,0.0,75.93,31.35,215.92,1.97,0.49,20.22,7.73,9.16,16.9,52.61,10.08,15-Jun-2020 - 00:00,"Shrinath Puram, Kota - RSPCB"
15-Jun-2020 - 00:00,1.3,0.53,1.0,0.44,729.49,50.28,21.25,0.14,66.11,33.49,165.52,1.05,0.53,18.26,8.11,11.45,19.55,48.66,10.15,16-Jun-2020 - 00:00,"Shrinath Puram, Kota - RSPCB"
16-Jun-2020 - 00:00,1.02,0.69,1.97,0.34,726.57,70.75,29.23,0.0,60.89,35.27,241.27,1.96,0.43,13.99,7.83,12.23,20.06,41.81,8.77,17-Jun-2020 - 00:00,"Shrinath Puram, Kota - RSPCB"
17-Jun-2020 - 00:00,0.65,0.18,1.55,0.57,726.41,73.47,22.71,0.0,65.77,34.73,262.61,2.56,0.38,8.1,8.3,9.33,17.61,37.29,8.51,18-Jun-2020 - 00:00,"Shrinath Puram, Kota - RSPCB"
18-Jun-2020 - 00:00,0.61,0.09,1.19,0.12,728.43,59.74,26.69,0.0,64.62,34.1,260.93,2.44,0.44,7.63,11.78,9.14,20.92,38.83,8.71,19-Jun-2020 - 00:00,"Shrinath Puram, Kota - RSPCB"
19-Jun-2020 - 00:00,0.56,0.13,1.19,0.08,730.32,46.44,22.98,0.0,70.17,33.14,221.64,2.58,0.43,8.19,10.42,6.96,17.38,35.63,9.38,20-Jun-2020 - 00:00,"Shrinath Puram, Kota - RSPCB"
20-Jun-2020 - 00:00,0.5,0.18,1.24,0.08,732.08,49.72,24.5,0.01,73.86,30.88,213.5,2.62,0.42,12.53,10.36,7.47,15.64,35.37,9.56,21-Jun-2020 - 00:00,"Shrinath Puram, Kota - RSPCB"
21-Jun-2020 - 00:00,0.59,0.14,1.27,0.08,731.24,47.02,23.84,0.0,73.33,31.09,198.9,2.09,0.52,18.84,14.29,12.01,26.3,26.88,8.54,22-Jun-2020 - 00:00,"Shrinath Puram, Kota - RSPCB"
22-Jun-2020 - 00:00,0.65,0.33,1.49,0.15,730.51,35.94,19.23,0.04,78.24,30.14,215.95,1.66,0.5,18.95,14.4,11.94,26.34,29.94,7.62,23-Jun-2020 - 00:00,"Shrinath Puram, Kota - RSPCB"
23-Jun-2020 - 00:00,0.65,0.21,1.63,0.1,731.67,38.42,19.4,0.05,82.44,29.71,233.09,1.51,0.53,18.93,14.31,12.08,26.39,22.64,7.2,24-Jun-2020 - 00:00,"Shrinath Puram, Kota - RSPCB"
24-Jun-2020 - 00:00,0.66,0.14,1.63,0.08,732.96,35.11,17.07,0.31,90.44,28.42,273.47,1.42,0.57,18.77,14.3,11.92,26.21,21.6,8.01,25-Jun-2020 - 00:00,"Shrinath Puram, Kota - RSPCB"
25-Jun-2020 - 00:00,0.6,0.17,1.36,0.12,732.02,28.74,14.38,0.0,78.32,30.25,269.74,1.36,0.48,28.09,11.93,25.36,37.29,22.81,7.55,26-Jun-2020 - 00:00,"Shrinath Puram, Kota - RSPCB"
26-Jun-2020 - 00:00,0.75,1.97,2.29,1.76,731.27,46.56,20.94,0.0,80.43,31.24,233.28,2.05,0.44,38.84,7.63,26.25,33.84,22.58,7.64,27-Jun-2020 - 00:00,"Shrinath Puram, Kota - RSPCB"
27-Jun-2020 - 00:00,0.62,4.22,1.52,0.54,731.21,45.03,21.14,0.0,79.77,31.27,213.83,2.24,0.46,32.63,6.65,14.28,20.93,29.42,7.71,28-Jun-2020 - 00:00,"Shrinath Puram, Kota - RSPCB"
28-Jun-2020 - 00:00,0.66,4.15,1.33,0.18,730.63,48.72,21.27,0.0,67.71,33.62,233.52,1.88,0.45,31.76,6.67,13.67,20.34,25.84,8.35,29-Jun-2020 - 00:00,"Shrinath Puram, Kota - RSPCB"
29-Jun-2020 - 00:00,0.73,2.93,1.34,0.15,730.53,47.05,22.72,0.06,66.07,34.15,228.85,1.73,0.45,32.78,6.69,14.09,20.78,27.41,8.25,30-Jun-2020 - 00:00,"Shrinath Puram, Kota - RSPCB"
30-Jun-2020 - 00:00,1.05,1.48,2.05,0.48,730.91,39.88,21.16,0.15,79.45,30.89,165.7,1.48,0.56,36.26,7.29,20.89,28.18,27.79,6.92,01-Jul-2020 - 00:00,"Shrinath Puram, Kota - RSPCB"
01-Jul-2020 - 00:00,0.83,1.33,1.86,0.43,730.32,52.91,23.16,0.01,76.44,31.95,225.45,1.32,0.49,36.11,6.85,13.69,20.54,31.68,6.86,02-Jul-2020 - 00:00,"Shrinath Puram, Kota - RSPCB"
02-Jul-2020 - 00:00,0.67,1.32,1.49,0.19,728.84,60.53,27.4,0.06,78.87,32.09,251.98,2.19,0.49,36.3,6.45,12.01,18.45,36.25,6.59,03-Jul-2020 - 00:00,"Shrinath Puram, Kota - RSPCB"
03-Jul-2020 - 00:00,0.6,1.22,1.52,0.19,728.42,43.72,21.55,0.02,72.15,32.99,256.15,1.73,0.57,38.51,6.83,13.86,20.69,32.19,6.62,04-Jul-2020 - 00:00,"Shrinath Puram, Kota - RSPCB"
04-Jul-2020 - 00:00,0.6,1.2,1.63,0.23,727.79,38.01,18.01,0.0,81.77,30.47,219.55,1.44,0.56,43.75,8.56,18.89,27.45,35.05,8.66,05-Jul-2020 - 00:00,"Shrinath Puram, Kota - RSPCB"
05-Jul-2020 - 00:00,0.77,1.27,1.62,0.26,727.78,35.75,16.21,0.01,84.71,29.68,119.62,1.35,0.6,51.82,6.81,13.92,20.73,41.46,6.74,06-Jul-2020 - 00:00,"Shrinath Puram, Kota - RSPCB"
06-Jul-2020 - 00:00,0.58,1.16,1.32,0.13,727.75,25.87,13.01,0.0,84.42,29.73,203.37,1.19,0.46,52.74,7.49,13.04,20.52,34.17,7.36,07-Jul-2020 - 00:00,"Shrinath Puram, Kota - RSPCB"
07-Jul-2020 - 00:00,0.78,1.29,2.41,1.68,729.2,36.12,17.81,0.0,80.32,30.66,143.66,1.26,0.51,38.98,8.97,16.86,25.83,28.0,7.05,08-Jul-2020 - 00:00,"Shrinath Puram, Kota - RSPCB"
08-Jul-2020 - 00:00,0.6,0.3,1.83,0.77,731.3,23.11,13.31,0.0,76.96,31.82,212.02,1.39,0.44,37.0,8.07,11.21,19.28,31.52,6.14,09-Jul-2020 - 00:00,"Shrinath Puram, Kota - RSPCB"
09-Jul-2020 - 00:00,0.57,0.15,1.33,0.17,730.36,38.55,18.17,0.04,81.31,30.77,256.88,1.75,0.44,38.54,8.23,12.53,20.76,30.22,8.12,10-Jul-2020 - 00:00,"Shrinath Puram, Kota - RSPCB"
10-Jul-2020 - 00:00,0.53,0.41,1.89,1.45,729.65,39.72,18.82,0.0,73.64,31.67,246.77,2.32,0.46,38.37,7.95,10.39,18.34,32.72,8.05,11-Jul-2020 - 00:00,"Shrinath Puram, Kota - RSPCB"
11-Jul-2020 - 00:00,0.47,0.24,1.45,0.55,729.4,25.65,13.54,0.0,77.87,31.26,235.06,2.52,0.4,19.31,8.71,9.69,17.69,23.4,9.72,12-Jul-2020 - 00:00,"Shrinath Puram, Kota - RSPCB"
12-Jul-2020 - 00:00,0.63,0.3,1.7,0.49,730.42,28.39,13.21,0.24,87.57,29.31,239.16,1.59,0.46,9.86,11.06,9.69,20.61,13.89,10.28,13-Jul-2020 - 00:00,"Shrinath Puram, Kota - RSPCB"
13-Jul-2020 - 00:00,0.66,0.33,1.91,0.7,730.45,38.49,19.88,0.01,88.75,29.53,217.96,1.69,0.54,9.76,10.79,8.78,19.53,12.14,8.77,14-Jul-2020 - 00:00,"Shrinath Puram, Kota - RSPCB"
14-Jul-2020 - 00:00,0.85,0.61,2.32,0.93,730.66,41.55,20.51,0.0,86.62,30.07,228.95,1.45,0.58,9.71,11.33,8.44,19.72,14.22,9.32,15-Jul-2020 - 00:00,"Shrinath Puram, Kota - RSPCB"
15-Jul-2020 - 00:00,0.78,0.48,2.2,0.87,729.7,44.06,22.38,0.0,87.1,30.06,239.54,1.03,0.53,9.69,11.54,9.48,20.91,14.39,10.53,16-Jul-2020 - 00:00,"Shrinath Puram, Kota - RSPCB"
16-Jul-2020 - 00:00,1.07,0.82,3.17,2.58,728.23,41.78,20.64,0.05,90.7,29.22,173.72,1.0,0.63,9.71,11.47,12.26,23.68,12.15,9.99,17-Jul-2020 - 00:00,"Shrinath Puram, Kota - RSPCB"
17-Jul-2020 - 00:00,1.13,0.62,3.0,1.83,728.86,42.69,20.19,0.0,77.59,31.16,139.75,1.55,0.58,9.83,11.78,11.98,23.75,11.32,9.92,18-Jul-2020 - 00:00,"Shrinath Puram, Kota - RSPCB"
18-Jul-2020 - 00:00,0.58,0.3,1.84,0.64,731.02,25.76,13.79,0.0,77.2,32.42,183.89,1.14,0.5,18.01,9.84,16.93,26.7,13.52,9.92,19-Jul-2020 - 00:00,"Shrinath Puram, Kota - RSPCB"
19-Jul-2020 - 00:00,0.56,0.32,1.87,0.48,731.28,30.69,15.41,0.0,75.15,32.33,240.12,1.76,0.44,17.72,8.19,5.83,13.97,15.65,9.5,20-Jul-2020 - 00:00,"Shrinath Puram, Kota - RSPCB"
20-Jul-2020 - 00:00,0.49,0.28,1.68,0.35,729.5,30.86,16.21,0.0,74.46,32.11,240.24,2.11,0.43,24.43,8.64,28.33,36.96,20.73,9.35,21-Jul-2020 - 00:00,"Shrinath Puram, Kota - RSPCB"
21-Jul-2020 - 00:00,0.51,0.17,1.48,0.21,731.61,32.99,16.96,0.0,73.63,31.34,240.3,2.02,0.4,38.13,7.98,10.3,18.11,24.34,8.75,22-Jul-2020 - 00:00,"Shrinath Puram, Kota - RSPCB"
22-Jul-2020 - 00:00,0.56,0.35,1.7,0.32,732.87,42.46,22.2,0.0,71.12,32.11,257.63,1.99,0.44,33.34,7.93,10.71,18.64,26.49,8.23,23-Jul-2020 - 00:00,"Shrinath Puram, Kota - RSPCB"
23-Jul-2020 - 00:00,0.58,0.28,1.64,0.33,732.06,58.65,31.6,0.12,76.5,30.59,234.38,2.07,0.49,32.8,8.27,7.67,15.94,22.47,8.15,24-Jul-2020 - 00:00,"Shrinath Puram, Kota - RSPCB"
24-Jul-2020 - 00:00,0.49,0.24,1.68,0.29,733.77,28.89,15.73,0.0,83.56,29.03,271.45,1.77,0.46,28.94,8.97,17.65,26.61,27.92,7.89,25-Jul-2020 - 00:00,"Shrinath Puram, Kota - RSPCB"
25-Jul-2020 - 00:00,0.64,0.26,1.71,0.37,734.85,35.26,17.45,0.0,81.83,30.12,211.13,0.91,0.45,24.76,8.53,23.28,27.8,27.83,7.97,26-Jul-2020 - 00:00,"Shrinath Puram, Kota - RSPCB"
26-Jul-2020 - 00:00,0.87,0.45,1.76,0.64,735.53,33.41,19.17,0.0,77.53,31.35,211.69,1.13,0.49,30.03,8.2,6.0,14.65,26.42,7.94,27-Jul-2020 - 00:00,"Shrinath Puram, Kota - RSPCB"
27-Jul-2020 - 00:00,1.5,0.99,1.0,1.01,734.48,36.69,18.9,0.12,79.79,31.28,248.02,1.57,0.47,30.02,14.55,9.19,22.09,24.44,7.66,28-Jul-2020 - 00:00,"Shrinath Puram, Kota - RSPCB"
28-Jul-2020 - 00:00,1.56,2.18,3.14,3.4,732.46,34.59,17.55,0.01,80.69,30.96,239.74,1.59,0.48,30.04,12.06,11.51,24.94,17.92,7.55,29-Jul-2020 - 00:00,"Shrinath Puram, Kota - RSPCB"
29-Jul-2020 - 00:00,0.73,0.5,2.34,1.7,731.95,34.16,17.01,0.01,86.16,28.77,214.71,1.73,0.42,36.86,16.89,12.3,28.73,28.94,8.82,30-Jul-2020 - 00:00,"Shrinath Puram, Kota - RSPCB"
30-Jul-2020 - 00:00,0.77,0.28,1.82,0.48,732.85,43.67,25.54,0.0,85.54,29.06,187.02,1.08,0.48,30.03,11.6,14.65,28.1,34.89,8.71,31-Jul-2020 - 00:00,"Shrinath Puram, Kota - RSPCB"
31-Jul-2020 - 00:00,0.78,0.25,1.74,5.2,732.36,38.29,17.2,0.0,88.22,29.57,212.73,1.0,0.42,31.79,8.11,22.43,31.55,27.4,9.48,01-Aug-2020 - 00:00,"Shrinath Puram, Kota - RSPCB"
01-Aug-2020 - 00:00,0.81,0.35,2.03,13.79,732.05,27.46,15.11,0.0,86.82,29.63,256.18,1.21,0.48,17.64,4.4,16.6,20.91,33.47,10.23,02-Aug-2020 - 00:00,"Shrinath Puram, Kota - RSPCB"
02-Aug-2020 - 00:00,0.65,0.36,1.98,3.15,730.93,32.17,16.32,0.0,80.23,30.62,277.9,1.44,0.41,16.19,5.07,15.11,20.08,32.18,9.88,03-Aug-2020 - 00:00,"Shrinath Puram, Kota - RSPCB"
03-Aug-2020 - 00:00,0.73,0.34,1.91,1.3,727.95,40.01,22.02,0.0,87.68,30.04,247.76,1.48,0.41,16.76,10.22,15.85,26.07,28.4,9.35,04-Aug-2020 - 00:00,"Shrinath Puram, Kota - RSPCB"
04-Aug-2020 - 00:00,0.71,0.32,1.84,0.82,724.99,43.27,25.95,0.0,84.4,30.9,243.87,1.58,0.39,13.63,8.97,13.27,22.21,38.07,9.93,05-Aug-2020 - 00:00,"Shrinath Puram, Kota - RSPCB"
05-Aug-2020 - 00:00,0.78,0.41,2.02,0.7,724.09,43.59,22.98,0.02,92.75,28.62,177.69,1.37,0.53,13.79,9.52,12.89,22.41,28.24,9.73,06-Aug-2020 - 00:00,"Shrinath Puram, Kota - RSPCB"
06-Aug-2020 - 00:00,0.94,0.48,2.24,0.7,724.59,36.51,20.99,0.2,95.75,27.83,68.93,1.88,0.54,12.61,9.65,11.48,20.99,16.18,10.04,07-Aug-2020 - 00:00,"Shrinath Puram, Kota - RSPCB"
07-Aug-2020 - 00:00,1.02,0.66,2.78,1.04,728.4,41.0,22.55,0.02,89.94,28.47,127.4,1.76,0.46,12.54,9.92,11.04,20.97,13.74,10.54,08-Aug-2020 - 00:00,"Shrinath Puram, Kota - RSPCB"
08-Aug-2020 - 00:00,0.61,0.31,1.88,0.47,729.95,35.52,20.94,0.02,91.97,28.26,254.15,1.61,0.47,11.53,9.06,10.68,19.73,24.99,9.84,09-Aug-2020 - 00:00,"Shrinath Puram, Kota - RSPCB"
09-Aug-2020 - 00:00,0.61,0.33,1.81,0.4,729.06,44.24,25.71,0.02,86.08,29.42,252.07,1.62,0.61,10.9,9.12,9.85,18.96,29.45,10.09,10-Aug-2020 - 00:00,"Shrinath Puram, Kota - RSPCB"
10-Aug-2020 - 00:00,0.57,0.29,1.72,0.33,729.52,34.75,20.58,0.0,93.9,28.45,289.49,1.52,0.43,10.56,8.93,9.65,18.56,24.97,10.01,11-Aug-2020 - 00:00,"Shrinath Puram, Kota - RSPCB"
11-Aug-2020 - 00:00,0.58,0.23,1.56,0.25,730.47,46.92,27.63,0.41,,26.95,269.62,1.45,0.38,11.62,9.43,10.46,19.76,19.52,10.64,12-Aug-2020 - 00:00,"Shrinath Puram, Kota - RSPCB"
12-Aug-2020 - 00:00,0.73,0.24,1.66,0.26,730.28,48.5,22.56,0.52,94.14,27.68,220.59,1.47,0.32,17.16,10.86,15.74,25.26,28.13,10.76,13-Aug-2020 - 00:00,"Shrinath Puram, Kota - RSPCB"
13-Aug-2020 - 00:00,0.62,0.17,1.44,0.09,728.26,27.83,15.17,0.13,92.82,27.81,247.03,1.61,0.37,34.68,16.46,24.96,41.37,11.58,9.97,14-Aug-2020 - 00:00,"Shrinath Puram, Kota - RSPCB"
14-Aug-2020 - 00:00,0.7,0.3,1.62,0.14,726.88,38.17,20.54,0.31,94.75,27.08,237.34,1.29,0.54,27.62,13.36,19.52,32.82,15.63,9.83,15-Aug-2020 - 00:00,"Shrinath Puram, Kota - RSPCB"
15-Aug-2020 - 00:00,0.75,0.38,1.84,0.24,727.04,34.73,19.08,0.01,88.87,28.18,236.89,1.23,0.41,26.16,12.43,18.78,31.23,27.87,9.92,16-Aug-2020 - 00:00,"Shrinath Puram, Kota - RSPCB"
16-Aug-2020 - 00:00,0.81,0.41,1.85,0.28,728.25,42.47,23.74,0.0,92.09,28.85,233.5,1.09,0.44,25.18,12.87,16.98,29.85,39.36,10.29,17-Aug-2020 - 00:00,"Shrinath Puram, Kota - RSPCB"
17-Aug-2020 - 00:00,0.73,0.36,1.77,0.27,728.6,38.87,21.6,0.01,89.38,29.01,263.17,1.1,0.46,22.63,11.84,14.84,26.37,31.66,10.84,18-Aug-2020 - 00:00,"Shrinath Puram, Kota - RSPCB"
18-Aug-2020 - 00:00,0.97,0.85,2.06,0.66,729.65,47.63,25.6,0.54,98.46,27.53,258.9,1.21,0.62,18.28,9.39,10.28,19.67,18.09,11.44,19-Aug-2020 - 00:00,"Shrinath Puram, Kota - RSPCB"
19-Aug-2020 - 00:00,0.87,0.59,1.48,0.72,729.6,49.52,28.19,0.07,95.83,27.41,254.11,1.38,0.4,16.93,9.11,9.09,18.25,22.35,11.02,20-Aug-2020 - 00:00,"Shrinath Puram, Kota - RSPCB"
20-Aug-2020 - 00:00,1.05,0.55,1.38,0.48,729.68,48.7,25.08,0.0,93.16,27.43,140.9,0.77,0.43,17.12,8.36,9.98,18.22,27.64,11.81,21-Aug-2020 - 00:00,"Shrinath Puram, Kota - RSPCB"
21-Aug-2020 - 00:00,1.29,0.69,1.79,0.59,730.47,46.69,26.86,0.06,89.53,27.9,118.16,1.35,0.68,15.47,8.38,8.13,16.52,28.01,11.5,22-Aug-2020 - 00:00,"Shrinath Puram, Kota - RSPCB"
22-Aug-2020 - 00:00,1.16,0.66,2.31,0.72,728.76,33.73,19.67,0.24,98.12,26.5,300.95,1.72,0.44,15.23,8.56,7.82,16.23,31.97,10.54,23-Aug-2020 - 00:00,"Shrinath Puram, Kota - RSPCB"
23-Aug-2020 - 00:00,0.94,0.61,2.57,0.68,727.84,32.37,18.57,0.12,99.24,26.02,232.23,1.41,0.47,13.85,8.28,6.32,14.59,31.63,7.45,24-Aug-2020 - 00:00,"Shrinath Puram, Kota - RSPCB"
24-Aug-2020 - 00:00,0.74,0.34,1.16,0.3,729.97,33.39,19.01,0.0,87.57,27.37,188.52,1.66,0.47,12.66,7.91,5.57,13.47,29.69,7.5,25-Aug-2020 - 00:00,"Shrinath Puram, Kota - RSPCB"
25-Aug-2020 - 00:00,0.74,0.28,0.81,0.2,733.58,37.6,20.26,0.0,89.0,27.55,213.42,1.69,0.44,11.63,7.49,4.74,12.22,29.57,7.13,26-Aug-2020 - 00:00,"Shrinath Puram, Kota - RSPCB"
26-Aug-2020 - 00:00,0.68,0.32,0.84,0.21,735.52,47.18,23.58,0.0,84.38,27.97,242.32,1.59,0.39,13.55,8.35,6.13,14.47,30.91,7.18,27-Aug-2020 - 00:00,"Shrinath Puram, Kota - RSPCB"
27-Aug-2020 - 00:00,0.67,0.45,1.01,0.28,734.45,51.97,27.7,0.0,86.01,28.04,268.31,1.48,0.43,15.19,8.86,7.66,16.52,34.08,7.45,28-Aug-2020 - 00:00,"Shrinath Puram, Kota - RSPCB"
28-Aug-2020 - 00:00,0.95,0.84,1.49,0.67,732.04,45.47,25.99,0.0,88.77,28.41,247.79,1.55,0.45,15.76,9.02,8.57,17.52,31.97,7.52,29-Aug-2020 - 00:00,"Shrinath Puram, Kota - RSPCB"
29-Aug-2020 - 00:00,0.73,0.44,1.2,0.49,730.31,32.14,19.98,0.46,91.39,26.72,277.03,1.99,0.42,14.1,7.91,7.7,15.54,41.22,7.5,30-Aug-2020 - 00:00,"Shrinath Puram, Kota - RSPCB"
30-Aug-2020 - 00:00,0.87,0.38,0.99,0.29,729.19,28.62,14.35,0.0,91.24,26.29,257.15,1.45,0.51,14.08,8.7,6.89,15.43,41.02,7.46,31-Aug-2020 - 00:00,"Shrinath Puram, Kota - RSPCB"
31-Aug-2020 - 00:00,0.78,0.3,0.82,0.21,733.28,31.56,17.54,0.0,87.6,26.77,182.45,1.8,0.39,12.3,7.52,5.99,13.43,34.53,7.8,01-Sep-2020 - 00:00,"Shrinath Puram, Kota - RSPCB"
01-Sep-2020 - 00:00,0.74,0.18,0.55,0.1,736.02,46.03,22.71,0.0,83.03,27.96,236.76,1.64,0.35,13.22,7.77,6.79,14.49,42.35,8.39,02-Sep-2020 - 00:00,"Shrinath Puram, Kota - RSPCB"
02-Sep-2020 - 00:00,0.82,0.24,0.59,0.11,737.32,43.24,24.21,0.0,87.4,27.92,287.2,1.31,0.42,13.61,7.38,7.72,15.08,39.03,8.77,03-Sep-2020 - 00:00,"Shrinath Puram, Kota - RSPCB"
03-Sep-2020 - 00:00,0.89,0.28,0.69,0.15,736.54,35.22,14.28,0.17,94.42,26.41,272.45,1.41,0.5,10.37,5.62,6.29,11.82,26.27,8.27,04-Sep-2020 - 00:00,"Shrinath Puram, Kota - RSPCB"
04-Sep-2020 - 00:00,0.92,0.44,1.07,0.39,736.32,45.74,24.0,0.04,83.77,27.64,261.41,1.14,0.49,13.04,5.55,9.57,15.01,21.71,8.5,05-Sep-2020 - 00:00,"Shrinath Puram, Kota - RSPCB"
05-Sep-2020 - 00:00,1.01,0.54,1.16,0.54,735.31,62.97,39.74,0.0,76.94,28.9,255.15,0.95,0.55,13.73,5.08,10.95,15.71,26.03,8.48,06-Sep-2020 - 00:00,"Shrinath Puram, Kota - RSPCB"
06-Sep-2020 - 00:00,1.0,0.67,1.67,0.87,734.15,52.74,31.26,0.0,90.49,27.8,258.37,1.32,0.6,10.38,4.63,7.28,11.85,31.99,8.61,07-Sep-2020 - 00:00,"Shrinath Puram, Kota - RSPCB"
07-Sep-2020 - 00:00,0.76,0.45,0.95,0.47,734.7,45.32,23.25,0.0,91.33,27.17,275.37,1.59,0.44,9.56,4.8,6.25,10.94,32.9,8.61,08-Sep-2020 - 00:00,"Shrinath Puram, Kota - RSPCB"
08-Sep-2020 - 00:00,0.71,0.45,0.88,0.39,735.37,53.51,27.3,0.0,87.78,28.42,286.54,1.59,0.57,9.91,4.56,7.02,11.27,34.56,8.36,09-Sep-2020 - 00:00,"Shrinath Puram, Kota - RSPCB"
09-Sep-2020 - 00:00,0.76,0.47,0.9,0.43,735.05,51.9,32.1,0.0,83.44,29.66,261.77,1.15,0.63,10.69,3.92,8.35,12.12,39.42,9.46,10-Sep-2020 - 00:00,"Shrinath Puram, Kota - RSPCB"
10-Sep-2020 - 00:00,0.84,0.59,1.25,0.73,732.86,57.65,32.44,0.0,82.63,30.34,260.29,1.24,0.6,10.13,3.95,7.84,11.55,45.44,9.77,11-Sep-2020 - 00:00,"Shrinath Puram, Kota - RSPCB"
11-Sep-2020 - 00:00,0.94,0.57,1.14,0.65,732.91,65.0,36.67,0.0,79.33,30.66,230.89,1.07,0.64,12.2,4.08,9.88,13.84,43.23,9.32,12-Sep-2020 - 00:00,"Shrinath Puram, Kota - RSPCB"
12-Sep-2020 - 00:00,1.14,0.71,1.5,0.79,734.86,69.91,46.21,0.0,78.29,30.75,186.1,1.23,0.73,12.75,4.15,10.38,14.41,40.19,9.57,13-Sep-2020 - 00:00,"Shrinath Puram, Kota - RSPCB"
13-Sep-2020 - 00:00,1.36,0.8,1.75,0.98,734.89,88.2,54.17,0.0,76.57,31.19,262.19,0.99,0.78,16.92,4.52,14.76,19.19,42.71,9.44,14-Sep-2020 - 00:00,"Shrinath Puram, Kota - RSPCB"
14-Sep-2020 - 00:00,1.12,0.62,1.51,0.81,734.08,78.2,47.24,0.0,72.18,31.25,276.92,1.21,0.61,12.33,3.66,10.33,13.91,53.14,9.73,15-Sep-2020 - 00:00,"Shrinath Puram, Kota - RSPCB"
15-Sep-2020 - 00:00,1.11,0.86,1.77,0.9,733.88,76.89,43.77,0.0,75.73,31.14,284.0,1.53,0.74,13.97,4.5,11.52,15.92,51.33,9.74,16-Sep-2020 - 00:00,"Shrinath Puram, Kota - RSPCB"
16-Sep-2020 - 00:00,0.99,0.7,1.52,0.79,734.01,84.49,47.41,0.0,73.13,31.66,292.61,1.56,0.67,11.63,4.45,9.08,13.13,55.36,9.67,17-Sep-2020 - 00:00,"Shrinath Puram, Kota - RSPCB"
17-Sep-2020 - 00:00,0.98,0.53,1.15,0.56,734.21,67.62,41.94,0.0,75.19,31.54,296.75,1.61,0.64,12.54,4.57,9.78,14.26,52.66,9.53,18-Sep-2020 - 00:00,"Shrinath Puram, Kota - RSPCB"
18-Sep-2020 - 00:00,0.84,0.47,1.06,0.48,733.59,67.33,38.43,0.0,74.83,31.18,297.68,1.56,0.56,11.48,4.4,8.75,13.03,49.66,9.35,19-Sep-2020 - 00:00,"Shrinath Puram, Kota - RSPCB"
19-Sep-2020 - 00:00,0.8,0.49,1.07,0.45,732.79,67.32,37.74,0.0,78.05,30.29,263.53,1.58,0.53,14.66,6.24,10.69,16.73,45.71,9.44,20-Sep-2020 - 00:00,"Shrinath Puram, Kota - RSPCB"
20-Sep-2020 - 00:00,1.1,0.6,1.35,0.59,731.28,68.74,43.15,0.0,75.22,31.02,211.93,1.35,0.76,18.76,5.66,15.75,21.31,47.34,10.0,21-Sep-2020 - 00:00,"Shrinath Puram, Kota - RSPCB"
21-Sep-2020 - 00:00,1.7,0.76,1.78,0.86,730.17,111.52,73.98,0.0,70.18,31.35,252.94,1.28,0.78,15.38,4.26,13.2,17.36,64.81,9.48,22-Sep-2020 - 00:00,"Shrinath Puram, Kota - RSPCB"
22-Sep-2020 - 00:00,1.37,0.62,1.43,0.71,729.98,73.98,44.04,0.0,73.27,31.23,171.8,1.41,0.64,11.99,3.87,9.79,13.55,48.53,9.79,23-Sep-2020 - 00:00,"Shrinath Puram, Kota - RSPCB"
23-Sep-2020 - 00:00,1.16,0.53,1.23,0.47,730.56,57.12,36.48,0.0,79.57,29.87,110.43,1.38,0.69,11.43,3.89,9.14,12.9,36.72,9.44,24-Sep-2020 - 00:00,"Shrinath Puram, Kota - RSPCB"
24-Sep-2020 - 00:00,0.97,0.58,1.31,0.68,733.39,60.87,35.21,0.0,71.47,30.71,279.24,1.72,0.59,11.39,3.98,9.07,12.88,66.3,9.57,25-Sep-2020 - 00:00,"Shrinath Puram, Kota - RSPCB"
25-Sep-2020 - 00:00,0.99,0.5,1.05,0.51,734.21,69.2,41.25,0.0,70.59,30.86,278.36,1.74,0.57,10.53,3.9,8.21,11.98,72.0,9.28,26-Sep-2020 - 00:00,"Shrinath Puram, Kota - RSPCB"
26-Sep-2020 - 00:00,0.82,0.43,0.99,0.3,734.38,62.02,41.81,0.19,77.89,28.1,241.98,1.74,0.53,10.64,3.87,8.3,12.03,62.01,9.52,27-Sep-2020 - 00:00,"Shrinath Puram, Kota - RSPCB"
27-Sep-2020 - 00:00,0.76,0.41,1.01,0.34,736.69,64.32,36.5,0.0,78.13,27.45,274.21,1.29,0.5,12.59,4.87,9.61,14.36,52.45,9.24,28-Sep-2020 - 00:00,"Shrinath Puram, Kota - RSPCB"
28-Sep-2020 - 00:00,0.85,0.54,1.14,0.47,737.44,70.71,40.42,0.0,73.53,28.83,256.52,1.27,0.63,14.99,5.37,11.83,17.09,63.49,9.52,29-Sep-2020 - 00:00,"Shrinath Puram, Kota - RSPCB"
29-Sep-2020 - 00:00,1.31,0.75,1.57,0.73,737.1,92.24,49.68,0.0,72.72,28.38,243.03,1.08,0.73,15.64,4.87,13.05,17.81,65.14,9.7,30-Sep-2020 - 00:00,"Shrinath Puram, Kota - RSPCB"
30-Sep-2020 - 00:00,1.07,0.84,2.08,1.05,736.21,64.73,38.06,0.0,66.89,29.08,283.83,1.42,0.59,13.8,4.69,11.11,15.69,71.52,9.64,01-Oct-2020 - 00:00,"Shrinath Puram, Kota - RSPCB"
01-Oct-2020 - 00:00,0.78,0.52,1.32,0.65,736.16,63.14,34.68,0.0,61.09,30.16,294.3,1.86,0.48,9.58,3.68,7.31,10.88,78.96,9.41,02-Oct-2020 - 00:00,"Shrinath Puram, Kota - RSPCB"
02-Oct-2020 - 00:00,0.76,0.39,0.98,0.54,736.45,71.01,39.55,0.0,57.54,30.32,295.83,1.83,0.43,9.75,3.79,7.37,10.93,79.12,9.57,03-Oct-2020 - 00:00,"Shrinath Puram, Kota - RSPCB"
03-Oct-2020 - 00:00,1.08,0.45,1.11,0.63,736.87,76.7,41.53,0.0,52.38,30.33,238.74,1.4,0.59,17.31,5.43,14.21,19.58,73.86,9.92,04-Oct-2020 - 00:00,"Shrinath Puram, Kota - RSPCB"
04-Oct-2020 - 00:00,0.95,0.51,1.48,0.83,737.44,64.85,38.89,0.0,50.76,30.07,285.96,1.47,0.56,13.71,4.77,10.93,15.41,100.34,9.59,05-Oct-2020 - 00:00,"Shrinath Puram, Kota - RSPCB"
05-Oct-2020 - 00:00,0.94,0.54,0.33,0.42,737.42,78.25,39.18,0.0,50.77,29.16,281.36,1.25,0.47,16.54,4.0,15.18,18.68,71.55,9.58,06-Oct-2020 - 00:00,"Shrinath Puram, Kota - RSPCB"
06-Oct-2020 - 00:00,1.48,1.0,0.61,0.8,737.82,73.52,39.05,0.0,43.63,29.62,230.46,1.11,0.54,22.42,4.46,21.07,25.43,24.94,10.31,07-Oct-2020 - 00:00,"Shrinath Puram, Kota - RSPCB"
07-Oct-2020 - 00:00,1.49,0.98,0.6,0.79,739.1,60.3,32.36,0.0,45.76,29.28,234.03,1.07,0.49,21.09,4.71,19.58,24.17,26.74,9.43,08-Oct-2020 - 00:00,"Shrinath Puram, Kota - RSPCB"
08-Oct-2020 - 00:00,1.65,1.03,1.0,1.34,739.35,79.32,42.91,0.0,45.85,29.09,204.61,0.93,0.88,28.72,5.18,28.29,33.18,28.67,9.53,09-Oct-2020 - 00:00,"Shrinath Puram, Kota - RSPCB"
09-Oct-2020 - 00:00,3.09,1.15,2.94,3.08,739.41,107.28,65.63,0.0,48.43,28.78,195.28,0.79,1.18,30.23,7.01,28.23,35.08,28.94,9.66,10-Oct-2020 - 00:00,"Shrinath Puram, Kota - RSPCB"
10-Oct-2020 - 00:00,2.73,1.28,3.76,3.46,738.36,151.02,64.98,0.0,47.71,28.86,208.83,0.78,1.03,26.3,6.93,23.72,30.58,19.13,9.92,11-Oct-2020 - 00:00,"Shrinath Puram, Kota - RSPCB"
11-Oct-2020 - 00:00,2.12,0.95,2.75,2.29,736.58,107.45,57.73,0.0,46.18,28.64,228.07,0.75,0.91,27.84,6.54,25.95,32.44,20.99,9.49,12-Oct-2020 - 00:00,"Shrinath Puram, Kota - RSPCB"
12-Oct-2020 - 00:00,2.1,0.79,2.32,1.73,734.92,102.41,60.51,0.0,43.1,28.99,207.06,0.73,0.94,33.11,7.71,30.94,38.53,31.72,10.44,13-Oct-2020 - 00:00,"Shrinath Puram, Kota - RSPCB"
13-Oct-2020 - 00:00,2.15,0.97,2.58,1.9,734.84,114.78,67.12,0.0,48.22,28.42,231.0,0.87,1.08,22.1,5.35,20.47,25.69,32.86,9.66,14-Oct-2020 - 00:00,"Shrinath Puram, Kota - RSPCB"
14-Oct-2020 - 00:00,1.44,0.53,1.41,1.03,735.88,103.44,58.12,0.0,61.14,28.45,133.96,1.17,0.86,17.05,4.37,15.69,19.62,44.79,9.49,15-Oct-2020 - 00:00,"Shrinath Puram, Kota - RSPCB"
15-Oct-2020 - 00:00,1.8,0.55,1.51,1.04,736.28,114.21,66.34,0.0,65.39,29.69,69.89,1.49,0.92,14.96,4.44,13.15,17.33,36.44,9.26,16-Oct-2020 - 00:00,"Shrinath Puram, Kota - RSPCB"
16-Oct-2020 - 00:00,1.23,0.73,1.39,0.97,736.16,108.39,71.63,0.0,64.28,29.5,81.47,1.4,0.92,15.66,4.36,14.22,18.34,18.9,9.72,17-Oct-2020 - 00:00,"Shrinath Puram, Kota - RSPCB"
17-Oct-2020 - 00:00,0.64,0.44,0.7,0.71,736.96,176.85,89.62,0.0,64.9,30.73,129.59,0.98,1.02,22.77,5.39,21.4,26.67,34.78,10.16,18-Oct-2020 - 00:00,"Shrinath Puram, Kota - RSPCB"
18-Oct-2020 - 00:00,0.44,0.2,0.48,0.38,737.31,129.78,80.12,0.0,65.8,30.01,139.27,0.95,1.01,20.33,6.15,17.83,23.91,35.17,9.51,19-Oct-2020 - 00:00,"Shrinath Puram, Kota - RSPCB"
19-Oct-2020 - 00:00,0.4,0.16,0.38,0.26,737.91,154.28,91.97,0.0,56.49,28.23,145.76,1.24,0.95,15.92,4.9,14.04,18.77,69.68,9.36,20-Oct-2020 - 00:00,"Shrinath Puram, Kota - RSPCB"
20-Oct-2020 - 00:00,0.39,0.14,0.33,0.19,737.8,127.17,83.08,0.0,53.68,27.75,157.64,1.04,0.91,25.12,5.83,23.79,29.43,54.64,10.23,21-Oct-2020 - 00:00,"Shrinath Puram, Kota - RSPCB"
21-Oct-2020 - 00:00,0.43,0.15,0.4,0.24,738.06,145.48,90.06,0.0,46.16,28.85,141.09,0.94,0.97,32.98,7.09,31.63,38.61,49.59,10.38,22-Oct-2020 - 00:00,"Shrinath Puram, Kota - RSPCB"
22-Oct-2020 - 00:00,0.54,0.27,0.59,0.35,736.47,164.85,87.39,0.0,60.44,27.99,172.72,0.78,1.22,30.02,9.02,26.49,35.41,45.49,10.27,23-Oct-2020 - 00:00,"Shrinath Puram, Kota - RSPCB"
23-Oct-2020 - 00:00,0.56,0.27,0.62,0.42,736.55,105.27,67.23,0.0,52.66,27.69,196.67,0.61,1.09,25.18,7.6,22.18,29.67,54.34,9.63,24-Oct-2020 - 00:00,"Shrinath Puram, Kota - RSPCB"
24-Oct-2020 - 00:00,0.64,0.27,0.62,0.4,737.68,88.66,42.62,0.0,44.66,27.89,203.19,0.81,1.12,29.03,11.6,22.94,34.51,59.81,9.7,25-Oct-2020 - 00:00,"Shrinath Puram, Kota - RSPCB"
25-Oct-2020 - 00:00,0.37,0.22,0.55,0.36,740.09,154.01,62.92,0.0,45.69,27.08,256.21,1.04,0.76,23.38,7.97,19.79,27.69,72.73,9.74,26-Oct-2020 - 00:00,"Shrinath Puram, Kota - RSPCB"
26-Oct-2020 - 00:00,0.27,0.11,0.3,0.22,742.11,64.75,38.47,0.0,43.73,27.01,274.54,1.18,0.63,21.33,5.78,18.38,24.09,62.02,9.6,27-Oct-2020 - 00:00,"Shrinath Puram, Kota - RSPCB"
27-Oct-2020 - 00:00,0.44,0.54,0.79,0.82,741.7,112.37,65.14,0.0,38.55,26.07,264.01,1.11,0.73,21.41,6.13,16.87,22.89,70.42,9.55,28-Oct-2020 - 00:00,"Shrinath Puram, Kota - RSPCB"
28-Oct-2020 - 00:00,0.53,0.31,0.74,0.91,742.52,122.06,78.63,0.0,43.27,23.9,241.39,0.95,0.74,24.9,6.07,22.25,27.05,68.16,9.5,29-Oct-2020 - 00:00,"Shrinath Puram, Kota - RSPCB"
29-Oct-2020 - 00:00,0.51,0.2,0.54,0.48,742.74,154.81,91.74,0.0,43.61,24.98,211.75,0.72,0.9,25.31,6.39,21.1,27.46,73.13,9.28,30-Oct-2020 - 00:00,"Shrinath Puram, Kota - RSPCB"
30-Oct-2020 - 00:00,0.52,0.2,0.5,0.38,742.97,139.35,86.09,0.0,43.41,24.57,209.19,0.7,0.96,26.27,7.46,21.21,28.64,66.37,9.35,31-Oct-2020 - 00:00,"Shrinath Puram, Kota - RSPCB"
31-Oct-2020 - 00:00,0.59,0.26,0.62,0.44,743.44,187.58,78.13,0.0,42.09,24.16,170.88,0.66,1.04,31.85,10.75,23.96,34.7,85.95,9.29,01-Nov-2020 - 00:00,"Shrinath Puram, Kota - RSPCB"
01-Nov-2020 - 00:00,0.53,0.28,0.69,0.5,744.08,177.35,72.69,0.0,41.84,23.41,219.54,0.71,0.96,29.0,8.28,23.29,31.56,65.91,9.42,02-Nov-2020 - 00:00,"Shrinath Puram, Kota - RSPCB"
02-Nov-2020 - 00:00,0.46,0.21,0.49,0.4,744.81,145.23,60.69,0.0,38.04,23.42,202.92,0.77,0.84,40.44,9.18,27.74,36.92,42.56,9.4,03-Nov-2020 - 00:00,"Shrinath Puram, Kota - RSPCB"
03-Nov-2020 - 00:00,0.56,0.42,0.76,0.67,744.26,80.77,48.83,0.0,34.17,24.4,248.08,0.95,0.68,37.83,8.45,23.44,31.91,37.43,9.43,04-Nov-2020 - 00:00,"Shrinath Puram, Kota - RSPCB"
04-Nov-2020 - 00:00,0.55,0.23,0.57,0.53,743.01,112.92,51.44,0.0,34.26,24.11,237.26,0.98,0.8,39.15,8.65,24.6,33.16,31.3,9.4,05-Nov-2020 - 00:00,"Shrinath Puram, Kota - RSPCB"
05-Nov-2020 - 00:00,0.6,0.3,0.69,0.49,743.68,111.28,50.59,0.0,40.73,24.11,176.13,0.72,0.97,52.16,13.13,30.64,43.77,46.53,9.78,06-Nov-2020 - 00:00,"Shrinath Puram, Kota - RSPCB"
06-Nov-2020 - 00:00,0.72,0.38,0.79,0.53,746.1,127.86,78.2,0.0,44.12,23.51,152.63,0.65,1.11,61.01,13.44,37.86,51.28,57.36,9.65,07-Nov-2020 - 00:00,"Shrinath Puram, Kota - RSPCB"
07-Nov-2020 - 00:00,0.8,0.4,0.88,0.61,747.1,142.33,100.01,0.0,46.78,22.86,185.78,0.58,1.18,55.46,15.45,30.91,46.36,66.45,9.58,08-Nov-2020 - 00:00,"Shrinath Puram, Kota - RSPCB"
08-Nov-2020 - 00:00,0.88,0.49,1.06,0.78,747.22,149.6,114.92,0.0,49.43,22.84,163.76,0.53,1.29,53.14,13.38,31.21,44.57,60.85,9.65,09-Nov-2020 - 00:00,"Shrinath Puram, Kota - RSPCB"
09-Nov-2020 - 00:00,0.73,0.37,0.89,0.68,745.88,149.19,104.22,0.0,49.43,22.44,184.11,0.59,1.16,47.29,10.65,29.27,39.91,36.69,9.73,10-Nov-2020 - 00:00,"Shrinath Puram, Kota - RSPCB"
10-Nov-2020 - 00:00,0.76,0.32,0.71,0.5,744.15,184.36,124.17,0.0,53.23,21.78,183.28,0.54,1.15,56.32,14.43,32.8,47.23,25.29,9.85,11-Nov-2020 - 00:00,"Shrinath Puram, Kota - RSPCB"
11-Nov-2020 - 00:00,1.07,0.66,1.09,0.78,745.45,240.81,169.06,0.0,64.53,20.65,189.09,0.58,1.26,46.34,8.53,30.67,39.17,22.49,9.49,12-Nov-2020 - 00:00,"Shrinath Puram, Kota - RSPCB"
12-Nov-2020 - 00:00,0.7,0.45,0.8,0.6,747.01,153.28,109.88,0.0,64.69,21.38,204.9,0.74,0.9,35.92,5.95,24.65,30.55,18.99,9.45,13-Nov-2020 - 00:00,"Shrinath Puram, Kota - RSPCB"
13-Nov-2020 - 00:00,0.54,0.24,0.55,0.41,746.01,127.33,81.99,0.0,62.2,22.64,137.18,0.73,0.8,34.25,6.37,22.75,29.11,18.69,9.53,14-Nov-2020 - 00:00,"Shrinath Puram, Kota - RSPCB"
14-Nov-2020 - 00:00,0.82,0.37,0.84,0.52,743.54,155.77,113.1,0.0,68.37,23.16,159.17,0.84,1.05,72.24,29.42,37.14,66.53,21.86,9.84,15-Nov-2020 - 00:00,"Shrinath Puram, Kota - RSPCB"
15-Nov-2020 - 00:00,0.72,0.41,1.07,0.73,742.02,182.46,132.15,0.0,71.1,24.54,193.52,0.88,0.92,37.16,11.41,19.83,31.21,18.44,9.54,16-Nov-2020 - 00:00,"Shrinath Puram, Kota - RSPCB"
16-Nov-2020 - 00:00,0.31,0.16,0.42,0.33,743.77,79.75,57.84,0.0,87.62,23.01,68.84,1.15,0.61,20.77,4.86,13.18,17.78,19.62,9.78,17-Nov-2020 - 00:00,"Shrinath Puram, Kota - RSPCB"
17-Nov-2020 - 00:00,0.29,0.13,0.33,0.24,743.57,90.4,58.98,0.0,91.78,20.29,166.62,1.34,0.54,17.46,4.65,10.39,15.03,15.94,9.28,18-Nov-2020 - 00:00,"Shrinath Puram, Kota - RSPCB"
18-Nov-2020 - 00:00,0.33,0.13,0.3,0.22,741.69,93.55,63.31,0.0,82.67,21.02,165.8,1.01,0.57,18.21,4.19,11.56,15.71,21.32,9.33,19-Nov-2020 - 00:00,"Shrinath Puram, Kota - RSPCB"
19-Nov-2020 - 00:00,0.35,0.14,0.3,0.2,742.12,99.61,67.8,0.0,84.56,20.88,167.07,1.01,0.61,18.11,3.97,11.59,15.54,21.43,9.55,20-Nov-2020 - 00:00,"Shrinath Puram, Kota - RSPCB"
20-Nov-2020 - 00:00,0.38,0.15,0.33,0.23,744.83,105.92,78.0,0.0,76.83,20.03,157.31,0.7,0.6,21.48,4.11,14.3,18.39,21.87,9.49,21-Nov-2020 - 00:00,"Shrinath Puram, Kota - RSPCB"
21-Nov-2020 - 00:00,0.43,0.18,0.42,0.3,745.94,127.74,72.08,0.0,61.62,18.82,210.74,0.91,0.62,26.65,4.85,18.01,22.7,22.08,10.13,22-Nov-2020 - 00:00,"Shrinath Puram, Kota - RSPCB"
22-Nov-2020 - 00:00,0.53,0.24,0.59,0.42,745.95,154.15,81.42,0.0,50.34,18.78,141.62,0.62,0.75,36.41,6.99,23.88,30.85,22.14,9.66,23-Nov-2020 - 00:00,"Shrinath Puram, Kota - RSPCB"
23-Nov-2020 - 00:00,0.66,0.3,0.77,0.56,745.29,141.36,96.2,0.0,60.52,18.58,176.55,0.72,0.9,45.05,9.18,28.84,38.0,24.3,9.6,24-Nov-2020 - 00:00,"Shrinath Puram, Kota - RSPCB"
24-Nov-2020 - 00:00,0.65,0.33,0.85,0.62,744.27,142.96,89.85,0.0,61.39,19.48,139.93,0.86,0.87,41.05,6.19,28.73,34.06,23.14,9.49,25-Nov-2020 - 00:00,"Shrinath Puram, Kota - RSPCB"
25-Nov-2020 - 00:00,0.47,0.22,0.59,0.45,743.68,140.88,89.29,0.0,62.88,20.41,149.28,1.06,0.7,36.69,4.99,26.3,31.26,23.51,9.85,26-Nov-2020 - 00:00,"Shrinath Puram, Kota - RSPCB"
26-Nov-2020 - 00:00,0.43,0.15,0.42,0.31,746.7,121.14,92.09,0.0,81.22,18.1,115.22,1.29,0.64,30.31,4.16,21.78,25.91,21.37,9.29,27-Nov-2020 - 00:00,"Shrinath Puram, Kota - RSPCB"
27-Nov-2020 - 00:00,0.36,0.11,0.3,0.21,749.89,102.8,58.42,0.0,77.18,18.26,250.83,0.97,0.44,28.84,7.84,19.19,27.01,16.3,7.89,28-Nov-2020 - 00:00,"Shrinath Puram, Kota - RSPCB"
28-Nov-2020 - 00:00,0.36,0.33,0.59,0.6,749.08,72.29,44.4,0.0,70.75,18.41,205.75,0.65,0.33,32.22,11.18,21.2,32.38,21.19,9.28,29-Nov-2020 - 00:00,"Shrinath Puram, Kota - RSPCB"
29-Nov-2020 - 00:00,0.47,0.21,0.5,0.43,747.16,102.23,67.23,0.0,67.36,18.65,150.1,0.56,0.6,43.5,18.16,23.31,41.46,23.92,9.49,30-Nov-2020 - 00:00,"Shrinath Puram, Kota - RSPCB"
30-Nov-2020 - 00:00,0.57,0.27,0.69,0.46,746.3,116.17,72.49,0.0,66.24,19.68,162.12,0.56,0.74,44.58,17.88,24.8,42.86,18.76,9.64,01-Dec-2020 - 00:00,"Shrinath Puram, Kota - RSPCB"
01-Dec-2020 - 00:00,0.76,0.35,0.8,0.49,746.25,130.4,90.1,0.0,78.55,16.04,208.44,0.42,0.95,48.38,21.95,23.38,45.33,13.86,9.17,02-Dec-2020 - 00:00,"Shrinath Puram, Kota - RSPCB"
