from date,NO,NOx,NO2,NH3,PM10,PM2.5,SO2,CO,Ozone,Benzene,MP-Xylene,Eth-Benzene,AT,RH,BP,SR,WS,WD,to date,station
01-Jan-2020 - 00:00,47.86,74.75,26.88,24.29,199.56,133.67,5.36,1.22,46.02,27.79,39.51,32.13,21.68,68.72,,200.67,1.19,166.89,02-Jan-2020 - 00:00,"Vasai West, Mumbai - MPCB"
02-Jan-2020 - 00:00,38.52,64.42,25.9,19.97,144.15,102.59,5.13,0.97,38.59,29.58,32.55,24.68,23.18,72.31,,197.53,1.78,143.96,03-Jan-2020 - 00:00,"Vasai West, Mumbai - MPCB"
03-Jan-2020 - 00:00,42.79,69.67,26.88,17.99,157.17,107.16,5.57,1.06,98.56,22.45,36.38,32.56,22.39,71.27,,208.17,1.95,138.42,04-Jan-2020 - 00:00,"Vasai West, Mumbai - MPCB"
04-Jan-2020 - 00:00,26.84,56.64,29.8,17.62,131.66,88.57,5.52,1.12,74.78,29.72,28.01,24.98,21.67,66.9,,200.31,2.65,124.57,05-Jan-2020 - 00:00,"Vasai West, Mumbai - MPCB"
05-Jan-2020 - 00:00,69.03,88.53,19.5,17.36,160.3,96.91,7.25,1.29,,,,,24.11,64.27,,191.92,1.18,126.25,06-Jan-2020 - 00:00,"Vasai West, Mumbai - MPCB"
06-Jan-2020 - 00:00,62.88,82.78,19.9,16.22,133.97,71.35,7.5,1.3,,,,,26.0,63.39,,191.51,1.45,156.49,07-Jan-2020 - 00:00,"Vasai West, Mumbai - MPCB"
07-Jan-2020 - 00:00,61.29,80.99,19.7,16.16,160.77,106.16,9.44,1.54,,,,,25.46,73.89,,183.19,1.05,156.89,08-Jan-2020 - 00:00,"Vasai West, Mumbai - MPCB"
08-Jan-2020 - 00:00,60.04,77.69,17.66,14.64,122.04,77.8,9.74,1.18,62.56,,,,24.76,73.83,,200.6,1.53,175.68,09-Jan-2020 - 00:00,"Vasai West, Mumbai - MPCB"
09-Jan-2020 - 00:00,26.82,49.62,22.82,15.37,98.54,48.32,2.23,0.77,101.58,0.61,18.16,6.66,23.09,59.11,,202.13,2.6,108.62,10-Jan-2020 - 00:00,"Vasai West, Mumbai - MPCB"
10-Jan-2020 - 00:00,33.44,51.63,18.19,10.1,131.71,66.47,1.83,0.78,67.6,,,,24.7,60.37,,191.84,1.36,129.51,11-Jan-2020 - 00:00,"Vasai West, Mumbai - MPCB"
11-Jan-2020 - 00:00,48.68,69.57,20.89,14.33,162.7,90.67,2.77,1.25,,,,,26.57,63.76,,202.55,1.32,148.89,12-Jan-2020 - 00:00,"Vasai West, Mumbai - MPCB"
12-Jan-2020 - 00:00,66.07,86.2,20.13,22.82,207.51,133.04,3.21,1.71,,,,,25.98,71.97,,199.82,1.05,138.69,13-Jan-2020 - 00:00,"Vasai West, Mumbai - MPCB"
13-Jan-2020 - 00:00,68.63,79.2,10.57,26.41,125.96,82.2,2.77,0.99,25.53,0.58,4.63,3.02,25.14,81.41,,178.71,1.22,189.55,14-Jan-2020 - 00:00,"Vasai West, Mumbai - MPCB"
14-Jan-2020 - 00:00,60.35,73.55,13.2,17.65,104.7,44.36,3.84,0.72,,,,,23.69,71.89,,219.31,2.09,133.47,15-Jan-2020 - 00:00,"Vasai West, Mumbai - MPCB"
15-Jan-2020 - 00:00,36.58,51.8,15.22,22.79,83.91,26.65,2.55,0.54,54.56,,,,21.82,62.22,,213.78,1.87,182.6,16-Jan-2020 - 00:00,"Vasai West, Mumbai - MPCB"
16-Jan-2020 - 00:00,36.11,53.07,16.97,27.51,79.45,42.2,2.25,0.54,59.95,,,,20.16,62.95,,213.74,2.4,147.97,17-Jan-2020 - 00:00,"Vasai West, Mumbai - MPCB"
17-Jan-2020 - 00:00,20.8,44.02,23.21,25.0,78.29,42.83,1.63,0.52,70.64,,,,19.44,57.18,,213.24,2.64,112.17,18-Jan-2020 - 00:00,"Vasai West, Mumbai - MPCB"
18-Jan-2020 - 00:00,26.27,52.93,26.66,27.51,142.87,80.37,1.99,0.79,86.13,,,,22.19,61.07,,218.26,1.78,167.94,19-Jan-2020 - 00:00,"Vasai West, Mumbai - MPCB"
19-Jan-2020 - 00:00,39.38,63.65,24.27,26.75,139.18,77.83,2.53,0.92,,,,,23.74,63.61,,216.28,1.34,195.73,20-Jan-2020 - 00:00,"Vasai West, Mumbai - MPCB"
20-Jan-2020 - 00:00,42.64,61.08,18.44,22.66,130.64,78.55,2.89,1.0,70.1,,,,24.64,69.41,,212.97,1.24,177.14,21-Jan-2020 - 00:00,"Vasai West, Mumbai - MPCB"
21-Jan-2020 - 00:00,51.05,68.73,17.67,21.25,150.0,94.79,3.48,1.03,62.61,,,,24.25,68.57,,221.43,1.23,175.4,22-Jan-2020 - 00:00,"Vasai West, Mumbai - MPCB"
22-Jan-2020 - 00:00,49.98,68.31,18.34,21.12,158.19,93.47,3.56,1.02,,,,,24.85,67.08,,215.56,1.3,183.56,23-Jan-2020 - 00:00,"Vasai West, Mumbai - MPCB"
23-Jan-2020 - 00:00,39.31,59.06,19.75,20.29,132.21,76.95,3.11,0.99,,,,,26.29,63.83,,210.07,1.58,186.28,24-Jan-2020 - 00:00,"Vasai West, Mumbai - MPCB"
24-Jan-2020 - 00:00,51.15,69.1,18.02,20.79,134.67,78.44,11.35,1.09,,,,,26.0,65.55,,206.67,1.12,156.56,25-Jan-2020 - 00:00,"Vasai West, Mumbai - MPCB"
25-Jan-2020 - 00:00,40.23,63.69,23.45,22.24,148.71,103.63,1.73,0.98,116.32,1.43,66.82,41.59,25.89,66.51,,208.5,1.33,206.35,26-Jan-2020 - 00:00,"Vasai West, Mumbai - MPCB"
26-Jan-2020 - 00:00,47.24,71.0,23.76,21.29,147.88,104.09,3.29,1.09,,,,,25.45,69.86,,207.83,1.1,181.81,27-Jan-2020 - 00:00,"Vasai West, Mumbai - MPCB"
27-Jan-2020 - 00:00,52.34,67.85,15.5,19.0,128.22,85.71,3.53,0.91,,,,,23.98,75.29,,221.46,1.28,188.05,28-Jan-2020 - 00:00,"Vasai West, Mumbai - MPCB"
28-Jan-2020 - 00:00,55.85,68.77,12.92,18.96,74.28,30.99,3.21,0.62,85.63,0.24,5.84,4.9,23.73,74.81,,195.3,1.52,152.55,29-Jan-2020 - 00:00,"Vasai West, Mumbai - MPCB"
29-Jan-2020 - 00:00,43.12,59.31,16.18,22.37,79.6,13.81,2.4,0.4,,,,,22.01,64.98,,241.6,2.54,151.19,30-Jan-2020 - 00:00,"Vasai West, Mumbai - MPCB"
30-Jan-2020 - 00:00,36.82,61.14,24.33,29.83,112.98,48.66,2.25,0.63,,,,,21.86,56.42,,241.99,2.08,138.06,31-Jan-2020 - 00:00,"Vasai West, Mumbai - MPCB"
31-Jan-2020 - 00:00,35.33,59.01,23.68,29.2,130.45,69.59,2.74,0.82,115.78,,,,22.07,65.11,,236.56,1.63,191.46,01-Feb-2020 - 00:00,"Vasai West, Mumbai - MPCB"
01-Feb-2020 - 00:00,30.99,55.44,24.45,24.01,120.8,55.82,2.43,0.75,146.27,,,,23.31,62.43,,238.65,1.92,165.07,02-Feb-2020 - 00:00,"Vasai West, Mumbai - MPCB"
02-Feb-2020 - 00:00,57.9,79.1,21.2,22.27,153.8,85.25,3.52,0.95,,,,,24.6,66.8,,246.04,1.13,172.22,03-Feb-2020 - 00:00,"Vasai West, Mumbai - MPCB"
03-Feb-2020 - 00:00,52.44,71.49,19.05,20.26,148.52,102.77,3.22,0.96,120.18,,,,23.58,77.44,,232.14,1.18,176.5,04-Feb-2020 - 00:00,"Vasai West, Mumbai - MPCB"
04-Feb-2020 - 00:00,50.41,72.92,22.51,21.08,149.24,100.33,3.69,0.91,70.86,,,,23.5,68.42,,236.79,1.89,162.85,05-Feb-2020 - 00:00,"Vasai West, Mumbai - MPCB"
05-Feb-2020 - 00:00,27.93,54.84,26.91,31.12,96.77,40.08,2.43,0.62,,,,,23.92,49.06,,254.4,2.41,150.91,06-Feb-2020 - 00:00,"Vasai West, Mumbai - MPCB"
06-Feb-2020 - 00:00,37.42,61.48,24.07,39.37,101.46,44.76,2.78,0.55,,,,,22.96,58.08,,272.41,2.32,183.43,07-Feb-2020 - 00:00,"Vasai West, Mumbai - MPCB"
07-Feb-2020 - 00:00,36.92,60.09,23.19,32.73,97.67,45.9,2.84,0.58,,,,,21.8,57.6,,274.36,2.02,215.54,08-Feb-2020 - 00:00,"Vasai West, Mumbai - MPCB"
08-Feb-2020 - 00:00,40.75,63.11,22.36,30.55,129.22,73.69,2.59,0.69,,,,,23.18,64.74,,186.81,2.07,186.58,09-Feb-2020 - 00:00,"Vasai West, Mumbai - MPCB"
09-Feb-2020 - 00:00,39.2,65.42,26.22,30.38,116.26,57.64,2.32,0.53,,,,,25.96,53.38,,271.07,1.84,123.6,10-Feb-2020 - 00:00,"Vasai West, Mumbai - MPCB"
10-Feb-2020 - 00:00,37.56,65.71,28.15,25.14,99.89,46.62,2.43,0.53,,,,,27.63,54.27,,263.53,2.08,114.26,11-Feb-2020 - 00:00,"Vasai West, Mumbai - MPCB"
11-Feb-2020 - 00:00,48.64,66.93,18.29,22.27,113.17,59.3,3.34,0.71,,,,,26.93,64.07,,246.92,1.27,143.0,12-Feb-2020 - 00:00,"Vasai West, Mumbai - MPCB"
12-Feb-2020 - 00:00,46.72,67.68,20.96,21.04,113.76,59.03,3.2,0.88,,,,,28.68,59.24,,267.3,1.43,139.71,13-Feb-2020 - 00:00,"Vasai West, Mumbai - MPCB"
13-Feb-2020 - 00:00,48.42,71.49,23.06,21.98,118.15,64.63,3.2,0.87,,,,,28.33,58.26,,225.58,1.65,162.57,14-Feb-2020 - 00:00,"Vasai West, Mumbai - MPCB"
14-Feb-2020 - 00:00,30.64,58.05,27.41,28.08,91.54,36.74,2.48,0.58,,,,,28.71,43.36,,278.15,2.9,92.81,15-Feb-2020 - 00:00,"Vasai West, Mumbai - MPCB"
15-Feb-2020 - 00:00,51.1,75.82,24.72,30.68,92.08,31.08,3.26,0.62,,,,,27.02,39.73,,288.2,2.11,167.93,16-Feb-2020 - 00:00,"Vasai West, Mumbai - MPCB"
16-Feb-2020 - 00:00,49.57,79.86,30.28,25.31,139.73,76.42,3.36,0.79,,,,,26.25,59.21,,269.79,1.39,193.8,17-Feb-2020 - 00:00,"Vasai West, Mumbai - MPCB"
17-Feb-2020 - 00:00,46.81,71.12,24.3,23.13,186.33,116.99,3.57,1.02,,,,,27.98,60.8,,278.35,1.22,178.05,18-Feb-2020 - 00:00,"Vasai West, Mumbai - MPCB"
18-Feb-2020 - 00:00,47.36,74.21,26.85,23.85,157.97,80.31,3.53,0.98,,,,,29.0,51.4,,283.38,1.28,170.01,19-Feb-2020 - 00:00,"Vasai West, Mumbai - MPCB"
19-Feb-2020 - 00:00,53.8,78.04,24.24,26.65,161.49,95.76,3.89,0.94,,,,,27.72,58.5,,278.03,1.3,162.91,20-Feb-2020 - 00:00,"Vasai West, Mumbai - MPCB"
20-Feb-2020 - 00:00,53.27,74.6,21.33,25.24,136.37,75.95,3.7,0.84,,,,,26.63,64.53,,273.29,1.42,201.58,21-Feb-2020 - 00:00,"Vasai West, Mumbai - MPCB"
21-Feb-2020 - 00:00,62.63,78.29,15.66,21.66,107.89,56.91,3.81,0.71,,,,,25.63,71.49,,287.08,1.45,211.45,22-Feb-2020 - 00:00,"Vasai West, Mumbai - MPCB"
22-Feb-2020 - 00:00,47.41,72.77,25.36,24.16,147.17,73.45,3.46,0.83,,,,,26.3,60.52,,301.51,1.67,177.33,23-Feb-2020 - 00:00,"Vasai West, Mumbai - MPCB"
23-Feb-2020 - 00:00,50.0,76.88,26.88,24.18,157.37,72.53,3.69,0.96,,,,,26.85,53.36,,290.15,1.65,203.2,24-Feb-2020 - 00:00,"Vasai West, Mumbai - MPCB"
24-Feb-2020 - 00:00,42.38,66.3,23.93,20.75,140.74,78.44,3.86,0.93,,,,,26.55,57.38,,308.84,1.84,165.5,25-Feb-2020 - 00:00,"Vasai West, Mumbai - MPCB"
25-Feb-2020 - 00:00,38.7,60.62,21.91,26.53,99.7,26.11,2.71,0.52,,,,,28.49,33.17,,357.55,2.43,117.01,26-Feb-2020 - 00:00,"Vasai West, Mumbai - MPCB"
26-Feb-2020 - 00:00,48.37,72.36,23.99,33.27,98.5,30.75,3.2,0.65,,,,,28.53,37.47,,321.65,1.58,158.04,27-Feb-2020 - 00:00,"Vasai West, Mumbai - MPCB"
27-Feb-2020 - 00:00,52.23,74.5,22.27,36.05,126.55,46.74,3.45,0.79,,,,,27.68,46.12,,336.64,1.49,146.02,28-Feb-2020 - 00:00,"Vasai West, Mumbai - MPCB"
28-Feb-2020 - 00:00,51.48,75.56,24.08,35.28,160.77,82.04,4.14,0.89,84.05,0.06,0.97,1.26,27.02,49.33,,332.67,1.36,173.97,29-Feb-2020 - 00:00,"Vasai West, Mumbai - MPCB"
29-Feb-2020 - 00:00,57.03,77.02,19.99,27.05,150.12,80.83,4.34,0.85,,,,,26.35,59.65,,319.56,1.47,202.29,01-Mar-2020 - 00:00,"Vasai West, Mumbai - MPCB"
01-Mar-2020 - 00:00,67.99,87.47,19.48,19.78,113.01,48.22,4.23,0.7,,,,,25.78,74.02,,327.44,1.72,200.35,02-Mar-2020 - 00:00,"Vasai West, Mumbai - MPCB"
02-Mar-2020 - 00:00,59.02,74.12,15.07,18.37,142.47,57.45,3.94,0.66,,,,,25.33,72.28,,358.99,1.35,178.12,03-Mar-2020 - 00:00,"Vasai West, Mumbai - MPCB"
03-Mar-2020 - 00:00,61.71,75.78,14.05,15.98,136.29,58.28,3.57,0.59,,,,,25.6,74.01,,313.7,1.53,181.21,04-Mar-2020 - 00:00,"Vasai West, Mumbai - MPCB"
04-Mar-2020 - 00:00,50.35,65.93,15.58,18.25,110.19,39.78,3.41,0.58,,,,,25.02,74.5,,321.97,1.6,185.7,05-Mar-2020 - 00:00,"Vasai West, Mumbai - MPCB"
05-Mar-2020 - 00:00,54.18,67.56,13.38,17.96,110.0,45.37,3.61,0.53,,,,,25.33,74.27,,350.85,1.58,197.26,06-Mar-2020 - 00:00,"Vasai West, Mumbai - MPCB"
06-Mar-2020 - 00:00,51.16,62.18,11.01,22.08,94.87,20.34,3.93,0.44,49.73,,,,25.93,69.61,,389.72,1.64,182.1,07-Mar-2020 - 00:00,"Vasai West, Mumbai - MPCB"
07-Mar-2020 - 00:00,42.87,56.14,13.26,24.56,131.21,23.62,3.56,0.46,34.81,,,,24.89,68.74,,356.81,2.17,144.91,08-Mar-2020 - 00:00,"Vasai West, Mumbai - MPCB"
08-Mar-2020 - 00:00,45.45,62.69,17.23,19.34,142.0,22.0,3.99,0.56,,,,,24.52,65.37,,399.21,1.54,163.53,09-Mar-2020 - 00:00,"Vasai West, Mumbai - MPCB"
09-Mar-2020 - 00:00,48.41,64.49,16.08,15.73,142.0,22.0,4.25,0.69,35.38,,,,24.72,73.08,,405.29,1.56,180.22,10-Mar-2020 - 00:00,"Vasai West, Mumbai - MPCB"
10-Mar-2020 - 00:00,65.99,80.75,14.76,13.27,142.0,22.0,4.57,0.85,31.59,,,,25.57,71.74,,378.32,1.43,204.52,11-Mar-2020 - 00:00,"Vasai West, Mumbai - MPCB"
11-Mar-2020 - 00:00,55.02,66.49,11.47,13.25,124.28,23.51,3.81,0.36,28.29,,,,25.08,65.26,,517.7,1.57,211.17,12-Mar-2020 - 00:00,"Vasai West, Mumbai - MPCB"
12-Mar-2020 - 00:00,52.53,66.31,13.78,17.16,78.5,19.4,3.66,0.5,8.29,,,,24.36,65.17,,453.94,2.03,175.33,13-Mar-2020 - 00:00,"Vasai West, Mumbai - MPCB"
13-Mar-2020 - 00:00,40.54,61.36,20.82,18.54,118.37,20.81,3.15,0.5,9.12,,,,24.28,56.22,,441.96,2.93,134.46,14-Mar-2020 - 00:00,"Vasai West, Mumbai - MPCB"
14-Mar-2020 - 00:00,29.33,54.27,24.95,24.43,114.51,20.71,2.75,0.51,8.51,,,,25.59,49.45,,494.11,3.14,127.29,15-Mar-2020 - 00:00,"Vasai West, Mumbai - MPCB"
15-Mar-2020 - 00:00,49.76,72.91,23.15,24.41,141.47,43.8,3.75,0.75,7.65,,,,27.51,43.96,,464.26,1.41,186.13,16-Mar-2020 - 00:00,"Vasai West, Mumbai - MPCB"
16-Mar-2020 - 00:00,55.75,77.39,21.64,24.43,157.45,57.68,4.21,0.91,18.64,,,,28.93,44.01,,438.01,1.51,190.53,17-Mar-2020 - 00:00,"Vasai West, Mumbai - MPCB"
17-Mar-2020 - 00:00,54.57,79.98,25.41,19.82,182.94,89.98,4.6,1.18,19.71,,,,28.4,50.33,,409.88,1.54,183.9,18-Mar-2020 - 00:00,"Vasai West, Mumbai - MPCB"
18-Mar-2020 - 00:00,53.69,74.2,20.51,19.28,140.01,69.8,4.58,0.99,14.51,,,,28.1,58.19,,438.76,1.42,195.18,19-Mar-2020 - 00:00,"Vasai West, Mumbai - MPCB"
19-Mar-2020 - 00:00,58.28,74.65,16.37,15.94,100.18,42.92,4.46,0.75,10.69,,,,27.01,63.19,,528.9,1.56,169.73,20-Mar-2020 - 00:00,"Vasai West, Mumbai - MPCB"
20-Mar-2020 - 00:00,72.02,85.06,13.04,14.92,81.75,31.22,4.86,0.69,6.69,,,,26.34,68.61,,482.1,1.4,208.57,21-Mar-2020 - 00:00,"Vasai West, Mumbai - MPCB"
21-Mar-2020 - 00:00,64.37,78.16,13.79,11.58,55.25,17.54,4.35,0.49,6.86,,,,26.2,73.47,,480.65,1.83,194.98,22-Mar-2020 - 00:00,"Vasai West, Mumbai - MPCB"
22-Mar-2020 - 00:00,46.72,60.83,14.11,9.02,48.58,15.6,3.6,0.35,7.22,,,,27.45,73.47,,489.1,2.37,200.43,23-Mar-2020 - 00:00,"Vasai West, Mumbai - MPCB"
23-Mar-2020 - 00:00,27.08,41.87,14.8,8.46,,23.01,3.12,0.4,8.99,,,,28.82,68.1,,500.33,1.98,202.77,24-Mar-2020 - 00:00,"Vasai West, Mumbai - MPCB"
24-Mar-2020 - 00:00,26.61,43.48,16.87,8.21,,39.11,3.38,0.5,9.35,,,,29.4,65.66,,448.85,1.76,225.61,25-Mar-2020 - 00:00,"Vasai West, Mumbai - MPCB"
25-Mar-2020 - 00:00,24.81,42.41,17.6,7.26,,28.16,3.17,0.56,5.93,,,,29.2,70.06,,403.16,1.52,192.76,26-Mar-2020 - 00:00,"Vasai West, Mumbai - MPCB"
26-Mar-2020 - 00:00,23.5,40.98,17.49,6.35,,33.78,3.01,0.43,5.98,,,,28.89,71.54,,377.17,1.6,181.55,27-Mar-2020 - 00:00,"Vasai West, Mumbai - MPCB"
27-Mar-2020 - 00:00,23.09,40.96,17.87,4.98,,22.17,2.8,0.35,5.86,,,,28.65,71.72,,401.28,2.82,189.21,28-Mar-2020 - 00:00,"Vasai West, Mumbai - MPCB"
28-Mar-2020 - 00:00,18.46,38.02,19.57,4.75,,22.11,2.63,0.38,5.87,,,,29.07,56.72,,460.01,3.31,177.47,29-Mar-2020 - 00:00,"Vasai West, Mumbai - MPCB"
29-Mar-2020 - 00:00,21.29,41.9,20.61,4.4,,17.89,2.74,0.37,5.94,,,,29.22,55.87,,471.24,2.63,166.39,30-Mar-2020 - 00:00,"Vasai West, Mumbai - MPCB"
30-Mar-2020 - 00:00,22.07,41.38,19.3,4.62,,,2.79,0.37,5.9,,,,28.64,61.14,,450.66,1.85,188.9,31-Mar-2020 - 00:00,"Vasai West, Mumbai - MPCB"
31-Mar-2020 - 00:00,29.62,44.78,15.16,4.35,,,3.06,0.42,5.82,,,,27.94,68.8,,460.75,1.97,206.98,01-Apr-2020 - 00:00,"Vasai West, Mumbai - MPCB"
01-Apr-2020 - 00:00,32.19,47.34,15.15,3.92,,,3.18,0.34,5.93,,,,28.05,71.78,,512.34,2.14,199.77,02-Apr-2020 - 00:00,"Vasai West, Mumbai - MPCB"
02-Apr-2020 - 00:00,27.84,45.63,17.8,3.61,,,3.18,0.37,5.87,,,,29.21,67.96,,485.22,2.29,215.88,03-Apr-2020 - 00:00,"Vasai West, Mumbai - MPCB"
03-Apr-2020 - 00:00,26.95,44.1,17.15,3.04,,,3.09,0.34,5.86,,,,29.3,70.03,,473.2,1.98,213.19,04-Apr-2020 - 00:00,"Vasai West, Mumbai - MPCB"
04-Apr-2020 - 00:00,28.38,45.13,16.75,2.59,,,3.09,0.35,5.81,,,,29.05,73.5,,508.52,1.86,220.89,05-Apr-2020 - 00:00,"Vasai West, Mumbai - MPCB"
05-Apr-2020 - 00:00,33.94,50.13,16.19,2.19,,,3.33,0.38,5.76,,,,28.51,79.29,,502.64,1.51,208.47,06-Apr-2020 - 00:00,"Vasai West, Mumbai - MPCB"
06-Apr-2020 - 00:00,28.2,45.4,17.2,1.87,,,3.08,0.31,5.74,,,,28.35,81.16,,491.14,1.65,188.25,07-Apr-2020 - 00:00,"Vasai West, Mumbai - MPCB"
07-Apr-2020 - 00:00,37.28,50.29,13.01,1.49,,,3.52,0.27,5.74,,,,27.8,79.78,,509.68,1.51,179.71,08-Apr-2020 - 00:00,"Vasai West, Mumbai - MPCB"
08-Apr-2020 - 00:00,37.89,50.3,12.41,1.3,,,3.53,0.3,5.73,,,,27.85,75.48,,512.04,1.72,176.83,09-Apr-2020 - 00:00,"Vasai West, Mumbai - MPCB"
09-Apr-2020 - 00:00,41.33,52.16,10.82,1.31,,,3.65,0.29,5.78,,,,27.95,75.76,,500.89,1.85,203.36,10-Apr-2020 - 00:00,"Vasai West, Mumbai - MPCB"
10-Apr-2020 - 00:00,38.63,53.58,14.94,1.15,,,3.61,0.31,5.79,,,,28.77,76.29,,489.58,1.94,195.26,11-Apr-2020 - 00:00,"Vasai West, Mumbai - MPCB"
11-Apr-2020 - 00:00,30.82,48.73,17.91,1.37,,,3.43,0.37,5.76,,,,29.99,73.57,,468.8,1.74,209.48,12-Apr-2020 - 00:00,"Vasai West, Mumbai - MPCB"
12-Apr-2020 - 00:00,26.74,46.01,19.27,1.27,,,3.33,0.41,5.76,,,,29.75,79.95,,446.14,1.36,180.22,13-Apr-2020 - 00:00,"Vasai West, Mumbai - MPCB"
13-Apr-2020 - 00:00,25.21,45.0,19.78,1.17,,,3.26,0.33,5.76,,,,29.82,78.49,,457.79,1.68,205.91,14-Apr-2020 - 00:00,"Vasai West, Mumbai - MPCB"
14-Apr-2020 - 00:00,24.44,44.84,20.4,1.12,,,3.3,0.32,5.76,,,,30.36,76.01,,464.08,1.74,210.67,15-Apr-2020 - 00:00,"Vasai West, Mumbai - MPCB"
15-Apr-2020 - 00:00,21.77,43.15,21.38,0.97,,,3.13,0.28,5.75,,,,30.52,76.07,,451.31,1.53,176.79,16-Apr-2020 - 00:00,"Vasai West, Mumbai - MPCB"
16-Apr-2020 - 00:00,16.85,39.8,22.95,0.86,,,2.93,0.27,5.75,,,,29.97,79.84,,446.85,1.58,192.96,17-Apr-2020 - 00:00,"Vasai West, Mumbai - MPCB"
17-Apr-2020 - 00:00,22.27,41.86,19.59,0.73,,,3.08,0.24,5.76,,,,29.85,79.6,,455.0,1.56,206.52,18-Apr-2020 - 00:00,"Vasai West, Mumbai - MPCB"
18-Apr-2020 - 00:00,23.75,43.87,20.12,0.65,,,3.19,0.27,5.79,,,,30.28,76.59,,466.79,1.68,215.0,19-Apr-2020 - 00:00,"Vasai West, Mumbai - MPCB"
19-Apr-2020 - 00:00,19.55,41.39,21.84,0.75,,,3.01,0.27,5.8,,,,31.03,72.36,,477.31,1.95,218.4,20-Apr-2020 - 00:00,"Vasai West, Mumbai - MPCB"
20-Apr-2020 - 00:00,27.44,45.03,17.59,0.84,,,3.37,0.32,5.74,,,,32.29,57.65,,534.73,2.3,173.02,21-Apr-2020 - 00:00,"Vasai West, Mumbai - MPCB"
21-Apr-2020 - 00:00,37.9,52.09,14.18,3.87,71.29,8.58,4.32,0.34,5.76,,,,30.26,67.8,,530.31,1.6,193.41,22-Apr-2020 - 00:00,"Vasai West, Mumbai - MPCB"
22-Apr-2020 - 00:00,52.34,67.09,14.75,4.9,58.9,14.29,3.81,0.28,7.5,,,,29.91,77.39,,499.95,1.67,205.21,23-Apr-2020 - 00:00,"Vasai West, Mumbai - MPCB"
23-Apr-2020 - 00:00,44.02,60.06,16.04,1.97,51.96,12.55,3.54,0.28,8.46,,,,30.29,75.67,,506.58,1.7,207.04,24-Apr-2020 - 00:00,"Vasai West, Mumbai - MPCB"
24-Apr-2020 - 00:00,42.66,56.58,13.92,1.3,51.47,17.45,3.32,0.33,5.64,,,,30.34,75.99,,508.36,1.84,207.82,25-Apr-2020 - 00:00,"Vasai West, Mumbai - MPCB"
25-Apr-2020 - 00:00,37.75,54.59,16.84,1.07,50.59,12.54,3.05,0.32,5.56,,,,29.9,73.55,,506.76,1.69,221.83,26-Apr-2020 - 00:00,"Vasai West, Mumbai - MPCB"
26-Apr-2020 - 00:00,41.56,56.62,15.06,0.68,51.02,11.53,3.32,0.3,5.55,,,,29.34,73.98,,525.91,1.83,217.34,27-Apr-2020 - 00:00,"Vasai West, Mumbai - MPCB"
27-Apr-2020 - 00:00,39.88,52.41,12.54,0.36,42.67,9.3,3.14,0.25,5.56,,,,29.54,74.9,,451.88,1.78,220.4,28-Apr-2020 - 00:00,"Vasai West, Mumbai - MPCB"
28-Apr-2020 - 00:00,36.1,52.55,16.45,0.5,55.89,18.18,3.12,0.32,5.49,,,,30.21,77.31,,485.92,2.33,190.54,29-Apr-2020 - 00:00,"Vasai West, Mumbai - MPCB"
29-Apr-2020 - 00:00,31.03,48.07,17.04,0.19,55.19,13.31,2.95,0.27,5.56,,,,30.73,76.08,,458.02,1.64,213.72,30-Apr-2020 - 00:00,"Vasai West, Mumbai - MPCB"
30-Apr-2020 - 00:00,26.49,45.35,18.86,0.09,53.31,12.27,2.56,0.22,5.58,,,,30.55,77.85,,463.33,1.74,220.34,01-May-2020 - 00:00,"Vasai West, Mumbai - MPCB"
01-May-2020 - 00:00,29.18,44.6,15.42,0.12,41.27,8.4,2.64,0.23,5.53,,,,30.34,76.62,,439.39,1.81,240.92,02-May-2020 - 00:00,"Vasai West, Mumbai - MPCB"
02-May-2020 - 00:00,35.05,48.17,13.12,0.06,39.02,7.08,2.95,0.25,5.6,,,,30.11,78.88,,459.84,1.92,233.0,03-May-2020 - 00:00,"Vasai West, Mumbai - MPCB"
03-May-2020 - 00:00,32.85,46.99,14.14,0.06,33.46,5.02,2.79,0.22,5.6,,,,30.27,78.14,,494.88,1.97,204.81,04-May-2020 - 00:00,"Vasai West, Mumbai - MPCB"
04-May-2020 - 00:00,35.35,47.37,12.03,0.06,37.2,5.03,3.0,0.23,5.63,,,,30.08,77.79,,523.4,1.88,215.25,05-May-2020 - 00:00,"Vasai West, Mumbai - MPCB"
05-May-2020 - 00:00,36.81,52.1,15.29,0.01,43.3,6.04,2.98,0.24,5.53,,,,30.39,78.31,,486.16,1.86,219.15,06-May-2020 - 00:00,"Vasai West, Mumbai - MPCB"
06-May-2020 - 00:00,32.02,48.57,16.55,0.04,69.47,7.88,2.9,0.26,5.55,,,,30.93,78.36,,503.92,1.62,187.19,07-May-2020 - 00:00,"Vasai West, Mumbai - MPCB"
07-May-2020 - 00:00,35.21,48.93,13.73,0.04,51.84,8.6,3.02,0.26,5.58,,,,30.05,78.44,,524.38,1.68,208.24,08-May-2020 - 00:00,"Vasai West, Mumbai - MPCB"
08-May-2020 - 00:00,41.4,53.37,11.97,0.02,56.48,7.28,3.28,0.23,5.56,,,,28.87,80.21,,227.1,0.86,180.32,09-May-2020 - 00:00,"Vasai West, Mumbai - MPCB"
09-May-2020 - 00:00,,,,,,,,,,,,,,,,,,,10-May-2020 - 00:00,"Vasai West, Mumbai - MPCB"
10-May-2020 - 00:00,,,,,,,,,,,,,,,,,,,11-May-2020 - 00:00,"Vasai West, Mumbai - MPCB"
11-May-2020 - 00:00,,,,,,,,,,,,,,,,,,,12-May-2020 - 00:00,"Vasai West, Mumbai - MPCB"
12-May-2020 - 00:00,,,,,,,,,,,,,,,,,,,13-May-2020 - 00:00,"Vasai West, Mumbai - MPCB"
13-May-2020 - 00:00,,,,,,,,,,,,,,,,,,,14-May-2020 - 00:00,"Vasai West, Mumbai - MPCB"
14-May-2020 - 00:00,,,,,,,,,,,,,,,,,,,15-May-2020 - 00:00,"Vasai West, Mumbai - MPCB"
15-May-2020 - 00:00,,,,,,,,,,,,,,,,,,,16-May-2020 - 00:00,"Vasai West, Mumbai - MPCB"
16-May-2020 - 00:00,,,,,,,,,,,,,,,,,,,17-May-2020 - 00:00,"Vasai West, Mumbai - MPCB"
17-May-2020 - 00:00,,,,,,,,,,,,,,,,,,,18-May-2020 - 00:00,"Vasai West, Mumbai - MPCB"
18-May-2020 - 00:00,21.5,41.33,19.83,2.24,65.86,12.06,5.55,0.17,8.64,,,,31.26,73.45,,529.13,3.28,301.04,19-May-2020 - 00:00,"Vasai West, Mumbai - MPCB"
19-May-2020 - 00:00,56.19,70.07,13.88,3.67,52.31,6.37,6.75,0.15,9.1,,,,30.07,74.71,,498.04,2.01,250.5,20-May-2020 - 00:00,"Vasai West, Mumbai - MPCB"
20-May-2020 - 00:00,58.74,74.2,15.46,2.64,39.99,5.08,,0.18,8.79,,,,,,,,,,21-May-2020 - 00:00,"Vasai West, Mumbai - MPCB"
21-May-2020 - 00:00,55.58,70.77,15.19,1.71,34.52,3.52,,0.19,8.69,,,,,,,,,,22-May-2020 - 00:00,"Vasai West, Mumbai - MPCB"
22-May-2020 - 00:00,49.16,64.58,15.42,1.53,34.12,5.01,,0.19,8.64,,,,,,,,,,23-May-2020 - 00:00,"Vasai West, Mumbai - MPCB"
23-May-2020 - 00:00,56.0,71.57,15.57,1.35,53.12,10.78,,0.23,8.66,,,,,,,,,,24-May-2020 - 00:00,"Vasai West, Mumbai - MPCB"
24-May-2020 - 00:00,49.4,64.52,15.12,0.97,38.25,5.44,,0.15,8.46,,,,,,,,,,25-May-2020 - 00:00,"Vasai West, Mumbai - MPCB"
25-May-2020 - 00:00,47.94,63.42,15.47,0.86,44.5,4.71,,0.16,8.44,,,,,,,,,,26-May-2020 - 00:00,"Vasai West, Mumbai - MPCB"
26-May-2020 - 00:00,50.11,64.87,14.76,0.79,47.39,3.91,,0.16,8.34,,,,,,,,,,27-May-2020 - 00:00,"Vasai West, Mumbai - MPCB"
27-May-2020 - 00:00,38.71,54.48,15.77,0.85,39.19,4.8,,0.13,8.32,,,,,,,,,,28-May-2020 - 00:00,"Vasai West, Mumbai - MPCB"
28-May-2020 - 00:00,38.74,53.91,15.17,0.71,34.83,3.24,,0.13,8.28,,,,,,,,,,29-May-2020 - 00:00,"Vasai West, Mumbai - MPCB"
29-May-2020 - 00:00,34.96,50.47,15.52,0.53,21.17,2.73,,0.11,8.26,,,,,,,,,,30-May-2020 - 00:00,"Vasai West, Mumbai - MPCB"
30-May-2020 - 00:00,42.73,53.49,10.76,0.33,29.82,3.57,,0.11,8.18,,,,,,,,,,31-May-2020 - 00:00,"Vasai West, Mumbai - MPCB"
31-May-2020 - 00:00,42.27,54.2,11.93,0.51,45.9,2.85,,0.12,8.19,,,,,,,,,,01-Jun-2020 - 00:00,"Vasai West, Mumbai - MPCB"
01-Jun-2020 - 00:00,45.41,63.25,17.84,1.09,24.0,17.65,,0.25,7.97,,,,31.29,72.75,,302.07,1.83,231.4,02-Jun-2020 - 00:00,"Vasai West, Mumbai - MPCB"
02-Jun-2020 - 00:00,56.23,75.13,18.91,1.11,47.52,17.81,,0.44,8.26,,,,29.95,73.29,,143.27,2.1,78.36,03-Jun-2020 - 00:00,"Vasai West, Mumbai - MPCB"
03-Jun-2020 - 00:00,61.4,76.42,15.02,1.25,9.81,5.43,,0.31,8.21,,,,27.13,85.36,997.76,112.73,4.31,42.85,04-Jun-2020 - 00:00,"Vasai West, Mumbai - MPCB"
04-Jun-2020 - 00:00,49.2,67.46,18.26,4.06,32.36,9.64,5.56,0.37,8.46,,,,26.11,88.79,,167.65,1.68,131.52,05-Jun-2020 - 00:00,"Vasai West, Mumbai - MPCB"
05-Jun-2020 - 00:00,50.59,68.45,17.86,3.77,34.92,9.58,5.92,0.34,8.43,,,,28.28,79.08,,431.04,1.68,172.92,06-Jun-2020 - 00:00,"Vasai West, Mumbai - MPCB"
06-Jun-2020 - 00:00,51.5,63.87,12.37,3.46,25.59,6.68,5.97,0.28,8.42,,,,28.1,85.99,,421.38,2.16,160.3,07-Jun-2020 - 00:00,"Vasai West, Mumbai - MPCB"
07-Jun-2020 - 00:00,56.27,66.76,10.49,2.57,33.99,4.91,6.14,0.23,8.4,,,,29.51,80.68,,402.14,1.57,180.68,08-Jun-2020 - 00:00,"Vasai West, Mumbai - MPCB"
08-Jun-2020 - 00:00,44.58,61.46,16.88,2.31,20.4,6.29,5.6,0.25,8.69,,,,27.22,84.26,,410.96,1.83,183.99,09-Jun-2020 - 00:00,"Vasai West, Mumbai - MPCB"
09-Jun-2020 - 00:00,48.25,60.35,12.1,2.98,22.62,6.24,5.82,0.28,8.75,,,,29.1,81.43,,442.87,1.53,186.53,10-Jun-2020 - 00:00,"Vasai West, Mumbai - MPCB"
10-Jun-2020 - 00:00,49.8,60.82,11.02,2.83,27.35,5.35,5.87,0.22,8.69,,,,29.64,82.46,,437.97,1.81,206.88,11-Jun-2020 - 00:00,"Vasai West, Mumbai - MPCB"
11-Jun-2020 - 00:00,60.76,69.19,8.43,1.61,21.64,4.32,6.45,0.24,8.66,,,,29.13,86.34,1000.0,347.37,1.41,183.49,12-Jun-2020 - 00:00,"Vasai West, Mumbai - MPCB"
12-Jun-2020 - 00:00,67.82,78.06,10.24,1.22,25.17,5.75,6.99,0.32,8.64,,,,29.09,85.18,999.18,233.85,1.22,175.43,13-Jun-2020 - 00:00,"Vasai West, Mumbai - MPCB"
13-Jun-2020 - 00:00,57.84,71.32,13.48,1.25,20.28,9.33,6.56,0.33,8.62,,,,28.49,85.78,999.29,224.38,1.33,182.94,14-Jun-2020 - 00:00,"Vasai West, Mumbai - MPCB"
14-Jun-2020 - 00:00,59.8,72.9,13.1,1.38,21.08,8.27,6.69,0.3,8.62,,,,29.25,84.3,999.97,394.74,1.34,172.49,15-Jun-2020 - 00:00,"Vasai West, Mumbai - MPCB"
15-Jun-2020 - 00:00,59.34,71.5,12.17,1.26,23.75,5.85,6.54,0.35,8.65,,,,28.14,89.57,999.8,181.55,1.38,162.96,16-Jun-2020 - 00:00,"Vasai West, Mumbai - MPCB"
16-Jun-2020 - 00:00,58.7,72.79,14.09,1.42,21.81,11.89,6.66,0.38,8.62,,,,28.68,87.88,999.41,303.29,1.44,181.64,17-Jun-2020 - 00:00,"Vasai West, Mumbai - MPCB"
17-Jun-2020 - 00:00,54.73,69.72,14.99,2.05,25.85,9.79,6.55,0.39,8.56,,,,28.9,83.06,999.66,302.84,1.65,170.07,18-Jun-2020 - 00:00,"Vasai West, Mumbai - MPCB"
18-Jun-2020 - 00:00,57.49,67.6,10.11,1.59,24.0,6.73,6.38,0.34,8.59,,,,27.49,89.95,,115.63,1.71,161.93,19-Jun-2020 - 00:00,"Vasai West, Mumbai - MPCB"
19-Jun-2020 - 00:00,59.28,67.43,8.15,1.21,53.45,13.44,6.43,0.41,8.55,,,,29.05,86.89,,349.47,1.62,179.59,20-Jun-2020 - 00:00,"Vasai West, Mumbai - MPCB"
20-Jun-2020 - 00:00,51.2,59.45,8.25,1.79,47.27,10.64,6.02,0.32,8.6,,,,29.66,85.28,,365.14,1.57,186.85,21-Jun-2020 - 00:00,"Vasai West, Mumbai - MPCB"
21-Jun-2020 - 00:00,26.94,34.78,7.84,1.59,,6.61,5.27,0.3,8.81,,,,29.26,83.9,,360.2,1.68,188.89,22-Jun-2020 - 00:00,"Vasai West, Mumbai - MPCB"
22-Jun-2020 - 00:00,33.71,42.01,8.3,1.29,,14.31,5.84,0.37,8.84,,,,29.22,83.94,,371.75,1.54,175.22,23-Jun-2020 - 00:00,"Vasai West, Mumbai - MPCB"
23-Jun-2020 - 00:00,30.96,39.87,8.91,1.7,,8.09,5.89,0.33,8.96,,,,29.38,79.94,,450.95,1.72,172.95,24-Jun-2020 - 00:00,"Vasai West, Mumbai - MPCB"
24-Jun-2020 - 00:00,34.25,44.72,10.47,2.9,,10.59,6.17,0.44,9.03,,,,29.49,80.65,,405.94,1.67,182.64,25-Jun-2020 - 00:00,"Vasai West, Mumbai - MPCB"
25-Jun-2020 - 00:00,32.9,42.07,9.16,2.23,,7.93,5.98,0.28,8.87,,,,29.93,81.44,,450.34,1.59,194.77,26-Jun-2020 - 00:00,"Vasai West, Mumbai - MPCB"
26-Jun-2020 - 00:00,34.89,43.1,8.21,1.75,,6.74,5.98,0.24,9.08,,,,29.78,82.21,,277.42,1.25,194.19,27-Jun-2020 - 00:00,"Vasai West, Mumbai - MPCB"
27-Jun-2020 - 00:00,35.29,43.24,7.95,1.9,,12.25,6.09,0.27,8.9,,,,30.12,80.69,,377.52,1.53,203.25,28-Jun-2020 - 00:00,"Vasai West, Mumbai - MPCB"
28-Jun-2020 - 00:00,32.53,40.98,8.45,2.07,,5.55,5.74,0.21,8.79,,,,29.72,82.66,,353.07,1.5,190.87,29-Jun-2020 - 00:00,"Vasai West, Mumbai - MPCB"
29-Jun-2020 - 00:00,31.37,39.54,8.17,2.31,,3.02,5.85,0.2,8.86,,,,29.12,84.71,,420.03,1.76,193.72,30-Jun-2020 - 00:00,"Vasai West, Mumbai - MPCB"
30-Jun-2020 - 00:00,33.82,44.45,10.63,2.35,,8.43,6.05,0.27,8.81,,,,28.7,85.23,999.62,335.86,1.57,166.25,01-Jul-2020 - 00:00,"Vasai West, Mumbai - MPCB"
01-Jul-2020 - 00:00,34.94,44.15,9.2,2.4,,12.11,6.1,0.36,8.93,,,,28.99,83.75,,387.31,1.83,174.13,02-Jul-2020 - 00:00,"Vasai West, Mumbai - MPCB"
02-Jul-2020 - 00:00,37.87,44.93,7.07,2.31,,3.56,6.22,0.25,8.87,,,,28.6,86.25,,349.7,1.66,169.74,03-Jul-2020 - 00:00,"Vasai West, Mumbai - MPCB"
03-Jul-2020 - 00:00,33.93,41.66,7.73,2.37,,2.57,6.07,0.26,,,,,26.53,96.81,999.84,124.75,1.96,163.56,04-Jul-2020 - 00:00,"Vasai West, Mumbai - MPCB"
04-Jul-2020 - 00:00,27.3,36.74,9.44,2.0,,3.24,5.61,0.23,,,,,25.44,98.32,999.17,90.89,2.16,218.55,05-Jul-2020 - 00:00,"Vasai West, Mumbai - MPCB"
05-Jul-2020 - 00:00,20.71,30.5,9.79,3.31,,11.96,5.42,0.23,,,,,26.2,94.97,998.94,84.46,2.1,195.84,06-Jul-2020 - 00:00,"Vasai West, Mumbai - MPCB"
06-Jul-2020 - 00:00,15.85,25.23,9.38,3.61,,8.0,5.5,0.17,,,,,27.31,92.51,997.68,159.25,2.59,197.38,07-Jul-2020 - 00:00,"Vasai West, Mumbai - MPCB"
07-Jul-2020 - 00:00,14.37,26.65,12.27,4.21,,,5.33,0.15,,,,,27.08,93.89,998.62,149.38,2.2,183.86,08-Jul-2020 - 00:00,"Vasai West, Mumbai - MPCB"
08-Jul-2020 - 00:00,26.84,34.6,7.76,3.49,,,5.71,0.34,,,,,27.53,94.64,,275.6,1.73,190.43,09-Jul-2020 - 00:00,"Vasai West, Mumbai - MPCB"
09-Jul-2020 - 00:00,30.45,36.51,6.05,3.19,,,5.83,0.16,,,,,28.32,90.47,,338.08,1.72,193.98,10-Jul-2020 - 00:00,"Vasai West, Mumbai - MPCB"
10-Jul-2020 - 00:00,29.0,35.1,6.1,3.28,,,5.69,0.23,,,,,28.41,90.57,,304.26,1.82,197.54,11-Jul-2020 - 00:00,"Vasai West, Mumbai - MPCB"
11-Jul-2020 - 00:00,31.63,37.88,6.24,2.98,,,5.72,0.2,,,,,28.45,90.95,,350.93,1.66,203.04,12-Jul-2020 - 00:00,"Vasai West, Mumbai - MPCB"
12-Jul-2020 - 00:00,40.25,45.92,5.66,2.8,,,5.93,0.25,,,,,26.11,96.42,,189.61,1.63,156.46,13-Jul-2020 - 00:00,"Vasai West, Mumbai - MPCB"
13-Jul-2020 - 00:00,57.88,61.82,5.72,2.91,10.21,0.81,5.24,0.26,,,,,26.82,94.02,,287.01,1.65,173.14,14-Jul-2020 - 00:00,"Vasai West, Mumbai - MPCB"
14-Jul-2020 - 00:00,133.89,127.33,0.14,0.56,16.46,6.91,4.83,0.33,,,,,26.6,94.72,,203.52,1.22,171.65,15-Jul-2020 - 00:00,"Vasai West, Mumbai - MPCB"
15-Jul-2020 - 00:00,131.8,124.36,1.46,,10.46,7.74,4.82,0.29,,,,,25.85,97.42,999.55,82.36,1.22,153.61,16-Jul-2020 - 00:00,"Vasai West, Mumbai - MPCB"
16-Jul-2020 - 00:00,105.98,103.34,0.41,,4.95,3.03,4.16,0.28,,,,,25.41,98.46,998.3,105.63,1.73,163.86,17-Jul-2020 - 00:00,"Vasai West, Mumbai - MPCB"
17-Jul-2020 - 00:00,85.58,87.35,3.97,,15.62,5.76,3.57,0.31,,,,,25.85,96.4,997.95,208.91,2.02,152.78,18-Jul-2020 - 00:00,"Vasai West, Mumbai - MPCB"
18-Jul-2020 - 00:00,86.11,86.53,3.81,0.06,29.85,8.83,3.41,0.35,,,,,27.77,90.0,999.59,353.06,1.72,168.63,19-Jul-2020 - 00:00,"Vasai West, Mumbai - MPCB"
19-Jul-2020 - 00:00,79.5,81.04,7.02,0.11,30.78,4.64,3.12,0.27,,,,,28.54,89.12,,381.72,1.83,203.94,20-Jul-2020 - 00:00,"Vasai West, Mumbai - MPCB"
20-Jul-2020 - 00:00,79.97,80.72,5.32,,37.62,3.68,3.17,0.23,,,,,29.1,86.65,,315.44,1.47,213.67,21-Jul-2020 - 00:00,"Vasai West, Mumbai - MPCB"
21-Jul-2020 - 00:00,89.18,88.42,6.17,,30.64,4.12,3.49,0.3,,,,,28.93,86.91,,344.52,1.42,185.77,22-Jul-2020 - 00:00,"Vasai West, Mumbai - MPCB"
22-Jul-2020 - 00:00,94.22,93.73,5.54,0.3,29.75,9.33,3.78,0.33,,,,,29.6,83.8,,394.45,1.41,191.43,23-Jul-2020 - 00:00,"Vasai West, Mumbai - MPCB"
23-Jul-2020 - 00:00,97.62,94.68,1.59,,17.31,3.27,3.83,0.29,,,,,28.59,90.15,,225.9,1.35,174.84,24-Jul-2020 - 00:00,"Vasai West, Mumbai - MPCB"
24-Jul-2020 - 00:00,107.52,103.67,0.69,0.25,27.04,5.34,4.1,0.36,13.33,,,,27.6,91.75,,149.49,1.21,152.74,25-Jul-2020 - 00:00,"Vasai West, Mumbai - MPCB"
25-Jul-2020 - 00:00,95.27,95.05,7.0,,26.01,7.98,3.8,0.35,,,,,28.56,86.55,,198.69,1.28,164.31,26-Jul-2020 - 00:00,"Vasai West, Mumbai - MPCB"
26-Jul-2020 - 00:00,102.91,102.87,11.2,,30.35,10.9,4.32,0.41,,,,,29.27,85.28,,392.6,1.5,143.56,27-Jul-2020 - 00:00,"Vasai West, Mumbai - MPCB"
27-Jul-2020 - 00:00,78.41,78.03,,,,0.79,,,,,,,,,,,,,28-Jul-2020 - 00:00,"Vasai West, Mumbai - MPCB"
28-Jul-2020 - 00:00,98.53,96.04,0.43,,14.56,4.44,3.75,0.4,,,,,26.61,98.16,,128.71,1.8,143.98,29-Jul-2020 - 00:00,"Vasai West, Mumbai - MPCB"
29-Jul-2020 - 00:00,81.66,80.13,0.69,,26.73,12.58,3.5,0.43,,,,,27.31,94.35,,224.48,1.39,148.68,30-Jul-2020 - 00:00,"Vasai West, Mumbai - MPCB"
30-Jul-2020 - 00:00,49.36,50.63,2.69,,,7.49,2.12,0.31,,,,,27.93,92.72,,216.72,1.12,190.44,31-Jul-2020 - 00:00,"Vasai West, Mumbai - MPCB"
31-Jul-2020 - 00:00,45.6,48.0,4.1,0.02,,3.98,1.97,0.27,,,,,28.95,88.42,,356.6,1.3,190.21,01-Aug-2020 - 00:00,"Vasai West, Mumbai - MPCB"
01-Aug-2020 - 00:00,49.68,52.36,4.19,0.27,13.08,5.94,2.3,0.25,8.53,,,,29.39,87.56,,360.8,1.39,169.22,02-Aug-2020 - 00:00,"Vasai West, Mumbai - MPCB"
02-Aug-2020 - 00:00,78.79,80.96,4.71,0.14,20.33,11.14,3.44,0.35,8.55,,,,30.09,83.37,999.61,371.29,1.66,177.24,03-Aug-2020 - 00:00,"Vasai West, Mumbai - MPCB"
03-Aug-2020 - 00:00,70.08,73.66,4.73,0.08,17.63,23.89,3.25,0.4,8.64,,,,28.92,90.21,998.49,383.89,1.9,178.01,04-Aug-2020 - 00:00,"Vasai West, Mumbai - MPCB"
04-Aug-2020 - 00:00,32.23,43.34,12.46,,12.14,33.37,2.06,0.16,8.55,,,,27.3,95.44,995.29,130.64,3.72,238.31,05-Aug-2020 - 00:00,"Vasai West, Mumbai - MPCB"
05-Aug-2020 - 00:00,31.51,43.44,11.93,,13.52,2.39,2.15,0.15,8.51,,,,26.79,97.3,992.67,59.09,4.04,219.36,06-Aug-2020 - 00:00,"Vasai West, Mumbai - MPCB"
06-Aug-2020 - 00:00,9.4,31.65,22.25,,13.53,8.9,1.31,0.11,8.55,,,,26.2,98.05,994.03,56.64,3.7,228.26,07-Aug-2020 - 00:00,"Vasai West, Mumbai - MPCB"
07-Aug-2020 - 00:00,41.76,52.02,10.35,0.48,30.21,6.66,2.24,0.16,8.52,,,,26.25,97.37,997.31,,2.04,193.66,08-Aug-2020 - 00:00,"Vasai West, Mumbai - MPCB"
08-Aug-2020 - 00:00,44.63,53.42,8.79,,29.81,4.42,,0.05,8.56,,,,28.38,92.08,,290.32,2.59,223.11,09-Aug-2020 - 00:00,"Vasai West, Mumbai - MPCB"
09-Aug-2020 - 00:00,42.14,50.94,8.8,,46.73,3.9,,0.04,8.62,,,,29.41,88.54,,284.68,2.14,236.48,10-Aug-2020 - 00:00,"Vasai West, Mumbai - MPCB"
10-Aug-2020 - 00:00,46.88,55.37,8.49,,37.39,3.53,,0.07,8.65,,,,29.04,92.42,,214.34,2.01,237.86,11-Aug-2020 - 00:00,"Vasai West, Mumbai - MPCB"
11-Aug-2020 - 00:00,45.07,53.73,8.65,,26.81,1.66,,0.05,8.72,,,,28.36,94.3,,107.32,1.94,221.71,12-Aug-2020 - 00:00,"Vasai West, Mumbai - MPCB"
12-Aug-2020 - 00:00,31.3,44.03,12.73,,20.44,1.57,,0.04,8.7,,,,27.12,98.18,,52.09,2.69,240.45,13-Aug-2020 - 00:00,"Vasai West, Mumbai - MPCB"
13-Aug-2020 - 00:00,29.92,42.75,12.83,,29.53,2.73,,0.05,8.74,,,,28.65,92.02,,152.18,2.84,239.22,14-Aug-2020 - 00:00,"Vasai West, Mumbai - MPCB"
14-Aug-2020 - 00:00,36.42,48.08,11.67,,21.21,2.17,,0.09,8.76,,,,26.88,98.23,999.92,87.16,2.64,218.37,15-Aug-2020 - 00:00,"Vasai West, Mumbai - MPCB"
15-Aug-2020 - 00:00,27.51,41.42,13.91,,33.52,4.63,,0.06,8.69,,,,28.76,91.69,999.46,229.28,2.9,228.77,16-Aug-2020 - 00:00,"Vasai West, Mumbai - MPCB"
16-Aug-2020 - 00:00,29.22,41.31,12.08,,34.75,2.96,,0.02,8.71,,,,29.03,91.89,,130.64,2.71,240.07,17-Aug-2020 - 00:00,"Vasai West, Mumbai - MPCB"
17-Aug-2020 - 00:00,38.74,48.62,9.89,,23.7,1.83,,0.03,8.74,,,,27.89,95.96,,75.51,2.34,231.73,18-Aug-2020 - 00:00,"Vasai West, Mumbai - MPCB"
18-Aug-2020 - 00:00,52.27,59.13,6.86,,25.06,5.43,,0.05,8.76,,,,28.59,93.17,,242.97,2.05,223.73,19-Aug-2020 - 00:00,"Vasai West, Mumbai - MPCB"
19-Aug-2020 - 00:00,46.51,53.75,7.23,,19.94,2.52,,0.02,8.73,,,,28.7,92.82,,284.41,2.37,232.41,20-Aug-2020 - 00:00,"Vasai West, Mumbai - MPCB"
20-Aug-2020 - 00:00,56.14,60.53,4.97,,20.52,3.37,,0.05,8.74,,,,27.8,97.75,,91.93,1.89,215.33,21-Aug-2020 - 00:00,"Vasai West, Mumbai - MPCB"
21-Aug-2020 - 00:00,53.25,57.12,4.4,0.2,16.17,6.02,,0.07,8.72,,,,27.23,98.65,,95.58,2.32,212.7,22-Aug-2020 - 00:00,"Vasai West, Mumbai - MPCB"
22-Aug-2020 - 00:00,51.24,54.85,3.61,0.08,15.62,3.65,,0.05,8.74,,,,,,,,,,23-Aug-2020 - 00:00,"Vasai West, Mumbai - MPCB"
23-Aug-2020 - 00:00,48.82,53.38,4.56,0.37,,3.29,,0.04,,,,,28.49,92.41,,264.21,2.52,215.14,24-Aug-2020 - 00:00,"Vasai West, Mumbai - MPCB"
24-Aug-2020 - 00:00,48.21,53.28,5.07,0.54,,2.32,,0.04,,,,,29.27,90.21,,235.72,2.22,210.15,25-Aug-2020 - 00:00,"Vasai West, Mumbai - MPCB"
25-Aug-2020 - 00:00,61.56,64.4,3.45,0.61,,5.91,,0.06,,,,,29.49,88.37,,336.97,1.74,206.8,26-Aug-2020 - 00:00,"Vasai West, Mumbai - MPCB"
26-Aug-2020 - 00:00,76.38,76.96,5.09,0.99,,20.19,,0.15,,,,,29.55,86.77,,318.45,1.41,202.36,27-Aug-2020 - 00:00,"Vasai West, Mumbai - MPCB"
27-Aug-2020 - 00:00,62.07,65.28,6.68,1.85,,14.63,,0.06,,,,,29.53,88.08,,360.93,2.1,225.0,28-Aug-2020 - 00:00,"Vasai West, Mumbai - MPCB"
28-Aug-2020 - 00:00,60.69,63.14,4.15,1.05,5.0,9.88,,0.03,8.93,,,,27.66,96.29,,106.72,1.87,201.64,29-Aug-2020 - 00:00,"Vasai West, Mumbai - MPCB"
29-Aug-2020 - 00:00,77.26,77.59,5.53,1.48,12.17,8.45,,0.11,8.66,,,,26.94,98.62,,71.59,1.74,207.08,30-Aug-2020 - 00:00,"Vasai West, Mumbai - MPCB"
30-Aug-2020 - 00:00,66.41,69.25,5.42,2.07,14.0,8.54,,0.06,9.01,,,,27.05,97.0,,117.71,1.9,198.13,31-Aug-2020 - 00:00,"Vasai West, Mumbai - MPCB"
31-Aug-2020 - 00:00,44.68,49.78,5.15,6.19,,10.62,,0.01,,,,,28.0,93.06,,260.06,1.82,209.38,01-Sep-2020 - 00:00,"Vasai West, Mumbai - MPCB"
01-Sep-2020 - 00:00,69.21,70.69,7.08,11.23,,12.34,,0.18,,,,,28.48,91.82,,300.83,1.48,193.77,02-Sep-2020 - 00:00,"Vasai West, Mumbai - MPCB"
02-Sep-2020 - 00:00,86.07,86.04,6.27,10.79,,16.73,,0.26,,,,,29.98,87.38,,515.27,1.56,164.37,03-Sep-2020 - 00:00,"Vasai West, Mumbai - MPCB"
03-Sep-2020 - 00:00,78.13,80.47,7.7,11.65,,14.02,,0.17,,,,,30.42,86.07,,439.99,1.66,138.72,04-Sep-2020 - 00:00,"Vasai West, Mumbai - MPCB"
04-Sep-2020 - 00:00,69.83,80.2,19.54,11.35,,28.69,,,,,,,31.11,85.93,,433.62,1.21,175.15,05-Sep-2020 - 00:00,"Vasai West, Mumbai - MPCB"
05-Sep-2020 - 00:00,59.55,73.42,15.71,10.61,,37.5,,0.46,,,,,29.61,91.92,,67.86,0.83,153.01,06-Sep-2020 - 00:00,"Vasai West, Mumbai - MPCB"
06-Sep-2020 - 00:00,59.74,71.12,11.39,10.67,,46.82,,0.32,8.49,,,,31.86,86.0,,290.03,1.66,165.29,07-Sep-2020 - 00:00,"Vasai West, Mumbai - MPCB"
07-Sep-2020 - 00:00,71.58,80.87,9.8,11.38,,12.63,,0.28,8.62,,,,30.34,87.59,,351.67,1.67,210.24,08-Sep-2020 - 00:00,"Vasai West, Mumbai - MPCB"
08-Sep-2020 - 00:00,78.12,82.05,4.93,11.91,52.67,14.91,,0.24,8.53,,,,31.5,83.68,,564.52,1.83,200.07,09-Sep-2020 - 00:00,"Vasai West, Mumbai - MPCB"
09-Sep-2020 - 00:00,81.14,86.98,11.8,12.3,73.14,25.31,,0.32,8.5,,,,31.68,85.32,,291.93,1.58,141.85,10-Sep-2020 - 00:00,"Vasai West, Mumbai - MPCB"
10-Sep-2020 - 00:00,66.4,75.27,10.21,11.31,51.47,23.48,,0.32,8.46,,,,31.0,85.91,,373.82,1.44,191.13,11-Sep-2020 - 00:00,"Vasai West, Mumbai - MPCB"
11-Sep-2020 - 00:00,72.21,80.57,11.18,11.27,53.65,28.12,,0.33,8.56,,,,30.42,89.35,999.82,271.4,1.39,153.08,12-Sep-2020 - 00:00,"Vasai West, Mumbai - MPCB"
12-Sep-2020 - 00:00,69.78,80.46,14.3,11.68,28.17,14.61,,0.23,8.49,,,,30.3,86.75,,444.62,2.21,146.41,13-Sep-2020 - 00:00,"Vasai West, Mumbai - MPCB"
13-Sep-2020 - 00:00,54.8,62.31,8.77,9.33,25.97,11.95,,0.16,8.49,,,,29.12,91.57,,279.09,1.62,175.59,14-Sep-2020 - 00:00,"Vasai West, Mumbai - MPCB"
14-Sep-2020 - 00:00,87.93,87.9,4.19,9.7,26.66,11.94,,0.21,8.51,,,,28.79,92.31,,192.17,1.3,168.88,15-Sep-2020 - 00:00,"Vasai West, Mumbai - MPCB"
15-Sep-2020 - 00:00,80.52,81.63,5.54,9.79,18.11,11.95,,0.14,8.53,,,,29.1,91.53,,250.97,1.23,186.45,16-Sep-2020 - 00:00,"Vasai West, Mumbai - MPCB"
16-Sep-2020 - 00:00,88.93,88.79,6.01,9.38,32.49,15.62,,0.28,8.58,,,,29.46,91.71,,311.56,1.36,155.94,17-Sep-2020 - 00:00,"Vasai West, Mumbai - MPCB"
17-Sep-2020 - 00:00,85.46,84.49,4.43,8.83,26.49,11.16,,0.21,8.55,,,,29.31,90.8,,225.94,1.32,174.08,18-Sep-2020 - 00:00,"Vasai West, Mumbai - MPCB"
18-Sep-2020 - 00:00,93.56,91.91,1.93,9.12,41.26,16.63,,0.29,8.54,,,,28.85,93.05,,194.8,0.99,163.19,19-Sep-2020 - 00:00,"Vasai West, Mumbai - MPCB"
19-Sep-2020 - 00:00,95.1,94.99,4.59,9.09,41.37,21.05,,0.41,8.49,,,,29.34,93.29,,135.05,1.0,159.25,20-Sep-2020 - 00:00,"Vasai West, Mumbai - MPCB"
20-Sep-2020 - 00:00,79.46,82.97,11.15,10.08,42.99,32.25,,0.46,8.6,,,,30.21,88.06,999.17,306.03,1.17,182.7,21-Sep-2020 - 00:00,"Vasai West, Mumbai - MPCB"
21-Sep-2020 - 00:00,65.66,71.9,9.06,10.13,54.91,,,0.54,8.5,,,,29.74,90.24,999.17,222.81,1.03,149.06,22-Sep-2020 - 00:00,"Vasai West, Mumbai - MPCB"
22-Sep-2020 - 00:00,68.76,73.49,6.51,9.55,36.19,,,0.39,8.51,,,,28.5,96.63,999.23,81.61,1.14,177.43,23-Sep-2020 - 00:00,"Vasai West, Mumbai - MPCB"
23-Sep-2020 - 00:00,60.62,66.72,6.1,9.49,16.7,,,0.29,8.5,,,,27.34,98.66,999.79,61.38,1.41,126.44,24-Sep-2020 - 00:00,"Vasai West, Mumbai - MPCB"
24-Sep-2020 - 00:00,56.03,64.15,8.63,10.22,25.84,,,0.28,8.47,,,,28.34,92.58,,268.47,1.23,175.34,25-Sep-2020 - 00:00,"Vasai West, Mumbai - MPCB"
25-Sep-2020 - 00:00,66.04,67.86,3.02,8.67,27.75,,,0.33,8.64,,,,27.74,95.74,,70.17,0.73,147.14,26-Sep-2020 - 00:00,"Vasai West, Mumbai - MPCB"
26-Sep-2020 - 00:00,43.03,50.03,9.16,8.45,41.42,,,0.04,8.51,,,,30.87,78.31,,493.42,1.92,265.24,27-Sep-2020 - 00:00,"Vasai West, Mumbai - MPCB"
27-Sep-2020 - 00:00,60.78,64.76,6.7,7.87,60.11,,,0.23,8.56,,,,29.95,83.98,,403.31,1.25,192.58,28-Sep-2020 - 00:00,"Vasai West, Mumbai - MPCB"
28-Sep-2020 - 00:00,59.54,65.94,10.78,8.07,68.8,,,0.3,8.5,,,,29.76,84.92,,359.06,1.21,182.21,29-Sep-2020 - 00:00,"Vasai West, Mumbai - MPCB"
29-Sep-2020 - 00:00,67.31,71.76,9.9,7.87,83.4,,,0.34,8.53,,,,30.03,83.07,,380.46,1.29,189.7,30-Sep-2020 - 00:00,"Vasai West, Mumbai - MPCB"
30-Sep-2020 - 00:00,65.43,71.35,11.48,7.83,85.81,,,0.38,8.57,,,,30.25,83.09,,453.79,1.43,192.37,01-Oct-2020 - 00:00,"Vasai West, Mumbai - MPCB"
01-Oct-2020 - 00:00,58.19,64.66,9.77,7.55,79.16,,,0.32,8.56,,,,30.29,82.38,,449.62,1.39,189.49,02-Oct-2020 - 00:00,"Vasai West, Mumbai - MPCB"
02-Oct-2020 - 00:00,59.01,66.88,12.32,7.36,89.73,,,0.41,8.53,,,,30.53,85.74,,309.82,1.36,178.53,03-Oct-2020 - 00:00,"Vasai West, Mumbai - MPCB"
03-Oct-2020 - 00:00,46.85,58.47,12.51,7.13,94.63,,,0.38,8.55,,,,30.64,87.32,,238.38,1.37,193.07,04-Oct-2020 - 00:00,"Vasai West, Mumbai - MPCB"
04-Oct-2020 - 00:00,47.06,57.03,9.97,6.28,40.82,,,0.27,8.53,,,,28.86,91.05,,211.73,1.32,209.41,05-Oct-2020 - 00:00,"Vasai West, Mumbai - MPCB"
05-Oct-2020 - 00:00,55.5,61.71,8.16,6.03,52.71,17.0,,0.3,8.55,,,,30.49,86.43,,323.85,1.37,178.93,06-Oct-2020 - 00:00,"Vasai West, Mumbai - MPCB"
06-Oct-2020 - 00:00,64.5,70.37,9.6,11.55,86.95,29.1,,0.36,8.56,,,,30.65,84.69,,353.64,1.37,179.49,07-Oct-2020 - 00:00,"Vasai West, Mumbai - MPCB"
07-Oct-2020 - 00:00,83.63,94.52,18.7,10.46,110.54,50.81,,0.47,8.6,,,,31.37,83.25,,341.02,1.52,161.86,08-Oct-2020 - 00:00,"Vasai West, Mumbai - MPCB"
08-Oct-2020 - 00:00,88.01,96.77,12.7,8.57,104.69,48.92,,0.48,8.61,,,,31.42,85.7,,203.27,1.11,187.3,09-Oct-2020 - 00:00,"Vasai West, Mumbai - MPCB"
09-Oct-2020 - 00:00,80.59,93.1,15.74,7.2,129.96,65.18,,0.68,8.59,,,,32.0,79.75,,273.9,1.26,150.88,10-Oct-2020 - 00:00,"Vasai West, Mumbai - MPCB"
10-Oct-2020 - 00:00,68.73,87.85,22.82,6.83,130.39,73.48,,0.67,8.68,,,,31.76,80.02,,271.57,1.15,170.46,11-Oct-2020 - 00:00,"Vasai West, Mumbai - MPCB"
11-Oct-2020 - 00:00,66.04,82.41,16.36,5.66,88.25,56.44,,0.57,8.64,,,,31.02,87.17,,207.24,1.05,193.51,12-Oct-2020 - 00:00,"Vasai West, Mumbai - MPCB"
12-Oct-2020 - 00:00,65.81,81.42,15.61,4.51,85.01,55.11,,0.43,8.63,,,,31.27,89.08,,202.59,0.96,188.94,13-Oct-2020 - 00:00,"Vasai West, Mumbai - MPCB"
13-Oct-2020 - 00:00,67.42,84.58,18.05,4.19,99.81,57.52,,0.47,8.67,,,,31.44,87.77,999.82,294.53,1.24,188.55,14-Oct-2020 - 00:00,"Vasai West, Mumbai - MPCB"
14-Oct-2020 - 00:00,66.52,83.51,17.02,3.64,83.24,50.45,,0.5,8.66,,,,30.83,89.83,,192.11,1.04,186.76,15-Oct-2020 - 00:00,"Vasai West, Mumbai - MPCB"
15-Oct-2020 - 00:00,77.24,87.26,10.34,3.19,42.93,28.93,,0.46,8.64,,,,29.62,93.75,998.37,216.2,1.66,164.29,16-Oct-2020 - 00:00,"Vasai West, Mumbai - MPCB"
16-Oct-2020 - 00:00,94.75,100.44,12.7,3.41,37.6,18.34,,0.46,8.69,,,,31.14,82.4,999.01,284.69,1.26,135.73,17-Oct-2020 - 00:00,"Vasai West, Mumbai - MPCB"
17-Oct-2020 - 00:00,81.39,90.03,8.69,3.62,74.82,26.54,,0.33,8.62,,,,30.9,79.16,,227.92,1.25,159.25,18-Oct-2020 - 00:00,"Vasai West, Mumbai - MPCB"
18-Oct-2020 - 00:00,81.56,88.69,7.86,3.43,74.59,22.84,,0.24,8.71,,,,30.61,82.79,,295.71,1.25,176.18,19-Oct-2020 - 00:00,"Vasai West, Mumbai - MPCB"
19-Oct-2020 - 00:00,81.02,88.0,12.63,2.73,81.97,28.12,,0.26,8.64,,,,31.09,84.66,,244.98,1.18,186.73,20-Oct-2020 - 00:00,"Vasai West, Mumbai - MPCB"
20-Oct-2020 - 00:00,89.83,96.4,13.18,2.47,88.58,39.15,,0.46,8.69,,,,31.29,87.01,,224.85,1.28,204.21,21-Oct-2020 - 00:00,"Vasai West, Mumbai - MPCB"
21-Oct-2020 - 00:00,64.74,76.55,14.25,7.98,65.6,37.17,,0.43,8.7,,,,31.79,84.1,,303.71,1.43,174.39,22-Oct-2020 - 00:00,"Vasai West, Mumbai - MPCB"
22-Oct-2020 - 00:00,71.12,83.17,12.44,7.1,69.23,40.76,,0.4,8.72,,,,30.89,87.64,,260.97,1.64,166.36,23-Oct-2020 - 00:00,"Vasai West, Mumbai - MPCB"
23-Oct-2020 - 00:00,82.71,93.07,15.33,5.36,74.13,42.01,,0.45,8.71,,,,30.76,86.87,,279.97,1.11,174.47,24-Oct-2020 - 00:00,"Vasai West, Mumbai - MPCB"
24-Oct-2020 - 00:00,74.57,89.12,17.87,4.37,89.58,57.0,,0.54,8.71,,,,31.28,87.73,,284.68,1.09,178.16,25-Oct-2020 - 00:00,"Vasai West, Mumbai - MPCB"
25-Oct-2020 - 00:00,59.64,72.31,13.4,5.45,90.74,54.2,,0.5,8.65,,,,31.5,84.19,,289.57,1.25,172.05,26-Oct-2020 - 00:00,"Vasai West, Mumbai - MPCB"
26-Oct-2020 - 00:00,33.36,48.02,14.66,7.96,,59.15,,0.62,8.85,,,,31.31,81.8,,261.27,1.06,186.19,27-Oct-2020 - 00:00,"Vasai West, Mumbai - MPCB"
27-Oct-2020 - 00:00,40.9,54.85,16.29,8.11,,50.89,,0.75,8.76,,,,31.48,65.39,,271.15,1.11,155.74,28-Oct-2020 - 00:00,"Vasai West, Mumbai - MPCB"
28-Oct-2020 - 00:00,39.44,56.12,16.7,8.53,,63.99,,0.63,8.87,,,,30.87,74.89,,274.55,1.19,179.01,29-Oct-2020 - 00:00,"Vasai West, Mumbai - MPCB"
29-Oct-2020 - 00:00,39.65,55.47,15.83,8.12,,66.46,,0.64,8.78,,,,30.73,75.58,,274.93,1.08,187.2,30-Oct-2020 - 00:00,"Vasai West, Mumbai - MPCB"
30-Oct-2020 - 00:00,41.42,58.79,17.77,7.81,,65.26,,0.67,8.69,,,,30.7,73.83,,281.5,1.3,165.51,31-Oct-2020 - 00:00,"Vasai West, Mumbai - MPCB"
31-Oct-2020 - 00:00,51.76,66.4,17.34,8.17,,65.9,,0.68,8.76,,,,30.67,63.21,,287.58,1.28,162.14,01-Nov-2020 - 00:00,"Vasai West, Mumbai - MPCB"
01-Nov-2020 - 00:00,59.08,73.0,18.06,9.75,,65.42,,0.71,8.66,,,,30.82,63.28,,257.2,1.11,162.05,02-Nov-2020 - 00:00,"Vasai West, Mumbai - MPCB"
02-Nov-2020 - 00:00,55.94,70.11,14.92,9.96,,76.19,,0.9,8.67,,,,31.2,66.6,,214.17,0.85,145.53,03-Nov-2020 - 00:00,"Vasai West, Mumbai - MPCB"
03-Nov-2020 - 00:00,52.62,68.45,15.83,9.96,,80.16,,1.0,8.58,,,,31.5,68.36,,215.34,0.9,151.55,04-Nov-2020 - 00:00,"Vasai West, Mumbai - MPCB"
04-Nov-2020 - 00:00,43.96,61.17,17.2,9.71,,81.6,,0.83,8.51,,,,31.66,64.29,,245.27,1.02,158.22,05-Nov-2020 - 00:00,"Vasai West, Mumbai - MPCB"
05-Nov-2020 - 00:00,56.21,70.4,14.9,10.26,,63.62,,0.85,8.55,,,,31.45,56.0,,236.95,1.24,104.82,06-Nov-2020 - 00:00,"Vasai West, Mumbai - MPCB"
06-Nov-2020 - 00:00,54.49,68.44,13.95,12.24,,53.31,,0.58,8.56,,,,31.63,50.92,,248.95,1.37,105.44,07-Nov-2020 - 00:00,"Vasai West, Mumbai - MPCB"
07-Nov-2020 - 00:00,53.13,69.09,15.99,13.35,,62.6,,0.69,8.52,,,,30.89,57.3,,251.71,1.23,118.48,08-Nov-2020 - 00:00,"Vasai West, Mumbai - MPCB"
08-Nov-2020 - 00:00,60.46,73.33,17.49,13.18,,68.42,,0.93,8.43,,,,31.22,61.07,,235.58,1.02,107.78,09-Nov-2020 - 00:00,"Vasai West, Mumbai - MPCB"
09-Nov-2020 - 00:00,59.64,73.94,17.6,13.62,,66.39,,0.82,8.48,,,,30.64,60.84,,241.15,1.22,113.7,10-Nov-2020 - 00:00,"Vasai West, Mumbai - MPCB"
10-Nov-2020 - 00:00,60.48,74.87,14.76,15.1,,72.8,,0.88,8.47,,,,29.9,56.0,,244.49,1.23,118.63,11-Nov-2020 - 00:00,"Vasai West, Mumbai - MPCB"
11-Nov-2020 - 00:00,55.06,70.58,19.15,17.4,,67.95,,0.77,8.44,,,,29.64,50.06,,238.92,1.3,117.02,12-Nov-2020 - 00:00,"Vasai West, Mumbai - MPCB"
12-Nov-2020 - 00:00,58.75,78.82,20.12,17.03,,73.92,,0.73,8.57,,,,29.64,50.23,,236.79,1.2,142.11,13-Nov-2020 - 00:00,"Vasai West, Mumbai - MPCB"
13-Nov-2020 - 00:00,49.41,66.49,17.09,14.14,,47.45,,0.8,8.54,,,,30.51,62.31,,235.03,1.3,121.93,14-Nov-2020 - 00:00,"Vasai West, Mumbai - MPCB"
14-Nov-2020 - 00:00,37.54,55.67,18.12,10.56,,45.05,,0.59,8.47,,,,31.71,67.11,,230.87,1.3,135.55,15-Nov-2020 - 00:00,"Vasai West, Mumbai - MPCB"
15-Nov-2020 - 00:00,35.36,52.93,17.59,7.35,,53.37,,0.68,9.18,,,,31.61,72.76,,227.6,1.38,152.15,16-Nov-2020 - 00:00,"Vasai West, Mumbai - MPCB"
16-Nov-2020 - 00:00,27.85,50.35,22.49,6.11,,63.19,,0.64,,,,,31.98,67.25,,228.58,1.69,127.66,17-Nov-2020 - 00:00,"Vasai West, Mumbai - MPCB"
17-Nov-2020 - 00:00,16.61,41.38,24.77,5.1,,52.27,,0.51,,,,,32.24,66.4,,238.75,1.93,116.78,18-Nov-2020 - 00:00,"Vasai West, Mumbai - MPCB"
18-Nov-2020 - 00:00,31.83,53.92,22.08,4.49,,58.38,,0.66,,,,,31.02,66.8,,230.4,1.35,132.12,19-Nov-2020 - 00:00,"Vasai West, Mumbai - MPCB"
19-Nov-2020 - 00:00,31.12,54.23,23.11,4.47,,55.39,,0.62,,,,,30.64,64.11,,219.49,1.74,149.27,20-Nov-2020 - 00:00,"Vasai West, Mumbai - MPCB"
20-Nov-2020 - 00:00,32.86,56.25,23.38,4.82,,55.23,,0.57,,,,,29.8,62.0,,216.9,1.6,141.48,21-Nov-2020 - 00:00,"Vasai West, Mumbai - MPCB"
21-Nov-2020 - 00:00,39.4,60.65,21.26,5.1,,66.78,,0.71,,,,,29.46,67.95,,232.11,1.33,189.12,22-Nov-2020 - 00:00,"Vasai West, Mumbai - MPCB"
22-Nov-2020 - 00:00,43.73,63.04,19.32,4.95,,70.82,,0.73,,,,,29.19,75.27,,233.67,1.14,190.05,23-Nov-2020 - 00:00,"Vasai West, Mumbai - MPCB"
23-Nov-2020 - 00:00,55.55,70.57,15.4,4.39,,54.49,,0.7,,,,,29.09,63.59,,222.85,1.18,146.31,24-Nov-2020 - 00:00,"Vasai West, Mumbai - MPCB"
24-Nov-2020 - 00:00,50.22,72.03,21.83,5.74,,74.36,,0.82,,,,,28.96,69.13,,218.43,1.03,184.07,25-Nov-2020 - 00:00,"Vasai West, Mumbai - MPCB"
25-Nov-2020 - 00:00,44.86,67.23,22.37,6.42,,80.9,,1.06,,,,,29.8,70.05,,210.06,1.02,155.38,26-Nov-2020 - 00:00,"Vasai West, Mumbai - MPCB"
26-Nov-2020 - 00:00,39.39,62.95,23.56,6.19,,81.94,,0.9,,,,,29.78,66.82,,209.21,1.79,111.3,27-Nov-2020 - 00:00,"Vasai West, Mumbai - MPCB"
27-Nov-2020 - 00:00,16.52,44.2,27.68,8.44,,58.4,16.7,0.5,,,,,31.58,44.3,,212.01,2.25,74.99,28-Nov-2020 - 00:00,"Vasai West, Mumbai - MPCB"
28-Nov-2020 - 00:00,26.84,53.67,26.83,10.91,,50.86,17.82,0.53,,,,,30.41,51.51,,212.49,2.4,51.67,29-Nov-2020 - 00:00,"Vasai West, Mumbai - MPCB"
29-Nov-2020 - 00:00,44.61,67.75,23.14,6.67,,44.19,17.93,0.64,,,,,31.12,65.61,,220.82,1.2,131.23,30-Nov-2020 - 00:00,"Vasai West, Mumbai - MPCB"
30-Nov-2020 - 00:00,62.1,79.2,17.1,5.81,,57.55,18.03,0.76,,,,,30.41,69.44,,210.46,0.95,131.99,01-Dec-2020 - 00:00,"Vasai West, Mumbai - MPCB"
01-Dec-2020 - 00:00,,,,,,,,,,,,,,,,,,,02-Dec-2020 - 00:00,"Vasai West, Mumbai - MPCB"
