from date,PM2.5,PM10,NO2,NO,NOx,NH3,SO2,CO,Ozone,Benzene,MP-Xylene,Eth-Benzene,AT,RH,BP,SR,WS,WD,to date,station
01-Jan-2020 - 00:00,116.59,170.31,52.31,38.88,91.19,11.4,11.25,1.04,66.21,9.23,10.29,10.24,22.36,68.72,,224.9,0.77,171.59,02-Jan-2020 - 00:00,"Worli, Mumbai - MPCB"
02-Jan-2020 - 00:00,124.65,166.14,50.48,5.64,56.12,11.59,5.7,0.75,71.53,7.34,7.26,11.88,23.71,71.99,,229.3,0.88,171.82,03-Jan-2020 - 00:00,"Worli, Mumbai - MPCB"
03-Jan-2020 - 00:00,101.95,144.73,49.62,10.43,60.05,11.12,6.86,0.75,61.77,6.62,10.35,10.37,22.97,70.0,,222.78,1.0,179.83,04-Jan-2020 - 00:00,"Worli, Mumbai - MPCB"
04-Jan-2020 - 00:00,90.79,129.37,45.26,7.31,52.57,11.06,8.88,0.63,72.93,10.72,11.06,8.23,22.33,65.36,,228.05,1.22,191.09,05-Jan-2020 - 00:00,"Worli, Mumbai - MPCB"
05-Jan-2020 - 00:00,94.37,145.55,47.14,12.96,60.1,14.12,9.93,0.73,63.09,7.84,11.06,9.87,24.0,66.75,,229.49,1.08,146.58,06-Jan-2020 - 00:00,"Worli, Mumbai - MPCB"
06-Jan-2020 - 00:00,66.59,114.48,44.87,8.43,53.3,16.3,8.39,0.55,59.66,8.6,7.76,9.99,26.14,65.07,,228.15,1.25,159.82,07-Jan-2020 - 00:00,"Worli, Mumbai - MPCB"
07-Jan-2020 - 00:00,106.79,166.78,26.99,61.53,88.32,17.33,10.42,1.04,41.84,8.0,9.62,9.74,25.48,78.13,,219.75,0.8,201.02,08-Jan-2020 - 00:00,"Worli, Mumbai - MPCB"
08-Jan-2020 - 00:00,66.0,94.46,35.42,5.0,40.43,15.02,6.8,0.5,62.82,7.88,9.81,9.05,25.49,72.64,,236.69,1.11,207.92,09-Jan-2020 - 00:00,"Worli, Mumbai - MPCB"
09-Jan-2020 - 00:00,65.78,112.52,51.24,11.21,62.45,12.15,11.57,0.6,58.45,8.41,11.48,13.45,23.35,65.4,,239.26,1.26,199.98,10-Jan-2020 - 00:00,"Worli, Mumbai - MPCB"
10-Jan-2020 - 00:00,70.14,128.14,47.0,12.88,59.88,13.34,13.83,0.64,52.25,12.98,17.38,22.76,24.76,63.69,,239.91,1.04,159.02,11-Jan-2020 - 00:00,"Worli, Mumbai - MPCB"
11-Jan-2020 - 00:00,83.12,142.88,40.46,22.11,62.56,14.08,9.92,0.75,63.71,16.8,14.06,23.67,26.82,65.37,,232.45,1.05,165.08,12-Jan-2020 - 00:00,"Worli, Mumbai - MPCB"
12-Jan-2020 - 00:00,106.3,177.59,28.74,53.98,81.78,15.1,11.25,1.06,47.02,12.29,15.96,24.9,25.88,77.2,,233.83,0.87,183.11,13-Jan-2020 - 00:00,"Worli, Mumbai - MPCB"
13-Jan-2020 - 00:00,70.78,105.25,28.85,10.77,39.61,15.31,6.92,0.53,35.74,17.88,17.93,21.18,25.64,80.44,,211.23,0.72,192.71,14-Jan-2020 - 00:00,"Worli, Mumbai - MPCB"
14-Jan-2020 - 00:00,34.13,74.29,30.68,9.22,39.9,11.86,7.17,0.41,46.93,13.3,12.59,27.6,24.35,74.83,,224.2,1.31,198.15,15-Jan-2020 - 00:00,"Worli, Mumbai - MPCB"
15-Jan-2020 - 00:00,24.51,59.41,38.06,7.51,45.57,10.02,10.22,0.35,57.18,10.99,16.23,28.41,22.99,60.06,,239.86,1.29,192.41,16-Jan-2020 - 00:00,"Worli, Mumbai - MPCB"
16-Jan-2020 - 00:00,33.32,64.35,41.43,10.97,52.4,10.59,9.74,0.41,47.27,12.15,14.04,21.97,20.89,64.48,,218.33,1.29,174.98,17-Jan-2020 - 00:00,"Worli, Mumbai - MPCB"
17-Jan-2020 - 00:00,51.2,89.48,52.63,16.47,69.1,10.54,10.94,0.56,49.94,11.57,14.5,23.15,19.99,58.82,,270.83,1.27,203.61,18-Jan-2020 - 00:00,"Worli, Mumbai - MPCB"
18-Jan-2020 - 00:00,96.4,147.05,59.6,11.54,71.14,12.94,10.35,0.71,60.62,8.86,30.17,10.03,21.71,67.13,,251.79,1.21,191.77,19-Jan-2020 - 00:00,"Worli, Mumbai - MPCB"
19-Jan-2020 - 00:00,109.24,164.6,46.57,26.18,72.69,12.78,9.99,0.94,65.1,7.46,23.86,9.63,23.4,74.44,,250.1,1.04,200.13,20-Jan-2020 - 00:00,"Worli, Mumbai - MPCB"
20-Jan-2020 - 00:00,109.26,180.0,42.21,39.03,81.16,13.2,11.77,1.08,50.67,7.4,25.96,11.98,24.68,75.71,,248.23,0.86,191.78,21-Jan-2020 - 00:00,"Worli, Mumbai - MPCB"
21-Jan-2020 - 00:00,107.36,170.78,37.21,44.92,82.08,12.15,9.31,1.11,45.19,6.67,23.88,11.07,24.26,78.9,,245.46,0.93,185.08,22-Jan-2020 - 00:00,"Worli, Mumbai - MPCB"
22-Jan-2020 - 00:00,90.15,161.13,35.39,68.93,102.22,11.41,12.03,1.22,49.21,6.95,32.48,10.21,24.76,73.12,,238.83,0.99,199.75,23-Jan-2020 - 00:00,"Worli, Mumbai - MPCB"
23-Jan-2020 - 00:00,103.22,176.2,38.12,40.95,79.01,12.44,15.46,1.04,45.71,7.2,30.13,12.36,25.67,72.2,,259.07,1.12,206.63,24-Jan-2020 - 00:00,"Worli, Mumbai - MPCB"
24-Jan-2020 - 00:00,91.65,161.64,30.84,51.19,80.29,11.67,12.73,0.97,38.36,5.21,23.42,11.65,25.59,73.87,,259.38,1.04,205.2,25-Jan-2020 - 00:00,"Worli, Mumbai - MPCB"
25-Jan-2020 - 00:00,108.27,176.57,38.23,20.58,58.81,11.79,10.01,0.9,70.37,0.07,27.22,11.79,25.5,75.87,,256.2,1.09,225.7,26-Jan-2020 - 00:00,"Worli, Mumbai - MPCB"
26-Jan-2020 - 00:00,122.41,185.8,34.91,25.73,60.65,10.96,10.63,0.92,65.98,0.1,29.99,12.49,25.24,80.09,,242.73,0.71,205.65,27-Jan-2020 - 00:00,"Worli, Mumbai - MPCB"
27-Jan-2020 - 00:00,40.89,78.92,28.11,5.63,33.74,9.87,8.31,0.37,53.75,0.28,27.52,9.96,24.87,76.97,,263.05,0.76,200.05,28-Jan-2020 - 00:00,"Worli, Mumbai - MPCB"
28-Jan-2020 - 00:00,19.19,56.35,19.8,13.6,33.39,8.86,8.62,0.27,35.18,0.53,29.07,10.4,24.21,75.2,,264.42,1.12,195.47,29-Jan-2020 - 00:00,"Worli, Mumbai - MPCB"
29-Jan-2020 - 00:00,20.01,85.6,27.18,6.75,33.92,9.95,7.88,0.25,52.84,0.29,29.45,12.31,22.79,65.76,,290.54,1.57,188.03,30-Jan-2020 - 00:00,"Worli, Mumbai - MPCB"
30-Jan-2020 - 00:00,57.13,126.45,45.38,28.18,73.56,10.78,11.14,0.67,55.31,0.29,42.46,22.44,22.02,61.82,,279.5,1.07,183.82,31-Jan-2020 - 00:00,"Worli, Mumbai - MPCB"
31-Jan-2020 - 00:00,57.3,116.42,49.71,8.62,58.32,10.03,11.97,0.56,79.9,0.06,62.1,25.83,22.78,64.3,,280.55,0.99,190.01,01-Feb-2020 - 00:00,"Worli, Mumbai - MPCB"
01-Feb-2020 - 00:00,74.89,138.0,53.48,18.14,71.55,9.76,9.48,0.76,72.12,0.09,32.23,11.69,22.9,71.06,,277.87,0.97,188.33,02-Feb-2020 - 00:00,"Worli, Mumbai - MPCB"
02-Feb-2020 - 00:00,88.82,159.81,37.44,27.41,64.85,9.69,12.68,0.98,65.94,0.09,29.34,13.32,24.52,73.27,,286.07,0.69,157.35,03-Feb-2020 - 00:00,"Worli, Mumbai - MPCB"
03-Feb-2020 - 00:00,84.02,133.91,37.11,16.51,53.62,9.85,7.47,0.73,58.76,0.09,33.6,12.08,24.28,79.41,,272.86,0.65,186.74,04-Feb-2020 - 00:00,"Worli, Mumbai - MPCB"
04-Feb-2020 - 00:00,81.77,133.35,44.62,4.66,49.28,9.76,9.93,0.61,90.69,0.09,20.92,11.99,24.24,71.27,,275.13,1.16,188.36,05-Feb-2020 - 00:00,"Worli, Mumbai - MPCB"
05-Feb-2020 - 00:00,62.39,132.89,43.27,33.74,77.01,10.4,15.69,0.75,63.57,0.09,24.12,13.99,23.26,61.94,,292.24,1.33,199.21,06-Feb-2020 - 00:00,"Worli, Mumbai - MPCB"
06-Feb-2020 - 00:00,39.76,88.16,36.14,4.67,40.81,8.71,10.63,0.4,94.87,0.1,25.66,11.66,23.83,62.46,,307.43,1.44,206.7,07-Feb-2020 - 00:00,"Worli, Mumbai - MPCB"
07-Feb-2020 - 00:00,42.2,97.96,45.63,6.94,52.57,8.51,14.36,0.48,77.09,0.1,25.77,9.89,22.87,57.59,,320.24,1.09,191.35,08-Feb-2020 - 00:00,"Worli, Mumbai - MPCB"
08-Feb-2020 - 00:00,74.39,138.37,48.89,22.31,71.2,9.86,10.06,0.72,68.57,0.1,29.41,11.81,23.31,69.55,,299.23,1.05,181.78,09-Feb-2020 - 00:00,"Worli, Mumbai - MPCB"
09-Feb-2020 - 00:00,77.74,136.92,34.07,11.82,45.89,11.28,13.88,0.59,56.97,0.07,31.26,14.67,24.64,65.45,,316.25,1.15,165.93,10-Feb-2020 - 00:00,"Worli, Mumbai - MPCB"
10-Feb-2020 - 00:00,65.44,118.44,48.5,11.35,59.85,11.17,11.49,0.6,68.27,0.1,35.3,9.67,26.84,60.08,,310.16,1.16,169.95,11-Feb-2020 - 00:00,"Worli, Mumbai - MPCB"
11-Feb-2020 - 00:00,69.74,140.32,39.9,24.66,64.56,10.83,9.28,0.75,56.45,0.19,25.22,11.44,27.35,64.87,,296.9,0.98,190.02,12-Feb-2020 - 00:00,"Worli, Mumbai - MPCB"
12-Feb-2020 - 00:00,69.39,143.67,43.12,30.63,73.73,11.84,9.46,0.73,43.27,0.12,25.5,12.28,28.16,62.82,,227.41,0.89,200.25,13-Feb-2020 - 00:00,"Worli, Mumbai - MPCB"
13-Feb-2020 - 00:00,85.46,155.55,39.96,47.29,87.25,13.14,10.12,0.79,48.82,0.11,32.47,12.14,27.46,68.32,,186.61,0.94,200.94,14-Feb-2020 - 00:00,"Worli, Mumbai - MPCB"
14-Feb-2020 - 00:00,65.94,142.48,49.5,33.58,83.09,13.11,11.9,0.72,67.67,13.75,23.2,12.78,27.0,59.56,,324.93,1.16,200.29,15-Feb-2020 - 00:00,"Worli, Mumbai - MPCB"
15-Feb-2020 - 00:00,52.9,124.49,43.42,29.2,72.63,9.96,13.31,0.62,90.84,13.69,22.72,11.4,26.14,54.96,,344.67,1.28,209.53,16-Feb-2020 - 00:00,"Worli, Mumbai - MPCB"
16-Feb-2020 - 00:00,73.49,140.23,44.58,8.39,52.96,10.08,11.96,0.54,132.93,11.44,23.45,12.58,25.94,67.06,,333.13,1.06,211.52,17-Feb-2020 - 00:00,"Worli, Mumbai - MPCB"
17-Feb-2020 - 00:00,128.88,207.75,50.63,22.55,73.18,11.26,10.27,1.04,123.58,10.23,22.76,12.29,27.43,71.19,,228.06,0.85,198.92,18-Feb-2020 - 00:00,"Worli, Mumbai - MPCB"
18-Feb-2020 - 00:00,107.41,197.91,53.0,42.4,95.4,10.56,15.62,1.11,,18.56,28.34,11.22,28.29,65.36,,249.43,0.86,193.43,19-Feb-2020 - 00:00,"Worli, Mumbai - MPCB"
19-Feb-2020 - 00:00,125.7,223.13,57.19,37.18,94.37,10.09,10.8,1.1,13.27,29.64,23.54,9.81,27.26,74.33,,335.87,0.86,206.06,20-Feb-2020 - 00:00,"Worli, Mumbai - MPCB"
20-Feb-2020 - 00:00,59.68,111.37,30.97,20.72,51.68,9.64,6.94,0.66,21.64,39.96,29.79,12.92,26.86,69.09,,366.96,0.97,190.75,21-Feb-2020 - 00:00,"Worli, Mumbai - MPCB"
21-Feb-2020 - 00:00,36.77,72.08,25.49,6.34,31.83,9.13,3.78,0.39,,18.56,25.39,10.33,25.96,76.01,,370.0,1.27,207.35,22-Feb-2020 - 00:00,"Worli, Mumbai - MPCB"
22-Feb-2020 - 00:00,80.93,150.36,49.44,9.33,58.77,8.77,10.47,0.67,37.12,33.27,24.8,10.47,26.16,68.65,,383.24,1.2,206.3,23-Feb-2020 - 00:00,"Worli, Mumbai - MPCB"
23-Feb-2020 - 00:00,82.14,172.82,32.67,40.43,73.11,6.75,14.03,0.83,,27.93,21.46,10.62,26.23,69.59,,382.4,1.17,218.9,24-Feb-2020 - 00:00,"Worli, Mumbai - MPCB"
24-Feb-2020 - 00:00,91.36,168.14,43.07,31.17,74.24,7.88,12.92,0.99,37.35,35.64,26.44,10.72,26.06,69.03,,403.33,0.81,203.54,25-Feb-2020 - 00:00,"Worli, Mumbai - MPCB"
25-Feb-2020 - 00:00,52.98,133.78,54.81,24.09,78.9,7.04,9.49,0.64,,23.45,23.14,12.2,27.76,49.0,,403.41,1.15,199.38,26-Feb-2020 - 00:00,"Worli, Mumbai - MPCB"
26-Feb-2020 - 00:00,44.02,118.94,56.81,6.07,62.88,8.91,16.11,0.32,,20.48,22.31,12.2,28.16,45.89,,397.32,1.24,168.1,27-Feb-2020 - 00:00,"Worli, Mumbai - MPCB"
27-Feb-2020 - 00:00,52.74,135.8,52.67,23.93,76.59,10.66,13.82,0.59,,22.92,21.98,11.84,27.68,50.93,,392.77,1.06,181.34,28-Feb-2020 - 00:00,"Worli, Mumbai - MPCB"
28-Feb-2020 - 00:00,91.13,194.58,60.1,79.89,139.76,10.42,16.32,1.1,44.41,54.06,20.74,13.45,26.77,59.73,,411.98,0.83,177.6,29-Feb-2020 - 00:00,"Worli, Mumbai - MPCB"
29-Feb-2020 - 00:00,86.82,184.3,37.0,79.92,116.92,8.93,9.49,0.97,30.7,34.82,25.37,12.04,26.26,72.23,,380.32,0.89,194.04,01-Mar-2020 - 00:00,"Worli, Mumbai - MPCB"
01-Mar-2020 - 00:00,39.24,91.34,24.49,3.91,28.39,10.03,4.47,0.16,37.92,11.02,25.26,10.08,26.11,77.86,,396.06,1.3,203.26,02-Mar-2020 - 00:00,"Worli, Mumbai - MPCB"
02-Mar-2020 - 00:00,52.57,127.73,20.88,46.98,66.89,6.55,6.67,0.57,50.79,18.13,24.82,11.64,25.74,74.6,,425.03,0.71,185.97,03-Mar-2020 - 00:00,"Worli, Mumbai - MPCB"
03-Mar-2020 - 00:00,39.59,117.59,27.72,8.01,35.73,6.77,4.22,0.14,56.51,15.22,29.87,9.48,26.35,72.12,,424.46,0.84,201.37,04-Mar-2020 - 00:00,"Worli, Mumbai - MPCB"
04-Mar-2020 - 00:00,33.87,107.8,32.82,8.13,40.95,6.02,4.04,0.16,55.52,12.39,31.53,10.75,25.93,70.24,,365.57,0.82,197.21,05-Mar-2020 - 00:00,"Worli, Mumbai - MPCB"
05-Mar-2020 - 00:00,32.7,102.68,31.5,10.21,41.72,5.65,4.22,0.13,23.97,6.91,23.36,9.55,25.87,72.52,,394.03,0.94,182.88,06-Mar-2020 - 00:00,"Worli, Mumbai - MPCB"
06-Mar-2020 - 00:00,18.12,90.59,23.29,9.31,32.6,6.09,3.87,0.11,22.0,11.0,27.91,10.36,26.71,65.79,,466.8,1.32,212.85,07-Mar-2020 - 00:00,"Worli, Mumbai - MPCB"
07-Mar-2020 - 00:00,23.39,118.49,29.61,5.42,35.03,5.58,3.74,0.2,40.69,11.92,28.36,10.14,25.75,65.6,,470.16,1.17,197.35,08-Mar-2020 - 00:00,"Worli, Mumbai - MPCB"
08-Mar-2020 - 00:00,25.89,107.91,35.42,7.27,42.68,5.31,4.74,0.28,38.89,13.62,24.46,12.5,25.18,64.48,,462.45,0.85,187.25,09-Mar-2020 - 00:00,"Worli, Mumbai - MPCB"
09-Mar-2020 - 00:00,38.8,119.74,33.97,5.41,39.37,4.99,3.97,0.35,45.87,14.85,24.72,12.15,25.38,71.82,,455.59,0.9,193.06,10-Mar-2020 - 00:00,"Worli, Mumbai - MPCB"
10-Mar-2020 - 00:00,26.38,83.06,18.2,3.73,21.93,5.2,3.65,0.25,35.68,13.93,21.57,14.43,26.13,71.78,,391.13,0.82,205.23,11-Mar-2020 - 00:00,"Worli, Mumbai - MPCB"
11-Mar-2020 - 00:00,12.29,55.97,25.22,6.42,31.63,4.43,3.4,0.16,37.07,10.49,22.68,11.57,26.02,62.79,,472.46,0.96,204.88,12-Mar-2020 - 00:00,"Worli, Mumbai - MPCB"
12-Mar-2020 - 00:00,16.31,72.41,29.84,7.56,37.4,3.88,4.34,0.22,39.22,11.58,24.92,12.35,25.36,62.84,,449.11,1.21,187.18,13-Mar-2020 - 00:00,"Worli, Mumbai - MPCB"
13-Mar-2020 - 00:00,24.13,94.76,35.23,5.55,40.78,4.52,6.91,0.28,54.83,8.64,25.9,11.16,24.69,58.01,,440.42,1.38,170.74,14-Mar-2020 - 00:00,"Worli, Mumbai - MPCB"
14-Mar-2020 - 00:00,32.31,116.99,36.03,5.19,41.22,5.2,8.25,0.34,72.92,28.14,24.41,9.41,25.59,55.61,,478.81,1.54,195.12,15-Mar-2020 - 00:00,"Worli, Mumbai - MPCB"
15-Mar-2020 - 00:00,52.72,145.27,35.25,32.54,67.79,6.51,12.2,0.71,48.59,16.08,22.05,11.14,26.3,63.7,,407.15,0.89,208.99,16-Mar-2020 - 00:00,"Worli, Mumbai - MPCB"
16-Mar-2020 - 00:00,64.76,159.1,42.28,24.96,67.24,7.17,14.22,0.96,55.13,43.91,22.95,7.97,27.82,60.98,,402.58,1.16,179.4,17-Mar-2020 - 00:00,"Worli, Mumbai - MPCB"
17-Mar-2020 - 00:00,85.16,191.39,43.11,89.27,125.68,6.36,14.74,1.38,53.53,28.93,25.64,11.26,27.99,66.23,,353.64,0.89,203.22,18-Mar-2020 - 00:00,"Worli, Mumbai - MPCB"
18-Mar-2020 - 00:00,44.5,102.19,34.94,12.06,47.0,7.27,8.22,0.51,55.89,61.13,25.12,13.02,28.41,61.32,,413.91,1.02,222.81,19-Mar-2020 - 00:00,"Worli, Mumbai - MPCB"
19-Mar-2020 - 00:00,27.88,70.79,26.21,4.24,30.45,5.81,6.09,0.33,42.11,46.23,26.71,13.6,27.68,66.62,,457.17,0.91,217.25,20-Mar-2020 - 00:00,"Worli, Mumbai - MPCB"
20-Mar-2020 - 00:00,15.61,49.27,13.25,7.7,20.95,4.86,4.52,0.25,16.25,47.82,29.01,12.59,26.9,71.56,,404.93,0.82,207.76,21-Mar-2020 - 00:00,"Worli, Mumbai - MPCB"
21-Mar-2020 - 00:00,20.4,64.61,14.82,10.19,25.0,4.85,4.53,0.27,30.15,14.27,22.13,12.72,26.53,74.72,,421.5,1.04,202.32,22-Mar-2020 - 00:00,"Worli, Mumbai - MPCB"
22-Mar-2020 - 00:00,20.05,56.33,6.8,1.63,8.43,4.7,4.48,0.19,42.72,12.94,21.96,11.11,27.03,77.98,,427.36,1.2,191.06,23-Mar-2020 - 00:00,"Worli, Mumbai - MPCB"
23-Mar-2020 - 00:00,25.27,56.62,8.33,1.79,10.11,4.11,3.9,0.24,48.78,16.34,25.23,9.86,28.11,77.64,,388.41,1.11,228.03,24-Mar-2020 - 00:00,"Worli, Mumbai - MPCB"
24-Mar-2020 - 00:00,38.92,106.27,9.19,2.78,11.97,4.06,4.5,0.4,52.61,21.92,26.61,9.88,28.32,78.17,,363.83,0.94,211.22,25-Mar-2020 - 00:00,"Worli, Mumbai - MPCB"
25-Mar-2020 - 00:00,33.97,72.1,6.17,1.79,7.95,3.73,4.01,0.26,48.49,15.97,23.21,14.26,28.25,80.46,,378.84,1.06,200.81,26-Mar-2020 - 00:00,"Worli, Mumbai - MPCB"
26-Mar-2020 - 00:00,26.54,54.96,4.64,2.03,6.67,3.66,4.03,0.21,31.21,16.27,20.98,11.96,28.34,82.04,,307.66,1.01,210.14,27-Mar-2020 - 00:00,"Worli, Mumbai - MPCB"
27-Mar-2020 - 00:00,28.22,62.69,6.35,1.57,7.92,3.65,4.03,0.27,61.26,18.01,23.07,11.73,28.18,78.25,,338.38,1.41,224.48,28-Mar-2020 - 00:00,"Worli, Mumbai - MPCB"
28-Mar-2020 - 00:00,31.71,56.15,7.46,1.89,9.34,3.72,4.48,0.34,60.93,14.48,28.67,11.12,28.35,65.81,,395.44,1.39,217.27,29-Mar-2020 - 00:00,"Worli, Mumbai - MPCB"
29-Mar-2020 - 00:00,24.18,57.47,6.69,1.04,7.74,3.86,4.5,0.29,80.65,18.78,24.83,11.63,28.31,66.34,,428.21,1.45,222.09,30-Mar-2020 - 00:00,"Worli, Mumbai - MPCB"
30-Mar-2020 - 00:00,25.01,52.99,6.67,1.39,8.06,4.08,4.13,0.29,54.73,20.37,26.29,11.65,28.36,69.8,,217.76,0.98,218.39,31-Mar-2020 - 00:00,"Worli, Mumbai - MPCB"
31-Mar-2020 - 00:00,26.27,55.42,4.79,1.93,6.72,3.63,5.23,0.3,33.82,18.05,20.91,13.02,28.01,75.58,,146.89,1.02,201.22,01-Apr-2020 - 00:00,"Worli, Mumbai - MPCB"
01-Apr-2020 - 00:00,21.28,54.82,5.33,1.06,6.38,3.85,3.92,0.26,55.92,14.31,20.63,11.17,27.84,78.57,,275.29,1.31,223.44,02-Apr-2020 - 00:00,"Worli, Mumbai - MPCB"
02-Apr-2020 - 00:00,28.38,69.58,7.23,0.98,8.21,3.67,4.07,0.3,68.08,13.2,26.68,10.47,28.4,77.12,,137.03,1.18,230.99,03-Apr-2020 - 00:00,"Worli, Mumbai - MPCB"
03-Apr-2020 - 00:00,26.26,74.72,7.02,1.13,8.15,3.41,3.56,0.29,54.57,13.52,25.13,10.56,28.73,76.66,,212.39,1.04,227.06,04-Apr-2020 - 00:00,"Worli, Mumbai - MPCB"
04-Apr-2020 - 00:00,27.39,72.21,5.61,1.19,6.8,3.43,3.55,0.28,52.48,15.85,18.67,11.29,28.64,79.06,,173.62,1.02,234.68,05-Apr-2020 - 00:00,"Worli, Mumbai - MPCB"
05-Apr-2020 - 00:00,29.09,68.67,5.64,1.23,6.87,3.27,3.54,0.29,53.77,14.84,26.15,10.21,28.56,81.06,,253.98,1.02,219.77,06-Apr-2020 - 00:00,"Worli, Mumbai - MPCB"
06-Apr-2020 - 00:00,21.7,55.29,4.18,1.34,5.52,3.11,3.45,0.24,33.86,16.51,23.52,10.27,28.12,82.69,,254.49,1.13,208.24,07-Apr-2020 - 00:00,"Worli, Mumbai - MPCB"
07-Apr-2020 - 00:00,25.95,79.56,4.64,1.76,6.4,3.31,3.83,0.25,26.68,15.86,17.62,9.5,27.61,81.18,,244.59,0.88,204.55,08-Apr-2020 - 00:00,"Worli, Mumbai - MPCB"
08-Apr-2020 - 00:00,33.68,93.73,4.91,2.64,7.55,3.14,3.53,0.25,24.35,15.7,25.14,12.43,27.88,77.49,,92.11,0.88,208.37,09-Apr-2020 - 00:00,"Worli, Mumbai - MPCB"
09-Apr-2020 - 00:00,31.11,90.32,5.65,2.52,8.17,3.43,3.75,0.27,25.03,16.39,24.61,11.1,28.08,76.1,,159.79,0.94,209.48,10-Apr-2020 - 00:00,"Worli, Mumbai - MPCB"
10-Apr-2020 - 00:00,26.04,83.8,5.48,1.25,6.73,3.2,3.57,0.26,41.76,16.53,26.13,12.53,28.68,78.35,,135.25,1.01,213.54,11-Apr-2020 - 00:00,"Worli, Mumbai - MPCB"
11-Apr-2020 - 00:00,24.07,75.4,5.22,1.48,6.69,2.87,3.76,0.29,39.26,10.29,25.89,11.97,29.35,77.75,,165.9,0.89,219.9,12-Apr-2020 - 00:00,"Worli, Mumbai - MPCB"
12-Apr-2020 - 00:00,,80.13,3.88,1.56,5.45,2.72,3.88,0.27,39.93,15.71,27.51,11.49,29.15,82.1,,344.82,1.16,203.69,13-Apr-2020 - 00:00,"Worli, Mumbai - MPCB"
13-Apr-2020 - 00:00,,,5.29,1.79,7.08,2.48,3.77,0.29,30.96,10.63,26.23,9.98,29.16,82.68,,122.75,1.08,192.64,14-Apr-2020 - 00:00,"Worli, Mumbai - MPCB"
14-Apr-2020 - 00:00,,,8.62,2.26,10.88,2.63,4.16,0.3,43.0,12.95,23.28,13.29,29.86,79.56,,211.79,0.93,214.64,15-Apr-2020 - 00:00,"Worli, Mumbai - MPCB"
15-Apr-2020 - 00:00,,,3.86,2.53,6.39,3.02,4.6,0.33,36.12,13.59,29.15,11.67,29.4,80.33,,232.94,1.12,202.97,16-Apr-2020 - 00:00,"Worli, Mumbai - MPCB"
16-Apr-2020 - 00:00,,,4.02,1.28,5.3,2.84,3.74,0.27,36.79,17.63,21.16,9.98,29.41,81.86,,192.52,1.48,204.71,17-Apr-2020 - 00:00,"Worli, Mumbai - MPCB"
17-Apr-2020 - 00:00,,,2.63,1.99,4.61,2.7,3.95,0.26,25.23,18.08,24.63,10.81,29.48,81.23,,358.46,1.05,202.84,18-Apr-2020 - 00:00,"Worli, Mumbai - MPCB"
18-Apr-2020 - 00:00,,,4.57,2.49,7.05,2.49,4.06,0.24,26.71,16.67,25.39,15.19,30.04,77.86,,162.94,0.91,213.35,19-Apr-2020 - 00:00,"Worli, Mumbai - MPCB"
19-Apr-2020 - 00:00,,,4.1,1.7,5.79,2.39,3.86,0.27,36.02,16.28,23.21,9.47,30.65,76.93,,207.85,1.1,221.77,20-Apr-2020 - 00:00,"Worli, Mumbai - MPCB"
20-Apr-2020 - 00:00,18.92,60.1,6.39,1.67,8.06,2.81,4.11,0.32,37.05,11.81,24.66,13.27,31.48,69.39,,403.56,1.22,234.14,21-Apr-2020 - 00:00,"Worli, Mumbai - MPCB"
21-Apr-2020 - 00:00,17.24,47.5,3.6,1.37,4.97,4.17,3.79,0.25,33.62,12.39,23.86,11.79,30.44,71.66,,428.54,0.94,228.66,22-Apr-2020 - 00:00,"Worli, Mumbai - MPCB"
22-Apr-2020 - 00:00,18.76,54.44,3.54,1.5,5.04,2.65,3.88,0.24,27.3,10.72,23.47,12.86,30.09,77.09,,343.57,0.83,214.51,23-Apr-2020 - 00:00,"Worli, Mumbai - MPCB"
23-Apr-2020 - 00:00,20.04,51.97,3.57,2.02,5.59,2.24,4.04,0.26,20.34,9.48,23.02,13.4,30.22,77.79,,173.13,0.87,219.29,24-Apr-2020 - 00:00,"Worli, Mumbai - MPCB"
24-Apr-2020 - 00:00,18.61,47.03,3.5,1.94,5.45,2.21,3.92,0.27,22.61,11.73,22.71,9.68,30.57,76.53,,368.1,0.83,223.03,25-Apr-2020 - 00:00,"Worli, Mumbai - MPCB"
25-Apr-2020 - 00:00,13.77,44.41,3.07,1.53,4.59,2.08,3.96,0.24,29.69,8.25,24.63,11.05,30.21,73.15,,305.5,0.83,226.44,26-Apr-2020 - 00:00,"Worli, Mumbai - MPCB"
26-Apr-2020 - 00:00,17.8,46.91,3.66,2.44,6.1,1.97,4.35,0.27,23.84,11.8,22.68,10.72,29.6,75.52,,336.03,0.84,210.59,27-Apr-2020 - 00:00,"Worli, Mumbai - MPCB"
27-Apr-2020 - 00:00,16.09,43.61,3.83,1.7,5.54,2.25,3.77,0.25,24.39,14.94,25.26,10.99,30.17,72.37,,372.21,0.85,227.54,28-Apr-2020 - 00:00,"Worli, Mumbai - MPCB"
28-Apr-2020 - 00:00,19.41,51.93,5.63,1.47,7.1,1.71,3.79,0.26,36.51,11.53,27.44,8.21,30.34,76.31,,401.39,1.08,235.78,29-Apr-2020 - 00:00,"Worli, Mumbai - MPCB"
29-Apr-2020 - 00:00,21.44,63.29,2.21,2.58,4.6,1.53,4.42,0.25,18.21,11.88,21.42,13.39,30.84,76.85,,204.02,1.0,225.11,30-Apr-2020 - 00:00,"Worli, Mumbai - MPCB"
30-Apr-2020 - 00:00,21.21,59.37,3.89,1.78,5.67,1.55,3.82,0.23,25.38,13.69,22.98,11.59,30.46,77.95,,366.69,1.17,215.51,01-May-2020 - 00:00,"Worli, Mumbai - MPCB"
01-May-2020 - 00:00,14.99,47.96,4.36,1.31,5.67,1.4,3.7,0.22,27.78,8.33,24.16,11.72,30.72,75.92,,176.75,0.91,237.96,02-May-2020 - 00:00,"Worli, Mumbai - MPCB"
02-May-2020 - 00:00,12.88,45.39,5.18,1.63,6.81,1.04,3.76,0.22,28.84,9.08,25.11,9.21,30.66,75.92,,170.95,0.92,229.88,03-May-2020 - 00:00,"Worli, Mumbai - MPCB"
03-May-2020 - 00:00,11.36,38.64,3.59,1.14,4.74,1.08,3.71,0.22,30.46,11.48,22.82,11.7,30.55,77.08,,199.79,0.99,233.11,04-May-2020 - 00:00,"Worli, Mumbai - MPCB"
04-May-2020 - 00:00,11.2,42.46,5.36,2.39,7.74,1.16,3.79,0.23,21.62,11.47,19.46,14.41,30.23,77.32,,202.65,0.94,228.57,05-May-2020 - 00:00,"Worli, Mumbai - MPCB"
05-May-2020 - 00:00,11.14,44.67,5.47,1.82,7.29,1.21,3.75,0.22,26.62,10.91,26.26,13.43,30.5,77.7,,186.2,0.96,234.48,06-May-2020 - 00:00,"Worli, Mumbai - MPCB"
06-May-2020 - 00:00,13.27,56.12,5.27,1.75,7.02,1.05,3.86,0.21,23.97,11.29,21.38,8.82,30.72,79.19,,76.05,0.84,224.51,07-May-2020 - 00:00,"Worli, Mumbai - MPCB"
07-May-2020 - 00:00,14.19,50.0,5.17,1.45,6.63,1.49,3.84,0.21,33.36,9.97,23.15,13.78,30.4,77.54,,203.21,0.98,232.0,08-May-2020 - 00:00,"Worli, Mumbai - MPCB"
08-May-2020 - 00:00,15.41,60.8,7.44,2.08,9.52,1.38,3.88,0.22,29.66,9.69,23.41,11.37,30.39,75.29,,267.09,0.87,239.5,09-May-2020 - 00:00,"Worli, Mumbai - MPCB"
09-May-2020 - 00:00,15.61,55.8,6.7,2.15,8.85,1.14,4.0,0.21,25.97,11.49,27.92,11.29,30.44,76.31,,328.46,0.86,233.9,10-May-2020 - 00:00,"Worli, Mumbai - MPCB"
10-May-2020 - 00:00,14.0,51.24,4.24,1.34,5.57,1.1,3.82,0.23,27.28,12.39,22.39,14.2,30.51,76.9,,327.55,0.9,235.97,11-May-2020 - 00:00,"Worli, Mumbai - MPCB"
11-May-2020 - 00:00,21.06,67.59,4.46,3.04,7.5,1.12,4.35,0.24,17.18,9.61,22.82,11.08,30.43,77.86,,367.03,0.93,224.4,12-May-2020 - 00:00,"Worli, Mumbai - MPCB"
12-May-2020 - 00:00,12.78,53.17,5.04,2.65,7.69,1.51,3.93,0.22,20.36,11.58,20.43,12.01,30.26,76.93,,358.57,0.96,228.43,13-May-2020 - 00:00,"Worli, Mumbai - MPCB"
13-May-2020 - 00:00,14.2,59.49,6.48,2.25,8.73,1.48,3.92,0.21,25.85,8.51,26.09,9.98,30.74,76.18,,284.01,0.93,235.88,14-May-2020 - 00:00,"Worli, Mumbai - MPCB"
14-May-2020 - 00:00,14.01,58.66,5.63,2.7,8.32,1.31,4.02,0.22,21.02,9.24,19.43,9.37,30.91,76.81,,300.34,0.98,232.81,15-May-2020 - 00:00,"Worli, Mumbai - MPCB"
15-May-2020 - 00:00,16.63,64.11,6.2,3.04,9.24,1.17,4.11,0.23,19.28,15.31,23.96,9.33,31.0,75.68,,222.24,1.02,236.17,16-May-2020 - 00:00,"Worli, Mumbai - MPCB"
16-May-2020 - 00:00,35.85,120.37,5.62,1.92,7.41,1.3,3.99,0.21,24.87,10.5,29.35,10.83,31.08,76.44,,250.51,1.01,238.39,17-May-2020 - 00:00,"Worli, Mumbai - MPCB"
17-May-2020 - 00:00,37.15,117.5,4.46,1.14,5.6,2.15,3.93,0.21,36.88,11.59,27.86,12.22,30.99,74.46,,336.21,0.95,241.99,18-May-2020 - 00:00,"Worli, Mumbai - MPCB"
18-May-2020 - 00:00,24.43,86.39,6.2,1.71,7.91,1.41,3.86,0.2,36.13,11.21,22.06,12.1,30.52,75.71,,271.65,1.07,241.19,19-May-2020 - 00:00,"Worli, Mumbai - MPCB"
19-May-2020 - 00:00,17.9,61.47,7.06,1.92,8.98,1.24,3.86,0.2,32.36,7.33,21.43,9.56,30.59,73.34,,369.04,0.88,241.7,20-May-2020 - 00:00,"Worli, Mumbai - MPCB"
20-May-2020 - 00:00,12.69,44.98,5.68,1.61,7.29,1.05,4.0,0.19,32.07,11.69,25.21,10.5,30.67,72.71,,287.51,0.87,230.89,21-May-2020 - 00:00,"Worli, Mumbai - MPCB"
21-May-2020 - 00:00,10.63,45.15,5.73,2.06,7.79,0.78,3.99,0.2,29.91,8.03,25.65,12.5,30.81,74.19,,230.99,0.92,225.24,22-May-2020 - 00:00,"Worli, Mumbai - MPCB"
22-May-2020 - 00:00,12.24,41.66,6.79,1.63,8.41,0.76,3.89,0.21,33.51,,,,31.01,74.4,,371.66,0.85,235.5,23-May-2020 - 00:00,"Worli, Mumbai - MPCB"
23-May-2020 - 00:00,13.49,47.38,6.06,2.03,8.09,0.8,3.96,0.22,28.1,,,,30.76,76.34,,305.5,1.01,240.17,24-May-2020 - 00:00,"Worli, Mumbai - MPCB"
24-May-2020 - 00:00,12.29,42.67,4.82,1.38,6.2,0.85,3.96,0.21,28.06,,,,30.78,78.79,,347.46,0.97,252.22,25-May-2020 - 00:00,"Worli, Mumbai - MPCB"
25-May-2020 - 00:00,14.38,55.56,4.85,1.54,6.39,0.77,3.99,0.21,27.73,,,,30.88,79.93,,220.35,0.95,242.73,26-May-2020 - 00:00,"Worli, Mumbai - MPCB"
26-May-2020 - 00:00,14.82,58.74,5.41,1.53,6.94,0.76,3.94,0.2,27.84,,,,30.94,78.54,,161.74,1.02,224.45,27-May-2020 - 00:00,"Worli, Mumbai - MPCB"
27-May-2020 - 00:00,13.09,50.63,5.37,1.83,7.2,1.0,3.92,0.21,28.46,,,,31.14,75.63,,291.44,1.01,234.05,28-May-2020 - 00:00,"Worli, Mumbai - MPCB"
28-May-2020 - 00:00,13.06,53.14,3.58,1.65,5.22,0.89,4.0,0.2,25.99,,,,31.33,74.69,,284.57,1.21,227.1,29-May-2020 - 00:00,"Worli, Mumbai - MPCB"
29-May-2020 - 00:00,7.36,38.49,4.97,2.11,7.08,0.45,4.05,0.18,22.52,,,,31.65,75.89,,298.64,0.98,225.01,30-May-2020 - 00:00,"Worli, Mumbai - MPCB"
30-May-2020 - 00:00,8.95,38.2,5.78,3.13,8.91,0.31,4.11,0.19,18.23,,,,31.89,75.68,,310.05,0.94,246.91,31-May-2020 - 00:00,"Worli, Mumbai - MPCB"
31-May-2020 - 00:00,10.77,41.08,3.18,1.55,4.74,0.57,4.05,0.18,22.01,,,,31.73,74.78,,277.48,1.17,241.06,01-Jun-2020 - 00:00,"Worli, Mumbai - MPCB"
01-Jun-2020 - 00:00,15.18,38.82,9.14,2.59,11.72,0.97,4.11,0.32,23.04,,,,29.42,80.25,,129.4,0.85,198.54,02-Jun-2020 - 00:00,"Worli, Mumbai - MPCB"
02-Jun-2020 - 00:00,23.37,46.67,11.08,3.4,14.48,3.45,4.52,0.55,39.95,,,,28.6,82.05,999.4,94.58,0.77,186.87,03-Jun-2020 - 00:00,"Worli, Mumbai - MPCB"
03-Jun-2020 - 00:00,7.5,19.85,5.39,2.53,7.93,4.17,4.57,0.28,38.95,,,,26.3,90.11,995.13,54.88,1.86,183.04,04-Jun-2020 - 00:00,"Worli, Mumbai - MPCB"
04-Jun-2020 - 00:00,11.14,33.64,8.34,3.12,11.46,2.76,4.48,0.34,29.31,,,,26.36,90.95,999.85,80.29,1.08,175.21,05-Jun-2020 - 00:00,"Worli, Mumbai - MPCB"
05-Jun-2020 - 00:00,7.24,25.63,6.38,2.42,8.79,5.28,4.31,0.27,44.02,,,,27.26,81.45,,145.47,1.27,177.68,06-Jun-2020 - 00:00,"Worli, Mumbai - MPCB"
06-Jun-2020 - 00:00,6.06,23.96,3.91,2.89,6.8,7.7,4.53,0.22,24.54,,,,27.96,88.17,,228.68,1.46,182.67,07-Jun-2020 - 00:00,"Worli, Mumbai - MPCB"
07-Jun-2020 - 00:00,7.75,26.22,4.35,3.04,7.28,6.41,4.54,0.21,27.04,,,,28.8,79.82,,383.46,1.25,188.52,08-Jun-2020 - 00:00,"Worli, Mumbai - MPCB"
08-Jun-2020 - 00:00,5.24,20.47,5.16,2.39,7.55,2.97,4.43,0.22,38.41,,,,27.08,83.62,,280.32,1.18,190.04,09-Jun-2020 - 00:00,"Worli, Mumbai - MPCB"
09-Jun-2020 - 00:00,5.57,23.66,4.28,3.34,7.63,3.19,4.56,0.21,24.92,,,,28.59,83.23,,309.68,1.17,196.57,10-Jun-2020 - 00:00,"Worli, Mumbai - MPCB"
10-Jun-2020 - 00:00,10.24,33.86,4.83,5.55,10.37,2.06,4.83,0.24,17.93,,,,29.46,82.81,,402.54,1.14,201.36,11-Jun-2020 - 00:00,"Worli, Mumbai - MPCB"
11-Jun-2020 - 00:00,6.91,26.44,3.85,4.33,8.17,1.44,4.86,0.23,19.61,,,,28.49,87.24,998.67,395.64,1.29,196.58,12-Jun-2020 - 00:00,"Worli, Mumbai - MPCB"
12-Jun-2020 - 00:00,9.53,30.26,7.39,5.82,13.22,1.69,5.07,0.3,19.0,,,,28.85,84.02,997.49,269.94,1.23,190.16,13-Jun-2020 - 00:00,"Worli, Mumbai - MPCB"
13-Jun-2020 - 00:00,7.79,19.98,5.04,3.64,8.69,1.87,4.94,0.24,22.51,1.07,22.67,17.17,28.8,84.6,997.5,260.01,1.24,206.77,14-Jun-2020 - 00:00,"Worli, Mumbai - MPCB"
14-Jun-2020 - 00:00,5.98,22.24,5.57,4.48,10.05,1.02,5.1,0.24,20.7,1.54,30.24,10.02,29.33,83.83,998.72,321.17,1.32,188.97,15-Jun-2020 - 00:00,"Worli, Mumbai - MPCB"
15-Jun-2020 - 00:00,5.93,20.3,7.6,6.36,13.96,0.84,5.34,0.29,15.97,1.57,23.82,9.79,28.43,89.1,998.6,273.15,0.92,183.82,16-Jun-2020 - 00:00,"Worli, Mumbai - MPCB"
16-Jun-2020 - 00:00,5.86,22.14,8.4,3.63,12.03,0.88,5.19,0.3,28.01,1.56,27.53,12.98,27.68,91.59,997.88,101.5,0.98,195.88,17-Jun-2020 - 00:00,"Worli, Mumbai - MPCB"
17-Jun-2020 - 00:00,3.54,13.93,5.21,3.86,9.07,1.64,5.02,0.25,22.74,1.87,31.44,10.25,27.24,90.32,998.14,,1.04,178.52,18-Jun-2020 - 00:00,"Worli, Mumbai - MPCB"
18-Jun-2020 - 00:00,8.13,24.99,10.57,6.57,17.14,1.29,5.34,0.3,12.79,1.32,20.54,10.55,27.01,92.55,998.75,53.79,1.22,156.47,19-Jun-2020 - 00:00,"Worli, Mumbai - MPCB"
19-Jun-2020 - 00:00,16.0,68.44,5.47,7.75,13.08,1.08,5.65,0.28,10.32,1.29,30.39,11.64,28.72,89.42,,364.4,1.2,191.62,20-Jun-2020 - 00:00,"Worli, Mumbai - MPCB"
20-Jun-2020 - 00:00,14.07,65.14,2.07,3.76,5.74,1.52,5.38,0.22,14.05,1.64,23.59,11.54,29.18,86.53,,352.91,1.55,209.25,21-Jun-2020 - 00:00,"Worli, Mumbai - MPCB"
21-Jun-2020 - 00:00,11.07,47.71,2.78,2.71,5.4,0.98,5.09,0.21,16.23,1.28,23.99,14.78,29.15,84.77,999.82,333.76,1.36,210.98,22-Jun-2020 - 00:00,"Worli, Mumbai - MPCB"
22-Jun-2020 - 00:00,10.74,47.77,2.63,4.45,6.97,0.49,5.22,0.21,15.49,1.5,26.45,11.67,28.89,85.18,999.27,383.4,1.34,208.21,23-Jun-2020 - 00:00,"Worli, Mumbai - MPCB"
23-Jun-2020 - 00:00,9.82,28.12,3.43,3.08,6.49,1.23,4.96,0.2,17.38,1.49,24.73,10.32,28.54,83.59,999.62,367.63,1.42,184.91,24-Jun-2020 - 00:00,"Worli, Mumbai - MPCB"
24-Jun-2020 - 00:00,7.12,21.16,4.09,3.84,7.92,2.93,4.93,0.2,18.38,1.5,28.81,12.9,29.28,80.57,999.96,412.1,1.34,197.77,25-Jun-2020 - 00:00,"Worli, Mumbai - MPCB"
25-Jun-2020 - 00:00,10.97,37.32,3.83,4.96,8.08,1.3,5.33,0.24,14.27,1.59,27.59,12.13,29.62,82.65,999.22,420.67,1.35,208.5,26-Jun-2020 - 00:00,"Worli, Mumbai - MPCB"
26-Jun-2020 - 00:00,12.74,39.92,3.28,7.19,8.87,0.8,5.69,0.26,10.53,1.37,28.02,13.58,29.6,83.21,999.43,280.04,1.06,206.26,27-Jun-2020 - 00:00,"Worli, Mumbai - MPCB"
27-Jun-2020 - 00:00,17.99,56.9,3.4,6.84,8.59,0.75,5.45,0.24,12.55,1.55,25.57,9.58,30.22,80.04,999.56,313.51,1.1,208.51,28-Jun-2020 - 00:00,"Worli, Mumbai - MPCB"
28-Jun-2020 - 00:00,11.37,38.16,3.07,5.14,8.04,0.67,5.32,0.21,13.83,1.37,24.52,13.32,29.35,83.45,999.4,319.94,1.27,193.0,29-Jun-2020 - 00:00,"Worli, Mumbai - MPCB"
29-Jun-2020 - 00:00,11.6,27.21,4.33,5.49,9.52,0.48,5.31,0.22,16.21,1.24,21.99,11.78,28.68,85.72,999.17,376.1,1.2,205.98,30-Jun-2020 - 00:00,"Worli, Mumbai - MPCB"
30-Jun-2020 - 00:00,2.25,7.25,3.41,4.04,7.37,0.31,5.48,0.2,18.44,1.49,22.26,12.11,27.51,90.71,998.7,309.99,1.57,194.61,01-Jul-2020 - 00:00,"Worli, Mumbai - MPCB"
01-Jul-2020 - 00:00,2.72,11.19,2.54,4.29,6.82,0.4,5.4,0.19,15.59,0.96,28.52,10.43,28.01,87.72,999.21,330.99,1.32,188.0,02-Jul-2020 - 00:00,"Worli, Mumbai - MPCB"
02-Jul-2020 - 00:00,2.89,17.32,3.47,5.42,8.89,0.74,5.48,0.19,12.77,1.36,24.61,13.68,27.91,88.3,999.1,342.0,1.19,193.64,03-Jul-2020 - 00:00,"Worli, Mumbai - MPCB"
03-Jul-2020 - 00:00,3.03,24.6,5.75,5.89,11.64,0.4,5.73,0.2,19.01,1.64,20.11,11.83,25.94,96.46,998.82,55.39,1.49,190.25,04-Jul-2020 - 00:00,"Worli, Mumbai - MPCB"
04-Jul-2020 - 00:00,6.27,24.43,3.61,2.78,6.38,0.23,5.56,0.19,24.96,1.53,25.4,10.92,25.97,97.24,997.38,45.39,1.6,203.03,05-Jul-2020 - 00:00,"Worli, Mumbai - MPCB"
05-Jul-2020 - 00:00,11.84,58.91,1.05,1.15,2.15,0.17,5.52,0.17,25.76,1.92,25.19,11.05,26.44,95.69,997.17,56.06,1.94,202.12,06-Jul-2020 - 00:00,"Worli, Mumbai - MPCB"
06-Jul-2020 - 00:00,15.49,76.97,2.38,1.96,4.09,0.09,5.79,0.18,22.34,1.82,22.9,12.53,28.25,89.05,995.57,240.21,2.61,213.27,07-Jul-2020 - 00:00,"Worli, Mumbai - MPCB"
07-Jul-2020 - 00:00,,,2.6,2.06,4.6,0.04,6.38,0.19,19.91,1.62,30.51,12.38,27.16,95.7,996.84,113.6,1.69,200.72,08-Jul-2020 - 00:00,"Worli, Mumbai - MPCB"
08-Jul-2020 - 00:00,7.49,69.82,2.34,2.9,5.24,0.03,8.2,0.14,16.41,1.93,24.61,11.06,27.94,92.8,999.2,275.42,1.48,212.5,09-Jul-2020 - 00:00,"Worli, Mumbai - MPCB"
09-Jul-2020 - 00:00,7.9,65.5,6.18,4.86,11.05,0.68,3.24,0.05,10.64,,,,28.07,91.63,999.76,270.95,1.23,201.7,10-Jul-2020 - 00:00,"Worli, Mumbai - MPCB"
10-Jul-2020 - 00:00,6.27,47.94,5.19,4.63,9.82,0.17,4.19,0.03,10.79,,,,29.3,85.76,999.52,376.96,1.63,217.49,11-Jul-2020 - 00:00,"Worli, Mumbai - MPCB"
11-Jul-2020 - 00:00,6.31,42.88,4.79,3.61,8.4,0.2,5.9,0.02,10.9,,,,29.13,86.15,999.91,398.48,1.37,213.16,12-Jul-2020 - 00:00,"Worli, Mumbai - MPCB"
12-Jul-2020 - 00:00,6.3,17.27,9.83,5.58,15.41,0.05,7.14,0.09,9.26,1.2,17.1,11.61,25.48,97.38,,109.53,0.9,165.3,13-Jul-2020 - 00:00,"Worli, Mumbai - MPCB"
13-Jul-2020 - 00:00,5.12,20.54,8.87,7.6,16.46,0.08,8.2,0.12,8.41,1.39,30.17,10.68,27.0,93.22,999.53,259.65,1.03,178.12,14-Jul-2020 - 00:00,"Worli, Mumbai - MPCB"
14-Jul-2020 - 00:00,4.03,17.27,9.73,6.51,16.24,0.43,8.35,0.08,9.26,1.33,26.92,11.34,26.15,95.25,999.31,124.15,1.23,169.31,15-Jul-2020 - 00:00,"Worli, Mumbai - MPCB"
15-Jul-2020 - 00:00,2.91,13.79,10.93,8.62,19.55,0.58,8.81,0.09,11.46,1.57,17.43,12.91,25.24,98.61,998.73,67.51,1.39,187.54,16-Jul-2020 - 00:00,"Worli, Mumbai - MPCB"
16-Jul-2020 - 00:00,3.61,16.65,10.03,5.69,15.72,0.04,8.76,0.03,15.42,1.39,30.16,10.79,25.34,99.08,995.99,91.91,1.32,180.79,17-Jul-2020 - 00:00,"Worli, Mumbai - MPCB"
17-Jul-2020 - 00:00,6.06,20.37,9.1,4.8,13.89,,9.6,0.07,13.7,1.26,24.92,10.48,25.94,96.84,995.62,166.56,1.13,179.53,18-Jul-2020 - 00:00,"Worli, Mumbai - MPCB"
18-Jul-2020 - 00:00,8.36,40.64,8.03,4.83,12.86,0.04,10.8,0.05,9.25,1.68,25.49,10.86,27.58,91.54,998.44,343.21,1.18,186.49,19-Jul-2020 - 00:00,"Worli, Mumbai - MPCB"
19-Jul-2020 - 00:00,11.05,61.73,5.23,3.66,8.89,0.32,10.29,0.04,11.66,1.45,30.58,12.74,28.85,87.23,,354.45,1.24,214.15,20-Jul-2020 - 00:00,"Worli, Mumbai - MPCB"
20-Jul-2020 - 00:00,9.7,67.0,6.57,4.38,10.94,0.12,9.78,0.04,14.41,1.97,28.41,11.11,29.13,84.31,999.35,338.56,1.3,217.15,21-Jul-2020 - 00:00,"Worli, Mumbai - MPCB"
21-Jul-2020 - 00:00,6.66,42.13,6.96,6.66,13.61,0.07,9.97,0.05,9.35,1.32,26.51,10.22,28.54,87.16,999.8,255.23,0.97,200.33,22-Jul-2020 - 00:00,"Worli, Mumbai - MPCB"
22-Jul-2020 - 00:00,5.35,30.34,8.65,9.32,17.97,0.79,10.71,0.09,8.49,1.6,23.9,12.7,28.85,83.99,,283.49,1.0,198.11,23-Jul-2020 - 00:00,"Worli, Mumbai - MPCB"
23-Jul-2020 - 00:00,6.03,26.84,8.44,6.99,15.43,0.46,10.67,0.09,10.2,1.26,30.84,11.56,28.39,88.07,999.97,205.47,0.83,197.05,24-Jul-2020 - 00:00,"Worli, Mumbai - MPCB"
24-Jul-2020 - 00:00,10.71,31.5,10.7,11.7,22.4,,11.85,0.24,7.14,1.64,27.44,12.23,27.1,90.34,,140.06,0.65,182.57,25-Jul-2020 - 00:00,"Worli, Mumbai - MPCB"
25-Jul-2020 - 00:00,17.23,39.75,9.41,8.22,17.63,1.19,11.44,0.17,9.13,1.62,22.91,13.65,28.11,84.18,,209.06,0.93,183.71,26-Jul-2020 - 00:00,"Worli, Mumbai - MPCB"
26-Jul-2020 - 00:00,66.54,49.55,5.26,7.29,12.54,0.78,12.6,0.16,8.81,1.51,19.7,12.23,27.56,87.68,,232.97,0.97,171.41,27-Jul-2020 - 00:00,"Worli, Mumbai - MPCB"
27-Jul-2020 - 00:00,3.24,20.66,8.93,6.96,15.9,0.23,11.06,0.1,11.85,1.66,25.99,9.23,26.19,94.68,,95.28,1.38,210.05,28-Jul-2020 - 00:00,"Worli, Mumbai - MPCB"
28-Jul-2020 - 00:00,10.06,20.6,16.11,16.75,32.86,0.06,12.93,0.29,5.5,1.98,25.89,8.58,25.49,97.41,,42.07,1.07,163.66,29-Jul-2020 - 00:00,"Worli, Mumbai - MPCB"
29-Jul-2020 - 00:00,13.01,30.61,12.42,22.57,34.99,0.2,15.09,0.32,5.01,1.28,25.29,10.93,26.34,95.98,999.6,171.93,0.7,177.13,30-Jul-2020 - 00:00,"Worli, Mumbai - MPCB"
30-Jul-2020 - 00:00,3.3,15.95,8.5,12.2,20.7,0.31,14.12,0.21,7.12,1.46,26.44,8.96,27.06,91.37,999.82,197.72,0.73,188.79,31-Jul-2020 - 00:00,"Worli, Mumbai - MPCB"
31-Jul-2020 - 00:00,,23.87,7.04,8.0,15.04,0.28,13.32,0.16,8.95,1.55,28.32,10.83,27.85,87.77,999.36,265.81,1.03,192.05,01-Aug-2020 - 00:00,"Worli, Mumbai - MPCB"
01-Aug-2020 - 00:00,,17.77,5.82,6.53,12.34,0.13,13.05,0.1,8.16,1.84,23.03,11.57,28.04,87.16,999.19,165.43,1.11,173.8,02-Aug-2020 - 00:00,"Worli, Mumbai - MPCB"
02-Aug-2020 - 00:00,,10.18,4.8,4.22,9.02,0.16,12.64,0.06,10.34,1.85,26.75,9.41,28.09,86.62,998.71,267.19,1.29,188.14,03-Aug-2020 - 00:00,"Worli, Mumbai - MPCB"
03-Aug-2020 - 00:00,1.86,13.38,5.53,4.0,9.53,0.15,12.12,0.06,12.21,1.3,22.49,10.35,27.11,90.71,996.92,235.21,1.32,198.2,04-Aug-2020 - 00:00,"Worli, Mumbai - MPCB"
04-Aug-2020 - 00:00,3.65,33.36,6.11,3.95,10.05,0.36,11.85,0.03,19.76,1.45,23.29,11.63,25.64,97.46,993.45,75.89,2.37,215.6,05-Aug-2020 - 00:00,"Worli, Mumbai - MPCB"
05-Aug-2020 - 00:00,8.76,40.37,6.44,2.39,8.78,,12.06,0.05,28.76,2.0,26.64,12.07,25.51,97.16,990.77,11.06,3.08,216.24,06-Aug-2020 - 00:00,"Worli, Mumbai - MPCB"
06-Aug-2020 - 00:00,6.13,35.47,7.28,1.28,8.56,0.61,10.87,0.04,40.61,1.51,22.76,13.29,25.61,96.78,992.35,56.46,2.24,218.02,07-Aug-2020 - 00:00,"Worli, Mumbai - MPCB"
07-Aug-2020 - 00:00,8.3,60.06,6.08,2.44,8.53,0.31,10.96,0.04,22.03,1.85,27.19,14.01,26.94,92.2,997.43,122.97,1.74,218.19,08-Aug-2020 - 00:00,"Worli, Mumbai - MPCB"
08-Aug-2020 - 00:00,8.8,64.06,6.27,2.74,9.02,0.19,10.97,0.03,17.2,1.52,24.49,12.63,27.72,88.63,999.92,189.32,1.85,219.96,09-Aug-2020 - 00:00,"Worli, Mumbai - MPCB"
09-Aug-2020 - 00:00,11.43,70.35,7.0,4.21,11.21,0.23,11.39,0.05,16.28,1.66,27.92,11.56,28.53,85.74,999.46,235.24,1.61,220.13,10-Aug-2020 - 00:00,"Worli, Mumbai - MPCB"
10-Aug-2020 - 00:00,9.5,54.18,10.25,8.53,18.78,0.19,11.92,0.1,14.05,1.46,22.64,10.98,27.86,89.18,999.61,157.83,1.43,215.41,11-Aug-2020 - 00:00,"Worli, Mumbai - MPCB"
11-Aug-2020 - 00:00,8.64,52.66,9.81,4.85,14.66,0.13,11.54,0.05,17.87,1.59,22.32,11.28,27.71,88.39,,100.76,1.8,221.44,12-Aug-2020 - 00:00,"Worli, Mumbai - MPCB"
12-Aug-2020 - 00:00,6.66,37.69,8.27,3.31,11.58,0.17,11.08,0.03,20.22,1.64,23.63,11.6,26.34,94.15,,50.91,2.38,224.59,13-Aug-2020 - 00:00,"Worli, Mumbai - MPCB"
13-Aug-2020 - 00:00,6.03,44.42,10.19,6.4,16.58,0.11,11.49,0.06,16.46,1.88,18.65,10.61,26.95,91.59,999.92,112.95,2.02,215.72,14-Aug-2020 - 00:00,"Worli, Mumbai - MPCB"
14-Aug-2020 - 00:00,6.31,38.99,6.4,2.31,8.7,0.12,11.17,0.04,21.66,2.16,23.68,15.24,25.87,94.59,998.99,42.79,2.18,222.59,15-Aug-2020 - 00:00,"Worli, Mumbai - MPCB"
15-Aug-2020 - 00:00,8.28,47.03,4.61,1.3,5.91,0.17,11.21,0.04,21.61,1.59,22.29,11.6,26.69,92.69,998.77,89.43,2.38,226.05,16-Aug-2020 - 00:00,"Worli, Mumbai - MPCB"
16-Aug-2020 - 00:00,,52.24,6.34,4.75,11.09,0.12,12.1,0.08,13.02,1.94,30.7,10.9,27.22,91.03,999.45,88.42,1.6,214.26,17-Aug-2020 - 00:00,"Worli, Mumbai - MPCB"
17-Aug-2020 - 00:00,,44.31,7.31,4.55,11.87,0.1,12.28,0.08,13.13,1.59,18.93,13.96,26.43,93.82,999.33,52.11,1.62,213.01,18-Aug-2020 - 00:00,"Worli, Mumbai - MPCB"
18-Aug-2020 - 00:00,,39.35,6.76,4.21,10.97,0.07,12.11,0.07,13.6,1.54,24.13,14.54,26.46,92.53,999.94,134.05,1.81,219.96,19-Aug-2020 - 00:00,"Worli, Mumbai - MPCB"
19-Aug-2020 - 00:00,,45.39,6.75,5.23,11.99,0.06,11.85,0.05,14.39,1.63,22.48,11.83,26.93,90.02,999.83,196.86,2.04,223.58,20-Aug-2020 - 00:00,"Worli, Mumbai - MPCB"
20-Aug-2020 - 00:00,,34.89,6.37,4.29,10.66,0.12,11.82,0.04,13.02,1.78,28.71,10.8,26.31,93.05,999.32,63.39,1.83,222.88,21-Aug-2020 - 00:00,"Worli, Mumbai - MPCB"
21-Aug-2020 - 00:00,,28.12,6.08,4.43,10.51,0.16,12.23,0.03,10.29,1.74,27.37,12.12,25.72,96.09,999.61,51.06,1.96,218.78,22-Aug-2020 - 00:00,"Worli, Mumbai - MPCB"
22-Aug-2020 - 00:00,9.45,38.51,4.07,2.53,6.6,0.2,12.6,0.01,8.81,2.12,25.77,13.23,26.95,92.05,,160.57,1.83,220.6,23-Aug-2020 - 00:00,"Worli, Mumbai - MPCB"
23-Aug-2020 - 00:00,11.75,30.89,3.85,2.76,6.61,0.13,12.46,,,1.83,26.41,15.21,27.29,89.22,,164.18,1.68,216.05,24-Aug-2020 - 00:00,"Worli, Mumbai - MPCB"
24-Aug-2020 - 00:00,12.2,33.75,4.67,2.81,7.47,0.3,12.39,0.04,13.86,1.51,22.24,10.75,27.14,89.23,,174.34,1.65,214.93,25-Aug-2020 - 00:00,"Worli, Mumbai - MPCB"
25-Aug-2020 - 00:00,12.56,38.36,6.51,4.09,10.6,0.22,12.22,0.06,14.77,1.45,26.12,9.49,27.27,87.77,,223.55,1.53,210.83,26-Aug-2020 - 00:00,"Worli, Mumbai - MPCB"
26-Aug-2020 - 00:00,12.74,36.02,7.15,5.03,12.19,0.21,12.53,0.05,15.08,1.33,24.13,12.03,27.55,85.67,,281.25,1.66,219.94,27-Aug-2020 - 00:00,"Worli, Mumbai - MPCB"
27-Aug-2020 - 00:00,10.82,31.36,6.61,5.47,12.07,0.21,12.2,0.05,13.59,1.17,22.96,11.48,27.73,84.68,,208.12,1.78,224.07,28-Aug-2020 - 00:00,"Worli, Mumbai - MPCB"
28-Aug-2020 - 00:00,10.61,21.81,8.41,5.89,14.3,0.16,12.83,0.13,11.1,1.9,25.99,10.5,24.97,96.46,,35.88,1.43,198.32,29-Aug-2020 - 00:00,"Worli, Mumbai - MPCB"
29-Aug-2020 - 00:00,12.85,21.23,9.34,9.66,19.01,0.24,14.46,0.15,10.79,1.87,28.02,11.7,24.96,97.88,,39.35,1.04,210.06,30-Aug-2020 - 00:00,"Worli, Mumbai - MPCB"
30-Aug-2020 - 00:00,13.14,33.71,6.22,4.46,10.69,0.08,13.63,0.07,13.64,1.47,22.74,13.28,25.29,95.65,,78.47,1.34,206.09,31-Aug-2020 - 00:00,"Worli, Mumbai - MPCB"
31-Aug-2020 - 00:00,11.45,30.65,7.77,6.05,13.81,0.18,13.01,0.08,15.1,1.76,26.96,13.55,25.92,92.91,,168.71,1.51,214.31,01-Sep-2020 - 00:00,"Worli, Mumbai - MPCB"
01-Sep-2020 - 00:00,14.78,28.0,11.4,13.96,25.36,0.34,14.3,0.3,7.73,1.7,27.83,10.62,26.37,90.77,,174.8,0.8,184.07,02-Sep-2020 - 00:00,"Worli, Mumbai - MPCB"
02-Sep-2020 - 00:00,19.67,38.32,11.94,16.59,28.53,0.31,15.71,0.31,9.71,1.51,25.33,13.45,27.63,87.23,,251.7,0.85,201.48,03-Sep-2020 - 00:00,"Worli, Mumbai - MPCB"
03-Sep-2020 - 00:00,17.88,43.03,9.4,11.94,21.34,1.09,15.76,0.23,9.72,1.08,25.4,11.72,28.28,84.31,,348.9,0.81,206.29,04-Sep-2020 - 00:00,"Worli, Mumbai - MPCB"
04-Sep-2020 - 00:00,25.0,48.74,12.18,12.55,24.72,2.29,17.18,0.44,5.07,1.64,16.77,17.14,26.48,84.21,,,0.33,143.75,05-Sep-2020 - 00:00,"Worli, Mumbai - MPCB"
05-Sep-2020 - 00:00,43.99,50.02,18.63,3.43,22.03,1.9,17.9,0.25,44.27,0.85,22.48,9.34,31.22,78.01,,248.57,1.23,237.33,06-Sep-2020 - 00:00,"Worli, Mumbai - MPCB"
06-Sep-2020 - 00:00,53.22,,9.78,5.98,15.76,2.2,,,,1.61,26.67,11.62,29.36,84.99,,87.5,0.74,215.07,07-Sep-2020 - 00:00,"Worli, Mumbai - MPCB"
07-Sep-2020 - 00:00,13.25,23.28,12.93,7.4,20.33,2.22,18.28,0.25,11.62,1.3,23.62,12.3,28.3,85.71,,328.32,1.09,207.28,08-Sep-2020 - 00:00,"Worli, Mumbai - MPCB"
08-Sep-2020 - 00:00,12.52,31.73,9.38,9.17,18.56,3.03,19.44,0.25,6.01,1.72,27.6,15.71,29.01,82.42,,326.55,0.93,208.19,09-Sep-2020 - 00:00,"Worli, Mumbai - MPCB"
09-Sep-2020 - 00:00,21.31,32.18,5.72,10.37,16.09,3.38,19.69,0.22,5.54,1.4,26.81,12.51,29.48,82.56,,257.45,0.82,210.86,10-Sep-2020 - 00:00,"Worli, Mumbai - MPCB"
10-Sep-2020 - 00:00,25.67,25.12,8.74,8.27,17.0,3.35,21.58,0.31,6.62,1.71,27.36,13.31,29.32,81.47,,258.49,1.06,206.95,11-Sep-2020 - 00:00,"Worli, Mumbai - MPCB"
11-Sep-2020 - 00:00,36.94,44.99,11.16,10.18,21.33,3.92,20.36,0.38,8.08,1.5,30.59,11.07,28.37,85.84,999.81,299.48,1.09,178.67,12-Sep-2020 - 00:00,"Worli, Mumbai - MPCB"
12-Sep-2020 - 00:00,11.0,23.05,6.29,6.57,12.86,5.87,18.73,0.19,7.19,1.41,23.69,14.11,26.81,89.59,,207.5,1.81,171.1,13-Sep-2020 - 00:00,"Worli, Mumbai - MPCB"
13-Sep-2020 - 00:00,11.37,35.45,5.32,2.41,7.73,9.24,15.81,0.04,7.78,1.36,26.69,12.23,27.27,87.32,,202.97,1.73,217.32,14-Sep-2020 - 00:00,"Worli, Mumbai - MPCB"
14-Sep-2020 - 00:00,12.29,27.56,7.2,7.41,14.61,6.56,18.74,0.17,5.11,1.55,25.28,12.44,26.96,85.73,,131.0,1.01,179.81,15-Sep-2020 - 00:00,"Worli, Mumbai - MPCB"
15-Sep-2020 - 00:00,10.47,22.42,8.09,13.76,21.85,5.1,21.92,0.24,5.17,1.78,27.7,12.4,26.76,88.0,,209.89,0.95,184.3,16-Sep-2020 - 00:00,"Worli, Mumbai - MPCB"
16-Sep-2020 - 00:00,13.46,30.54,8.74,16.83,25.57,4.78,26.02,0.32,4.61,1.66,22.95,11.94,26.35,91.1,,86.82,0.66,172.62,17-Sep-2020 - 00:00,"Worli, Mumbai - MPCB"
17-Sep-2020 - 00:00,13.92,29.12,6.29,18.29,24.58,3.61,24.87,0.36,4.82,1.4,32.69,10.68,26.33,91.02,,84.96,0.72,184.2,18-Sep-2020 - 00:00,"Worli, Mumbai - MPCB"
18-Sep-2020 - 00:00,21.02,30.23,4.66,22.66,27.31,2.63,24.09,0.42,4.63,1.6,25.02,14.57,25.92,91.43,,81.39,0.62,170.32,19-Sep-2020 - 00:00,"Worli, Mumbai - MPCB"
19-Sep-2020 - 00:00,17.27,39.82,6.41,20.02,26.43,3.78,26.29,0.46,4.83,1.47,26.49,11.95,26.71,91.06,,132.76,0.71,184.52,20-Sep-2020 - 00:00,"Worli, Mumbai - MPCB"
20-Sep-2020 - 00:00,18.66,32.47,5.41,18.93,24.34,5.04,27.45,0.54,5.75,2.04,22.67,12.16,28.19,84.65,999.22,215.31,0.8,201.76,21-Sep-2020 - 00:00,"Worli, Mumbai - MPCB"
21-Sep-2020 - 00:00,26.76,45.72,14.69,16.18,30.87,4.99,24.41,0.58,4.75,1.66,32.59,13.72,27.28,89.45,999.2,193.38,0.88,177.36,22-Sep-2020 - 00:00,"Worli, Mumbai - MPCB"
22-Sep-2020 - 00:00,24.38,,21.2,9.33,30.54,2.17,19.58,0.44,4.32,1.53,25.8,9.15,25.59,95.36,999.28,47.06,1.19,171.25,23-Sep-2020 - 00:00,"Worli, Mumbai - MPCB"
23-Sep-2020 - 00:00,11.26,,16.47,3.48,19.95,1.63,16.34,0.19,4.38,1.6,25.3,11.58,24.57,99.34,999.89,38.21,1.88,201.87,24-Sep-2020 - 00:00,"Worli, Mumbai - MPCB"
24-Sep-2020 - 00:00,11.69,25.89,19.23,6.77,26.0,1.49,18.24,0.35,4.36,1.22,22.07,12.79,26.21,92.8,,212.53,1.46,169.42,25-Sep-2020 - 00:00,"Worli, Mumbai - MPCB"
25-Sep-2020 - 00:00,15.52,39.22,16.07,15.86,31.93,2.25,20.61,0.33,4.37,1.51,28.36,10.09,26.96,89.13,,179.33,0.79,194.78,26-Sep-2020 - 00:00,"Worli, Mumbai - MPCB"
26-Sep-2020 - 00:00,14.34,46.87,13.23,13.96,27.19,5.8,19.8,0.21,4.42,1.8,23.53,11.25,29.15,75.74,,285.24,0.86,229.72,27-Sep-2020 - 00:00,"Worli, Mumbai - MPCB"
27-Sep-2020 - 00:00,,,,,,,,,,,,,,,,,,,28-Sep-2020 - 00:00,"Worli, Mumbai - MPCB"
28-Sep-2020 - 00:00,17.5,47.87,17.57,16.91,34.49,3.52,19.78,0.54,4.33,1.58,27.95,11.95,28.54,76.98,,332.13,0.9,207.61,29-Sep-2020 - 00:00,"Worli, Mumbai - MPCB"
29-Sep-2020 - 00:00,25.73,58.08,17.4,25.92,43.32,4.55,20.88,0.59,4.46,1.49,23.48,12.04,27.7,81.68,,239.92,0.75,201.72,30-Sep-2020 - 00:00,"Worli, Mumbai - MPCB"
30-Sep-2020 - 00:00,24.6,59.94,19.62,13.11,32.73,5.7,18.64,0.45,4.5,1.69,25.9,11.64,28.27,78.38,,275.37,0.82,209.15,01-Oct-2020 - 00:00,"Worli, Mumbai - MPCB"
01-Oct-2020 - 00:00,20.52,48.86,15.26,9.52,24.77,4.35,17.57,0.37,4.54,1.17,20.33,13.08,28.28,78.73,,331.92,0.87,217.07,02-Oct-2020 - 00:00,"Worli, Mumbai - MPCB"
02-Oct-2020 - 00:00,29.3,51.89,14.49,7.8,22.28,3.57,17.54,0.39,4.47,,,,28.78,80.25,,243.1,0.86,219.14,03-Oct-2020 - 00:00,"Worli, Mumbai - MPCB"
03-Oct-2020 - 00:00,57.07,86.59,19.4,11.82,31.22,4.12,20.87,0.86,4.47,1.77,23.13,10.52,27.72,87.62,,179.04,0.94,194.27,04-Oct-2020 - 00:00,"Worli, Mumbai - MPCB"
04-Oct-2020 - 00:00,25.06,35.78,20.63,5.39,26.02,3.94,19.11,0.5,4.45,1.55,23.38,12.0,25.97,90.01,,119.15,0.75,188.9,05-Oct-2020 - 00:00,"Worli, Mumbai - MPCB"
05-Oct-2020 - 00:00,17.4,36.18,12.43,6.48,18.91,3.34,17.17,0.4,4.43,1.69,29.13,11.0,28.24,82.25,,257.13,0.77,202.13,06-Oct-2020 - 00:00,"Worli, Mumbai - MPCB"
06-Oct-2020 - 00:00,25.5,54.17,13.4,7.76,21.16,2.69,18.17,0.47,4.35,1.27,25.66,12.49,28.42,82.8,,251.17,0.8,202.6,07-Oct-2020 - 00:00,"Worli, Mumbai - MPCB"
07-Oct-2020 - 00:00,,62.63,13.72,5.2,18.92,2.53,17.2,0.46,4.45,1.31,25.16,12.79,29.3,79.97,,240.61,0.81,226.87,08-Oct-2020 - 00:00,"Worli, Mumbai - MPCB"
08-Oct-2020 - 00:00,43.75,66.58,12.97,4.59,17.57,3.1,18.58,0.49,4.43,1.69,20.49,9.28,29.0,83.97,,150.63,0.92,240.59,09-Oct-2020 - 00:00,"Worli, Mumbai - MPCB"
09-Oct-2020 - 00:00,62.22,97.09,15.12,9.61,24.73,4.43,21.36,0.74,4.33,1.83,23.34,11.56,29.77,78.32,,232.17,0.86,209.37,10-Oct-2020 - 00:00,"Worli, Mumbai - MPCB"
10-Oct-2020 - 00:00,71.62,113.67,15.39,8.18,23.58,4.76,18.71,0.79,4.5,1.77,27.31,13.14,29.37,81.86,,249.11,0.77,179.62,11-Oct-2020 - 00:00,"Worli, Mumbai - MPCB"
11-Oct-2020 - 00:00,50.39,69.22,10.88,6.97,17.85,3.56,17.71,0.81,4.46,2.07,24.96,10.82,27.5,90.52,,,0.6,191.38,12-Oct-2020 - 00:00,"Worli, Mumbai - MPCB"
12-Oct-2020 - 00:00,57.41,73.3,6.49,10.22,16.71,2.63,19.17,0.78,4.5,1.46,27.04,12.46,27.13,90.92,,94.38,0.59,173.05,13-Oct-2020 - 00:00,"Worli, Mumbai - MPCB"
13-Oct-2020 - 00:00,47.0,79.44,8.8,13.19,22.0,1.97,21.72,0.84,4.35,1.92,25.21,14.31,27.94,88.99,,209.41,1.04,173.24,14-Oct-2020 - 00:00,"Worli, Mumbai - MPCB"
14-Oct-2020 - 00:00,52.01,77.12,12.31,18.68,30.99,1.28,22.04,0.9,4.55,1.06,28.05,11.97,27.27,89.84,,139.35,0.96,179.21,15-Oct-2020 - 00:00,"Worli, Mumbai - MPCB"
15-Oct-2020 - 00:00,25.26,37.06,10.69,10.88,21.57,1.17,21.56,0.83,4.62,1.74,21.86,11.94,25.78,95.64,998.6,164.27,1.43,215.84,16-Oct-2020 - 00:00,"Worli, Mumbai - MPCB"
16-Oct-2020 - 00:00,27.68,46.3,7.66,29.14,36.79,1.12,24.96,0.95,4.57,1.3,32.68,13.11,27.87,83.03,999.25,200.01,1.05,168.75,17-Oct-2020 - 00:00,"Worli, Mumbai - MPCB"
17-Oct-2020 - 00:00,31.9,66.58,6.7,7.45,14.15,1.61,19.14,0.42,4.39,1.51,24.66,13.29,27.92,77.48,,217.11,1.45,176.16,18-Oct-2020 - 00:00,"Worli, Mumbai - MPCB"
18-Oct-2020 - 00:00,21.95,51.02,8.21,9.67,17.87,5.39,2.4,0.21,4.48,1.52,24.92,9.81,27.71,80.9,,244.45,1.15,194.97,19-Oct-2020 - 00:00,"Worli, Mumbai - MPCB"
19-Oct-2020 - 00:00,28.0,64.75,13.93,10.8,24.72,3.75,1.75,0.23,4.38,1.23,28.53,12.14,27.57,86.23,,150.94,0.8,202.17,20-Oct-2020 - 00:00,"Worli, Mumbai - MPCB"
20-Oct-2020 - 00:00,34.6,69.57,22.04,11.78,33.82,2.43,1.08,0.33,4.36,1.4,21.57,9.78,28.62,85.73,,178.76,0.73,218.14,21-Oct-2020 - 00:00,"Worli, Mumbai - MPCB"
21-Oct-2020 - 00:00,42.5,62.36,26.83,9.88,36.71,2.96,1.13,0.4,4.38,1.48,23.71,12.28,28.39,86.49,,206.62,0.76,207.56,22-Oct-2020 - 00:00,"Worli, Mumbai - MPCB"
22-Oct-2020 - 00:00,51.51,72.93,24.75,16.98,41.73,4.63,2.81,0.51,4.51,1.37,27.16,10.69,27.85,86.99,,185.52,0.79,187.18,23-Oct-2020 - 00:00,"Worli, Mumbai - MPCB"
23-Oct-2020 - 00:00,44.54,68.14,29.37,16.87,46.23,7.93,9.84,0.43,4.52,1.21,27.59,11.92,28.14,83.34,,199.29,0.71,204.94,24-Oct-2020 - 00:00,"Worli, Mumbai - MPCB"
24-Oct-2020 - 00:00,46.06,63.4,13.47,9.19,22.67,4.03,9.72,0.31,4.44,1.88,25.73,10.38,28.12,88.33,,172.62,1.0,192.67,25-Oct-2020 - 00:00,"Worli, Mumbai - MPCB"
25-Oct-2020 - 00:00,43.66,58.64,19.15,6.91,26.06,4.35,7.75,0.3,4.56,1.6,26.59,12.99,28.46,83.29,,209.71,0.8,198.65,26-Oct-2020 - 00:00,"Worli, Mumbai - MPCB"
26-Oct-2020 - 00:00,49.28,75.97,31.61,9.83,41.44,4.71,7.58,0.49,4.54,1.8,23.53,10.6,28.1,78.59,,151.3,0.87,194.04,27-Oct-2020 - 00:00,"Worli, Mumbai - MPCB"
27-Oct-2020 - 00:00,47.64,84.99,28.58,20.4,48.98,5.93,9.84,0.55,4.44,1.17,25.42,13.43,28.38,61.65,,290.11,0.61,176.4,28-Oct-2020 - 00:00,"Worli, Mumbai - MPCB"
28-Oct-2020 - 00:00,54.16,97.63,36.8,3.86,40.65,6.54,8.96,0.48,4.54,1.73,21.46,12.7,29.22,74.34,,108.37,1.09,251.95,29-Oct-2020 - 00:00,"Worli, Mumbai - MPCB"
29-Oct-2020 - 00:00,84.2,119.07,26.29,15.2,41.49,3.09,6.54,0.67,4.51,1.4,28.78,10.75,28.28,75.48,,225.21,0.73,206.35,30-Oct-2020 - 00:00,"Worli, Mumbai - MPCB"
30-Oct-2020 - 00:00,85.97,121.75,13.21,9.77,22.98,2.23,7.05,0.72,4.78,1.12,27.06,9.77,28.11,75.12,,218.92,0.81,196.53,31-Oct-2020 - 00:00,"Worli, Mumbai - MPCB"
31-Oct-2020 - 00:00,70.13,112.15,11.19,28.85,40.04,2.24,9.24,0.88,4.79,1.26,25.39,10.31,27.7,68.2,,244.47,0.86,190.31,01-Nov-2020 - 00:00,"Worli, Mumbai - MPCB"
01-Nov-2020 - 00:00,62.17,105.43,12.26,20.86,33.12,2.5,9.19,0.77,4.71,1.26,25.23,10.51,27.73,63.1,,222.02,0.72,199.55,02-Nov-2020 - 00:00,"Worli, Mumbai - MPCB"
02-Nov-2020 - 00:00,85.92,128.05,11.66,28.74,40.39,2.24,10.17,0.93,4.61,1.4,22.56,10.87,28.41,72.77,,216.94,0.64,190.68,03-Nov-2020 - 00:00,"Worli, Mumbai - MPCB"
03-Nov-2020 - 00:00,100.72,151.37,10.87,18.9,29.77,1.99,10.69,0.92,4.85,1.71,23.95,14.92,28.58,68.97,,225.84,0.75,214.01,04-Nov-2020 - 00:00,"Worli, Mumbai - MPCB"
04-Nov-2020 - 00:00,99.04,161.49,26.35,30.18,56.54,6.06,10.61,1.05,4.59,1.54,22.01,11.33,28.36,68.42,,223.2,0.74,200.13,05-Nov-2020 - 00:00,"Worli, Mumbai - MPCB"
05-Nov-2020 - 00:00,82.29,142.64,54.59,22.49,77.08,11.83,9.43,0.79,4.32,1.64,23.84,12.12,28.22,62.35,,219.5,0.8,173.29,06-Nov-2020 - 00:00,"Worli, Mumbai - MPCB"
06-Nov-2020 - 00:00,61.72,113.61,58.29,10.74,69.03,15.91,7.78,0.52,4.33,1.67,22.29,10.63,28.5,53.42,,240.45,0.98,167.45,07-Nov-2020 - 00:00,"Worli, Mumbai - MPCB"
07-Nov-2020 - 00:00,74.28,130.61,48.95,16.02,64.96,15.15,9.07,0.76,4.51,1.54,19.5,8.82,27.72,62.15,,263.95,1.05,165.53,08-Nov-2020 - 00:00,"Worli, Mumbai - MPCB"
08-Nov-2020 - 00:00,72.01,128.6,44.1,14.26,58.36,17.51,9.57,0.62,4.49,1.11,23.52,11.84,28.69,58.71,,277.93,0.98,161.48,09-Nov-2020 - 00:00,"Worli, Mumbai - MPCB"
09-Nov-2020 - 00:00,83.88,149.42,57.32,23.44,80.76,14.46,11.55,0.81,4.39,1.38,25.39,12.07,27.98,59.53,,275.7,0.88,178.9,10-Nov-2020 - 00:00,"Worli, Mumbai - MPCB"
10-Nov-2020 - 00:00,88.95,162.41,62.2,22.8,85.0,15.25,11.4,0.71,4.48,1.33,22.72,11.18,27.03,59.02,,280.71,1.11,160.1,11-Nov-2020 - 00:00,"Worli, Mumbai - MPCB"
11-Nov-2020 - 00:00,90.43,157.46,74.41,9.92,84.34,13.84,14.46,0.7,4.55,1.32,26.79,12.27,26.85,50.59,,279.91,1.14,146.87,12-Nov-2020 - 00:00,"Worli, Mumbai - MPCB"
12-Nov-2020 - 00:00,86.77,134.85,66.75,8.56,75.31,15.8,8.78,0.85,4.32,1.42,20.86,10.83,26.98,59.04,,195.78,1.03,200.28,13-Nov-2020 - 00:00,"Worli, Mumbai - MPCB"
13-Nov-2020 - 00:00,80.77,137.3,61.89,25.56,87.45,17.68,19.04,0.89,4.51,1.47,17.93,14.37,26.99,65.77,,282.11,0.84,189.3,14-Nov-2020 - 00:00,"Worli, Mumbai - MPCB"
14-Nov-2020 - 00:00,76.41,128.24,43.89,24.8,68.69,18.53,18.65,0.78,22.25,1.65,28.09,14.78,28.3,69.7,,259.13,0.83,182.41,15-Nov-2020 - 00:00,"Worli, Mumbai - MPCB"
15-Nov-2020 - 00:00,104.5,139.68,36.43,11.35,47.79,16.53,13.23,0.68,32.27,1.6,24.08,11.4,28.24,75.87,,239.36,0.88,210.76,16-Nov-2020 - 00:00,"Worli, Mumbai - MPCB"
16-Nov-2020 - 00:00,87.21,120.53,35.46,6.76,42.22,14.44,12.55,0.6,15.82,1.57,25.45,10.26,28.71,71.25,,255.43,1.01,194.15,17-Nov-2020 - 00:00,"Worli, Mumbai - MPCB"
17-Nov-2020 - 00:00,87.96,139.34,47.18,16.27,63.45,15.12,17.17,0.71,4.37,1.79,24.66,12.35,28.18,74.84,,235.96,1.01,204.81,18-Nov-2020 - 00:00,"Worli, Mumbai - MPCB"
18-Nov-2020 - 00:00,81.04,127.74,46.69,10.68,57.37,13.53,11.7,0.7,4.52,1.6,26.89,11.32,27.99,75.03,,226.33,0.9,208.69,19-Nov-2020 - 00:00,"Worli, Mumbai - MPCB"
19-Nov-2020 - 00:00,75.79,120.36,41.83,9.55,51.38,11.75,10.62,0.6,4.37,1.39,23.73,10.68,27.33,71.5,,206.73,1.19,198.23,20-Nov-2020 - 00:00,"Worli, Mumbai - MPCB"
20-Nov-2020 - 00:00,73.98,124.12,56.02,10.71,66.73,10.9,9.87,0.67,4.45,1.44,23.35,14.12,27.05,67.05,,220.67,1.06,198.07,21-Nov-2020 - 00:00,"Worli, Mumbai - MPCB"
21-Nov-2020 - 00:00,78.4,129.87,43.92,14.0,57.92,11.02,9.34,0.73,4.51,1.37,24.91,9.83,26.36,73.4,,246.98,1.17,203.44,22-Nov-2020 - 00:00,"Worli, Mumbai - MPCB"
22-Nov-2020 - 00:00,93.16,136.58,47.88,15.93,63.8,11.81,10.83,0.68,4.56,1.5,19.6,12.37,26.38,76.79,,240.17,0.83,188.58,23-Nov-2020 - 00:00,"Worli, Mumbai - MPCB"
23-Nov-2020 - 00:00,72.52,108.8,52.97,18.84,71.81,12.21,12.23,0.51,4.42,1.4,28.16,10.78,26.31,68.86,,246.03,0.9,208.2,24-Nov-2020 - 00:00,"Worli, Mumbai - MPCB"
24-Nov-2020 - 00:00,91.14,132.63,50.72,4.43,55.15,11.68,9.65,0.63,4.35,1.46,22.44,11.91,26.42,69.06,,230.21,0.9,185.61,25-Nov-2020 - 00:00,"Worli, Mumbai - MPCB"
25-Nov-2020 - 00:00,127.37,185.29,65.61,16.3,81.91,13.14,11.75,1.03,4.51,1.7,24.87,12.12,26.57,75.56,,212.53,0.85,195.0,26-Nov-2020 - 00:00,"Worli, Mumbai - MPCB"
26-Nov-2020 - 00:00,122.66,184.27,60.47,20.88,81.36,12.77,16.78,1.01,4.37,1.16,24.99,11.78,26.17,73.61,,210.5,0.96,195.74,27-Nov-2020 - 00:00,"Worli, Mumbai - MPCB"
27-Nov-2020 - 00:00,76.38,133.37,54.01,7.78,61.78,11.87,18.67,0.61,4.34,1.48,26.24,11.96,27.83,49.87,,229.19,1.22,141.29,28-Nov-2020 - 00:00,"Worli, Mumbai - MPCB"
28-Nov-2020 - 00:00,68.76,114.43,47.05,8.95,55.99,11.95,13.07,0.6,4.4,1.59,20.61,10.56,26.78,59.41,,203.11,1.06,160.16,29-Nov-2020 - 00:00,"Worli, Mumbai - MPCB"
29-Nov-2020 - 00:00,43.25,82.26,35.14,11.32,46.46,13.4,18.83,0.46,4.56,1.36,28.5,11.31,27.62,67.66,,217.56,0.97,172.56,30-Nov-2020 - 00:00,"Worli, Mumbai - MPCB"
30-Nov-2020 - 00:00,72.89,113.87,48.02,13.15,61.18,14.63,22.67,0.72,4.53,1.69,24.29,9.49,27.24,72.81,,205.01,0.83,201.25,01-Dec-2020 - 00:00,"Worli, Mumbai - MPCB"
01-Dec-2020 - 00:00,86.0,119.7,27.95,2.95,30.89,10.41,7.98,0.56,4.38,1.4,31.78,2.39,26.26,84.58,,,0.43,196.68,02-Dec-2020 - 00:00,"Worli, Mumbai - MPCB"
