from date,NO2,NOx,NO,NH3,SO2,Ozone,CO,PM10,PM2.5,Benzene,Toluene,AT,Temp,BP,RH,RF,WS,WD,SR,to date,station
01-Jan-2020 - 00:00,64.78,44.95,13.07,79.9,25.76,70.46,1.4,308.9,252.93,3.04,12.13,13.81,30.05,743.0,59.18,0.0,2.02,156.88,57.49,02-Jan-2020 - 00:00,"Yamunapuram, Bulandshahr - UPPCB"
02-Jan-2020 - 00:00,73.65,47.88,10.72,92.43,52.7,65.91,1.52,274.78,203.02,2.9,9.95,16.7,29.72,742.93,55.5,0.0,1.55,176.38,59.06,03-Jan-2020 - 00:00,"Yamunapuram, Bulandshahr - UPPCB"
03-Jan-2020 - 00:00,63.61,58.98,30.82,87.24,40.23,56.98,1.31,171.24,120.97,1.94,6.31,16.79,30.39,742.34,59.54,0.0,1.28,148.08,60.72,04-Jan-2020 - 00:00,"Yamunapuram, Bulandshahr - UPPCB"
04-Jan-2020 - 00:00,88.12,97.47,62.11,102.5,22.0,72.55,1.2,255.16,203.01,2.43,13.76,15.97,30.93,742.12,62.3,0.01,0.87,215.49,55.16,05-Jan-2020 - 00:00,"Yamunapuram, Bulandshahr - UPPCB"
05-Jan-2020 - 00:00,68.27,45.78,11.52,57.67,24.83,63.0,1.22,238.49,179.06,1.62,11.1,14.7,29.5,742.28,59.4,0.0,2.43,275.02,40.41,06-Jan-2020 - 00:00,"Yamunapuram, Bulandshahr - UPPCB"
06-Jan-2020 - 00:00,57.78,38.28,9.4,58.54,24.22,39.27,0.76,222.13,162.9,1.73,11.87,14.9,30.2,742.58,60.12,0.0,1.97,235.44,28.11,07-Jan-2020 - 00:00,"Yamunapuram, Bulandshahr - UPPCB"
07-Jan-2020 - 00:00,28.86,17.2,3.56,69.3,15.2,39.27,1.36,153.85,127.99,1.57,6.31,15.51,28.02,742.1,65.69,0.0,2.71,129.26,33.69,08-Jan-2020 - 00:00,"Yamunapuram, Bulandshahr - UPPCB"
08-Jan-2020 - 00:00,22.15,13.8,4.65,80.45,11.61,19.4,1.44,172.93,154.46,1.73,5.31,14.93,31.2,742.0,71.53,0.03,2.22,167.11,17.83,09-Jan-2020 - 00:00,"Yamunapuram, Bulandshahr - UPPCB"
09-Jan-2020 - 00:00,40.93,30.55,10.79,46.09,27.03,54.56,0.88,138.72,109.64,1.08,6.84,12.99,29.48,743.0,64.66,0.0,3.53,282.04,76.02,10-Jan-2020 - 00:00,"Yamunapuram, Bulandshahr - UPPCB"
10-Jan-2020 - 00:00,49.07,35.89,12.48,46.54,18.6,53.54,1.7,192.43,132.16,1.52,14.43,12.75,29.99,742.73,65.32,0.0,2.76,284.81,62.6,11-Jan-2020 - 00:00,"Yamunapuram, Bulandshahr - UPPCB"
11-Jan-2020 - 00:00,69.79,51.31,19.02,57.16,28.31,67.15,1.64,247.98,157.07,1.81,22.45,14.35,29.8,742.68,56.75,0.0,2.28,281.32,67.48,12-Jan-2020 - 00:00,"Yamunapuram, Bulandshahr - UPPCB"
12-Jan-2020 - 00:00,54.06,64.08,48.59,66.59,21.05,44.33,2.23,279.15,209.43,2.58,12.49,14.58,29.2,742.08,61.01,0.0,0.97,210.79,59.47,13-Jan-2020 - 00:00,"Yamunapuram, Bulandshahr - UPPCB"
13-Jan-2020 - 00:00,22.43,14.82,5.01,86.99,14.47,36.87,2.27,239.96,202.51,2.78,5.91,13.8,28.83,742.0,69.45,0.0,2.61,119.74,50.7,14-Jan-2020 - 00:00,"Yamunapuram, Bulandshahr - UPPCB"
14-Jan-2020 - 00:00,36.39,32.71,16.43,84.63,12.5,21.81,1.7,215.27,177.93,2.11,5.44,14.12,29.9,742.0,71.81,0.0,2.67,255.36,35.76,15-Jan-2020 - 00:00,"Yamunapuram, Bulandshahr - UPPCB"
15-Jan-2020 - 00:00,45.69,41.68,21.23,64.4,18.62,39.53,1.45,172.65,122.64,1.55,5.08,14.4,29.97,742.0,66.28,0.0,2.78,264.15,54.45,16-Jan-2020 - 00:00,"Yamunapuram, Bulandshahr - UPPCB"
16-Jan-2020 - 00:00,34.63,23.51,6.71,60.43,15.58,26.74,1.57,123.89,110.33,1.44,5.6,14.56,30.38,742.0,71.68,0.1,2.11,219.33,28.09,17-Jan-2020 - 00:00,"Yamunapuram, Bulandshahr - UPPCB"
17-Jan-2020 - 00:00,27.15,19.27,6.34,43.34,17.23,44.36,1.14,79.69,60.01,0.92,4.54,15.33,31.5,742.0,69.04,0.0,2.88,251.33,58.91,18-Jan-2020 - 00:00,"Yamunapuram, Bulandshahr - UPPCB"
18-Jan-2020 - 00:00,32.35,52.22,42.95,35.55,14.46,17.24,2.18,146.46,103.62,1.97,8.0,12.92,29.33,742.36,75.56,0.0,1.46,252.11,27.84,19-Jan-2020 - 00:00,"Yamunapuram, Bulandshahr - UPPCB"
19-Jan-2020 - 00:00,54.47,49.44,25.17,42.81,11.1,0.92,1.48,133.86,98.79,2.77,32.01,11.41,30.94,742.14,77.86,0.0,2.45,295.86,7.0,20-Jan-2020 - 00:00,"Yamunapuram, Bulandshahr - UPPCB"
20-Jan-2020 - 00:00,48.05,36.5,13.46,45.95,18.66,34.01,1.9,241.06,188.48,1.72,6.7,14.02,31.59,742.1,68.17,0.0,1.28,99.5,45.65,21-Jan-2020 - 00:00,"Yamunapuram, Bulandshahr - UPPCB"
21-Jan-2020 - 00:00,33.23,49.91,39.54,51.42,15.52,29.06,1.53,234.17,169.88,2.25,8.03,13.42,29.46,742.53,71.8,0.0,1.05,134.35,52.07,22-Jan-2020 - 00:00,"Yamunapuram, Bulandshahr - UPPCB"
22-Jan-2020 - 00:00,45.51,35.06,13.23,50.19,22.9,40.47,1.91,213.97,153.49,2.1,14.46,13.47,29.65,742.9,69.67,0.0,2.71,278.61,54.58,23-Jan-2020 - 00:00,"Yamunapuram, Bulandshahr - UPPCB"
23-Jan-2020 - 00:00,40.54,27.87,7.62,37.88,19.97,61.75,1.6,166.96,76.78,1.05,9.04,14.51,29.75,742.41,54.46,0.0,4.77,300.73,72.69,24-Jan-2020 - 00:00,"Yamunapuram, Bulandshahr - UPPCB"
24-Jan-2020 - 00:00,61.13,45.65,16.16,46.04,20.36,71.69,1.84,190.87,84.73,1.24,9.69,15.65,30.19,846.82,48.77,0.0,3.28,299.47,77.51,25-Jan-2020 - 00:00,"Yamunapuram, Bulandshahr - UPPCB"
25-Jan-2020 - 00:00,74.67,80.17,49.67,57.15,40.43,56.25,1.93,303.66,190.59,2.08,19.68,14.76,28.13,889.0,55.77,0.0,1.27,263.78,63.93,26-Jan-2020 - 00:00,"Yamunapuram, Bulandshahr - UPPCB"
26-Jan-2020 - 00:00,71.23,81.53,53.68,60.99,25.16,1.49,1.44,343.04,262.58,2.51,10.3,11.71,31.12,889.0,68.38,0.0,1.05,284.81,7.38,27-Jan-2020 - 00:00,"Yamunapuram, Bulandshahr - UPPCB"
27-Jan-2020 - 00:00,38.85,31.99,13.78,58.01,23.42,72.71,1.76,232.0,161.14,1.93,6.54,17.21,30.73,797.74,56.49,0.0,2.25,138.87,55.08,28-Jan-2020 - 00:00,"Yamunapuram, Bulandshahr - UPPCB"
28-Jan-2020 - 00:00,22.77,18.03,7.16,49.52,17.58,64.67,1.93,167.47,139.49,1.49,4.31,16.52,30.39,746.0,63.5,0.05,3.49,155.9,45.3,29-Jan-2020 - 00:00,"Yamunapuram, Bulandshahr - UPPCB"
29-Jan-2020 - 00:00,38.56,33.44,15.91,42.59,14.14,44.09,1.91,118.41,74.12,1.09,7.24,16.02,29.94,746.0,63.93,0.0,2.36,234.33,57.09,30-Jan-2020 - 00:00,"Yamunapuram, Bulandshahr - UPPCB"
30-Jan-2020 - 00:00,45.17,34.26,12.45,36.52,23.3,54.48,1.4,134.95,78.49,1.0,9.25,15.07,29.57,746.0,61.51,0.0,3.9,283.32,71.84,31-Jan-2020 - 00:00,"Yamunapuram, Bulandshahr - UPPCB"
31-Jan-2020 - 00:00,54.59,35.73,8.78,42.36,23.44,71.44,1.42,177.18,102.71,1.38,26.29,14.96,28.99,746.0,56.23,0.0,3.12,266.21,80.6,01-Feb-2020 - 00:00,"Yamunapuram, Bulandshahr - UPPCB"
01-Feb-2020 - 00:00,38.64,36.81,21.84,43.4,29.56,70.77,1.28,182.29,123.66,1.49,7.39,14.27,28.05,746.0,61.65,0.0,2.41,253.0,66.28,02-Feb-2020 - 00:00,"Yamunapuram, Bulandshahr - UPPCB"
02-Feb-2020 - 00:00,37.89,44.5,29.79,42.34,21.23,56.96,1.48,173.77,118.68,1.64,13.28,12.92,29.32,745.9,66.97,0.0,2.96,283.63,99.5,03-Feb-2020 - 00:00,"Yamunapuram, Bulandshahr - UPPCB"
03-Feb-2020 - 00:00,64.67,53.52,23.41,50.03,25.94,49.62,1.53,232.59,149.12,1.79,12.69,15.23,29.89,746.0,56.41,0.0,1.45,275.84,63.81,04-Feb-2020 - 00:00,"Yamunapuram, Bulandshahr - UPPCB"
04-Feb-2020 - 00:00,67.84,80.3,54.12,57.34,38.78,51.16,1.91,324.26,213.83,2.51,12.63,15.09,30.34,746.0,56.79,0.0,0.75,179.06,70.73,05-Feb-2020 - 00:00,"Yamunapuram, Bulandshahr - UPPCB"
05-Feb-2020 - 00:00,55.27,49.97,25.86,53.47,32.99,74.26,1.34,261.6,159.97,1.66,11.81,15.7,30.8,746.0,55.51,0.0,3.08,273.86,87.68,06-Feb-2020 - 00:00,"Yamunapuram, Bulandshahr - UPPCB"
06-Feb-2020 - 00:00,46.37,39.66,18.12,45.31,20.12,32.1,1.05,207.28,142.36,1.66,18.72,13.18,28.95,745.94,65.25,0.0,1.78,231.08,89.33,07-Feb-2020 - 00:00,"Yamunapuram, Bulandshahr - UPPCB"
07-Feb-2020 - 00:00,44.83,27.94,5.36,46.26,34.22,90.07,1.47,188.75,105.58,1.03,5.96,16.15,29.6,746.0,51.75,0.0,3.02,257.3,46.08,08-Feb-2020 - 00:00,"Yamunapuram, Bulandshahr - UPPCB"
08-Feb-2020 - 00:00,57.82,47.82,20.88,49.34,32.22,66.64,1.25,226.79,135.66,1.58,14.49,15.15,30.07,746.0,59.07,0.0,2.92,275.59,68.27,09-Feb-2020 - 00:00,"Yamunapuram, Bulandshahr - UPPCB"
09-Feb-2020 - 00:00,69.88,58.01,25.56,47.96,35.54,39.51,2.0,237.02,147.84,1.63,11.0,15.64,30.32,745.47,56.9,0.0,1.89,281.97,71.11,10-Feb-2020 - 00:00,"Yamunapuram, Bulandshahr - UPPCB"
10-Feb-2020 - 00:00,80.18,80.08,45.94,49.55,33.62,37.34,1.86,284.15,174.46,1.83,9.41,15.73,29.57,745.03,56.21,0.0,1.78,227.88,68.16,11-Feb-2020 - 00:00,"Yamunapuram, Bulandshahr - UPPCB"
11-Feb-2020 - 00:00,77.86,77.65,44.48,50.27,33.51,41.4,2.0,280.05,175.48,1.7,12.94,16.02,27.77,745.27,54.68,0.0,1.21,272.85,70.24,12-Feb-2020 - 00:00,"Yamunapuram, Bulandshahr - UPPCB"
12-Feb-2020 - 00:00,66.64,56.09,25.86,49.6,33.01,57.33,1.96,307.1,176.08,1.83,19.58,16.91,27.7,745.58,56.95,0.0,2.29,278.41,65.04,13-Feb-2020 - 00:00,"Yamunapuram, Bulandshahr - UPPCB"
13-Feb-2020 - 00:00,50.85,32.94,7.13,49.67,31.71,55.07,1.36,225.74,92.65,1.08,9.77,19.23,29.57,745.82,52.43,0.0,3.9,284.2,75.08,14-Feb-2020 - 00:00,"Yamunapuram, Bulandshahr - UPPCB"
14-Feb-2020 - 00:00,34.14,20.83,3.32,43.24,20.29,84.87,0.86,188.99,57.6,0.68,6.78,18.64,30.14,745.66,50.12,0.0,5.67,279.97,78.82,15-Feb-2020 - 00:00,"Yamunapuram, Bulandshahr - UPPCB"
15-Feb-2020 - 00:00,59.66,41.79,12.23,42.81,26.15,62.08,1.57,199.49,86.79,1.09,9.3,17.77,30.79,745.41,48.76,0.0,3.17,298.33,79.79,16-Feb-2020 - 00:00,"Yamunapuram, Bulandshahr - UPPCB"
16-Feb-2020 - 00:00,78.53,65.35,28.86,52.61,43.97,88.8,1.39,232.8,124.58,1.63,12.97,18.15,31.94,745.53,50.98,0.0,2.81,269.77,79.04,17-Feb-2020 - 00:00,"Yamunapuram, Bulandshahr - UPPCB"
17-Feb-2020 - 00:00,86.07,64.42,22.81,50.88,45.84,63.63,1.34,251.2,138.19,1.78,17.98,18.94,32.08,745.46,49.32,0.0,2.95,273.96,77.99,18-Feb-2020 - 00:00,"Yamunapuram, Bulandshahr - UPPCB"
18-Feb-2020 - 00:00,77.64,57.0,19.62,49.02,34.04,49.73,1.13,249.98,118.31,2.18,14.99,18.67,32.06,745.28,46.09,0.0,2.6,252.17,78.71,19-Feb-2020 - 00:00,"Yamunapuram, Bulandshahr - UPPCB"
19-Feb-2020 - 00:00,43.88,51.15,41.18,59.57,37.54,104.21,1.48,242.41,123.89,2.04,7.4,19.02,32.08,745.47,49.41,0.0,3.06,139.31,70.66,20-Feb-2020 - 00:00,"Yamunapuram, Bulandshahr - UPPCB"
20-Feb-2020 - 00:00,16.83,9.71,1.47,59.42,31.52,107.67,1.0,235.35,128.39,1.56,3.11,19.73,32.04,745.84,54.22,0.0,5.38,148.04,72.46,21-Feb-2020 - 00:00,"Yamunapuram, Bulandshahr - UPPCB"
21-Feb-2020 - 00:00,9.13,5.4,1.44,47.52,14.56,93.91,0.67,60.03,41.76,0.53,1.2,17.46,31.01,745.84,62.96,0.18,6.01,159.47,37.71,22-Feb-2020 - 00:00,"Yamunapuram, Bulandshahr - UPPCB"
22-Feb-2020 - 00:00,32.09,53.39,48.81,43.21,15.03,69.65,1.77,111.03,51.81,1.0,5.65,18.99,30.81,745.67,59.32,0.0,2.52,135.85,69.58,23-Feb-2020 - 00:00,"Yamunapuram, Bulandshahr - UPPCB"
23-Feb-2020 - 00:00,37.86,35.05,18.22,40.64,25.02,58.54,1.8,158.66,94.61,1.27,5.06,19.99,27.89,746.0,56.65,0.0,1.56,221.43,71.81,24-Feb-2020 - 00:00,"Yamunapuram, Bulandshahr - UPPCB"
24-Feb-2020 - 00:00,40.02,28.04,8.18,43.08,24.41,60.68,1.44,112.41,57.09,0.93,4.08,19.19,28.22,745.94,56.32,0.0,2.64,276.93,84.7,25-Feb-2020 - 00:00,"Yamunapuram, Bulandshahr - UPPCB"
25-Feb-2020 - 00:00,66.36,57.29,26.92,53.04,32.42,60.81,2.32,252.81,161.49,1.88,11.91,19.33,30.52,745.84,62.27,0.0,1.53,162.25,67.57,26-Feb-2020 - 00:00,"Yamunapuram, Bulandshahr - UPPCB"
26-Feb-2020 - 00:00,29.02,18.96,4.9,41.85,32.88,81.09,1.59,174.28,112.59,1.71,5.34,19.7,28.69,745.92,59.95,0.0,2.0,129.08,70.23,27-Feb-2020 - 00:00,"Yamunapuram, Bulandshahr - UPPCB"
27-Feb-2020 - 00:00,20.34,12.0,1.94,44.5,31.14,88.66,1.42,149.57,97.57,1.47,3.37,19.96,28.18,745.86,60.49,0.0,2.72,106.8,69.71,28-Feb-2020 - 00:00,"Yamunapuram, Bulandshahr - UPPCB"
28-Feb-2020 - 00:00,14.23,8.6,2.15,44.61,30.81,81.9,1.35,155.49,103.42,1.36,3.07,19.78,28.65,745.9,61.69,0.0,4.3,147.96,70.49,29-Feb-2020 - 00:00,"Yamunapuram, Bulandshahr - UPPCB"
29-Feb-2020 - 00:00,12.64,7.98,2.87,40.86,32.28,78.06,1.32,117.58,73.06,1.14,2.19,19.63,29.82,745.93,61.73,0.3,5.11,156.9,64.93,01-Mar-2020 - 00:00,"Yamunapuram, Bulandshahr - UPPCB"
01-Mar-2020 - 00:00,28.89,34.91,26.1,37.48,20.78,74.07,1.08,77.9,36.04,0.8,3.92,20.01,29.5,745.82,59.89,0.0,1.66,211.32,86.46,02-Mar-2020 - 00:00,"Yamunapuram, Bulandshahr - UPPCB"
02-Mar-2020 - 00:00,53.07,69.34,50.46,43.87,29.37,65.75,1.16,189.71,96.09,1.56,6.96,21.01,30.29,745.53,58.76,0.0,0.82,253.99,85.7,03-Mar-2020 - 00:00,"Yamunapuram, Bulandshahr - UPPCB"
03-Mar-2020 - 00:00,41.82,40.96,22.91,40.71,41.35,75.83,1.67,214.57,112.95,1.47,9.19,21.4,27.24,745.77,52.83,0.0,1.45,245.41,82.19,04-Mar-2020 - 00:00,"Yamunapuram, Bulandshahr - UPPCB"
04-Mar-2020 - 00:00,21.99,20.84,11.12,47.62,35.02,92.22,1.5,161.43,78.98,1.1,5.2,20.71,28.9,745.79,53.82,0.15,2.59,119.52,76.16,05-Mar-2020 - 00:00,"Yamunapuram, Bulandshahr - UPPCB"
05-Mar-2020 - 00:00,9.71,8.12,3.5,43.56,23.2,80.84,0.92,73.71,37.34,0.65,2.54,19.59,31.02,745.61,58.73,0.11,4.53,158.33,84.0,06-Mar-2020 - 00:00,"Yamunapuram, Bulandshahr - UPPCB"
06-Mar-2020 - 00:00,9.98,6.58,2.51,28.2,15.22,89.93,1.07,27.08,16.64,0.3,1.44,17.16,27.61,745.73,66.43,0.84,6.22,199.31,59.27,07-Mar-2020 - 00:00,"Yamunapuram, Bulandshahr - UPPCB"
07-Mar-2020 - 00:00,20.44,18.21,8.9,27.72,14.88,62.16,1.27,67.09,35.52,0.63,3.36,17.42,28.93,745.61,66.49,0.0,2.84,129.22,57.92,08-Mar-2020 - 00:00,"Yamunapuram, Bulandshahr - UPPCB"
08-Mar-2020 - 00:00,45.52,50.81,32.6,26.63,16.89,46.43,1.48,131.11,66.11,1.22,9.17,17.64,27.91,745.35,64.24,0.0,2.08,250.08,79.09,09-Mar-2020 - 00:00,"Yamunapuram, Bulandshahr - UPPCB"
09-Mar-2020 - 00:00,43.56,36.17,15.89,27.99,27.34,52.6,1.35,176.27,64.9,0.87,7.55,18.56,29.46,745.35,54.79,0.0,4.0,255.48,94.12,10-Mar-2020 - 00:00,"Yamunapuram, Bulandshahr - UPPCB"
10-Mar-2020 - 00:00,36.3,31.5,14.89,31.98,28.05,71.11,1.29,192.49,101.22,1.28,6.66,19.26,30.46,745.2,52.38,0.0,2.01,216.03,80.49,11-Mar-2020 - 00:00,"Yamunapuram, Bulandshahr - UPPCB"
11-Mar-2020 - 00:00,15.88,11.17,3.23,34.9,28.44,90.96,0.88,119.9,64.92,1.07,1.85,20.56,30.1,745.36,55.59,0.0,4.95,100.09,82.78,12-Mar-2020 - 00:00,"Yamunapuram, Bulandshahr - UPPCB"
12-Mar-2020 - 00:00,19.3,13.02,3.27,37.55,19.06,68.53,1.44,150.25,66.29,0.86,2.76,21.55,29.39,745.04,56.46,0.0,2.72,118.89,82.3,13-Mar-2020 - 00:00,"Yamunapuram, Bulandshahr - UPPCB"
13-Mar-2020 - 00:00,11.47,9.14,3.89,36.18,21.29,85.49,0.84,113.76,46.39,0.69,2.01,21.19,30.76,745.0,54.72,0.0,3.64,141.94,86.41,14-Mar-2020 - 00:00,"Yamunapuram, Bulandshahr - UPPCB"
14-Mar-2020 - 00:00,18.25,11.29,3.2,30.25,17.46,64.25,1.27,60.39,29.52,0.44,1.89,18.63,28.97,745.22,61.95,0.02,3.37,129.95,72.99,15-Mar-2020 - 00:00,"Yamunapuram, Bulandshahr - UPPCB"
15-Mar-2020 - 00:00,33.28,29.9,14.88,28.16,20.09,63.33,1.04,89.45,36.79,0.72,2.39,18.76,28.82,745.16,57.33,0.0,1.61,151.34,82.04,16-Mar-2020 - 00:00,"Yamunapuram, Bulandshahr - UPPCB"
16-Mar-2020 - 00:00,51.63,37.76,12.54,33.97,35.2,54.36,1.28,178.55,79.61,1.03,5.64,19.58,29.94,745.08,57.77,0.0,2.26,235.81,81.32,17-Mar-2020 - 00:00,"Yamunapuram, Bulandshahr - UPPCB"
17-Mar-2020 - 00:00,41.08,30.96,10.99,31.16,40.74,78.72,1.37,163.76,65.16,0.89,7.68,20.65,27.15,745.42,54.25,0.0,3.33,226.94,98.4,18-Mar-2020 - 00:00,"Yamunapuram, Bulandshahr - UPPCB"
18-Mar-2020 - 00:00,44.97,30.54,8.02,36.07,51.74,59.64,1.45,184.56,82.8,1.25,8.62,21.74,28.83,745.29,53.04,0.0,3.15,256.47,91.34,19-Mar-2020 - 00:00,"Yamunapuram, Bulandshahr - UPPCB"
19-Mar-2020 - 00:00,37.28,27.68,9.74,36.39,64.71,93.45,1.64,209.52,108.41,1.44,9.63,22.58,29.08,745.06,53.88,0.0,1.95,246.66,88.29,20-Mar-2020 - 00:00,"Yamunapuram, Bulandshahr - UPPCB"
20-Mar-2020 - 00:00,43.26,49.61,32.58,39.41,38.84,84.8,1.59,244.79,109.31,1.56,8.04,23.2,28.01,744.44,52.28,0.0,1.7,152.24,80.06,21-Mar-2020 - 00:00,"Yamunapuram, Bulandshahr - UPPCB"
21-Mar-2020 - 00:00,49.93,37.41,13.21,41.12,30.62,66.23,1.08,159.33,69.03,1.13,4.94,23.1,28.08,674.63,50.42,0.0,1.47,194.12,89.59,22-Mar-2020 - 00:00,"Yamunapuram, Bulandshahr - UPPCB"
22-Mar-2020 - 00:00,14.89,9.28,1.67,41.25,39.85,109.59,2.05,140.02,83.54,1.18,3.41,23.51,29.95,620.0,49.38,0.0,3.03,203.01,86.02,23-Mar-2020 - 00:00,"Yamunapuram, Bulandshahr - UPPCB"
23-Mar-2020 - 00:00,28.01,19.05,5.12,35.17,25.08,88.83,1.53,108.26,55.94,0.82,2.14,23.95,30.27,695.98,47.62,0.0,1.34,240.68,84.61,24-Mar-2020 - 00:00,"Yamunapuram, Bulandshahr - UPPCB"
24-Mar-2020 - 00:00,18.34,12.39,3.11,38.56,37.52,90.73,1.4,164.46,75.71,1.18,2.3,23.73,28.61,744.0,47.83,0.0,2.35,178.29,77.53,25-Mar-2020 - 00:00,"Yamunapuram, Bulandshahr - UPPCB"
25-Mar-2020 - 00:00,12.99,9.78,3.4,37.92,26.66,76.86,1.6,79.86,39.78,0.76,1.9,23.88,30.56,744.0,50.8,0.0,2.57,238.48,93.36,26-Mar-2020 - 00:00,"Yamunapuram, Bulandshahr - UPPCB"
26-Mar-2020 - 00:00,9.35,7.33,2.76,33.04,23.35,47.69,1.89,94.01,42.98,0.65,1.61,22.15,30.04,744.0,58.12,0.0,2.78,259.34,38.98,27-Mar-2020 - 00:00,"Yamunapuram, Bulandshahr - UPPCB"
27-Mar-2020 - 00:00,7.26,6.54,3.29,37.84,18.84,44.36,1.46,56.27,27.04,0.46,1.16,21.19,27.59,744.0,59.62,0.01,3.0,203.38,60.63,28-Mar-2020 - 00:00,"Yamunapuram, Bulandshahr - UPPCB"
28-Mar-2020 - 00:00,9.61,6.84,2.13,34.12,21.15,62.83,1.32,38.69,20.92,0.46,1.68,21.35,29.05,744.0,58.55,0.0,3.75,243.55,97.22,29-Mar-2020 - 00:00,"Yamunapuram, Bulandshahr - UPPCB"
29-Mar-2020 - 00:00,15.57,10.96,3.18,29.34,21.96,75.39,1.05,70.45,22.49,0.4,0.87,22.33,31.59,744.0,50.17,0.0,5.41,261.11,111.75,30-Mar-2020 - 00:00,"Yamunapuram, Bulandshahr - UPPCB"
30-Mar-2020 - 00:00,15.76,10.72,2.75,28.15,24.68,92.69,0.85,70.35,32.5,0.51,1.19,22.34,31.77,744.0,48.76,0.0,4.17,260.1,112.74,31-Mar-2020 - 00:00,"Yamunapuram, Bulandshahr - UPPCB"
31-Mar-2020 - 00:00,15.52,10.47,2.61,30.0,22.88,95.68,0.91,82.16,37.13,0.6,1.43,23.49,31.68,744.0,46.97,0.0,3.61,260.85,106.38,01-Apr-2020 - 00:00,"Yamunapuram, Bulandshahr - UPPCB"
01-Apr-2020 - 00:00,12.41,8.78,2.56,33.96,16.63,91.96,1.01,85.52,37.5,0.7,1.08,24.41,31.63,744.0,46.69,0.0,3.05,225.91,102.49,02-Apr-2020 - 00:00,"Yamunapuram, Bulandshahr - UPPCB"
02-Apr-2020 - 00:00,6.62,5.68,2.51,25.76,21.34,89.6,0.92,73.07,25.95,0.4,0.79,23.43,28.94,744.0,46.35,0.0,4.96,257.6,111.73,03-Apr-2020 - 00:00,"Yamunapuram, Bulandshahr - UPPCB"
03-Apr-2020 - 00:00,11.6,8.36,2.58,22.69,31.83,102.62,1.08,81.96,33.15,0.56,1.0,22.55,27.98,744.0,40.98,0.0,3.96,263.84,116.82,04-Apr-2020 - 00:00,"Yamunapuram, Bulandshahr - UPPCB"
04-Apr-2020 - 00:00,17.09,11.32,2.62,27.74,28.49,97.39,1.19,103.44,51.28,0.95,1.93,23.68,29.86,744.0,40.95,0.0,3.11,261.19,114.85,05-Apr-2020 - 00:00,"Yamunapuram, Bulandshahr - UPPCB"
05-Apr-2020 - 00:00,15.52,10.72,2.9,31.95,35.91,106.32,1.28,135.27,74.52,1.45,1.95,25.11,29.39,801.12,41.05,0.0,2.73,223.06,107.25,06-Apr-2020 - 00:00,"Yamunapuram, Bulandshahr - UPPCB"
06-Apr-2020 - 00:00,13.86,8.91,1.9,34.98,28.3,90.87,1.5,142.14,75.86,1.54,1.65,25.9,29.74,787.2,40.85,0.0,3.16,229.93,86.98,07-Apr-2020 - 00:00,"Yamunapuram, Bulandshahr - UPPCB"
07-Apr-2020 - 00:00,10.76,7.88,2.51,34.21,20.9,90.79,1.05,121.12,37.09,0.76,0.88,25.18,30.51,741.0,43.18,0.0,5.01,245.48,118.99,08-Apr-2020 - 00:00,"Yamunapuram, Bulandshahr - UPPCB"
08-Apr-2020 - 00:00,13.83,9.67,2.68,29.65,27.49,89.91,1.13,122.96,39.55,0.86,1.34,25.44,28.74,741.0,39.16,0.0,4.34,150.01,118.96,09-Apr-2020 - 00:00,"Yamunapuram, Bulandshahr - UPPCB"
09-Apr-2020 - 00:00,14.65,10.27,3.12,28.57,25.04,80.24,1.14,116.34,56.55,0.92,1.49,24.54,27.6,741.0,40.09,0.0,2.86,209.42,107.39,10-Apr-2020 - 00:00,"Yamunapuram, Bulandshahr - UPPCB"
10-Apr-2020 - 00:00,22.03,15.99,5.05,32.21,26.52,55.84,1.51,163.99,87.67,1.3,3.82,25.58,28.07,741.0,39.62,0.0,1.98,267.75,115.32,11-Apr-2020 - 00:00,"Yamunapuram, Bulandshahr - UPPCB"
11-Apr-2020 - 00:00,23.45,16.15,4.63,43.09,27.22,64.69,1.44,188.38,85.73,1.42,2.64,28.08,28.09,741.0,37.17,0.0,1.73,221.61,104.99,12-Apr-2020 - 00:00,"Yamunapuram, Bulandshahr - UPPCB"
12-Apr-2020 - 00:00,21.82,13.47,2.15,42.41,31.43,61.43,1.29,144.3,40.21,0.68,1.84,27.67,29.77,741.0,37.31,0.0,3.0,278.31,118.39,13-Apr-2020 - 00:00,"Yamunapuram, Bulandshahr - UPPCB"
13-Apr-2020 - 00:00,30.09,18.68,3.16,45.02,25.31,60.84,1.56,183.9,59.9,0.92,3.27,28.8,30.59,741.0,36.34,0.0,2.54,276.21,112.25,14-Apr-2020 - 00:00,"Yamunapuram, Bulandshahr - UPPCB"
14-Apr-2020 - 00:00,24.19,14.95,2.45,48.08,30.58,60.33,1.38,227.5,83.99,1.57,3.89,30.22,29.17,741.0,35.67,0.0,1.11,171.01,90.71,15-Apr-2020 - 00:00,"Yamunapuram, Bulandshahr - UPPCB"
15-Apr-2020 - 00:00,18.38,11.38,1.83,48.3,26.01,73.46,1.41,307.94,88.34,1.45,2.44,30.17,29.89,741.0,35.41,0.0,2.54,160.81,96.93,16-Apr-2020 - 00:00,"Yamunapuram, Bulandshahr - UPPCB"
16-Apr-2020 - 00:00,22.77,13.76,1.92,48.03,41.12,73.54,1.42,325.92,101.35,1.91,2.86,29.52,30.61,741.0,36.66,0.0,2.44,213.0,99.23,17-Apr-2020 - 00:00,"Yamunapuram, Bulandshahr - UPPCB"
17-Apr-2020 - 00:00,9.4,6.78,2.06,38.46,22.61,76.45,0.91,173.7,39.74,0.72,1.25,28.88,28.63,741.0,34.54,0.0,3.5,222.89,102.64,18-Apr-2020 - 00:00,"Yamunapuram, Bulandshahr - UPPCB"
18-Apr-2020 - 00:00,5.6,4.15,1.43,37.02,13.41,78.24,0.96,156.48,26.64,0.36,0.61,27.65,29.03,741.0,39.83,0.29,3.62,162.79,95.82,19-Apr-2020 - 00:00,"Yamunapuram, Bulandshahr - UPPCB"
19-Apr-2020 - 00:00,14.23,9.47,2.22,37.02,15.15,69.17,1.03,84.68,35.32,0.62,1.8,26.56,29.99,741.48,41.55,0.04,2.49,213.0,109.68,20-Apr-2020 - 00:00,"Yamunapuram, Bulandshahr - UPPCB"
20-Apr-2020 - 00:00,23.31,15.52,3.69,42.25,22.85,38.06,1.22,207.76,73.98,1.19,2.6,23.98,30.07,744.0,46.6,0.0,1.32,166.32,30.69,21-Apr-2020 - 00:00,"Yamunapuram, Bulandshahr - UPPCB"
21-Apr-2020 - 00:00,21.75,14.64,3.66,40.94,13.86,73.29,0.92,150.46,51.11,0.8,1.6,25.84,30.06,744.0,43.09,0.0,1.48,228.43,112.68,22-Apr-2020 - 00:00,"Yamunapuram, Bulandshahr - UPPCB"
22-Apr-2020 - 00:00,21.29,14.72,4.04,38.71,23.13,90.48,1.16,176.5,69.94,1.32,2.59,28.12,29.73,744.0,35.38,0.0,1.15,196.81,127.74,23-Apr-2020 - 00:00,"Yamunapuram, Bulandshahr - UPPCB"
23-Apr-2020 - 00:00,17.22,10.99,2.14,45.18,15.62,63.24,1.18,165.57,65.83,1.2,1.85,25.98,28.82,744.0,45.78,0.23,1.55,111.43,72.15,24-Apr-2020 - 00:00,"Yamunapuram, Bulandshahr - UPPCB"
24-Apr-2020 - 00:00,17.57,11.33,2.31,49.22,30.41,84.7,1.05,146.24,71.02,1.33,1.67,27.42,28.63,744.0,42.44,0.0,0.88,86.08,117.57,25-Apr-2020 - 00:00,"Yamunapuram, Bulandshahr - UPPCB"
25-Apr-2020 - 00:00,17.13,10.89,2.08,47.73,16.01,81.77,1.0,173.52,50.19,0.99,4.6,27.59,29.13,744.0,40.1,0.0,1.59,117.24,98.99,26-Apr-2020 - 00:00,"Yamunapuram, Bulandshahr - UPPCB"
26-Apr-2020 - 00:00,11.68,7.96,2.05,45.95,18.48,65.17,1.08,188.54,59.46,1.01,1.27,23.59,28.8,744.0,54.57,0.19,3.84,97.1,61.12,27-Apr-2020 - 00:00,"Yamunapuram, Bulandshahr - UPPCB"
27-Apr-2020 - 00:00,7.15,5.01,1.48,42.49,9.35,83.8,0.84,53.23,26.63,0.44,0.47,24.53,28.4,744.0,54.63,0.0,4.53,96.6,159.3,28-Apr-2020 - 00:00,"Yamunapuram, Bulandshahr - UPPCB"
28-Apr-2020 - 00:00,9.8,6.37,1.41,40.27,10.54,85.32,0.85,92.57,33.89,0.41,0.91,28.51,29.2,744.0,43.57,0.0,1.13,163.76,146.33,29-Apr-2020 - 00:00,"Yamunapuram, Bulandshahr - UPPCB"
29-Apr-2020 - 00:00,12.61,8.55,2.13,42.89,13.69,75.25,0.94,128.98,53.72,1.08,1.78,27.74,29.65,744.0,47.79,0.0,1.52,93.95,111.58,30-Apr-2020 - 00:00,"Yamunapuram, Bulandshahr - UPPCB"
30-Apr-2020 - 00:00,15.21,9.84,2.03,45.95,13.01,77.33,1.06,161.66,56.86,0.87,1.2,28.99,28.76,744.0,45.71,0.0,1.4,106.45,108.72,01-May-2020 - 00:00,"Yamunapuram, Bulandshahr - UPPCB"
01-May-2020 - 00:00,10.56,7.25,1.88,52.37,13.22,81.77,0.88,165.56,51.7,0.65,0.78,27.96,30.53,744.0,49.56,0.0,3.31,113.07,110.44,02-May-2020 - 00:00,"Yamunapuram, Bulandshahr - UPPCB"
02-May-2020 - 00:00,10.83,7.45,1.96,44.18,11.8,77.38,0.78,140.62,34.05,0.48,0.71,27.37,30.99,744.0,49.03,0.0,4.73,110.33,111.8,03-May-2020 - 00:00,"Yamunapuram, Bulandshahr - UPPCB"
03-May-2020 - 00:00,13.52,8.8,1.86,40.74,11.32,56.4,0.85,133.59,44.54,0.73,1.12,25.93,30.45,744.0,54.27,0.0,2.9,129.71,60.89,04-May-2020 - 00:00,"Yamunapuram, Bulandshahr - UPPCB"
04-May-2020 - 00:00,16.47,10.87,2.47,37.31,7.81,67.68,1.04,82.68,33.43,0.79,9.11,26.46,32.44,744.0,51.15,0.0,1.12,164.62,116.73,05-May-2020 - 00:00,"Yamunapuram, Bulandshahr - UPPCB"
05-May-2020 - 00:00,21.16,14.08,3.35,35.41,12.67,77.42,1.02,140.52,53.5,0.96,1.99,28.71,31.39,744.0,43.28,0.0,1.69,193.61,118.39,06-May-2020 - 00:00,"Yamunapuram, Bulandshahr - UPPCB"
06-May-2020 - 00:00,12.3,8.29,2.02,33.74,13.28,87.02,1.03,155.65,45.42,0.77,1.26,27.49,29.1,744.0,45.47,0.0,2.15,132.34,94.72,07-May-2020 - 00:00,"Yamunapuram, Bulandshahr - UPPCB"
07-May-2020 - 00:00,11.41,7.59,1.77,31.87,9.14,96.99,0.7,83.3,24.67,0.44,0.96,27.2,30.51,744.0,43.21,0.0,2.93,130.55,127.24,08-May-2020 - 00:00,"Yamunapuram, Bulandshahr - UPPCB"
08-May-2020 - 00:00,15.21,9.83,2.01,34.04,12.58,95.88,1.02,116.49,46.27,0.86,1.19,29.03,30.35,744.0,43.91,0.0,2.03,133.5,118.48,09-May-2020 - 00:00,"Yamunapuram, Bulandshahr - UPPCB"
09-May-2020 - 00:00,11.48,7.78,1.95,41.27,12.44,98.43,1.02,153.41,61.02,0.9,1.12,29.29,28.73,744.0,46.01,0.0,2.43,92.98,109.22,10-May-2020 - 00:00,"Yamunapuram, Bulandshahr - UPPCB"
10-May-2020 - 00:00,11.64,8.0,2.1,45.9,11.84,63.83,0.9,106.77,49.05,0.7,1.13,25.07,29.05,744.0,53.7,0.02,3.51,116.76,53.53,11-May-2020 - 00:00,"Yamunapuram, Bulandshahr - UPPCB"
11-May-2020 - 00:00,12.58,8.48,2.08,39.11,11.85,71.97,1.0,83.67,40.99,0.66,1.22,25.52,28.38,743.79,53.35,0.0,2.31,106.9,104.97,12-May-2020 - 00:00,"Yamunapuram, Bulandshahr - UPPCB"
12-May-2020 - 00:00,12.16,8.3,2.14,46.59,13.37,85.62,1.03,96.42,44.21,0.6,1.17,27.6,29.87,743.3,48.19,0.0,1.98,120.44,107.97,13-May-2020 - 00:00,"Yamunapuram, Bulandshahr - UPPCB"
13-May-2020 - 00:00,16.75,10.7,2.08,48.73,21.53,74.28,0.95,156.74,66.83,0.89,2.18,27.78,30.06,743.35,49.48,0.0,0.82,165.34,73.95,14-May-2020 - 00:00,"Yamunapuram, Bulandshahr - UPPCB"
14-May-2020 - 00:00,20.28,14.3,4.21,43.71,16.48,73.09,0.83,174.85,61.41,0.79,2.0,28.71,30.19,743.74,44.38,0.0,1.5,180.31,111.32,15-May-2020 - 00:00,"Yamunapuram, Bulandshahr - UPPCB"
15-May-2020 - 00:00,25.16,15.55,2.54,35.19,15.82,77.95,0.76,134.2,48.41,0.57,2.27,29.14,30.49,743.71,39.55,0.0,2.82,238.54,124.49,16-May-2020 - 00:00,"Yamunapuram, Bulandshahr - UPPCB"
16-May-2020 - 00:00,43.16,27.39,5.33,32.83,23.33,87.45,0.99,173.21,72.86,0.82,5.59,29.67,30.5,743.94,35.51,0.0,2.64,248.59,127.89,17-May-2020 - 00:00,"Yamunapuram, Bulandshahr - UPPCB"
17-May-2020 - 00:00,41.77,27.7,6.62,33.46,22.01,86.02,0.95,201.26,80.06,1.0,4.96,30.88,30.6,743.88,32.77,0.0,1.3,258.02,110.3,18-May-2020 - 00:00,"Yamunapuram, Bulandshahr - UPPCB"
18-May-2020 - 00:00,46.93,32.61,9.28,36.84,29.71,89.24,1.21,232.42,98.69,1.47,5.08,30.77,31.2,743.91,32.48,0.0,1.38,229.02,117.45,19-May-2020 - 00:00,"Yamunapuram, Bulandshahr - UPPCB"
19-May-2020 - 00:00,39.67,29.87,10.7,34.46,24.23,82.01,1.4,229.05,96.88,1.47,4.56,30.73,30.44,743.95,31.02,0.0,1.13,206.97,110.73,20-May-2020 - 00:00,"Yamunapuram, Bulandshahr - UPPCB"
20-May-2020 - 00:00,41.02,26.16,5.37,33.29,25.66,79.3,0.99,201.19,72.57,1.12,4.81,29.84,30.15,743.91,30.5,0.0,2.19,240.27,126.07,21-May-2020 - 00:00,"Yamunapuram, Bulandshahr - UPPCB"
21-May-2020 - 00:00,41.21,28.0,7.35,37.04,17.83,79.48,1.14,255.69,68.88,0.94,6.51,31.09,29.05,743.97,29.91,0.0,2.65,265.43,126.68,22-May-2020 - 00:00,"Yamunapuram, Bulandshahr - UPPCB"
22-May-2020 - 00:00,43.6,32.06,10.79,41.25,24.2,92.0,1.11,257.54,90.04,1.13,5.81,32.79,30.55,743.98,28.67,0.0,1.02,215.14,120.31,23-May-2020 - 00:00,"Yamunapuram, Bulandshahr - UPPCB"
23-May-2020 - 00:00,33.93,21.79,4.48,59.02,26.23,99.85,1.52,306.39,116.46,2.11,4.24,32.75,30.64,743.88,35.46,0.0,0.9,125.07,102.85,24-May-2020 - 00:00,"Yamunapuram, Bulandshahr - UPPCB"
24-May-2020 - 00:00,37.49,24.7,5.72,63.76,17.65,67.28,1.32,276.2,87.97,1.49,3.82,33.26,32.27,743.98,37.27,0.0,1.44,211.01,115.88,25-May-2020 - 00:00,"Yamunapuram, Bulandshahr - UPPCB"
25-May-2020 - 00:00,40.44,26.02,5.43,52.08,19.98,73.32,1.01,226.3,64.73,1.18,4.51,33.36,33.71,744.0,30.77,0.0,2.16,269.68,123.34,26-May-2020 - 00:00,"Yamunapuram, Bulandshahr - UPPCB"
26-May-2020 - 00:00,40.09,27.54,7.51,46.66,20.27,70.13,1.01,255.88,72.62,1.13,5.27,34.16,34.12,744.0,29.17,0.0,2.27,238.98,125.23,27-May-2020 - 00:00,"Yamunapuram, Bulandshahr - UPPCB"
27-May-2020 - 00:00,21.88,14.09,2.88,48.35,18.72,111.26,0.87,201.95,57.09,0.86,2.28,33.08,33.75,744.0,33.11,0.0,1.85,152.27,116.74,28-May-2020 - 00:00,"Yamunapuram, Bulandshahr - UPPCB"
28-May-2020 - 00:00,10.74,7.8,2.45,45.28,7.19,82.88,0.77,338.41,40.78,0.39,0.73,29.48,32.74,744.0,43.53,0.02,6.11,101.14,111.44,29-May-2020 - 00:00,"Yamunapuram, Bulandshahr - UPPCB"
29-May-2020 - 00:00,11.92,8.65,2.71,40.98,4.49,74.88,0.75,73.8,22.32,0.29,0.63,26.62,30.46,743.96,52.37,0.01,5.04,106.99,105.32,30-May-2020 - 00:00,"Yamunapuram, Bulandshahr - UPPCB"
30-May-2020 - 00:00,11.45,8.67,3.0,40.83,3.58,70.09,0.6,46.25,19.38,0.28,0.77,25.61,30.31,744.0,56.15,0.0,2.51,104.64,113.36,31-May-2020 - 00:00,"Yamunapuram, Bulandshahr - UPPCB"
31-May-2020 - 00:00,11.57,8.53,2.78,43.25,3.81,57.05,0.6,43.16,19.54,0.4,3.75,24.46,31.23,743.66,62.34,0.0,2.71,137.33,112.06,01-Jun-2020 - 00:00,"Yamunapuram, Bulandshahr - UPPCB"
01-Jun-2020 - 00:00,22.49,14.55,3.05,43.19,6.71,63.93,0.79,85.15,35.94,0.65,4.53,26.36,31.34,743.0,57.2,0.0,0.6,168.71,119.06,02-Jun-2020 - 00:00,"Yamunapuram, Bulandshahr - UPPCB"
02-Jun-2020 - 00:00,22.54,14.34,2.77,41.65,7.84,74.58,0.82,118.17,43.49,0.64,1.82,28.15,32.02,743.09,50.17,0.0,1.37,182.9,116.69,03-Jun-2020 - 00:00,"Yamunapuram, Bulandshahr - UPPCB"
03-Jun-2020 - 00:00,27.45,17.06,2.88,42.83,15.5,85.65,1.44,153.48,55.16,0.8,3.87,29.23,32.09,743.18,46.85,0.0,0.63,174.22,100.41,04-Jun-2020 - 00:00,"Yamunapuram, Bulandshahr - UPPCB"
04-Jun-2020 - 00:00,23.97,16.74,4.79,49.22,17.82,55.28,1.39,168.72,61.01,1.19,4.48,27.37,32.12,743.0,52.3,0.0,1.27,97.2,56.34,05-Jun-2020 - 00:00,"Yamunapuram, Bulandshahr - UPPCB"
05-Jun-2020 - 00:00,11.91,8.52,2.57,48.09,8.88,74.54,0.97,94.57,38.23,0.62,1.38,27.06,32.1,743.0,52.43,0.0,1.76,95.17,103.62,06-Jun-2020 - 00:00,"Yamunapuram, Bulandshahr - UPPCB"
06-Jun-2020 - 00:00,13.91,9.58,2.56,45.93,14.64,77.24,0.95,103.06,41.38,0.64,1.75,27.91,32.2,743.0,51.56,0.0,0.96,97.86,106.36,07-Jun-2020 - 00:00,"Yamunapuram, Bulandshahr - UPPCB"
07-Jun-2020 - 00:00,19.4,12.85,2.99,41.06,14.0,72.52,1.07,138.89,52.06,1.02,1.87,28.57,32.06,743.0,49.23,0.0,1.36,153.89,118.84,08-Jun-2020 - 00:00,"Yamunapuram, Bulandshahr - UPPCB"
08-Jun-2020 - 00:00,21.43,13.88,2.94,41.57,18.52,86.92,1.05,135.0,53.53,0.77,2.41,29.64,32.07,743.0,46.93,0.0,0.94,157.49,112.09,09-Jun-2020 - 00:00,"Yamunapuram, Bulandshahr - UPPCB"
09-Jun-2020 - 00:00,31.63,28.08,13.75,42.72,17.04,85.88,1.17,168.64,62.35,0.86,3.97,31.3,32.19,743.0,44.21,0.0,0.92,207.36,115.08,10-Jun-2020 - 00:00,"Yamunapuram, Bulandshahr - UPPCB"
10-Jun-2020 - 00:00,35.4,29.91,13.51,47.18,17.09,84.99,1.12,209.19,69.19,0.97,5.03,31.62,32.5,743.0,44.22,0.0,0.88,164.46,107.55,11-Jun-2020 - 00:00,"Yamunapuram, Bulandshahr - UPPCB"
11-Jun-2020 - 00:00,20.2,13.51,3.29,46.74,25.33,85.68,1.38,191.26,65.27,0.93,3.85,31.49,31.73,743.0,46.56,0.0,0.62,155.51,104.82,12-Jun-2020 - 00:00,"Yamunapuram, Bulandshahr - UPPCB"
12-Jun-2020 - 00:00,13.86,9.6,2.63,49.79,15.24,73.92,1.61,169.68,63.66,1.0,2.85,31.79,32.5,743.0,47.38,0.0,1.02,93.38,107.68,13-Jun-2020 - 00:00,"Yamunapuram, Bulandshahr - UPPCB"
13-Jun-2020 - 00:00,12.72,9.09,2.74,46.8,14.36,61.3,1.46,177.19,59.15,1.04,2.41,30.24,32.12,743.0,51.31,0.0,1.91,99.82,83.86,14-Jun-2020 - 00:00,"Yamunapuram, Bulandshahr - UPPCB"
14-Jun-2020 - 00:00,8.2,6.79,3.09,39.17,13.15,50.83,1.38,142.6,49.98,0.76,2.08,30.8,31.2,743.0,51.08,0.0,1.03,101.81,95.56,15-Jun-2020 - 00:00,"Yamunapuram, Bulandshahr - UPPCB"
15-Jun-2020 - 00:00,10.85,7.96,2.58,51.08,12.26,76.49,1.14,145.16,45.67,0.8,1.71,32.16,31.96,743.0,45.91,0.0,0.84,119.78,99.12,16-Jun-2020 - 00:00,"Yamunapuram, Bulandshahr - UPPCB"
16-Jun-2020 - 00:00,9.33,7.06,2.46,38.49,12.05,70.27,1.37,125.14,35.88,0.64,1.97,31.92,31.22,743.0,45.58,0.0,1.47,82.55,118.7,17-Jun-2020 - 00:00,"Yamunapuram, Bulandshahr - UPPCB"
17-Jun-2020 - 00:00,7.24,5.92,2.44,38.77,8.04,50.2,1.12,104.53,28.71,0.49,2.15,30.6,31.23,743.0,50.43,0.0,2.63,79.45,116.32,18-Jun-2020 - 00:00,"Yamunapuram, Bulandshahr - UPPCB"
18-Jun-2020 - 00:00,10.33,7.67,2.56,42.49,12.02,62.78,1.1,125.96,39.85,0.65,3.44,31.4,32.29,743.0,49.68,0.0,1.54,114.45,118.69,19-Jun-2020 - 00:00,"Yamunapuram, Bulandshahr - UPPCB"
19-Jun-2020 - 00:00,10.13,7.6,2.6,38.95,9.74,50.73,1.07,152.98,39.64,0.57,2.92,30.7,31.75,743.0,52.55,0.0,2.16,92.3,91.57,20-Jun-2020 - 00:00,"Yamunapuram, Bulandshahr - UPPCB"
20-Jun-2020 - 00:00,9.73,7.54,2.93,38.51,11.92,70.99,0.69,146.14,35.55,0.47,2.72,30.15,32.26,743.0,49.35,0.0,1.3,129.2,89.15,21-Jun-2020 - 00:00,"Yamunapuram, Bulandshahr - UPPCB"
21-Jun-2020 - 00:00,7.51,6.09,2.47,43.58,5.44,72.21,0.4,84.68,34.76,0.53,1.45,28.6,32.09,743.0,56.12,0.0,1.8,79.7,96.13,22-Jun-2020 - 00:00,"Yamunapuram, Bulandshahr - UPPCB"
22-Jun-2020 - 00:00,6.72,4.95,1.89,44.26,7.52,110.79,0.56,94.23,32.25,0.39,1.35,31.77,31.48,743.0,45.04,0.0,1.22,158.62,148.42,23-Jun-2020 - 00:00,"Yamunapuram, Bulandshahr - UPPCB"
23-Jun-2020 - 00:00,4.94,4.45,2.12,48.52,9.11,55.59,0.84,72.62,26.13,0.43,1.16,29.01,33.67,740.47,55.84,0.0,3.18,90.29,105.11,24-Jun-2020 - 00:00,"Yamunapuram, Bulandshahr - UPPCB"
24-Jun-2020 - 00:00,9.14,8.33,4.12,40.77,6.35,40.4,0.94,66.32,30.57,0.5,1.43,27.52,32.27,738.0,63.89,0.0,1.41,99.57,59.66,25-Jun-2020 - 00:00,"Yamunapuram, Bulandshahr - UPPCB"
25-Jun-2020 - 00:00,10.44,9.06,4.2,44.22,11.07,60.84,1.01,125.45,46.96,0.67,2.93,29.41,32.27,737.6,57.97,0.0,0.92,195.01,107.98,26-Jun-2020 - 00:00,"Yamunapuram, Bulandshahr - UPPCB"
26-Jun-2020 - 00:00,12.85,9.3,2.88,48.14,9.66,58.37,1.12,153.95,77.39,0.79,3.04,29.49,32.97,737.0,57.26,0.0,1.04,203.07,101.55,27-Jun-2020 - 00:00,"Yamunapuram, Bulandshahr - UPPCB"
27-Jun-2020 - 00:00,19.22,16.33,7.27,45.7,11.02,19.62,0.72,137.77,37.35,0.53,2.63,28.82,32.62,737.0,58.42,0.0,1.27,246.02,83.27,28-Jun-2020 - 00:00,"Yamunapuram, Bulandshahr - UPPCB"
28-Jun-2020 - 00:00,14.89,11.8,4.65,44.26,7.77,42.65,0.84,330.77,43.71,0.55,2.41,32.56,33.12,738.0,47.13,0.0,1.75,238.02,104.98,29-Jun-2020 - 00:00,"Yamunapuram, Bulandshahr - UPPCB"
29-Jun-2020 - 00:00,9.24,13.13,9.98,43.1,8.77,44.65,0.86,203.26,47.68,0.6,2.81,29.31,32.93,738.0,56.75,0.0,2.01,179.99,44.87,30-Jun-2020 - 00:00,"Yamunapuram, Bulandshahr - UPPCB"
30-Jun-2020 - 00:00,2.84,3.38,2.48,46.02,3.48,56.22,0.87,99.09,37.73,0.44,1.1,28.89,31.61,738.0,58.4,0.0,1.76,207.28,58.91,01-Jul-2020 - 00:00,"Yamunapuram, Bulandshahr - UPPCB"
01-Jul-2020 - 00:00,3.77,3.77,2.43,42.55,5.28,69.47,,119.76,41.48,0.53,2.06,30.52,32.73,738.0,53.69,0.0,1.13,238.69,93.31,02-Jul-2020 - 00:00,"Yamunapuram, Bulandshahr - UPPCB"
02-Jul-2020 - 00:00,3.61,4.34,4.34,26.45,6.01,74.37,1.25,153.88,59.59,0.55,3.32,31.46,32.16,738.07,51.18,0.0,0.98,198.9,94.46,03-Jul-2020 - 00:00,"Yamunapuram, Bulandshahr - UPPCB"
03-Jul-2020 - 00:00,9.97,5.14,7.56,33.35,5.15,68.63,1.54,165.22,60.93,0.68,1.64,31.04,32.99,738.0,53.1,0.0,2.17,89.67,100.27,04-Jul-2020 - 00:00,"Yamunapuram, Bulandshahr - UPPCB"
04-Jul-2020 - 00:00,7.99,5.63,1.59,45.56,3.76,63.4,1.48,107.78,39.72,0.39,1.43,29.25,32.3,738.0,57.26,0.0,3.11,103.16,106.71,05-Jul-2020 - 00:00,"Yamunapuram, Bulandshahr - UPPCB"
05-Jul-2020 - 00:00,5.89,5.22,2.3,47.48,2.6,38.04,1.12,60.9,31.97,0.24,0.59,25.43,31.0,738.0,66.79,0.02,3.18,145.74,41.31,06-Jul-2020 - 00:00,"Yamunapuram, Bulandshahr - UPPCB"
06-Jul-2020 - 00:00,11.09,6.91,1.5,55.61,3.89,61.21,0.74,78.79,25.9,0.3,2.36,29.04,32.06,611.95,55.32,0.0,2.48,96.09,95.57,07-Jul-2020 - 00:00,"Yamunapuram, Bulandshahr - UPPCB"
07-Jul-2020 - 00:00,8.55,6.36,2.03,41.57,3.7,29.46,0.8,30.09,11.19,0.24,0.87,26.07,32.5,612.0,66.05,0.0,2.75,113.27,21.85,08-Jul-2020 - 00:00,"Yamunapuram, Bulandshahr - UPPCB"
08-Jul-2020 - 00:00,13.64,8.97,1.96,42.87,4.23,25.82,1.4,48.57,20.89,0.29,1.33,27.01,30.81,612.0,66.07,0.0,2.06,98.39,61.99,09-Jul-2020 - 00:00,"Yamunapuram, Bulandshahr - UPPCB"
09-Jul-2020 - 00:00,19.72,12.43,2.26,45.56,5.91,53.14,3.39,66.58,26.49,0.36,1.51,29.32,32.3,674.36,58.46,0.0,0.74,138.9,94.55,10-Jul-2020 - 00:00,"Yamunapuram, Bulandshahr - UPPCB"
10-Jul-2020 - 00:00,20.63,12.97,2.31,52.68,9.05,68.66,2.31,101.47,26.79,0.31,2.16,30.12,32.22,740.16,56.03,0.02,1.9,197.17,93.78,11-Jul-2020 - 00:00,"Yamunapuram, Bulandshahr - UPPCB"
11-Jul-2020 - 00:00,18.39,11.14,1.67,49.18,7.98,62.19,2.34,56.31,17.16,0.23,1.4,27.98,31.86,740.17,59.98,0.02,1.89,183.07,68.8,12-Jul-2020 - 00:00,"Yamunapuram, Bulandshahr - UPPCB"
12-Jul-2020 - 00:00,13.99,8.43,1.3,44.05,11.26,49.76,1.64,48.65,21.74,0.23,0.98,27.93,30.38,740.48,58.9,0.0,2.09,194.57,84.17,13-Jul-2020 - 00:00,"Yamunapuram, Bulandshahr - UPPCB"
13-Jul-2020 - 00:00,19.1,11.25,1.43,63.53,20.33,68.32,1.19,121.55,38.04,0.38,2.46,29.07,31.11,816.63,54.94,0.0,1.16,236.52,131.63,14-Jul-2020 - 00:00,"Yamunapuram, Bulandshahr - UPPCB"
14-Jul-2020 - 00:00,23.47,16.05,4.28,61.9,10.77,56.94,1.16,205.5,45.65,0.37,2.64,30.56,31.81,811.96,55.4,0.0,1.22,157.06,96.33,15-Jul-2020 - 00:00,"Yamunapuram, Bulandshahr - UPPCB"
15-Jul-2020 - 00:00,10.48,6.97,1.58,56.11,6.32,52.6,0.94,91.77,27.14,0.24,1.23,29.48,31.47,741.0,57.36,0.0,3.04,120.07,87.78,16-Jul-2020 - 00:00,"Yamunapuram, Bulandshahr - UPPCB"
16-Jul-2020 - 00:00,11.78,8.2,2.24,50.71,5.56,35.65,0.74,67.07,23.59,0.25,1.58,28.95,31.83,741.0,59.5,0.03,2.44,135.53,90.78,17-Jul-2020 - 00:00,"Yamunapuram, Bulandshahr - UPPCB"
17-Jul-2020 - 00:00,11.24,7.46,1.67,50.58,6.04,47.35,2.06,80.2,36.25,0.28,1.53,29.29,32.38,669.28,59.56,0.0,2.16,123.16,78.73,18-Jul-2020 - 00:00,"Yamunapuram, Bulandshahr - UPPCB"
18-Jul-2020 - 00:00,8.45,5.46,1.19,53.16,5.08,31.68,1.34,60.36,23.68,0.29,1.11,28.36,32.6,691.09,61.67,0.0,1.96,131.77,61.23,19-Jul-2020 - 00:00,"Yamunapuram, Bulandshahr - UPPCB"
19-Jul-2020 - 00:00,19.25,10.84,0.89,52.86,6.81,39.33,0.95,52.99,27.35,0.38,3.39,27.44,32.19,740.19,65.74,0.11,0.78,180.09,65.91,20-Jul-2020 - 00:00,"Yamunapuram, Bulandshahr - UPPCB"
20-Jul-2020 - 00:00,26.5,15.52,1.82,47.14,13.82,56.83,1.37,69.75,23.52,0.39,3.79,26.98,31.25,739.98,62.03,0.01,1.08,229.45,67.39,21-Jul-2020 - 00:00,"Yamunapuram, Bulandshahr - UPPCB"
21-Jul-2020 - 00:00,12.49,7.81,1.41,37.02,7.71,40.29,1.02,36.09,10.49,0.22,2.91,25.79,30.56,740.0,64.68,0.27,1.39,147.96,71.22,22-Jul-2020 - 00:00,"Yamunapuram, Bulandshahr - UPPCB"
22-Jul-2020 - 00:00,17.85,11.21,1.98,32.5,10.02,29.66,0.84,34.67,13.21,0.23,2.88,25.33,30.78,740.0,66.86,0.03,1.12,214.02,59.38,23-Jul-2020 - 00:00,"Yamunapuram, Bulandshahr - UPPCB"
23-Jul-2020 - 00:00,22.34,14.98,3.89,41.32,10.09,63.28,0.72,113.5,44.14,0.44,6.6,27.74,30.98,740.04,59.72,0.0,0.6,224.16,109.9,24-Jul-2020 - 00:00,"Yamunapuram, Bulandshahr - UPPCB"
24-Jul-2020 - 00:00,8.09,5.39,1.55,38.89,5.98,50.32,1.04,78.41,27.27,0.3,2.12,28.1,31.76,740.42,60.22,0.0,2.49,117.96,105.35,25-Jul-2020 - 00:00,"Yamunapuram, Bulandshahr - UPPCB"
25-Jul-2020 - 00:00,5.27,4.64,2.13,60.22,8.92,39.2,1.02,53.89,16.65,0.26,1.68,27.42,31.47,741.99,63.72,0.0,2.13,122.66,78.86,26-Jul-2020 - 00:00,"Yamunapuram, Bulandshahr - UPPCB"
26-Jul-2020 - 00:00,12.01,8.4,2.36,56.9,8.75,51.57,1.11,77.51,29.16,0.25,1.28,29.53,31.05,741.1,57.78,0.0,0.57,131.66,103.68,27-Jul-2020 - 00:00,"Yamunapuram, Bulandshahr - UPPCB"
27-Jul-2020 - 00:00,29.79,23.79,9.65,68.42,11.29,53.49,1.14,145.76,42.53,0.34,3.44,30.36,31.1,740.17,56.09,0.0,1.49,232.43,105.74,28-Jul-2020 - 00:00,"Yamunapuram, Bulandshahr - UPPCB"
28-Jul-2020 - 00:00,18.2,12.53,3.38,65.76,11.2,59.04,1.16,110.28,26.61,0.34,3.51,30.03,31.74,740.0,56.34,0.0,1.49,207.03,90.82,29-Jul-2020 - 00:00,"Yamunapuram, Bulandshahr - UPPCB"
29-Jul-2020 - 00:00,9.39,6.78,2.07,46.54,7.71,34.99,1.57,61.92,16.01,0.15,2.08,27.8,30.19,740.0,62.44,0.0,2.91,96.51,79.02,30-Jul-2020 - 00:00,"Yamunapuram, Bulandshahr - UPPCB"
30-Jul-2020 - 00:00,12.36,7.86,1.59,45.22,6.2,41.51,0.73,45.76,17.05,0.22,3.63,27.02,30.99,740.24,65.03,0.07,1.29,113.57,68.81,31-Jul-2020 - 00:00,"Yamunapuram, Bulandshahr - UPPCB"
31-Jul-2020 - 00:00,12.32,7.83,1.45,42.61,6.49,44.08,0.54,52.45,17.77,0.31,2.38,27.21,31.45,740.18,65.64,0.0,0.97,108.11,63.88,01-Aug-2020 - 00:00,"Yamunapuram, Bulandshahr - UPPCB"
01-Aug-2020 - 00:00,14.99,9.24,1.44,59.18,6.7,47.23,0.95,42.16,16.97,0.25,1.15,27.02,32.73,740.12,65.31,0.03,1.14,116.1,70.39,02-Aug-2020 - 00:00,"Yamunapuram, Bulandshahr - UPPCB"
02-Aug-2020 - 00:00,24.08,14.83,2.37,57.75,9.35,55.43,1.13,78.64,28.78,0.32,1.98,29.2,33.41,740.0,60.85,0.0,1.3,217.07,112.58,03-Aug-2020 - 00:00,"Yamunapuram, Bulandshahr - UPPCB"
03-Aug-2020 - 00:00,23.07,14.6,2.75,56.0,7.61,50.69,0.62,91.5,24.26,0.3,2.07,29.64,33.31,739.81,59.03,0.0,1.38,202.04,91.35,04-Aug-2020 - 00:00,"Yamunapuram, Bulandshahr - UPPCB"
04-Aug-2020 - 00:00,18.51,11.87,2.37,51.53,7.73,60.32,0.55,82.74,28.8,0.28,1.46,29.52,33.22,739.81,58.08,0.0,1.16,154.81,95.57,05-Aug-2020 - 00:00,"Yamunapuram, Bulandshahr - UPPCB"
05-Aug-2020 - 00:00,11.78,7.34,1.3,46.6,6.61,42.95,0.99,82.57,28.51,0.37,2.12,29.63,32.13,739.62,58.08,0.0,2.36,132.66,77.42,06-Aug-2020 - 00:00,"Yamunapuram, Bulandshahr - UPPCB"
06-Aug-2020 - 00:00,10.18,6.58,1.43,42.65,5.8,40.72,1.24,93.67,12.16,0.23,1.84,29.61,31.92,783.85,55.55,0.0,4.44,111.83,102.16,07-Aug-2020 - 00:00,"Yamunapuram, Bulandshahr - UPPCB"
07-Aug-2020 - 00:00,11.19,7.18,1.42,39.85,13.3,47.09,1.16,51.44,19.2,0.18,1.33,28.96,32.24,797.99,58.32,0.0,2.87,92.01,96.57,08-Aug-2020 - 00:00,"Yamunapuram, Bulandshahr - UPPCB"
08-Aug-2020 - 00:00,16.66,10.3,1.65,39.03,9.92,37.7,0.72,67.18,28.3,0.38,1.86,30.61,32.42,735.0,54.48,0.0,0.4,148.94,87.24,09-Aug-2020 - 00:00,"Yamunapuram, Bulandshahr - UPPCB"
09-Aug-2020 - 00:00,13.93,8.82,1.66,45.65,6.8,26.99,1.1,70.95,31.79,0.26,1.87,28.82,30.83,735.0,62.66,0.0,1.48,154.79,59.24,10-Aug-2020 - 00:00,"Yamunapuram, Bulandshahr - UPPCB"
10-Aug-2020 - 00:00,15.17,9.77,1.97,48.89,6.06,20.12,0.67,50.05,23.81,0.31,1.66,27.41,32.81,735.0,67.99,0.14,1.48,102.76,45.62,11-Aug-2020 - 00:00,"Yamunapuram, Bulandshahr - UPPCB"
11-Aug-2020 - 00:00,15.17,10.19,2.75,47.96,6.27,27.52,1.35,61.72,31.21,0.36,1.72,28.15,32.62,735.0,66.31,0.0,0.74,150.35,72.54,12-Aug-2020 - 00:00,"Yamunapuram, Bulandshahr - UPPCB"
12-Aug-2020 - 00:00,11.0,8.46,3.1,46.57,4.37,28.03,0.7,58.11,22.36,0.27,1.78,28.13,32.61,735.0,64.89,0.0,1.06,178.0,67.86,13-Aug-2020 - 00:00,"Yamunapuram, Bulandshahr - UPPCB"
13-Aug-2020 - 00:00,9.17,7.13,2.66,41.92,2.87,24.2,1.03,20.94,11.85,0.23,1.64,25.64,31.75,735.0,72.89,0.66,1.32,176.66,24.84,14-Aug-2020 - 00:00,"Yamunapuram, Bulandshahr - UPPCB"
14-Aug-2020 - 00:00,4.06,3.93,2.12,36.2,5.51,34.14,0.91,40.67,15.07,0.29,2.29,27.03,31.62,735.0,67.26,0.0,2.24,106.3,66.8,15-Aug-2020 - 00:00,"Yamunapuram, Bulandshahr - UPPCB"
15-Aug-2020 - 00:00,5.19,3.99,1.96,36.09,5.1,28.55,1.08,50.11,22.07,0.21,1.23,27.7,32.63,735.0,65.58,0.0,1.51,84.27,84.04,16-Aug-2020 - 00:00,"Yamunapuram, Bulandshahr - UPPCB"
16-Aug-2020 - 00:00,15.37,10.2,2.41,44.81,4.21,22.81,0.79,41.35,22.49,0.41,2.78,27.74,33.9,735.0,67.11,0.72,0.8,124.91,63.39,17-Aug-2020 - 00:00,"Yamunapuram, Bulandshahr - UPPCB"
17-Aug-2020 - 00:00,11.55,7.71,1.82,46.73,5.33,28.6,0.84,49.29,17.93,0.33,1.57,28.79,33.97,735.0,64.24,0.0,0.88,91.33,93.9,18-Aug-2020 - 00:00,"Yamunapuram, Bulandshahr - UPPCB"
18-Aug-2020 - 00:00,16.5,10.81,2.4,45.65,4.53,25.46,1.06,65.49,20.55,0.38,2.96,29.01,33.02,735.0,62.64,0.0,0.48,169.06,79.9,19-Aug-2020 - 00:00,"Yamunapuram, Bulandshahr - UPPCB"
19-Aug-2020 - 00:00,12.37,8.3,1.99,32.95,3.82,26.4,0.65,24.74,8.59,0.26,1.72,25.81,31.54,735.0,71.28,0.75,0.65,122.19,27.67,20-Aug-2020 - 00:00,"Yamunapuram, Bulandshahr - UPPCB"
20-Aug-2020 - 00:00,8.7,6.39,2.06,35.46,5.44,26.73,0.6,15.52,9.45,0.25,1.4,24.7,32.91,735.0,73.3,0.83,0.75,180.77,32.72,21-Aug-2020 - 00:00,"Yamunapuram, Bulandshahr - UPPCB"
21-Aug-2020 - 00:00,8.67,6.1,1.72,34.44,3.72,23.08,0.86,29.33,10.44,0.27,1.75,26.82,33.46,735.0,65.12,0.01,1.42,125.62,96.82,22-Aug-2020 - 00:00,"Yamunapuram, Bulandshahr - UPPCB"
22-Aug-2020 - 00:00,6.36,4.88,1.76,26.27,4.62,28.62,1.12,46.86,8.41,0.25,1.12,27.26,32.38,735.0,61.92,0.0,2.52,122.65,88.97,23-Aug-2020 - 00:00,"Yamunapuram, Bulandshahr - UPPCB"
23-Aug-2020 - 00:00,5.41,4.39,1.74,30.17,4.66,30.97,0.79,31.2,11.25,0.15,0.75,26.85,31.94,735.0,64.76,0.0,3.09,108.01,83.65,24-Aug-2020 - 00:00,"Yamunapuram, Bulandshahr - UPPCB"
24-Aug-2020 - 00:00,8.16,5.95,1.9,33.04,5.5,20.07,0.41,50.2,9.98,0.17,0.81,26.9,30.04,735.0,64.24,0.0,2.17,79.52,77.73,25-Aug-2020 - 00:00,"Yamunapuram, Bulandshahr - UPPCB"
25-Aug-2020 - 00:00,15.6,10.4,2.46,37.56,4.43,20.32,0.66,52.61,16.81,0.25,1.72,27.31,31.3,735.0,64.28,0.0,1.05,74.5,74.14,26-Aug-2020 - 00:00,"Yamunapuram, Bulandshahr - UPPCB"
26-Aug-2020 - 00:00,18.19,12.82,3.73,35.0,5.61,33.84,1.0,66.28,14.7,0.21,1.98,27.93,30.96,695.73,61.76,0.0,0.74,227.9,112.92,27-Aug-2020 - 00:00,"Yamunapuram, Bulandshahr - UPPCB"
27-Aug-2020 - 00:00,19.05,13.32,3.81,37.85,7.42,28.9,1.03,85.01,25.2,0.32,2.82,28.16,31.57,680.28,60.43,0.0,1.03,178.58,108.46,28-Aug-2020 - 00:00,"Yamunapuram, Bulandshahr - UPPCB"
28-Aug-2020 - 00:00,22.32,17.38,6.66,40.1,7.14,21.75,0.42,80.1,30.03,0.4,1.85,26.69,32.54,735.0,65.94,0.0,0.68,143.7,47.52,29-Aug-2020 - 00:00,"Yamunapuram, Bulandshahr - UPPCB"
29-Aug-2020 - 00:00,11.21,8.1,2.5,35.7,9.41,28.07,0.68,68.51,23.24,0.36,1.89,27.65,31.68,735.0,61.38,0.0,1.22,141.98,87.3,30-Aug-2020 - 00:00,"Yamunapuram, Bulandshahr - UPPCB"
30-Aug-2020 - 00:00,6.28,4.69,1.58,31.09,5.08,27.53,0.56,41.5,13.29,0.15,0.65,26.28,30.89,735.0,64.08,0.0,3.42,107.14,56.24,31-Aug-2020 - 00:00,"Yamunapuram, Bulandshahr - UPPCB"
31-Aug-2020 - 00:00,10.24,7.03,1.82,30.3,5.99,28.2,0.54,48.75,13.95,0.19,0.84,26.99,31.05,730.94,60.88,0.0,1.81,66.65,89.23,01-Sep-2020 - 00:00,"Yamunapuram, Bulandshahr - UPPCB"
01-Sep-2020 - 00:00,19.21,13.16,3.49,30.0,6.34,23.28,0.57,49.36,14.1,0.2,0.99,27.45,30.57,727.46,59.12,0.0,0.94,99.6,108.36,02-Sep-2020 - 00:00,"Yamunapuram, Bulandshahr - UPPCB"
02-Sep-2020 - 00:00,20.72,14.62,4.3,33.65,7.74,34.86,0.77,88.39,29.5,0.36,2.33,28.15,31.23,727.67,59.24,0.0,0.33,184.3,73.95,03-Sep-2020 - 00:00,"Yamunapuram, Bulandshahr - UPPCB"
03-Sep-2020 - 00:00,11.07,7.55,1.87,33.55,7.36,28.32,0.85,74.71,30.14,0.34,1.4,27.63,30.8,728.81,61.85,0.0,1.25,105.17,52.69,04-Sep-2020 - 00:00,"Yamunapuram, Bulandshahr - UPPCB"
04-Sep-2020 - 00:00,10.99,7.34,1.74,36.46,8.27,40.09,0.68,74.34,35.65,0.27,0.86,28.35,31.86,728.04,59.96,0.0,1.35,100.48,94.98,05-Sep-2020 - 00:00,"Yamunapuram, Bulandshahr - UPPCB"
05-Sep-2020 - 00:00,19.63,13.73,3.92,30.27,8.85,35.68,0.55,61.67,26.77,0.28,1.83,28.47,31.1,728.67,58.82,0.0,0.69,171.0,109.45,06-Sep-2020 - 00:00,"Yamunapuram, Bulandshahr - UPPCB"
06-Sep-2020 - 00:00,21.93,13.9,2.64,33.83,12.65,52.77,0.41,80.55,39.33,0.46,5.52,27.93,31.92,726.12,60.26,0.0,0.5,238.26,96.01,07-Sep-2020 - 00:00,"Yamunapuram, Bulandshahr - UPPCB"
07-Sep-2020 - 00:00,25.5,17.32,4.51,30.66,11.18,45.17,0.55,87.53,39.26,0.46,4.35,28.19,32.08,731.51,59.19,0.0,0.35,225.3,69.02,08-Sep-2020 - 00:00,"Yamunapuram, Bulandshahr - UPPCB"
08-Sep-2020 - 00:00,31.87,21.76,5.81,32.17,10.54,42.96,0.52,102.76,43.43,0.45,5.45,28.19,33.05,735.99,60.16,0.0,0.64,255.46,84.54,09-Sep-2020 - 00:00,"Yamunapuram, Bulandshahr - UPPCB"
09-Sep-2020 - 00:00,31.0,24.04,9.16,32.11,11.64,50.21,0.63,121.5,48.41,0.46,4.68,28.6,32.74,725.97,58.39,0.0,1.08,258.6,100.23,10-Sep-2020 - 00:00,"Yamunapuram, Bulandshahr - UPPCB"
10-Sep-2020 - 00:00,37.02,25.82,7.53,34.69,10.1,57.46,0.61,144.31,52.48,0.45,5.28,28.86,31.39,805.36,55.7,0.0,1.21,263.06,92.01,11-Sep-2020 - 00:00,"Yamunapuram, Bulandshahr - UPPCB"
11-Sep-2020 - 00:00,37.57,23.54,4.25,41.93,14.23,60.34,0.57,163.9,64.21,0.59,5.45,29.49,31.83,789.21,54.02,0.0,0.39,262.67,96.98,12-Sep-2020 - 00:00,"Yamunapuram, Bulandshahr - UPPCB"
12-Sep-2020 - 00:00,39.08,32.76,14.61,44.41,14.06,49.98,0.65,172.1,69.21,0.64,3.36,29.53,31.5,736.0,54.24,0.0,0.45,235.17,88.73,13-Sep-2020 - 00:00,"Yamunapuram, Bulandshahr - UPPCB"
13-Sep-2020 - 00:00,26.54,18.55,5.33,49.77,10.11,59.7,0.59,175.32,79.08,0.71,2.79,29.84,33.05,736.0,55.0,0.0,0.37,186.74,76.31,14-Sep-2020 - 00:00,"Yamunapuram, Bulandshahr - UPPCB"
14-Sep-2020 - 00:00,31.25,27.74,13.54,50.65,9.03,49.99,0.65,169.45,75.72,0.59,2.54,29.54,32.59,736.0,57.0,0.0,0.47,168.26,71.89,15-Sep-2020 - 00:00,"Yamunapuram, Bulandshahr - UPPCB"
15-Sep-2020 - 00:00,35.58,23.77,5.84,49.63,12.69,62.24,0.93,174.77,80.8,0.66,4.07,29.51,31.34,736.0,55.74,0.0,0.51,237.21,85.39,16-Sep-2020 - 00:00,"Yamunapuram, Bulandshahr - UPPCB"
16-Sep-2020 - 00:00,40.01,28.15,8.32,44.06,12.97,55.82,0.76,194.1,75.46,0.56,4.74,29.76,32.42,736.0,55.85,0.0,0.75,236.29,81.98,17-Sep-2020 - 00:00,"Yamunapuram, Bulandshahr - UPPCB"
17-Sep-2020 - 00:00,34.49,23.44,6.14,37.01,12.27,44.16,0.56,182.99,63.21,0.42,5.28,29.47,29.27,735.42,54.7,0.0,1.37,253.92,92.82,18-Sep-2020 - 00:00,"Yamunapuram, Bulandshahr - UPPCB"
18-Sep-2020 - 00:00,32.72,21.83,5.32,43.26,15.05,48.39,0.57,165.28,52.79,0.48,5.6,30.01,32.52,735.0,54.54,0.0,1.09,252.08,88.55,19-Sep-2020 - 00:00,"Yamunapuram, Bulandshahr - UPPCB"
19-Sep-2020 - 00:00,29.0,22.89,9.05,41.49,19.41,62.06,0.58,169.34,64.48,0.55,4.31,29.92,32.33,735.0,54.67,0.0,0.78,217.27,91.74,20-Sep-2020 - 00:00,"Yamunapuram, Bulandshahr - UPPCB"
20-Sep-2020 - 00:00,27.46,21.01,7.75,39.71,12.56,60.14,0.71,183.67,77.47,0.58,2.62,29.47,32.06,735.0,56.22,0.0,0.87,194.91,86.21,21-Sep-2020 - 00:00,"Yamunapuram, Bulandshahr - UPPCB"
21-Sep-2020 - 00:00,28.54,17.86,3.19,39.79,17.04,54.99,0.74,176.73,72.67,0.62,2.27,29.6,31.05,735.0,55.7,0.0,0.88,232.52,80.73,22-Sep-2020 - 00:00,"Yamunapuram, Bulandshahr - UPPCB"
22-Sep-2020 - 00:00,18.41,11.72,2.31,35.48,5.61,38.4,0.44,62.86,21.56,0.36,2.65,28.63,32.03,735.0,58.85,0.22,1.03,129.48,80.15,23-Sep-2020 - 00:00,"Yamunapuram, Bulandshahr - UPPCB"
23-Sep-2020 - 00:00,13.88,8.7,1.56,37.25,4.75,36.76,0.67,57.85,18.46,0.27,1.27,28.3,32.63,735.0,57.92,0.0,1.34,100.0,74.52,24-Sep-2020 - 00:00,"Yamunapuram, Bulandshahr - UPPCB"
24-Sep-2020 - 00:00,14.64,9.18,1.67,35.93,5.78,42.49,0.91,53.25,13.44,0.23,0.94,27.5,32.51,735.0,59.42,0.0,1.12,125.61,96.12,25-Sep-2020 - 00:00,"Yamunapuram, Bulandshahr - UPPCB"
25-Sep-2020 - 00:00,32.06,21.65,5.65,32.28,9.31,57.24,0.71,125.3,40.24,0.42,2.48,27.89,32.23,735.0,57.24,0.0,1.49,257.68,90.4,26-Sep-2020 - 00:00,"Yamunapuram, Bulandshahr - UPPCB"
26-Sep-2020 - 00:00,40.27,28.78,9.05,34.11,20.21,56.96,0.95,211.47,77.46,0.7,7.01,27.67,33.02,735.0,53.26,0.0,1.04,264.38,85.9,27-Sep-2020 - 00:00,"Yamunapuram, Bulandshahr - UPPCB"
27-Sep-2020 - 00:00,41.97,31.17,10.87,32.68,17.51,33.99,0.48,147.62,44.53,0.45,4.3,27.22,32.17,735.0,53.16,0.0,0.75,240.26,72.69,28-Sep-2020 - 00:00,"Yamunapuram, Bulandshahr - UPPCB"
28-Sep-2020 - 00:00,38.72,30.33,11.96,32.24,18.71,45.9,0.6,215.32,67.85,0.67,5.81,27.51,31.76,735.0,50.35,0.0,1.39,250.99,106.85,29-Sep-2020 - 00:00,"Yamunapuram, Bulandshahr - UPPCB"
29-Sep-2020 - 00:00,40.52,27.34,7.11,36.26,18.73,43.44,0.58,231.32,72.97,0.66,6.11,26.98,32.66,735.0,53.56,0.0,1.45,247.72,89.14,30-Sep-2020 - 00:00,"Yamunapuram, Bulandshahr - UPPCB"
30-Sep-2020 - 00:00,39.2,25.18,5.33,37.44,13.59,46.81,0.59,206.9,62.17,0.55,5.68,26.69,31.61,735.0,51.75,0.0,1.58,258.01,91.96,01-Oct-2020 - 00:00,"Yamunapuram, Bulandshahr - UPPCB"
01-Oct-2020 - 00:00,48.88,35.02,11.1,38.71,20.95,44.06,0.53,235.26,75.84,0.66,7.13,26.66,31.02,735.0,50.98,0.0,1.36,250.96,76.22,02-Oct-2020 - 00:00,"Yamunapuram, Bulandshahr - UPPCB"
02-Oct-2020 - 00:00,42.78,36.1,16.41,44.21,23.52,60.92,0.5,254.0,89.12,0.89,8.97,27.28,32.48,735.0,49.24,0.0,0.94,260.44,102.88,03-Oct-2020 - 00:00,"Yamunapuram, Bulandshahr - UPPCB"
03-Oct-2020 - 00:00,33.02,21.87,5.31,35.82,28.72,56.48,0.58,251.34,104.18,0.84,3.5,26.89,30.7,735.0,49.97,0.0,1.08,258.11,98.17,04-Oct-2020 - 00:00,"Yamunapuram, Bulandshahr - UPPCB"
04-Oct-2020 - 00:00,19.17,13.36,3.92,22.08,29.83,54.32,0.67,239.93,94.72,0.74,4.7,26.45,31.98,735.0,46.48,0.0,1.09,236.88,91.02,05-Oct-2020 - 00:00,"Yamunapuram, Bulandshahr - UPPCB"
05-Oct-2020 - 00:00,10.83,12.61,8.96,13.23,24.29,53.13,0.84,288.06,87.51,0.82,7.75,26.29,31.8,735.57,47.06,0.0,1.48,254.56,91.17,06-Oct-2020 - 00:00,"Yamunapuram, Bulandshahr - UPPCB"
06-Oct-2020 - 00:00,31.88,22.24,11.12,23.6,22.68,49.12,0.91,291.98,91.04,0.95,11.66,26.49,32.14,736.0,45.35,0.0,1.18,253.15,89.05,07-Oct-2020 - 00:00,"Yamunapuram, Bulandshahr - UPPCB"
07-Oct-2020 - 00:00,50.75,34.4,9.1,38.03,33.46,61.99,0.81,297.2,129.96,0.98,5.73,26.53,30.91,736.0,46.34,0.0,0.92,233.38,85.19,08-Oct-2020 - 00:00,"Yamunapuram, Bulandshahr - UPPCB"
08-Oct-2020 - 00:00,59.76,42.18,12.79,43.99,26.03,52.39,0.77,288.83,128.96,1.01,5.75,26.64,31.72,736.0,48.03,0.0,0.84,242.65,83.65,09-Oct-2020 - 00:00,"Yamunapuram, Bulandshahr - UPPCB"
09-Oct-2020 - 00:00,60.34,48.36,20.02,38.8,26.69,48.14,0.67,269.3,131.92,1.04,6.55,26.97,30.56,736.0,45.98,0.0,0.49,236.82,83.2,10-Oct-2020 - 00:00,"Yamunapuram, Bulandshahr - UPPCB"
10-Oct-2020 - 00:00,55.79,40.32,13.09,41.13,24.05,49.06,0.63,301.27,134.97,0.99,7.49,26.55,30.88,736.0,48.58,0.0,0.84,243.34,80.11,11-Oct-2020 - 00:00,"Yamunapuram, Bulandshahr - UPPCB"
11-Oct-2020 - 00:00,58.81,41.64,12.74,43.63,23.97,48.73,0.66,301.79,138.15,1.01,6.07,26.67,31.5,736.0,49.74,0.0,0.72,234.95,77.53,12-Oct-2020 - 00:00,"Yamunapuram, Bulandshahr - UPPCB"
12-Oct-2020 - 00:00,52.73,48.47,25.13,46.81,20.95,55.07,0.73,336.34,152.74,1.45,6.15,27.34,31.98,735.95,47.65,0.0,0.42,168.94,77.35,13-Oct-2020 - 00:00,"Yamunapuram, Bulandshahr - UPPCB"
13-Oct-2020 - 00:00,21.81,12.51,1.11,50.65,16.14,65.96,0.62,251.03,115.39,0.98,2.72,27.41,31.7,734.0,51.09,0.0,0.93,102.9,62.68,14-Oct-2020 - 00:00,"Yamunapuram, Bulandshahr - UPPCB"
14-Oct-2020 - 00:00,29.47,20.76,6.41,50.26,15.82,59.61,0.65,266.35,124.39,1.09,4.14,27.8,29.72,734.0,48.92,0.0,0.45,142.14,70.7,15-Oct-2020 - 00:00,"Yamunapuram, Bulandshahr - UPPCB"
15-Oct-2020 - 00:00,53.73,39.08,12.92,48.24,22.65,44.02,0.68,281.14,137.57,1.3,4.7,27.01,32.3,734.0,46.53,0.0,0.86,205.06,68.69,16-Oct-2020 - 00:00,"Yamunapuram, Bulandshahr - UPPCB"
16-Oct-2020 - 00:00,52.93,35.13,8.57,34.0,29.66,61.6,0.64,266.02,130.3,0.93,5.11,26.53,32.24,734.0,37.35,0.0,0.69,156.48,74.6,17-Oct-2020 - 00:00,"Yamunapuram, Bulandshahr - UPPCB"
17-Oct-2020 - 00:00,70.57,52.13,17.95,36.96,35.23,48.2,0.49,311.24,155.45,1.36,9.19,25.84,31.72,734.0,40.19,0.0,0.55,173.13,70.1,18-Oct-2020 - 00:00,"Yamunapuram, Bulandshahr - UPPCB"
18-Oct-2020 - 00:00,71.22,54.32,20.23,38.54,27.93,60.19,0.56,331.58,148.36,1.38,16.86,25.66,32.34,734.0,42.52,0.0,0.93,273.97,97.76,19-Oct-2020 - 00:00,"Yamunapuram, Bulandshahr - UPPCB"
19-Oct-2020 - 00:00,69.45,56.86,24.51,36.38,34.43,54.79,0.78,332.97,123.37,1.04,10.89,25.37,30.86,734.0,39.43,0.0,1.09,279.0,71.99,20-Oct-2020 - 00:00,"Yamunapuram, Bulandshahr - UPPCB"
20-Oct-2020 - 00:00,69.88,58.67,26.44,33.48,19.87,40.27,0.65,274.49,113.86,1.23,11.67,24.9,32.84,734.0,37.12,0.0,0.85,264.93,78.4,21-Oct-2020 - 00:00,"Yamunapuram, Bulandshahr - UPPCB"
21-Oct-2020 - 00:00,67.02,63.66,34.46,37.81,18.55,44.67,0.91,287.08,125.32,1.16,8.47,25.4,32.8,734.0,35.89,0.0,0.71,257.95,75.17,22-Oct-2020 - 00:00,"Yamunapuram, Bulandshahr - UPPCB"
22-Oct-2020 - 00:00,61.61,63.21,37.44,45.97,23.44,53.49,0.93,328.59,162.74,1.32,7.93,25.62,31.74,734.0,40.21,0.0,0.66,222.09,69.46,23-Oct-2020 - 00:00,"Yamunapuram, Bulandshahr - UPPCB"
23-Oct-2020 - 00:00,46.59,33.43,10.66,42.37,25.72,68.36,0.82,341.17,219.41,1.38,4.35,25.45,31.57,734.0,39.62,0.0,0.82,247.4,108.33,24-Oct-2020 - 00:00,"Yamunapuram, Bulandshahr - UPPCB"
24-Oct-2020 - 00:00,83.21,49.96,7.02,40.43,23.06,66.29,0.99,354.75,170.12,1.1,8.45,25.79,32.59,734.0,37.55,0.0,0.89,299.18,40.08,25-Oct-2020 - 00:00,"Yamunapuram, Bulandshahr - UPPCB"
25-Oct-2020 - 00:00,82.22,84.74,50.44,46.75,33.75,51.38,1.13,395.03,231.49,1.66,10.42,24.23,32.69,734.0,41.8,0.0,0.58,235.97,63.17,26-Oct-2020 - 00:00,"Yamunapuram, Bulandshahr - UPPCB"
26-Oct-2020 - 00:00,76.37,63.4,28.01,44.52,32.6,46.15,0.79,375.18,219.02,1.58,8.28,24.04,32.24,734.0,41.43,0.0,0.81,248.72,55.92,27-Oct-2020 - 00:00,"Yamunapuram, Bulandshahr - UPPCB"
27-Oct-2020 - 00:00,77.98,57.78,20.06,38.86,38.82,43.79,0.95,382.79,197.7,1.16,11.7,23.15,32.4,734.0,40.96,0.0,1.08,285.48,64.94,28-Oct-2020 - 00:00,"Yamunapuram, Bulandshahr - UPPCB"
28-Oct-2020 - 00:00,96.53,82.39,38.18,47.14,34.7,55.27,1.17,372.99,191.12,1.94,22.81,22.67,32.41,734.0,41.52,0.0,0.38,261.24,56.49,29-Oct-2020 - 00:00,"Yamunapuram, Bulandshahr - UPPCB"
29-Oct-2020 - 00:00,77.03,70.92,36.85,48.06,26.03,45.08,0.94,333.78,178.64,1.94,10.99,23.15,32.06,734.0,43.79,0.0,0.33,237.74,56.24,30-Oct-2020 - 00:00,"Yamunapuram, Bulandshahr - UPPCB"
30-Oct-2020 - 00:00,78.87,64.99,28.34,42.11,29.1,36.22,0.91,324.12,174.34,1.48,11.8,23.01,33.06,734.0,43.65,0.0,0.59,267.54,63.15,31-Oct-2020 - 00:00,"Yamunapuram, Bulandshahr - UPPCB"
31-Oct-2020 - 00:00,92.21,76.44,33.69,46.47,35.58,42.79,0.94,463.8,228.02,1.59,17.71,22.25,31.77,734.0,44.68,0.0,0.82,268.45,60.3,01-Nov-2020 - 00:00,"Yamunapuram, Bulandshahr - UPPCB"
01-Nov-2020 - 00:00,76.2,55.88,18.87,41.92,31.36,48.56,0.83,463.92,252.79,1.37,12.96,22.08,33.13,734.0,38.93,0.0,0.99,277.03,59.23,02-Nov-2020 - 00:00,"Yamunapuram, Bulandshahr - UPPCB"
02-Nov-2020 - 00:00,79.2,59.62,21.7,39.94,21.68,47.44,0.97,378.17,199.08,1.21,7.93,21.5,33.22,734.0,39.68,0.0,0.83,263.08,58.07,03-Nov-2020 - 00:00,"Yamunapuram, Bulandshahr - UPPCB"
03-Nov-2020 - 00:00,62.72,44.82,14.42,38.28,24.31,46.21,0.88,341.06,182.19,1.35,7.87,21.95,32.71,734.0,37.17,0.0,0.56,212.59,61.45,04-Nov-2020 - 00:00,"Yamunapuram, Bulandshahr - UPPCB"
04-Nov-2020 - 00:00,94.47,69.57,23.77,51.64,35.87,35.49,1.02,548.49,354.45,1.91,16.35,21.02,33.33,734.0,43.22,0.0,0.54,238.53,47.02,05-Nov-2020 - 00:00,"Yamunapuram, Bulandshahr - UPPCB"
05-Nov-2020 - 00:00,98.99,72.64,24.59,54.22,29.05,54.19,0.95,563.05,369.69,1.84,18.59,22.27,32.83,734.0,42.52,0.0,0.67,261.52,58.06,06-Nov-2020 - 00:00,"Yamunapuram, Bulandshahr - UPPCB"
06-Nov-2020 - 00:00,104.58,84.5,35.51,50.21,26.24,40.18,1.04,464.73,268.21,1.84,23.27,21.92,33.37,734.0,42.31,0.0,0.62,253.06,54.68,07-Nov-2020 - 00:00,"Yamunapuram, Bulandshahr - UPPCB"
07-Nov-2020 - 00:00,103.36,85.96,38.11,52.33,31.24,53.58,0.96,499.85,295.77,1.83,22.53,21.91,33.05,734.0,42.22,0.0,0.83,264.28,54.81,08-Nov-2020 - 00:00,"Yamunapuram, Bulandshahr - UPPCB"
08-Nov-2020 - 00:00,115.43,91.53,37.05,65.74,34.05,29.95,1.06,679.16,500.9,2.49,22.89,20.75,33.22,734.0,48.66,0.0,0.38,245.05,41.74,09-Nov-2020 - 00:00,"Yamunapuram, Bulandshahr - UPPCB"
09-Nov-2020 - 00:00,106.13,84.56,34.58,59.87,33.21,40.17,0.89,563.5,388.31,2.38,15.9,20.77,32.11,734.0,50.0,0.0,0.5,275.78,49.67,10-Nov-2020 - 00:00,"Yamunapuram, Bulandshahr - UPPCB"
10-Nov-2020 - 00:00,72.64,62.95,29.91,56.86,19.52,40.34,1.06,493.62,331.29,2.26,16.81,21.57,32.68,734.0,50.51,0.0,0.46,152.55,52.65,11-Nov-2020 - 00:00,"Yamunapuram, Bulandshahr - UPPCB"
11-Nov-2020 - 00:00,60.04,38.29,7.82,56.0,14.77,37.11,0.97,311.78,164.97,1.76,9.42,21.96,33.17,734.0,49.1,0.0,0.49,73.57,55.26,12-Nov-2020 - 00:00,"Yamunapuram, Bulandshahr - UPPCB"
12-Nov-2020 - 00:00,66.58,74.49,48.06,50.65,20.95,36.22,0.85,257.56,144.15,1.63,7.05,21.95,33.03,734.0,47.42,0.0,0.39,177.74,52.74,13-Nov-2020 - 00:00,"Yamunapuram, Bulandshahr - UPPCB"
13-Nov-2020 - 00:00,84.66,79.27,42.12,45.05,38.35,46.05,0.89,288.18,176.02,1.5,9.36,22.05,33.49,734.0,45.21,0.0,0.38,242.55,50.22,14-Nov-2020 - 00:00,"Yamunapuram, Bulandshahr - UPPCB"
14-Nov-2020 - 00:00,98.55,85.74,40.98,52.41,45.88,41.76,2.92,465.33,371.93,2.22,13.31,20.92,31.91,734.0,48.83,0.0,0.33,181.54,44.45,15-Nov-2020 - 00:00,"Yamunapuram, Bulandshahr - UPPCB"
15-Nov-2020 - 00:00,30.43,17.21,1.34,58.22,18.67,72.01,2.19,358.65,267.41,1.42,4.05,20.92,32.18,734.0,52.46,0.07,1.47,104.22,41.38,16-Nov-2020 - 00:00,"Yamunapuram, Bulandshahr - UPPCB"
16-Nov-2020 - 00:00,22.57,15.32,4.07,51.48,8.67,40.76,1.46,92.65,75.56,0.47,1.19,20.25,31.89,734.0,62.95,0.0,1.06,139.53,52.85,17-Nov-2020 - 00:00,"Yamunapuram, Bulandshahr - UPPCB"
17-Nov-2020 - 00:00,48.72,40.08,17.43,45.61,10.39,26.01,1.66,157.26,87.51,0.73,3.92,20.31,31.83,734.0,59.57,0.0,0.87,278.22,62.15,18-Nov-2020 - 00:00,"Yamunapuram, Bulandshahr - UPPCB"
18-Nov-2020 - 00:00,58.74,41.14,12.49,41.83,15.07,33.06,1.45,212.97,138.34,0.87,7.46,19.67,31.97,734.0,54.25,0.0,0.65,267.2,57.96,19-Nov-2020 - 00:00,"Yamunapuram, Bulandshahr - UPPCB"
19-Nov-2020 - 00:00,50.7,30.5,5.8,40.95,25.21,60.52,1.0,224.01,151.27,0.98,3.97,19.25,31.79,737.9,49.27,0.0,0.87,267.84,57.02,20-Nov-2020 - 00:00,"Yamunapuram, Bulandshahr - UPPCB"
20-Nov-2020 - 00:00,65.81,46.37,13.94,37.37,19.2,62.92,1.21,267.27,175.55,0.97,6.99,18.04,31.68,743.0,49.6,0.0,1.27,274.95,60.23,21-Nov-2020 - 00:00,"Yamunapuram, Bulandshahr - UPPCB"
21-Nov-2020 - 00:00,57.08,42.65,15.05,32.28,10.37,46.5,1.12,236.17,112.56,0.86,7.39,17.5,31.82,743.0,46.0,0.0,1.43,263.78,61.98,22-Nov-2020 - 00:00,"Yamunapuram, Bulandshahr - UPPCB"
22-Nov-2020 - 00:00,63.21,58.02,29.94,33.56,12.18,59.92,1.43,254.01,140.91,1.04,8.85,17.26,31.48,743.0,44.66,0.0,0.98,258.11,59.22,23-Nov-2020 - 00:00,"Yamunapuram, Bulandshahr - UPPCB"
23-Nov-2020 - 00:00,78.18,125.19,102.8,43.4,20.23,70.04,2.84,381.24,220.31,2.07,15.39,18.05,32.51,743.0,44.04,0.0,0.34,203.44,53.09,24-Nov-2020 - 00:00,"Yamunapuram, Bulandshahr - UPPCB"
24-Nov-2020 - 00:00,66.83,125.88,108.96,56.23,15.47,58.64,3.51,505.12,330.93,3.17,17.48,17.97,31.97,743.0,49.2,0.0,0.34,144.12,48.08,25-Nov-2020 - 00:00,"Yamunapuram, Bulandshahr - UPPCB"
25-Nov-2020 - 00:00,29.81,17.95,2.52,52.54,12.4,72.79,1.13,351.95,230.25,1.74,5.14,18.61,31.86,743.0,50.25,0.0,0.79,87.69,41.5,26-Nov-2020 - 00:00,"Yamunapuram, Bulandshahr - UPPCB"
26-Nov-2020 - 00:00,37.23,27.91,9.91,47.32,8.87,29.9,1.08,208.6,148.52,1.12,3.87,18.34,32.06,743.0,59.51,0.0,0.9,203.68,36.01,27-Nov-2020 - 00:00,"Yamunapuram, Bulandshahr - UPPCB"
27-Nov-2020 - 00:00,52.3,45.41,21.57,38.7,12.4,28.68,1.03,174.85,82.94,0.79,7.74,18.85,32.69,743.0,51.54,0.0,1.48,278.64,55.91,28-Nov-2020 - 00:00,"Yamunapuram, Bulandshahr - UPPCB"
28-Nov-2020 - 00:00,76.61,65.12,29.98,45.06,15.36,61.21,1.61,307.29,128.94,1.14,10.59,20.61,32.49,743.0,41.23,0.0,0.99,257.88,52.83,29-Nov-2020 - 00:00,"Yamunapuram, Bulandshahr - UPPCB"
29-Nov-2020 - 00:00,68.29,57.46,25.94,42.68,15.34,52.24,1.39,280.5,162.8,1.05,9.02,18.37,31.78,743.0,45.92,0.0,0.61,261.01,58.24,30-Nov-2020 - 00:00,"Yamunapuram, Bulandshahr - UPPCB"
30-Nov-2020 - 00:00,88.32,80.12,40.69,51.02,19.53,56.83,1.76,371.89,224.57,1.44,11.16,18.73,32.36,743.0,46.89,0.0,0.59,269.86,53.06,01-Dec-2020 - 00:00,"Yamunapuram, Bulandshahr - UPPCB"
01-Dec-2020 - 00:00,114.3,179.0,145.35,55.3,25.05,1.6,2.41,420.0,267.0,1.6,15.15,16.5,32.85,743.0,53.5,0.0,0.3,287.5,8.0,02-Dec-2020 - 00:00,"Yamunapuram, Bulandshahr - UPPCB"
