from date,MP-Xylene,Toluene,Benzene,AT,RH,ETH,SR,VWS,WS,WD,CO,NO,NO2,NOx,Ozone,PM2.5,SO2,to date,BP,station
01-Jan-2018 - 00:00,0.0,1.09,2.1,8.9,99.14,0.0,12.81,0.1,0.29,240.39,781.14,10.08,27.99,22.73,19.46,121.03,4.74,02-Jan-2018 - 00:00,,"Central School, Lucknow - CPCB"
02-Jan-2018 - 00:00,0.0,1.1,2.1,7.7,98.11,0.0,14.34,0.09,0.3,200.82,,5.33,5.97,6.36,19.81,175.33,5.88,03-Jan-2018 - 00:00,,"Central School, Lucknow - CPCB"
03-Jan-2018 - 00:00,0.61,2.68,2.76,6.83,98.95,1.31,21.8,0.1,0.27,273.0,842.37,10.89,28.08,23.41,14.48,172.73,6.28,04-Jan-2018 - 00:00,,"Central School, Lucknow - CPCB"
04-Jan-2018 - 00:00,1.19,4.2,3.42,10.46,95.52,2.61,22.26,0.1,0.28,173.94,938.4,11.71,46.61,34.16,25.06,193.08,5.71,05-Jan-2018 - 00:00,,"Central School, Lucknow - CPCB"
05-Jan-2018 - 00:00,1.2,4.22,3.41,8.24,99.12,2.6,17.45,0.1,0.29,232.1,,24.33,52.96,47.63,9.74,195.48,5.79,06-Jan-2018 - 00:00,,"Central School, Lucknow - CPCB"
06-Jan-2018 - 00:00,1.2,4.16,3.39,8.68,87.08,2.6,30.19,0.1,0.29,235.04,,37.11,49.29,56.17,18.5,125.92,6.17,07-Jan-2018 - 00:00,,"Central School, Lucknow - CPCB"
07-Jan-2018 - 00:00,1.2,4.19,3.39,9.03,89.55,2.6,22.78,0.1,0.31,205.34,,59.56,55.74,77.3,15.93,177.44,5.81,08-Jan-2018 - 00:00,,"Central School, Lucknow - CPCB"
08-Jan-2018 - 00:00,1.2,4.21,3.41,11.61,95.22,2.6,33.26,0.09,0.32,152.41,965.51,22.63,55.45,47.6,15.8,210.1,5.46,09-Jan-2018 - 00:00,,"Central School, Lucknow - CPCB"
09-Jan-2018 - 00:00,1.21,4.21,3.4,11.17,99.13,2.59,19.48,0.11,0.27,184.14,,35.39,46.46,53.53,9.63,169.37,5.54,10-Jan-2018 - 00:00,,"Central School, Lucknow - CPCB"
10-Jan-2018 - 00:00,1.2,4.18,3.4,10.93,97.12,2.61,27.02,0.11,0.27,207.33,870.38,16.46,46.73,38.02,13.73,173.36,4.93,11-Jan-2018 - 00:00,,"Central School, Lucknow - CPCB"
11-Jan-2018 - 00:00,0.56,1.96,1.59,10.59,96.92,1.22,20.64,0.1,0.29,198.06,,25.24,50.03,46.81,16.15,175.37,5.39,12-Jan-2018 - 00:00,,"Central School, Lucknow - CPCB"
12-Jan-2018 - 00:00,0.0,0.0,0.0,10.26,99.12,0.0,18.33,0.1,0.26,157.71,,17.66,56.6,44.23,9.58,195.39,5.3,13-Jan-2018 - 00:00,,"Central School, Lucknow - CPCB"
13-Jan-2018 - 00:00,0.0,0.0,0.0,11.7,94.82,0.0,21.84,0.1,0.29,247.16,,46.56,52.76,65.87,17.07,212.38,5.68,14-Jan-2018 - 00:00,,"Central School, Lucknow - CPCB"
14-Jan-2018 - 00:00,0.0,0.0,0.0,14.03,77.23,4.35,37.91,0.11,0.33,259.46,,54.16,61.22,75.89,25.04,188.77,5.08,15-Jan-2018 - 00:00,,"Central School, Lucknow - CPCB"
15-Jan-2018 - 00:00,0.0,0.0,0.0,14.18,73.09,9.99,29.92,0.1,0.34,266.66,,60.28,63.38,81.94,25.22,193.8,5.13,16-Jan-2018 - 00:00,,"Central School, Lucknow - CPCB"
16-Jan-2018 - 00:00,0.0,0.0,0.0,12.8,82.6,0.0,27.55,0.1,0.32,196.74,932.72,11.4,48.19,34.75,32.57,142.08,6.52,17-Jan-2018 - 00:00,,"Central School, Lucknow - CPCB"
17-Jan-2018 - 00:00,0.0,0.0,0.0,11.16,97.5,0.67,29.16,0.11,0.27,117.27,,28.18,54.17,51.36,8.57,134.05,4.93,18-Jan-2018 - 00:00,,"Central School, Lucknow - CPCB"
18-Jan-2018 - 00:00,0.0,0.0,0.0,12.73,82.64,381.43,35.89,0.12,0.32,254.39,,70.79,55.82,76.49,17.74,165.65,6.2,19-Jan-2018 - 00:00,,"Central School, Lucknow - CPCB"
19-Jan-2018 - 00:00,20.83,93.75,7.67,16.07,79.08,347.0,35.23,0.11,0.35,223.07,,124.65,55.72,131.59,14.24,190.8,19.33,20-Jan-2018 - 00:00,,"Central School, Lucknow - CPCB"
20-Jan-2018 - 00:00,0.0,0.0,0.0,11.66,80.49,,15.02,0.1,0.3,175.18,494.58,21.68,39.13,41.29,10.01,126.13,17.37,21-Jan-2018 - 00:00,914.83,"Central School, Lucknow - CPCB"
21-Jan-2018 - 00:00,0.0,0.0,0.0,4.66,30.86,,0.5,0.03,0.12,93.02,,47.58,29.0,75.31,1.18,78.52,2.62,22-Jan-2018 - 00:00,354.2,"Central School, Lucknow - CPCB"
22-Jan-2018 - 00:00,0.0,0.0,0.0,14.33,78.9,,35.17,0.09,0.32,270.34,,33.45,42.59,49.42,24.07,202.29,2.82,23-Jan-2018 - 00:00,,"Central School, Lucknow - CPCB"
23-Jan-2018 - 00:00,50.13,63.19,0.51,14.85,77.68,136.2,36.33,0.09,0.34,140.59,,27.32,21.85,33.48,29.18,189.25,4.04,24-Jan-2018 - 00:00,,"Central School, Lucknow - CPCB"
24-Jan-2018 - 00:00,48.36,50.15,0.44,14.76,88.09,66.32,32.6,0.09,0.29,208.42,905.2,8.93,10.28,12.61,24.69,100.53,4.58,25-Jan-2018 - 00:00,,"Central School, Lucknow - CPCB"
25-Jan-2018 - 00:00,23.32,45.48,1.58,12.6,96.64,29.97,24.72,0.09,0.35,252.44,837.96,6.85,3.34,6.69,20.09,118.4,4.69,26-Jan-2018 - 00:00,,"Central School, Lucknow - CPCB"
26-Jan-2018 - 00:00,15.34,39.14,1.97,13.03,89.87,25.67,32.58,0.09,0.37,243.4,989.24,5.49,2.67,5.63,24.31,115.65,5.46,27-Jan-2018 - 00:00,,"Central School, Lucknow - CPCB"
27-Jan-2018 - 00:00,6.8,30.13,2.58,11.66,90.06,16.93,26.34,0.08,0.31,243.77,,5.81,3.0,5.92,22.16,125.75,5.28,28-Jan-2018 - 00:00,,"Central School, Lucknow - CPCB"
28-Jan-2018 - 00:00,16.4,37.02,3.64,11.83,81.5,16.06,42.82,0.09,0.39,186.82,,4.53,2.52,4.81,23.82,148.14,5.64,29-Jan-2018 - 00:00,,"Central School, Lucknow - CPCB"
29-Jan-2018 - 00:00,7.0,44.49,6.46,13.08,74.09,20.25,42.46,0.08,0.37,204.64,,4.61,2.65,4.21,23.12,152.83,6.11,30-Jan-2018 - 00:00,,"Central School, Lucknow - CPCB"
30-Jan-2018 - 00:00,8.56,18.33,0.72,15.63,71.03,8.1,35.57,0.07,0.39,230.75,968.86,6.56,2.52,6.31,31.61,126.69,5.9,31-Jan-2018 - 00:00,,"Central School, Lucknow - CPCB"
31-Jan-2018 - 00:00,1.67,7.92,0.0,16.71,64.42,2.5,33.51,0.08,0.39,248.72,854.37,6.44,4.28,7.02,32.43,89.77,5.66,01-Feb-2018 - 00:00,,"Central School, Lucknow - CPCB"
01-Feb-2018 - 00:00,0.43,0.0,0.0,16.96,70.25,0.0,37.25,0.09,0.38,240.62,958.03,5.88,2.52,5.59,27.95,115.03,6.28,02-Feb-2018 - 00:00,,"Central School, Lucknow - CPCB"
02-Feb-2018 - 00:00,0.0,0.0,0.35,15.07,64.99,0.0,30.06,0.08,0.33,217.5,,4.64,2.06,5.84,19.84,105.04,5.45,03-Feb-2018 - 00:00,886.29,"Central School, Lucknow - CPCB"
03-Feb-2018 - 00:00,0.0,0.0,0.49,17.97,75.0,0.0,37.1,0.1,0.33,108.03,,2.67,1.49,2.8,18.07,168.53,5.15,04-Feb-2018 - 00:00,982.9,"Central School, Lucknow - CPCB"
04-Feb-2018 - 00:00,0.0,0.0,0.0,17.6,61.09,0.0,39.3,0.09,0.34,272.93,786.15,6.62,3.62,7.1,31.57,118.29,5.62,05-Feb-2018 - 00:00,,"Central School, Lucknow - CPCB"
05-Feb-2018 - 00:00,0.0,0.0,0.0,15.74,57.87,0.0,31.78,0.09,0.36,264.83,870.15,7.14,2.94,6.8,34.11,102.34,6.64,06-Feb-2018 - 00:00,,"Central School, Lucknow - CPCB"
06-Feb-2018 - 00:00,0.0,0.0,0.4,15.96,58.6,0.0,36.42,0.09,0.38,259.66,850.88,8.03,7.94,10.63,26.49,104.47,6.59,07-Feb-2018 - 00:00,,"Central School, Lucknow - CPCB"
07-Feb-2018 - 00:00,0.0,0.0,0.0,14.96,59.24,0.0,24.48,0.07,0.39,257.09,679.46,9.52,18.1,17.24,22.58,95.3,6.23,08-Feb-2018 - 00:00,,"Central School, Lucknow - CPCB"
08-Feb-2018 - 00:00,0.0,0.0,0.0,16.07,52.42,10.53,32.61,0.05,0.36,266.77,618.66,9.45,16.22,16.19,27.87,94.63,5.78,09-Feb-2018 - 00:00,,"Central School, Lucknow - CPCB"
09-Feb-2018 - 00:00,0.0,0.0,0.0,16.6,47.62,30.72,28.3,0.04,0.37,263.32,639.48,9.92,17.24,17.11,32.29,84.23,7.47,10-Feb-2018 - 00:00,,"Central School, Lucknow - CPCB"
10-Feb-2018 - 00:00,0.0,0.16,0.0,16.98,45.91,65.15,31.43,0.04,0.36,264.28,,8.38,16.23,14.81,27.5,66.34,9.09,11-Feb-2018 - 00:00,,"Central School, Lucknow - CPCB"
11-Feb-2018 - 00:00,0.0,0.0,0.0,16.23,53.87,67.92,25.2,0.05,0.37,191.03,893.96,5.39,11.06,9.24,18.95,6.75,6.96,12-Feb-2018 - 00:00,,"Central School, Lucknow - CPCB"
12-Feb-2018 - 00:00,0.0,0.0,0.0,15.55,78.42,48.13,32.73,0.17,0.32,109.39,901.71,9.37,19.59,18.14,17.17,21.26,7.24,13-Feb-2018 - 00:00,,"Central School, Lucknow - CPCB"
13-Feb-2018 - 00:00,0.0,1.25,0.0,17.62,93.54,68.93,52.81,0.08,0.29,145.46,900.81,9.06,20.3,18.03,11.98,57.75,6.88,14-Feb-2018 - 00:00,,"Central School, Lucknow - CPCB"
14-Feb-2018 - 00:00,0.0,0.0,0.0,17.54,72.84,56.98,59.21,0.07,0.0,261.93,8.63,0.08,0.22,19.15,0.05,0.83,0.06,15-Feb-2018 - 00:00,,"Central School, Lucknow - CPCB"
15-Feb-2018 - 00:00,,0.0,0.0,17.02,70.99,83.4,59.96,0.07,0.0,259.24,0.87,0.0,0.0,18.77,0.0,0.0,0.0,16-Feb-2018 - 00:00,,"Central School, Lucknow - CPCB"
16-Feb-2018 - 00:00,,0.0,0.0,18.59,78.53,55.41,58.17,0.08,0.0,261.97,0.95,0.0,0.0,17.8,0.0,0.0,0.0,17-Feb-2018 - 00:00,,"Central School, Lucknow - CPCB"
17-Feb-2018 - 00:00,,0.0,0.0,19.87,78.1,58.91,56.95,0.09,0.0,265.87,0.9,0.0,0.0,17.1,0.0,0.0,0.0,18-Feb-2018 - 00:00,,"Central School, Lucknow - CPCB"
18-Feb-2018 - 00:00,,0.0,0.0,20.54,69.34,28.03,58.72,0.09,0.0,272.99,0.92,0.0,0.0,14.66,0.0,0.0,0.0,19-Feb-2018 - 00:00,,"Central School, Lucknow - CPCB"
19-Feb-2018 - 00:00,,0.0,0.0,19.83,59.31,4.91,72.0,0.09,0.0,262.94,0.88,0.0,0.0,12.39,0.0,0.0,0.0,20-Feb-2018 - 00:00,,"Central School, Lucknow - CPCB"
20-Feb-2018 - 00:00,,0.0,0.0,20.04,54.41,3.85,71.26,0.09,0.0,269.96,0.96,0.0,0.0,13.28,0.0,0.0,0.0,21-Feb-2018 - 00:00,,"Central School, Lucknow - CPCB"
21-Feb-2018 - 00:00,,0.0,0.0,20.94,64.64,13.78,65.58,0.09,0.0,278.75,1.09,0.0,0.0,7.73,0.0,0.0,0.0,22-Feb-2018 - 00:00,,"Central School, Lucknow - CPCB"
22-Feb-2018 - 00:00,,0.0,0.0,22.89,64.18,0.0,67.32,0.05,0.0,279.65,1.32,0.0,0.0,6.96,0.0,0.0,0.0,23-Feb-2018 - 00:00,,"Central School, Lucknow - CPCB"
23-Feb-2018 - 00:00,,0.0,0.0,21.72,74.94,0.0,27.36,0.07,0.0,133.67,1.37,0.0,0.0,2.35,0.0,0.0,0.0,24-Feb-2018 - 00:00,,"Central School, Lucknow - CPCB"
24-Feb-2018 - 00:00,,0.0,0.0,24.57,60.28,0.0,61.73,0.05,0.0,104.74,1.04,0.0,0.0,9.09,0.0,0.0,0.0,25-Feb-2018 - 00:00,,"Central School, Lucknow - CPCB"
25-Feb-2018 - 00:00,,0.0,0.0,24.14,75.9,0.0,53.37,0.06,0.0,148.83,0.95,0.0,0.0,15.44,0.0,0.0,0.0,26-Feb-2018 - 00:00,,"Central School, Lucknow - CPCB"
26-Feb-2018 - 00:00,,0.0,0.0,22.3,65.06,0.0,79.83,0.05,0.0,266.72,0.93,0.0,0.0,16.03,0.0,0.0,0.0,27-Feb-2018 - 00:00,,"Central School, Lucknow - CPCB"
27-Feb-2018 - 00:00,,0.0,0.0,22.06,58.19,0.0,77.95,0.05,0.0,269.14,0.9,0.35,0.08,34.9,0.0,0.0,0.41,28-Feb-2018 - 00:00,,"Central School, Lucknow - CPCB"
28-Feb-2018 - 00:00,,0.0,0.0,23.95,65.86,0.0,70.42,0.05,0.0,251.59,1.06,0.0,0.0,48.2,0.0,0.0,0.0,01-Mar-2018 - 00:00,,"Central School, Lucknow - CPCB"
01-Mar-2018 - 00:00,,0.0,0.0,25.24,56.52,1.12,74.36,0.05,0.0,271.89,1.09,0.0,0.0,43.9,0.0,0.0,0.0,02-Mar-2018 - 00:00,,"Central School, Lucknow - CPCB"
02-Mar-2018 - 00:00,,0.0,0.0,25.07,53.22,0.4,74.05,0.05,0.0,263.03,1.02,0.0,0.0,37.68,0.0,0.0,0.0,03-Mar-2018 - 00:00,,"Central School, Lucknow - CPCB"
03-Mar-2018 - 00:00,,0.0,0.0,25.6,50.7,0.51,78.03,0.05,0.0,263.43,1.03,0.0,0.0,37.46,0.0,0.0,0.0,04-Mar-2018 - 00:00,,"Central School, Lucknow - CPCB"
04-Mar-2018 - 00:00,,0.0,0.0,25.96,50.04,1.04,73.53,0.05,0.0,270.07,0.84,0.0,0.0,40.67,0.0,0.0,0.0,05-Mar-2018 - 00:00,,"Central School, Lucknow - CPCB"
05-Mar-2018 - 00:00,,0.0,0.0,23.9,50.55,0.0,71.15,0.06,0.0,257.6,0.79,0.0,0.0,38.74,0.0,0.0,0.0,06-Mar-2018 - 00:00,,"Central School, Lucknow - CPCB"
06-Mar-2018 - 00:00,,0.0,0.0,22.95,47.44,0.15,92.24,0.07,0.0,269.34,0.77,0.0,0.0,36.43,0.0,0.0,0.0,07-Mar-2018 - 00:00,,"Central School, Lucknow - CPCB"
07-Mar-2018 - 00:00,,0.0,0.0,22.47,47.32,0.32,92.65,0.06,0.0,253.54,0.9,0.0,0.0,43.39,0.0,0.0,0.0,08-Mar-2018 - 00:00,,"Central School, Lucknow - CPCB"
08-Mar-2018 - 00:00,,0.0,0.0,23.26,45.94,2.22,83.56,0.07,0.0,240.2,1.01,0.0,0.0,57.34,0.0,0.0,0.0,09-Mar-2018 - 00:00,,"Central School, Lucknow - CPCB"
09-Mar-2018 - 00:00,,0.0,0.0,24.11,47.02,1.82,86.3,0.06,0.0,208.15,0.9,0.0,0.0,48.03,0.0,0.0,0.0,10-Mar-2018 - 00:00,,"Central School, Lucknow - CPCB"
10-Mar-2018 - 00:00,,0.0,0.0,25.16,42.64,0.0,91.13,0.06,0.0,266.15,0.79,0.0,0.0,38.34,0.0,0.0,0.0,11-Mar-2018 - 00:00,,"Central School, Lucknow - CPCB"
11-Mar-2018 - 00:00,,0.0,0.0,25.16,43.18,0.0,89.1,0.06,0.0,273.42,1.42,0.0,0.0,41.24,0.0,0.0,0.0,12-Mar-2018 - 00:00,,"Central School, Lucknow - CPCB"
12-Mar-2018 - 00:00,,0.0,0.0,25.55,47.13,0.06,87.21,0.06,0.0,274.49,1.96,0.0,0.0,43.53,0.0,0.0,0.0,13-Mar-2018 - 00:00,,"Central School, Lucknow - CPCB"
13-Mar-2018 - 00:00,,0.05,0.06,26.29,45.18,0.0,89.84,0.06,0.0,258.11,0.51,2.97,2.07,43.88,2.92,0.0,0.99,14-Mar-2018 - 00:00,,"Central School, Lucknow - CPCB"
14-Mar-2018 - 00:00,,0.0,0.0,26.58,44.35,0.0,79.32,0.07,0.0,152.35,0.0,0.0,0.0,73.78,0.0,0.0,0.0,15-Mar-2018 - 00:00,,"Central School, Lucknow - CPCB"
15-Mar-2018 - 00:00,,0.0,0.0,27.81,40.89,0.0,60.27,0.06,0.0,186.05,0.0,0.0,0.0,51.5,0.0,0.0,0.0,16-Mar-2018 - 00:00,,"Central School, Lucknow - CPCB"
16-Mar-2018 - 00:00,,0.0,0.0,25.25,43.61,0.0,86.05,0.06,0.0,237.96,0.0,0.0,0.0,38.78,0.0,0.0,0.0,17-Mar-2018 - 00:00,,"Central School, Lucknow - CPCB"
17-Mar-2018 - 00:00,,0.0,0.0,25.37,38.42,0.0,90.57,0.07,0.0,270.19,0.0,0.0,0.0,38.15,0.0,0.0,0.0,18-Mar-2018 - 00:00,,"Central School, Lucknow - CPCB"
18-Mar-2018 - 00:00,,0.0,0.0,25.22,32.82,0.0,100.14,0.06,0.0,274.57,0.0,0.0,0.0,36.67,0.0,0.0,0.0,19-Mar-2018 - 00:00,,"Central School, Lucknow - CPCB"
19-Mar-2018 - 00:00,,0.0,0.0,25.69,35.95,0.0,93.2,0.06,0.0,276.31,0.0,0.0,0.0,42.26,0.0,0.0,0.0,20-Mar-2018 - 00:00,,"Central School, Lucknow - CPCB"
20-Mar-2018 - 00:00,,0.0,0.0,27.55,36.76,0.0,93.1,0.06,0.0,273.23,0.21,4.36,1.49,39.88,0.0,0.0,1.02,21-Mar-2018 - 00:00,,"Central School, Lucknow - CPCB"
21-Mar-2018 - 00:00,,0.0,0.0,28.51,38.14,0.06,75.37,0.07,0.0,144.82,0.0,0.0,0.0,48.13,0.0,0.0,0.0,22-Mar-2018 - 00:00,,"Central School, Lucknow - CPCB"
22-Mar-2018 - 00:00,,0.0,0.0,27.79,39.22,0.0,83.02,0.07,0.0,212.8,0.0,0.0,0.0,46.43,0.0,0.0,0.0,23-Mar-2018 - 00:00,,"Central School, Lucknow - CPCB"
23-Mar-2018 - 00:00,,0.0,0.0,28.01,38.68,0.0,86.1,0.06,0.0,275.18,0.0,0.0,0.0,35.2,0.0,0.0,0.0,24-Mar-2018 - 00:00,,"Central School, Lucknow - CPCB"
24-Mar-2018 - 00:00,,0.0,0.0,26.81,42.39,0.0,93.84,0.07,0.3,256.32,0.0,0.0,0.0,27.22,0.0,0.0,0.0,25-Mar-2018 - 00:00,,"Central School, Lucknow - CPCB"
25-Mar-2018 - 00:00,,0.0,0.0,27.39,37.75,0.0,97.09,0.06,0.33,269.55,0.0,0.0,0.0,26.66,0.0,0.0,0.0,26-Mar-2018 - 00:00,,"Central School, Lucknow - CPCB"
26-Mar-2018 - 00:00,,0.0,0.0,27.2,37.67,0.0,90.82,0.06,0.37,266.27,0.0,0.0,0.0,28.3,0.0,0.0,0.0,27-Mar-2018 - 00:00,,"Central School, Lucknow - CPCB"
27-Mar-2018 - 00:00,,0.0,0.0,28.27,36.05,0.0,91.95,0.07,0.41,263.71,0.03,0.08,0.33,31.77,4.27,0.0,0.64,28-Mar-2018 - 00:00,,"Central School, Lucknow - CPCB"
28-Mar-2018 - 00:00,,0.0,0.0,29.01,31.97,0.72,90.94,0.07,0.41,241.43,0.0,0.0,0.0,57.18,0.0,0.0,0.0,29-Mar-2018 - 00:00,,"Central School, Lucknow - CPCB"
29-Mar-2018 - 00:00,,0.0,0.0,29.09,30.85,1.38,97.62,0.06,0.38,271.34,0.0,0.0,0.0,54.25,0.0,0.0,0.0,30-Mar-2018 - 00:00,,"Central School, Lucknow - CPCB"
30-Mar-2018 - 00:00,,0.0,0.0,28.11,34.79,0.0,85.81,0.06,0.36,166.65,0.0,0.0,0.0,40.86,0.0,0.0,0.0,31-Mar-2018 - 00:00,,"Central School, Lucknow - CPCB"
31-Mar-2018 - 00:00,,0.0,0.0,25.29,43.4,0.0,86.69,0.08,0.42,109.8,0.0,0.0,0.0,23.86,0.0,0.0,0.0,01-Apr-2018 - 00:00,,"Central School, Lucknow - CPCB"
01-Apr-2018 - 00:00,,0.0,0.0,26.46,49.49,0.0,83.96,0.07,0.41,96.18,0.0,0.0,0.0,31.81,0.0,0.0,0.0,02-Apr-2018 - 00:00,,"Central School, Lucknow - CPCB"
02-Apr-2018 - 00:00,,0.0,0.0,27.95,44.84,0.09,84.8,0.09,0.4,90.34,0.0,0.0,0.0,47.66,0.0,0.0,0.0,03-Apr-2018 - 00:00,,"Central School, Lucknow - CPCB"
03-Apr-2018 - 00:00,,0.0,0.0,29.82,38.72,0.06,80.5,0.1,0.39,116.53,0.04,0.9,0.19,36.51,1.18,0.0,0.69,04-Apr-2018 - 00:00,,"Central School, Lucknow - CPCB"
04-Apr-2018 - 00:00,,0.0,0.0,30.16,38.3,0.0,114.29,0.1,0.33,164.48,0.0,0.0,0.0,32.51,0.0,0.0,0.0,05-Apr-2018 - 00:00,,"Central School, Lucknow - CPCB"
05-Apr-2018 - 00:00,,0.0,0.0,30.89,41.46,0.0,119.25,0.03,0.44,107.22,0.0,0.0,0.0,26.8,0.0,0.0,0.0,06-Apr-2018 - 00:00,,"Central School, Lucknow - CPCB"
06-Apr-2018 - 00:00,,0.0,0.0,27.92,53.08,0.0,67.03,0.06,0.44,105.11,0.0,0.0,0.0,24.96,0.0,0.0,0.0,07-Apr-2018 - 00:00,,"Central School, Lucknow - CPCB"
07-Apr-2018 - 00:00,,0.0,0.0,26.43,62.22,0.0,96.09,0.13,0.37,97.19,0.0,0.0,0.0,24.64,0.0,0.0,0.0,08-Apr-2018 - 00:00,,"Central School, Lucknow - CPCB"
08-Apr-2018 - 00:00,,0.0,0.0,27.71,52.72,0.0,90.76,0.06,0.38,108.06,0.0,0.0,0.0,28.78,0.0,0.0,0.0,09-Apr-2018 - 00:00,,"Central School, Lucknow - CPCB"
09-Apr-2018 - 00:00,,0.0,0.0,26.37,60.51,0.0,73.78,0.06,0.35,124.41,0.0,0.0,0.0,27.67,0.0,0.0,0.0,10-Apr-2018 - 00:00,,"Central School, Lucknow - CPCB"
10-Apr-2018 - 00:00,,0.0,0.0,26.84,62.02,0.0,100.33,0.07,0.29,168.77,0.0,0.0,0.0,30.18,0.0,0.0,0.0,11-Apr-2018 - 00:00,,"Central School, Lucknow - CPCB"
11-Apr-2018 - 00:00,,0.0,0.0,27.32,56.37,0.01,76.19,0.06,0.32,162.78,0.0,0.0,0.0,27.07,0.0,0.0,0.0,12-Apr-2018 - 00:00,,"Central School, Lucknow - CPCB"
12-Apr-2018 - 00:00,,0.0,0.0,30.16,40.08,0.01,116.91,-0.03,0.34,261.02,0.0,0.0,0.0,28.17,0.0,0.0,0.0,13-Apr-2018 - 00:00,,"Central School, Lucknow - CPCB"
13-Apr-2018 - 00:00,,0.0,0.0,29.38,36.33,0.0,104.0,-0.03,0.36,259.74,0.0,0.0,0.0,33.31,0.0,0.0,0.0,14-Apr-2018 - 00:00,,"Central School, Lucknow - CPCB"
14-Apr-2018 - 00:00,,0.0,0.0,29.84,28.44,0.0,106.73,-0.02,0.38,260.02,0.0,0.0,0.0,33.25,0.0,0.0,0.0,15-Apr-2018 - 00:00,,"Central School, Lucknow - CPCB"
15-Apr-2018 - 00:00,,0.0,0.0,31.57,28.74,0.0,101.04,-0.04,0.39,255.68,0.0,0.0,0.0,35.1,0.0,0.0,0.0,16-Apr-2018 - 00:00,,"Central School, Lucknow - CPCB"
16-Apr-2018 - 00:00,,0.0,0.0,32.22,33.8,0.0,95.02,-0.04,0.4,221.53,0.0,0.0,0.0,45.69,0.0,0.0,0.0,17-Apr-2018 - 00:00,,"Central School, Lucknow - CPCB"
17-Apr-2018 - 00:00,,0.0,0.0,32.4,34.36,0.0,87.53,0.01,0.37,155.82,0.0,0.0,0.0,45.24,0.0,0.0,0.0,18-Apr-2018 - 00:00,,"Central School, Lucknow - CPCB"
18-Apr-2018 - 00:00,,0.0,0.0,32.58,29.84,0.02,100.23,0.07,0.37,265.5,0.0,0.0,0.0,29.08,0.0,0.0,0.0,19-Apr-2018 - 00:00,,"Central School, Lucknow - CPCB"
19-Apr-2018 - 00:00,,0.0,0.0,32.61,26.78,0.05,98.41,0.07,0.39,268.52,0.0,0.0,0.0,41.88,0.0,0.0,0.0,20-Apr-2018 - 00:00,,"Central School, Lucknow - CPCB"
20-Apr-2018 - 00:00,,0.0,0.0,31.02,37.45,0.0,83.24,0.07,0.43,134.9,0.0,0.0,0.0,50.44,0.0,0.0,0.0,21-Apr-2018 - 00:00,,"Central School, Lucknow - CPCB"
21-Apr-2018 - 00:00,,0.0,0.0,31.61,30.29,0.0,95.49,0.08,0.31,260.58,0.0,0.0,0.0,29.42,0.0,0.0,0.0,22-Apr-2018 - 00:00,,"Central School, Lucknow - CPCB"
22-Apr-2018 - 00:00,,0.0,0.0,29.68,22.42,0.0,109.36,0.07,0.36,282.32,0.0,0.0,0.0,26.27,0.0,0.0,0.0,23-Apr-2018 - 00:00,,"Central School, Lucknow - CPCB"
23-Apr-2018 - 00:00,,0.0,0.0,30.27,20.7,0.0,110.71,0.07,0.42,271.15,0.04,0.0,0.0,26.78,0.0,0.0,0.0,24-Apr-2018 - 00:00,,"Central School, Lucknow - CPCB"
24-Apr-2018 - 00:00,,0.0,0.0,33.19,20.97,0.0,137.98,0.04,0.4,258.73,0.0,0.0,0.0,48.59,0.0,0.0,0.0,25-Apr-2018 - 00:00,,"Central School, Lucknow - CPCB"
25-Apr-2018 - 00:00,,0.0,0.0,31.14,26.72,0.0,103.25,0.07,0.42,243.93,0.0,0.0,0.0,66.69,0.0,0.0,0.0,26-Apr-2018 - 00:00,,"Central School, Lucknow - CPCB"
26-Apr-2018 - 00:00,,0.0,0.0,30.6,40.0,0.0,86.05,0.09,0.44,118.11,0.0,0.0,0.0,29.53,0.0,0.0,0.0,27-Apr-2018 - 00:00,,"Central School, Lucknow - CPCB"
27-Apr-2018 - 00:00,,0.0,0.0,29.35,49.0,0.0,91.81,0.07,0.41,107.85,0.0,0.0,0.0,22.76,0.0,0.0,0.0,28-Apr-2018 - 00:00,,"Central School, Lucknow - CPCB"
28-Apr-2018 - 00:00,,0.0,0.0,30.22,48.61,0.0,85.24,0.05,0.41,110.84,0.0,0.0,0.0,24.39,0.0,0.0,0.0,29-Apr-2018 - 00:00,,"Central School, Lucknow - CPCB"
29-Apr-2018 - 00:00,,0.0,0.0,30.5,51.37,0.0,85.84,0.09,0.43,112.19,0.0,0.0,0.0,24.68,0.0,0.0,0.0,30-Apr-2018 - 00:00,,"Central School, Lucknow - CPCB"
30-Apr-2018 - 00:00,,0.0,0.0,26.94,65.2,0.0,65.54,0.08,0.43,123.44,0.0,0.0,0.0,22.47,0.0,0.0,0.0,01-May-2018 - 00:00,,"Central School, Lucknow - CPCB"
01-May-2018 - 00:00,,0.0,0.0,27.38,70.73,0.03,77.74,0.06,0.49,109.86,0.0,0.0,0.0,22.68,0.0,0.0,0.0,02-May-2018 - 00:00,,"Central School, Lucknow - CPCB"
02-May-2018 - 00:00,,0.0,0.0,28.45,63.93,0.05,32.26,0.05,0.44,105.09,0.0,0.0,0.0,24.39,0.0,0.0,0.0,03-May-2018 - 00:00,,"Central School, Lucknow - CPCB"
03-May-2018 - 00:00,,0.0,0.0,26.48,69.93,0.05,95.95,0.15,0.39,116.14,0.0,0.0,0.0,23.75,0.0,0.0,0.0,04-May-2018 - 00:00,,"Central School, Lucknow - CPCB"
04-May-2018 - 00:00,,0.0,0.0,28.67,58.34,0.05,90.9,0.07,0.4,100.2,0.0,0.0,0.0,26.02,0.0,0.0,0.0,05-May-2018 - 00:00,,"Central School, Lucknow - CPCB"
05-May-2018 - 00:00,,0.0,0.0,30.9,58.08,0.05,88.88,0.07,0.38,115.41,0.0,0.0,0.0,27.7,0.0,0.0,0.0,06-May-2018 - 00:00,,"Central School, Lucknow - CPCB"
06-May-2018 - 00:00,,0.0,0.0,32.84,51.32,0.05,81.29,0.06,0.34,127.21,0.0,0.0,0.0,30.75,0.0,0.0,0.0,07-May-2018 - 00:00,,"Central School, Lucknow - CPCB"
07-May-2018 - 00:00,,0.0,0.0,34.35,39.06,0.05,87.36,0.05,0.4,281.1,0.0,0.0,0.0,52.2,0.0,0.0,0.0,08-May-2018 - 00:00,,"Central School, Lucknow - CPCB"
08-May-2018 - 00:00,,0.0,0.0,33.53,34.64,0.05,89.5,0.05,0.36,285.15,0.0,0.0,0.0,43.17,0.0,0.0,0.0,09-May-2018 - 00:00,999.53,"Central School, Lucknow - CPCB"
09-May-2018 - 00:00,,0.0,0.0,32.28,32.08,0.02,98.03,0.04,0.36,268.83,0.0,0.0,0.0,29.66,0.0,0.0,0.0,10-May-2018 - 00:00,,"Central School, Lucknow - CPCB"
10-May-2018 - 00:00,,0.0,0.0,32.59,28.61,0.0,100.86,0.02,0.4,277.02,0.0,0.0,0.0,34.35,0.0,0.0,0.0,11-May-2018 - 00:00,,"Central School, Lucknow - CPCB"
11-May-2018 - 00:00,,0.0,0.0,33.43,33.63,0.0,90.26,0.01,0.39,202.19,0.0,0.0,0.0,40.96,0.0,0.0,0.0,12-May-2018 - 00:00,,"Central School, Lucknow - CPCB"
12-May-2018 - 00:00,,0.0,0.0,32.19,51.14,0.0,81.36,0.05,0.39,107.42,0.0,0.0,0.0,23.76,0.0,0.0,0.0,13-May-2018 - 00:00,,"Central School, Lucknow - CPCB"
13-May-2018 - 00:00,,0.0,0.0,31.25,57.25,0.0,81.67,0.17,0.37,115.12,0.0,0.0,0.0,22.4,0.0,0.0,0.0,14-May-2018 - 00:00,,"Central School, Lucknow - CPCB"
14-May-2018 - 00:00,,0.0,0.0,27.38,66.0,0.0,82.62,0.06,0.33,118.86,0.0,0.0,0.0,23.37,0.0,0.0,0.0,15-May-2018 - 00:00,,"Central School, Lucknow - CPCB"
15-May-2018 - 00:00,,0.0,0.0,29.8,62.85,0.0,80.66,0.05,0.36,118.35,0.0,0.0,0.0,26.64,0.0,0.0,0.0,16-May-2018 - 00:00,,"Central School, Lucknow - CPCB"
16-May-2018 - 00:00,,0.0,0.0,31.9,56.21,0.0,74.44,0.04,0.38,127.7,0.0,0.0,0.0,26.95,0.0,0.0,0.0,17-May-2018 - 00:00,999.65,"Central School, Lucknow - CPCB"
17-May-2018 - 00:00,,0.0,0.0,31.16,64.58,0.0,78.59,0.05,0.39,121.18,0.0,0.0,0.0,23.66,0.0,0.0,0.0,18-May-2018 - 00:00,,"Central School, Lucknow - CPCB"
18-May-2018 - 00:00,,0.0,0.0,31.75,58.89,0.0,69.52,0.01,0.38,118.87,0.0,0.0,0.0,27.64,0.0,0.0,0.0,19-May-2018 - 00:00,999.28,"Central School, Lucknow - CPCB"
19-May-2018 - 00:00,,0.0,0.0,34.0,49.47,0.0,79.33,0.06,0.35,131.5,0.0,0.0,0.0,27.09,0.0,0.0,0.0,20-May-2018 - 00:00,998.74,"Central School, Lucknow - CPCB"
20-May-2018 - 00:00,,0.0,0.0,33.41,47.96,0.0,92.57,0.05,0.34,134.31,0.0,0.0,0.0,25.94,0.0,0.0,0.0,21-May-2018 - 00:00,999.01,"Central School, Lucknow - CPCB"
21-May-2018 - 00:00,,0.0,0.0,35.27,40.65,0.0,82.1,0.04,0.33,193.63,0.0,0.0,0.0,48.69,0.0,0.0,0.0,22-May-2018 - 00:00,999.28,"Central School, Lucknow - CPCB"
22-May-2018 - 00:00,,0.0,0.0,38.57,33.68,0.0,119.47,0.04,0.39,170.69,0.0,0.0,0.0,28.87,0.0,0.0,0.0,23-May-2018 - 00:00,998.58,"Central School, Lucknow - CPCB"
23-May-2018 - 00:00,,0.0,0.0,34.18,58.93,0.0,61.87,0.05,0.39,118.73,0.0,0.0,0.0,26.9,0.0,0.0,0.0,24-May-2018 - 00:00,998.6,"Central School, Lucknow - CPCB"
24-May-2018 - 00:00,,0.0,0.0,34.5,54.76,0.0,71.13,0.04,0.38,131.45,0.0,0.0,0.0,24.52,0.0,0.0,0.0,25-May-2018 - 00:00,997.29,"Central School, Lucknow - CPCB"
25-May-2018 - 00:00,,0.0,0.0,36.26,32.56,0.0,83.03,0.03,0.33,226.34,0.0,0.0,0.0,49.06,0.0,0.0,0.0,26-May-2018 - 00:00,996.98,"Central School, Lucknow - CPCB"
26-May-2018 - 00:00,,0.0,0.0,36.89,23.08,0.02,84.47,0.03,0.36,220.9,0.0,0.0,0.0,64.98,0.0,0.0,0.0,27-May-2018 - 00:00,996.24,"Central School, Lucknow - CPCB"
27-May-2018 - 00:00,,0.0,0.0,34.58,55.13,0.03,77.65,0.04,0.35,120.27,0.0,0.0,0.0,32.38,0.0,0.0,0.0,28-May-2018 - 00:00,996.55,"Central School, Lucknow - CPCB"
28-May-2018 - 00:00,,0.0,0.0,34.23,56.63,0.03,75.96,0.06,0.35,135.2,0.0,0.0,0.0,29.69,0.0,0.21,0.0,29-May-2018 - 00:00,993.91,"Central School, Lucknow - CPCB"
29-May-2018 - 00:00,,0.0,0.0,32.54,53.93,0.14,75.54,0.06,0.36,122.42,0.0,0.0,0.0,22.38,0.0,0.0,0.0,30-May-2018 - 00:00,995.24,"Central School, Lucknow - CPCB"
30-May-2018 - 00:00,,0.0,0.0,29.91,57.67,0.23,46.78,0.05,0.35,119.13,0.0,0.0,0.0,26.85,0.0,0.0,0.0,31-May-2018 - 00:00,996.8,"Central School, Lucknow - CPCB"
31-May-2018 - 00:00,,0.0,0.0,31.27,61.18,0.08,61.76,0.07,0.36,118.41,0.0,0.0,0.0,25.75,0.0,0.0,0.0,01-Jun-2018 - 00:00,999.12,"Central School, Lucknow - CPCB"
01-Jun-2018 - 00:00,,0.0,0.0,29.22,61.46,0.0,70.49,0.11,0.36,120.68,0.0,0.0,0.0,22.44,0.0,0.0,0.0,02-Jun-2018 - 00:00,,"Central School, Lucknow - CPCB"
02-Jun-2018 - 00:00,,0.0,0.0,28.15,74.09,0.02,50.21,0.11,0.34,126.98,0.0,0.0,0.0,23.3,0.28,0.0,0.0,03-Jun-2018 - 00:00,,"Central School, Lucknow - CPCB"
03-Jun-2018 - 00:00,,0.0,0.0,31.7,66.64,0.0,74.91,0.11,0.4,114.29,0.0,0.0,0.0,24.55,0.0,0.0,0.0,04-Jun-2018 - 00:00,997.62,"Central School, Lucknow - CPCB"
04-Jun-2018 - 00:00,,0.0,0.0,33.21,55.48,0.0,72.13,0.06,0.38,117.14,0.0,0.0,0.0,23.69,0.0,0.0,0.0,05-Jun-2018 - 00:00,996.95,"Central School, Lucknow - CPCB"
05-Jun-2018 - 00:00,,0.0,0.0,33.86,55.71,0.0,77.26,0.07,0.36,116.21,0.0,0.0,0.0,23.58,0.0,0.0,0.0,06-Jun-2018 - 00:00,999.01,"Central School, Lucknow - CPCB"
06-Jun-2018 - 00:00,,0.0,0.0,34.29,54.52,0.0,75.38,0.09,0.34,111.88,0.0,0.0,0.0,22.78,0.0,0.0,0.0,07-Jun-2018 - 00:00,999.52,"Central School, Lucknow - CPCB"
07-Jun-2018 - 00:00,,0.0,0.0,33.24,58.86,0.0,61.55,0.09,0.35,135.95,0.0,0.0,0.0,27.47,0.0,0.0,0.0,08-Jun-2018 - 00:00,995.54,"Central School, Lucknow - CPCB"
08-Jun-2018 - 00:00,,0.0,0.0,29.98,77.49,0.18,34.49,1.31,0.33,130.48,0.0,0.0,0.0,24.83,0.0,0.0,0.0,09-Jun-2018 - 00:00,993.31,"Central School, Lucknow - CPCB"
09-Jun-2018 - 00:00,,0.0,0.0,32.73,65.44,0.15,80.38,0.09,0.35,115.28,0.0,0.0,0.0,27.92,0.0,0.0,0.0,10-Jun-2018 - 00:00,990.6,"Central School, Lucknow - CPCB"
10-Jun-2018 - 00:00,,0.0,0.0,33.08,61.24,0.0,79.62,0.09,0.29,185.81,0.0,0.0,0.0,27.19,0.0,0.0,0.0,11-Jun-2018 - 00:00,990.02,"Central School, Lucknow - CPCB"
11-Jun-2018 - 00:00,,0.0,0.0,35.12,53.62,0.0,76.9,0.09,0.32,274.45,0.0,0.0,0.0,27.58,0.0,0.0,0.0,12-Jun-2018 - 00:00,987.31,"Central School, Lucknow - CPCB"
12-Jun-2018 - 00:00,,1.13,1.0,37.38,42.17,0.12,79.47,0.04,0.35,275.36,0.55,9.39,20.44,30.18,12.02,38.24,1.57,13-Jun-2018 - 00:00,984.69,"Central School, Lucknow - CPCB"
13-Jun-2018 - 00:00,,0.54,0.32,34.1,51.69,0.24,64.81,0.26,0.31,240.68,0.8,7.96,29.73,22.19,20.36,97.48,0.03,14-Jun-2018 - 00:00,985.53,"Central School, Lucknow - CPCB"
14-Jun-2018 - 00:00,,0.54,0.32,30.44,61.52,0.24,20.09,0.06,0.31,163.34,0.72,7.67,28.05,21.06,17.9,68.83,0.0,15-Jun-2018 - 00:00,988.6,"Central School, Lucknow - CPCB"
15-Jun-2018 - 00:00,,0.24,0.13,35.17,51.21,0.1,65.44,0.03,0.29,148.02,0.65,8.19,37.14,26.31,12.99,100.34,0.0,16-Jun-2018 - 00:00,991.82,"Central School, Lucknow - CPCB"
16-Jun-2018 - 00:00,,0.22,0.12,35.31,49.06,0.09,62.7,0.04,0.29,223.69,0.7,8.37,31.96,23.69,12.68,112.25,0.0,17-Jun-2018 - 00:00,993.36,"Central School, Lucknow - CPCB"
17-Jun-2018 - 00:00,,0.22,0.12,35.7,44.47,0.09,64.15,0.06,0.3,229.3,0.51,9.43,34.91,26.12,18.54,140.03,0.02,18-Jun-2018 - 00:00,993.49,"Central School, Lucknow - CPCB"
18-Jun-2018 - 00:00,,0.22,0.12,34.07,51.06,0.09,71.71,0.13,0.31,254.93,0.63,9.12,37.62,27.3,13.68,72.85,0.77,19-Jun-2018 - 00:00,993.96,"Central School, Lucknow - CPCB"
19-Jun-2018 - 00:00,,0.22,0.12,34.44,49.33,0.09,76.98,0.06,0.32,276.6,0.66,10.95,42.57,31.35,16.8,46.68,1.67,20-Jun-2018 - 00:00,994.68,"Central School, Lucknow - CPCB"
20-Jun-2018 - 00:00,,0.22,0.12,36.16,39.86,0.09,78.65,0.06,0.31,217.08,0.55,8.99,43.92,30.55,24.07,72.66,1.88,21-Jun-2018 - 00:00,995.53,"Central School, Lucknow - CPCB"
21-Jun-2018 - 00:00,,0.22,0.12,36.72,42.08,0.09,74.05,0.07,0.32,138.82,0.62,8.28,48.37,32.36,30.93,88.67,1.6,22-Jun-2018 - 00:00,994.92,"Central School, Lucknow - CPCB"
22-Jun-2018 - 00:00,,0.22,0.12,36.52,48.33,0.09,71.54,0.04,0.32,142.99,0.38,7.88,34.45,24.63,29.83,71.71,1.88,23-Jun-2018 - 00:00,993.7,"Central School, Lucknow - CPCB"
23-Jun-2018 - 00:00,,0.22,0.12,36.03,49.64,0.09,73.82,0.06,0.31,167.34,0.57,7.44,32.14,23.05,31.97,56.59,1.78,24-Jun-2018 - 00:00,993.61,"Central School, Lucknow - CPCB"
24-Jun-2018 - 00:00,,0.22,0.12,35.92,49.61,0.09,76.93,0.07,0.3,220.55,0.58,7.66,29.83,21.99,31.9,47.27,1.51,25-Jun-2018 - 00:00,992.03,"Central School, Lucknow - CPCB"
25-Jun-2018 - 00:00,,0.22,0.12,37.12,41.14,0.09,70.33,0.09,0.38,262.79,0.64,8.5,34.84,25.33,28.89,46.78,1.69,26-Jun-2018 - 00:00,989.43,"Central School, Lucknow - CPCB"
26-Jun-2018 - 00:00,,0.2,0.1,32.41,68.06,0.05,64.07,0.43,0.32,188.27,0.82,7.58,28.09,21.0,24.46,34.02,1.35,27-Jun-2018 - 00:00,991.42,"Central School, Lucknow - CPCB"
27-Jun-2018 - 00:00,,0.19,0.09,30.47,81.64,0.02,68.69,0.14,0.37,116.41,0.67,7.38,28.3,20.95,22.47,19.65,1.6,28-Jun-2018 - 00:00,994.73,"Central School, Lucknow - CPCB"
28-Jun-2018 - 00:00,,0.19,0.09,29.39,84.52,0.02,73.07,0.17,0.39,119.49,0.67,7.28,24.48,18.84,16.28,16.81,1.67,29-Jun-2018 - 00:00,996.2,"Central School, Lucknow - CPCB"
29-Jun-2018 - 00:00,,0.19,0.09,30.75,78.19,0.02,62.76,0.11,0.4,129.11,0.72,7.39,27.05,20.3,19.4,22.69,1.66,30-Jun-2018 - 00:00,996.75,"Central School, Lucknow - CPCB"
30-Jun-2018 - 00:00,,0.19,0.09,30.79,79.13,0.02,100.19,0.17,0.33,187.14,0.75,7.61,26.21,20.03,22.89,21.4,1.77,01-Jul-2018 - 00:00,997.12,"Central School, Lucknow - CPCB"
01-Jul-2018 - 00:00,,0.19,0.09,29.48,91.01,0.02,40.51,0.11,0.35,256.87,0.76,9.88,29.25,23.46,14.28,26.59,1.7,02-Jul-2018 - 00:00,995.73,"Central School, Lucknow - CPCB"
02-Jul-2018 - 00:00,,0.09,0.04,29.41,87.18,0.01,37.55,0.1,0.36,240.33,0.61,9.66,29.53,23.43,15.56,36.97,2.05,03-Jul-2018 - 00:00,994.21,"Central School, Lucknow - CPCB"
03-Jul-2018 - 00:00,,0.0,0.0,30.57,80.05,0.0,74.59,0.09,0.33,202.5,0.58,7.64,25.4,19.62,26.07,17.15,1.46,04-Jul-2018 - 00:00,993.48,"Central School, Lucknow - CPCB"
04-Jul-2018 - 00:00,,0.0,0.0,31.17,69.93,0.0,63.66,0.08,0.34,280.69,0.55,7.75,23.93,18.93,22.91,14.39,1.53,05-Jul-2018 - 00:00,992.65,"Central School, Lucknow - CPCB"
05-Jul-2018 - 00:00,,0.0,0.0,33.18,62.73,0.0,78.81,0.08,0.37,276.97,0.59,8.04,25.86,20.19,22.4,20.94,1.68,06-Jul-2018 - 00:00,993.49,"Central School, Lucknow - CPCB"
06-Jul-2018 - 00:00,,0.0,0.0,33.26,59.45,0.0,63.74,0.07,0.33,220.99,0.93,7.78,29.0,21.66,27.89,36.55,1.59,07-Jul-2018 - 00:00,993.22,"Central School, Lucknow - CPCB"
07-Jul-2018 - 00:00,,0.0,0.0,34.42,58.21,0.0,68.32,0.07,0.35,137.93,0.42,7.64,29.28,21.69,36.62,54.2,1.77,08-Jul-2018 - 00:00,992.21,"Central School, Lucknow - CPCB"
08-Jul-2018 - 00:00,,0.0,0.0,32.88,74.87,0.0,72.72,0.07,0.37,114.48,0.57,7.53,23.83,18.7,30.23,34.4,1.63,09-Jul-2018 - 00:00,991.52,"Central School, Lucknow - CPCB"
09-Jul-2018 - 00:00,,0.0,0.0,31.9,80.94,0.0,50.44,0.07,0.43,116.04,0.49,7.63,22.36,18.0,27.22,23.46,1.79,10-Jul-2018 - 00:00,991.37,"Central School, Lucknow - CPCB"
10-Jul-2018 - 00:00,,0.0,0.0,32.33,76.45,0.0,55.37,0.07,0.43,116.63,0.51,7.55,21.67,17.57,26.32,20.78,1.64,11-Jul-2018 - 00:00,992.33,"Central School, Lucknow - CPCB"
11-Jul-2018 - 00:00,,0.0,0.0,30.99,85.62,0.0,64.39,0.1,0.36,133.16,0.6,8.83,26.49,21.15,20.78,19.54,1.78,12-Jul-2018 - 00:00,991.92,"Central School, Lucknow - CPCB"
12-Jul-2018 - 00:00,,0.0,0.0,27.19,99.07,0.0,31.72,0.12,0.29,119.52,0.71,8.32,25.09,20.0,15.4,13.31,1.68,13-Jul-2018 - 00:00,992.39,"Central School, Lucknow - CPCB"
13-Jul-2018 - 00:00,,0.0,0.0,28.03,96.27,0.0,74.82,0.17,0.3,132.05,0.75,8.18,26.2,20.48,16.31,14.11,1.81,14-Jul-2018 - 00:00,992.59,"Central School, Lucknow - CPCB"
14-Jul-2018 - 00:00,,0.0,0.0,28.06,99.12,0.0,42.03,0.1,0.29,154.07,0.95,8.59,27.57,21.54,12.5,17.14,1.48,15-Jul-2018 - 00:00,992.02,"Central School, Lucknow - CPCB"
15-Jul-2018 - 00:00,,0.0,0.0,30.29,90.35,0.0,80.27,0.07,0.34,108.54,0.91,7.75,23.75,18.83,20.22,17.15,1.39,16-Jul-2018 - 00:00,991.61,"Central School, Lucknow - CPCB"
16-Jul-2018 - 00:00,,0.0,0.0,31.73,80.69,0.0,73.27,0.02,0.38,114.95,1.21,8.18,30.01,22.5,21.65,13.62,1.77,17-Jul-2018 - 00:00,992.23,"Central School, Lucknow - CPCB"
17-Jul-2018 - 00:00,,0.0,0.0,31.96,73.72,0.0,83.0,0.01,0.38,113.5,1.19,7.73,23.98,18.94,18.65,15.52,1.56,18-Jul-2018 - 00:00,992.43,"Central School, Lucknow - CPCB"
18-Jul-2018 - 00:00,,0.05,0.02,31.38,80.16,0.01,63.43,0.03,0.38,111.56,0.83,7.8,24.16,19.09,22.08,24.4,1.68,19-Jul-2018 - 00:00,993.07,"Central School, Lucknow - CPCB"
19-Jul-2018 - 00:00,,0.19,0.09,31.66,82.58,0.02,51.21,0.04,0.38,121.96,0.99,7.81,27.74,21.0,24.29,34.32,1.78,20-Jul-2018 - 00:00,992.69,"Central School, Lucknow - CPCB"
20-Jul-2018 - 00:00,,0.19,0.09,30.27,85.36,0.02,142.53,0.09,0.33,146.26,1.26,8.96,28.55,22.36,21.98,26.75,1.67,21-Jul-2018 - 00:00,991.87,"Central School, Lucknow - CPCB"
21-Jul-2018 - 00:00,,0.19,0.09,27.65,98.82,0.02,85.93,0.1,0.3,158.19,1.19,8.44,26.26,20.72,18.2,19.39,1.62,22-Jul-2018 - 00:00,994.08,"Central School, Lucknow - CPCB"
22-Jul-2018 - 00:00,,0.19,0.09,30.49,82.2,0.02,155.04,0.03,0.37,122.3,1.2,8.62,23.46,19.37,17.79,21.53,1.63,23-Jul-2018 - 00:00,993.26,"Central School, Lucknow - CPCB"
23-Jul-2018 - 00:00,,0.19,0.09,28.54,94.71,0.02,76.19,0.06,0.33,107.07,0.9,9.33,39.18,28.31,14.35,13.63,1.84,24-Jul-2018 - 00:00,992.71,"Central School, Lucknow - CPCB"
24-Jul-2018 - 00:00,,0.19,0.09,28.9,96.57,0.02,88.08,0.06,0.33,117.48,0.82,7.81,26.17,20.17,19.11,18.56,1.77,25-Jul-2018 - 00:00,993.19,"Central School, Lucknow - CPCB"
25-Jul-2018 - 00:00,,0.25,0.12,27.82,99.11,0.02,67.77,0.08,0.31,114.61,0.83,8.24,24.82,19.8,16.1,17.74,1.61,26-Jul-2018 - 00:00,993.1,"Central School, Lucknow - CPCB"
26-Jul-2018 - 00:00,,0.25,0.12,27.09,99.14,0.02,57.4,0.13,0.3,151.9,0.87,8.01,23.11,18.7,20.17,10.48,1.67,27-Jul-2018 - 00:00,992.84,"Central School, Lucknow - CPCB"
27-Jul-2018 - 00:00,,0.25,0.12,27.14,98.73,0.02,78.78,0.08,0.29,232.49,0.88,9.04,26.89,21.53,32.71,41.89,1.61,28-Jul-2018 - 00:00,994.68,"Central School, Lucknow - CPCB"
28-Jul-2018 - 00:00,,0.25,0.12,26.79,99.14,0.02,35.15,0.12,0.33,216.88,1.08,18.55,32.75,32.26,34.25,41.11,1.31,29-Jul-2018 - 00:00,995.57,"Central School, Lucknow - CPCB"
29-Jul-2018 - 00:00,,0.25,0.12,26.92,99.11,0.02,56.27,0.09,0.56,232.04,0.94,14.13,32.06,28.36,26.74,31.77,1.73,30-Jul-2018 - 00:00,994.56,"Central School, Lucknow - CPCB"
30-Jul-2018 - 00:00,,0.25,0.12,25.56,99.15,0.02,41.81,0.11,0.48,231.36,0.83,8.45,29.51,22.46,29.19,13.58,1.47,31-Jul-2018 - 00:00,993.28,"Central School, Lucknow - CPCB"
31-Jul-2018 - 00:00,,0.19,0.1,25.25,99.15,0.02,46.63,0.15,0.76,248.37,0.82,8.85,28.07,22.01,35.37,8.53,1.62,01-Aug-2018 - 00:00,993.02,"Central School, Lucknow - CPCB"
01-Aug-2018 - 00:00,,0.06,0.04,25.58,99.14,0.01,45.63,0.12,0.56,294.41,0.69,9.47,27.75,22.33,36.26,21.46,1.55,02-Aug-2018 - 00:00,993.99,"Central School, Lucknow - CPCB"
02-Aug-2018 - 00:00,,0.04,0.03,25.96,99.08,0.0,52.89,0.1,0.83,242.65,0.66,11.15,31.23,25.53,33.32,37.64,1.7,03-Aug-2018 - 00:00,996.12,"Central School, Lucknow - CPCB"
03-Aug-2018 - 00:00,,0.15,0.09,25.51,99.1,0.01,54.71,0.12,0.54,256.28,0.55,12.88,31.56,27.09,30.38,45.33,1.48,04-Aug-2018 - 00:00,996.98,"Central School, Lucknow - CPCB"
04-Aug-2018 - 00:00,,0.07,0.04,27.49,94.97,0.01,81.94,0.09,0.32,234.94,0.4,17.36,27.0,28.25,24.9,54.8,1.66,05-Aug-2018 - 00:00,996.03,"Central School, Lucknow - CPCB"
05-Aug-2018 - 00:00,,0.0,0.0,27.05,98.39,0.0,44.79,0.06,0.33,171.96,0.41,23.1,27.62,33.22,20.92,74.01,1.66,06-Aug-2018 - 00:00,996.96,"Central School, Lucknow - CPCB"
06-Aug-2018 - 00:00,,0.07,0.0,28.12,94.19,0.01,67.62,0.06,0.31,197.35,0.31,13.32,29.69,26.44,28.94,70.42,1.76,07-Aug-2018 - 00:00,995.46,"Central School, Lucknow - CPCB"
07-Aug-2018 - 00:00,,0.15,0.0,28.0,95.31,0.01,61.03,0.06,0.34,116.72,0.3,8.3,40.18,28.01,31.83,25.95,1.8,08-Aug-2018 - 00:00,994.37,"Central School, Lucknow - CPCB"
08-Aug-2018 - 00:00,,0.15,0.0,29.36,85.77,0.01,72.03,0.05,0.36,111.95,0.33,7.9,28.76,21.62,31.44,21.82,1.61,09-Aug-2018 - 00:00,995.24,"Central School, Lucknow - CPCB"
09-Aug-2018 - 00:00,,0.15,0.0,29.53,90.35,0.01,58.83,0.05,0.37,112.36,0.33,7.63,29.32,21.7,33.08,33.95,1.96,10-Aug-2018 - 00:00,998.24,"Central School, Lucknow - CPCB"
10-Aug-2018 - 00:00,,0.15,0.05,31.04,83.62,0.02,58.67,0.04,0.33,140.45,0.28,10.59,39.68,29.58,24.77,35.45,1.83,11-Aug-2018 - 00:00,997.17,"Central School, Lucknow - CPCB"
11-Aug-2018 - 00:00,,0.15,0.23,28.24,98.93,0.01,25.0,0.05,0.3,185.53,0.34,8.17,37.41,26.44,20.76,31.67,1.36,12-Aug-2018 - 00:00,994.08,"Central School, Lucknow - CPCB"
12-Aug-2018 - 00:00,,0.15,0.23,26.35,99.13,0.01,27.19,0.1,0.28,195.88,0.36,9.9,41.37,29.92,16.19,39.64,1.81,13-Aug-2018 - 00:00,992.27,"Central School, Lucknow - CPCB"
13-Aug-2018 - 00:00,,0.15,0.23,27.08,97.08,0.01,49.67,0.12,0.29,190.86,0.42,12.95,38.99,31.1,13.6,22.94,7.8,14-Aug-2018 - 00:00,993.44,"Central School, Lucknow - CPCB"
14-Aug-2018 - 00:00,,0.06,0.1,28.52,92.56,0.01,58.37,0.08,0.32,163.92,0.36,15.35,40.47,33.81,13.12,27.08,8.84,15-Aug-2018 - 00:00,994.09,"Central School, Lucknow - CPCB"
15-Aug-2018 - 00:00,,0.0,0.0,28.01,98.9,0.0,38.57,0.09,0.3,143.93,0.41,11.08,36.56,28.31,10.81,29.69,9.74,16-Aug-2018 - 00:00,996.38,"Central School, Lucknow - CPCB"
16-Aug-2018 - 00:00,,0.0,0.0,29.89,89.11,0.0,72.82,0.05,0.38,112.43,0.34,7.7,25.46,19.7,10.24,17.15,15.17,17-Aug-2018 - 00:00,996.38,"Central School, Lucknow - CPCB"
17-Aug-2018 - 00:00,,0.0,0.0,30.25,90.61,0.0,58.91,0.04,0.37,115.05,0.33,7.72,27.12,20.6,10.1,22.65,5.01,18-Aug-2018 - 00:00,994.25,"Central School, Lucknow - CPCB"
18-Aug-2018 - 00:00,,0.0,0.0,31.39,83.51,0.0,62.48,0.03,0.35,116.31,0.47,9.43,30.17,23.59,8.22,28.92,8.15,19-Aug-2018 - 00:00,993.74,"Central School, Lucknow - CPCB"
19-Aug-2018 - 00:00,,0.0,0.0,31.07,87.74,0.0,44.96,0.05,0.31,187.24,0.38,8.87,30.02,23.07,9.59,28.38,5.06,20-Aug-2018 - 00:00,993.35,"Central School, Lucknow - CPCB"
20-Aug-2018 - 00:00,,0.02,0.04,29.06,94.87,0.0,57.04,0.02,0.33,123.87,0.33,8.34,31.8,23.44,12.92,18.35,4.12,21-Aug-2018 - 00:00,995.64,"Central School, Lucknow - CPCB"
21-Aug-2018 - 00:00,,0.0,0.0,29.88,88.33,0.0,62.66,-0.04,0.35,111.05,0.49,7.85,27.37,20.84,17.54,15.57,2.98,22-Aug-2018 - 00:00,995.12,"Central School, Lucknow - CPCB"
22-Aug-2018 - 00:00,,0.0,0.0,29.59,93.17,0.0,54.2,-0.02,0.34,131.33,0.65,7.88,23.38,18.74,19.89,23.68,3.0,23-Aug-2018 - 00:00,994.67,"Central School, Lucknow - CPCB"
23-Aug-2018 - 00:00,,0.0,0.0,27.38,98.19,0.0,24.19,0.03,0.28,144.68,0.79,9.4,29.01,22.95,15.15,21.19,2.98,24-Aug-2018 - 00:00,996.05,"Central School, Lucknow - CPCB"
24-Aug-2018 - 00:00,,0.0,0.0,27.24,99.08,0.0,57.57,0.02,0.29,243.96,0.57,9.91,27.3,22.43,12.38,14.41,3.85,25-Aug-2018 - 00:00,996.08,"Central School, Lucknow - CPCB"
25-Aug-2018 - 00:00,,0.0,0.0,27.43,97.96,0.0,61.81,0.03,0.3,272.36,0.26,7.67,26.61,20.29,10.58,13.9,33.29,26-Aug-2018 - 00:00,995.07,"Central School, Lucknow - CPCB"
26-Aug-2018 - 00:00,,0.0,0.0,27.23,98.86,0.0,42.11,0.02,0.33,242.69,0.4,9.14,25.45,20.85,12.12,19.44,26.29,27-Aug-2018 - 00:00,994.11,"Central School, Lucknow - CPCB"
27-Aug-2018 - 00:00,,0.0,0.0,28.98,96.47,0.0,61.78,0.02,0.33,140.3,0.45,8.44,24.9,20.0,16.06,25.46,20.59,28-Aug-2018 - 00:00,995.4,"Central School, Lucknow - CPCB"
28-Aug-2018 - 00:00,,0.0,0.0,29.36,93.79,0.0,60.55,0.02,0.36,118.8,0.28,7.49,21.87,17.62,14.13,24.63,3.0,29-Aug-2018 - 00:00,997.22,"Central School, Lucknow - CPCB"
29-Aug-2018 - 00:00,,0.0,0.0,28.58,97.33,0.0,44.54,0.02,0.36,130.03,0.32,8.08,23.29,18.85,9.6,14.23,3.03,30-Aug-2018 - 00:00,998.24,"Central School, Lucknow - CPCB"
30-Aug-2018 - 00:00,,0.0,0.0,28.42,94.15,0.0,46.93,0.04,0.29,194.86,0.32,9.67,27.52,22.38,8.9,16.82,3.02,31-Aug-2018 - 00:00,996.39,"Central School, Lucknow - CPCB"
31-Aug-2018 - 00:00,,0.0,0.0,26.48,98.92,0.0,48.09,0.04,0.29,163.97,0.26,8.13,26.22,20.44,9.49,13.76,3.0,01-Sep-2018 - 00:00,997.62,"Central School, Lucknow - CPCB"
01-Sep-2018 - 00:00,,0.0,0.0,27.85,95.71,0.0,56.4,0.02,0.3,138.98,0.33,7.51,24.41,19.0,9.7,20.49,3.01,02-Sep-2018 - 00:00,998.03,"Central School, Lucknow - CPCB"
02-Sep-2018 - 00:00,,0.0,0.0,27.47,97.87,0.0,54.3,0.02,0.3,131.17,0.33,7.65,22.83,18.26,11.17,13.49,3.0,03-Sep-2018 - 00:00,998.56,"Central School, Lucknow - CPCB"
03-Sep-2018 - 00:00,,0.0,0.0,26.02,99.12,0.0,33.81,0.02,0.31,144.98,0.26,9.84,28.56,23.07,10.98,28.92,3.01,04-Sep-2018 - 00:00,999.29,"Central School, Lucknow - CPCB"
04-Sep-2018 - 00:00,,0.0,0.0,26.09,99.14,0.0,20.03,0.02,0.31,225.74,0.37,10.34,28.53,23.45,12.9,15.92,3.0,05-Sep-2018 - 00:00,999.41,"Central School, Lucknow - CPCB"
05-Sep-2018 - 00:00,,0.0,0.0,26.21,99.12,0.0,42.76,-0.0,0.32,271.47,0.34,9.13,25.0,20.6,13.95,11.97,3.01,06-Sep-2018 - 00:00,997.92,"Central School, Lucknow - CPCB"
06-Sep-2018 - 00:00,,0.0,0.0,27.42,99.09,0.0,31.83,-0.02,0.35,203.13,0.33,13.46,27.05,25.16,22.66,23.55,2.23,07-Sep-2018 - 00:00,997.78,"Central School, Lucknow - CPCB"
07-Sep-2018 - 00:00,,0.0,0.0,28.69,89.16,0.0,67.09,-0.05,0.4,105.47,0.34,8.33,21.64,18.18,27.58,15.67,1.59,08-Sep-2018 - 00:00,999.1,"Central School, Lucknow - CPCB"
08-Sep-2018 - 00:00,,0.0,0.0,28.62,91.78,0.0,50.9,-0.08,0.36,152.25,1.13,7.53,22.61,18.06,23.43,24.7,1.6,09-Sep-2018 - 00:00,,"Central School, Lucknow - CPCB"
09-Sep-2018 - 00:00,,0.0,0.0,29.01,83.05,0.0,82.54,-0.09,0.33,224.29,2.1,7.61,23.96,18.84,22.06,17.9,1.59,10-Sep-2018 - 00:00,,"Central School, Lucknow - CPCB"
10-Sep-2018 - 00:00,,0.0,0.0,28.94,88.86,0.0,67.72,-0.1,0.36,263.83,2.48,7.66,22.7,18.2,15.35,23.46,1.61,11-Sep-2018 - 00:00,,"Central School, Lucknow - CPCB"
11-Sep-2018 - 00:00,,0.0,0.0,29.08,89.53,0.0,63.85,-0.11,0.35,266.93,3.37,7.85,21.97,17.97,12.79,24.32,1.59,12-Sep-2018 - 00:00,,"Central School, Lucknow - CPCB"
12-Sep-2018 - 00:00,,0.0,0.0,28.66,94.41,0.0,44.92,-0.12,0.34,250.51,2.29,7.97,23.71,18.99,13.44,23.69,1.6,13-Sep-2018 - 00:00,,"Central School, Lucknow - CPCB"
13-Sep-2018 - 00:00,,0.0,0.0,28.89,88.67,0.0,56.37,-0.13,0.33,269.85,0.56,7.84,24.24,19.17,17.41,25.57,1.6,14-Sep-2018 - 00:00,,"Central School, Lucknow - CPCB"
14-Sep-2018 - 00:00,,0.0,0.0,29.71,81.27,0.0,74.38,-0.11,0.36,270.87,0.57,7.59,23.01,18.31,19.85,33.29,1.58,15-Sep-2018 - 00:00,,"Central School, Lucknow - CPCB"
15-Sep-2018 - 00:00,,0.0,0.0,30.12,78.94,0.0,76.09,-0.09,0.36,275.67,0.57,7.66,24.31,19.06,19.88,35.53,1.6,16-Sep-2018 - 00:00,,"Central School, Lucknow - CPCB"
16-Sep-2018 - 00:00,,0.0,0.0,30.66,73.89,0.0,75.52,-0.08,0.37,273.71,0.36,7.52,24.35,18.97,22.94,36.72,1.6,17-Sep-2018 - 00:00,,"Central School, Lucknow - CPCB"
17-Sep-2018 - 00:00,,0.0,0.0,31.2,72.86,0.0,79.12,-0.09,0.34,283.42,0.79,7.81,19.87,16.82,16.83,47.86,1.58,18-Sep-2018 - 00:00,,"Central School, Lucknow - CPCB"
18-Sep-2018 - 00:00,,0.0,0.0,31.19,70.06,0.0,80.71,-0.08,0.31,283.04,0.67,8.19,20.87,17.61,20.24,47.74,1.6,19-Sep-2018 - 00:00,,"Central School, Lucknow - CPCB"
19-Sep-2018 - 00:00,,0.0,0.0,29.73,62.94,0.0,83.79,-0.08,0.32,282.02,0.89,15.81,27.42,27.23,18.54,67.34,1.61,20-Sep-2018 - 00:00,,"Central School, Lucknow - CPCB"
20-Sep-2018 - 00:00,,0.0,0.0,29.7,75.12,0.0,70.99,-0.09,0.36,88.96,0.72,8.27,23.78,19.27,21.55,54.59,1.61,21-Sep-2018 - 00:00,,"Central School, Lucknow - CPCB"
21-Sep-2018 - 00:00,,0.0,0.0,27.35,93.55,0.0,33.54,-0.07,0.34,110.0,0.61,7.71,17.94,15.71,11.32,13.18,1.62,22-Sep-2018 - 00:00,,"Central School, Lucknow - CPCB"
22-Sep-2018 - 00:00,,0.0,0.0,26.38,98.75,0.0,31.09,-0.05,0.33,122.29,0.45,7.89,20.38,17.15,11.68,23.8,1.59,23-Sep-2018 - 00:00,,"Central School, Lucknow - CPCB"
23-Sep-2018 - 00:00,,0.0,0.0,29.18,88.71,0.0,61.4,-0.08,0.34,132.87,0.59,8.64,22.73,19.01,19.24,38.0,1.61,24-Sep-2018 - 00:00,,"Central School, Lucknow - CPCB"
24-Sep-2018 - 00:00,,0.0,0.0,30.59,81.87,0.0,95.24,-0.08,0.32,212.48,0.81,8.15,21.42,17.92,16.83,48.15,1.59,25-Sep-2018 - 00:00,,"Central School, Lucknow - CPCB"
25-Sep-2018 - 00:00,,0.01,0.0,29.42,79.98,0.0,88.75,-0.0,0.34,275.52,1.1,8.19,22.07,18.29,21.36,14.24,13.36,26-Sep-2018 - 00:00,,"Central School, Lucknow - CPCB"
26-Sep-2018 - 00:00,,0.04,0.0,28.8,85.5,0.0,64.06,0.07,0.28,248.95,1.36,7.8,21.57,17.71,31.88,30.78,1.6,27-Sep-2018 - 00:00,,"Central School, Lucknow - CPCB"
27-Sep-2018 - 00:00,,0.06,0.0,29.97,77.75,0.01,70.76,0.07,0.32,262.49,1.16,13.07,28.48,25.59,35.07,48.64,1.6,28-Sep-2018 - 00:00,,"Central School, Lucknow - CPCB"
28-Sep-2018 - 00:00,,0.0,0.0,29.89,77.4,0.0,63.65,0.06,0.27,251.48,0.78,7.87,25.13,19.25,41.47,61.32,1.61,29-Sep-2018 - 00:00,,"Central School, Lucknow - CPCB"
29-Sep-2018 - 00:00,,0.09,0.0,30.53,66.11,0.01,76.34,0.07,0.33,268.63,0.72,4.43,28.79,19.34,42.41,70.07,1.61,30-Sep-2018 - 00:00,,"Central School, Lucknow - CPCB"
30-Sep-2018 - 00:00,,0.15,0.0,30.1,55.22,0.02,81.91,0.07,0.33,281.57,0.74,1.38,33.95,19.65,47.96,56.65,1.62,01-Oct-2018 - 00:00,,"Central School, Lucknow - CPCB"
01-Oct-2018 - 00:00,,0.06,0.0,29.54,61.42,0.01,77.45,0.07,0.33,283.85,0.77,4.27,23.46,16.35,47.6,62.07,1.6,02-Oct-2018 - 00:00,,"Central School, Lucknow - CPCB"
02-Oct-2018 - 00:00,,0.0,0.0,29.62,63.79,0.0,71.92,0.07,0.3,295.81,0.82,6.29,14.16,12.56,49.12,66.87,1.6,03-Oct-2018 - 00:00,,"Central School, Lucknow - CPCB"
03-Oct-2018 - 00:00,,0.0,0.0,30.43,60.1,0.0,77.3,0.07,0.26,271.44,1.0,8.95,16.1,15.72,51.83,70.04,1.6,04-Oct-2018 - 00:00,,"Central School, Lucknow - CPCB"
04-Oct-2018 - 00:00,,0.0,0.0,29.9,62.45,0.0,61.12,0.08,0.33,227.77,1.08,18.67,23.11,27.23,9.1,71.82,1.6,05-Oct-2018 - 00:00,,"Central School, Lucknow - CPCB"
05-Oct-2018 - 00:00,,0.0,0.0,29.89,62.26,0.0,73.88,0.09,0.28,249.15,0.52,20.08,27.26,30.56,7.96,70.64,1.59,06-Oct-2018 - 00:00,,"Central School, Lucknow - CPCB"
06-Oct-2018 - 00:00,,0.02,0.0,29.8,60.25,0.0,70.46,0.11,0.33,208.58,0.34,23.21,30.32,34.7,32.51,79.14,1.6,07-Oct-2018 - 00:00,,"Central School, Lucknow - CPCB"
07-Oct-2018 - 00:00,,0.15,0.0,28.71,60.77,0.01,58.55,0.1,0.38,181.16,0.34,18.13,26.85,28.79,32.94,80.31,1.61,08-Oct-2018 - 00:00,,"Central School, Lucknow - CPCB"
08-Oct-2018 - 00:00,,0.09,0.0,28.88,63.13,0.01,65.95,0.12,0.34,191.0,0.34,21.99,34.81,36.11,33.1,89.66,1.6,09-Oct-2018 - 00:00,,"Central School, Lucknow - CPCB"
09-Oct-2018 - 00:00,,0.15,0.0,29.84,58.48,0.01,66.03,0.12,0.35,150.71,0.34,6.98,22.86,17.75,58.88,74.57,1.6,10-Oct-2018 - 00:00,,"Central School, Lucknow - CPCB"
10-Oct-2018 - 00:00,,0.15,0.06,28.05,64.29,0.02,56.01,0.11,0.38,123.55,0.34,6.94,20.82,16.62,47.62,78.45,1.62,11-Oct-2018 - 00:00,,"Central School, Lucknow - CPCB"
11-Oct-2018 - 00:00,,0.15,0.24,28.13,76.12,0.05,52.79,0.11,0.4,119.47,0.66,6.66,17.37,14.57,47.94,64.26,2.57,12-Oct-2018 - 00:00,,"Central School, Lucknow - CPCB"
12-Oct-2018 - 00:00,,0.12,0.17,26.3,82.47,0.07,30.73,0.09,0.37,112.32,1.5,8.26,14.75,14.29,21.85,52.74,3.23,13-Oct-2018 - 00:00,,"Central School, Lucknow - CPCB"
13-Oct-2018 - 00:00,,0.0,0.0,27.55,73.67,0.0,51.95,0.07,0.28,217.04,0.6,6.39,13.66,12.35,30.32,54.62,1.75,14-Oct-2018 - 00:00,,"Central School, Lucknow - CPCB"
14-Oct-2018 - 00:00,,0.0,0.0,25.86,56.1,0.0,60.88,0.08,0.33,256.64,0.76,6.82,15.87,13.9,44.54,87.25,1.14,15-Oct-2018 - 00:00,,"Central School, Lucknow - CPCB"
15-Oct-2018 - 00:00,,0.08,0.12,25.84,53.78,0.05,58.8,0.06,0.34,251.56,0.7,9.01,28.33,22.27,43.77,109.42,4.67,16-Oct-2018 - 00:00,,"Central School, Lucknow - CPCB"
16-Oct-2018 - 00:00,,0.12,0.18,26.44,53.09,0.07,55.78,0.03,0.36,182.75,0.86,13.57,31.03,27.36,35.84,106.8,4.16,17-Oct-2018 - 00:00,,"Central School, Lucknow - CPCB"
17-Oct-2018 - 00:00,,1.95,0.93,27.35,55.03,1.18,53.64,0.03,0.32,149.01,0.73,11.74,30.21,25.44,44.01,115.81,6.79,18-Oct-2018 - 00:00,,"Central School, Lucknow - CPCB"
18-Oct-2018 - 00:00,,0.18,0.25,27.92,63.84,0.11,54.49,0.04,0.3,184.2,1.01,31.95,43.64,48.71,35.92,111.8,1.91,19-Oct-2018 - 00:00,,"Central School, Lucknow - CPCB"
19-Oct-2018 - 00:00,,0.25,0.36,28.27,55.65,0.15,52.02,0.02,0.34,150.27,0.74,27.19,48.89,47.7,39.44,104.09,2.73,20-Oct-2018 - 00:00,,"Central School, Lucknow - CPCB"
20-Oct-2018 - 00:00,,0.25,0.36,27.43,54.61,0.15,49.13,0.04,0.31,206.14,0.84,25.17,48.48,45.93,37.09,91.57,2.72,21-Oct-2018 - 00:00,,"Central School, Lucknow - CPCB"
21-Oct-2018 - 00:00,,0.26,0.36,26.95,54.44,0.15,49.38,0.03,0.3,84.33,0.7,17.77,48.76,40.15,34.11,94.18,2.74,22-Oct-2018 - 00:00,,"Central School, Lucknow - CPCB"
22-Oct-2018 - 00:00,,0.25,0.19,25.8,44.11,0.15,50.39,0.03,0.29,215.77,0.63,26.74,46.49,46.12,34.85,86.14,2.72,23-Oct-2018 - 00:00,,"Central School, Lucknow - CPCB"
23-Oct-2018 - 00:00,,0.26,0.04,24.67,46.79,0.1,45.44,0.01,0.37,268.8,0.58,12.6,51.11,37.26,22.74,114.8,4.17,24-Oct-2018 - 00:00,,"Central School, Lucknow - CPCB"
24-Oct-2018 - 00:00,,0.02,0.09,24.33,53.47,0.03,46.9,0.03,0.3,271.91,1.04,45.8,58.22,67.61,21.57,171.7,0.78,25-Oct-2018 - 00:00,,"Central School, Lucknow - CPCB"
25-Oct-2018 - 00:00,,0.01,0.46,24.87,61.74,0.15,40.01,0.05,0.33,163.0,0.93,52.08,69.24,78.5,20.6,204.71,1.98,26-Oct-2018 - 00:00,,"Central School, Lucknow - CPCB"
26-Oct-2018 - 00:00,,0.01,0.6,25.16,61.37,0.12,45.6,0.04,0.32,133.44,0.85,34.06,65.67,61.97,23.58,146.19,2.73,27-Oct-2018 - 00:00,,"Central School, Lucknow - CPCB"
27-Oct-2018 - 00:00,,0.02,1.45,25.01,59.25,0.15,29.42,0.03,0.33,128.45,0.97,36.59,73.1,67.92,14.18,124.01,2.72,28-Oct-2018 - 00:00,,"Central School, Lucknow - CPCB"
28-Oct-2018 - 00:00,,0.02,1.45,24.38,61.86,0.15,41.09,0.03,0.3,141.07,0.74,36.01,63.37,62.51,15.0,147.33,2.73,29-Oct-2018 - 00:00,,"Central School, Lucknow - CPCB"
29-Oct-2018 - 00:00,,0.02,1.46,23.76,62.67,0.15,41.25,0.03,0.3,186.6,0.94,63.26,58.13,81.53,15.87,146.19,2.73,30-Oct-2018 - 00:00,,"Central School, Lucknow - CPCB"
30-Oct-2018 - 00:00,,0.22,0.94,24.29,58.54,0.18,40.6,0.03,0.3,210.33,0.89,45.35,70.29,73.67,15.85,129.92,3.66,31-Oct-2018 - 00:00,,"Central School, Lucknow - CPCB"
31-Oct-2018 - 00:00,,0.59,0.38,24.31,58.34,0.23,39.34,0.04,0.31,128.69,1.06,51.14,64.66,75.31,18.06,145.49,3.72,01-Nov-2018 - 00:00,,"Central School, Lucknow - CPCB"
01-Nov-2018 - 00:00,,0.61,0.37,24.46,61.31,0.18,37.23,0.04,0.31,95.96,1.38,51.52,63.84,75.18,22.71,122.67,4.15,02-Nov-2018 - 00:00,,"Central School, Lucknow - CPCB"
02-Nov-2018 - 00:00,,1.11,0.61,24.39,66.12,0.21,35.74,0.03,0.32,117.4,1.55,51.32,70.58,78.6,26.66,163.96,4.84,03-Nov-2018 - 00:00,,"Central School, Lucknow - CPCB"
03-Nov-2018 - 00:00,,1.0,0.53,25.16,59.68,0.64,33.73,0.03,0.34,124.53,1.11,20.05,65.6,50.94,21.1,130.32,5.58,04-Nov-2018 - 00:00,,"Central School, Lucknow - CPCB"
04-Nov-2018 - 00:00,,1.22,0.35,24.74,59.54,0.96,32.51,0.03,0.33,114.47,0.97,15.34,49.66,38.69,26.72,115.45,2.17,05-Nov-2018 - 00:00,,"Central School, Lucknow - CPCB"
05-Nov-2018 - 00:00,,1.11,0.64,24.26,56.53,0.19,34.16,0.11,0.29,237.82,0.81,7.56,41.86,28.31,23.65,91.34,2.57,06-Nov-2018 - 00:00,,"Central School, Lucknow - CPCB"
06-Nov-2018 - 00:00,,1.42,0.44,22.21,54.32,1.18,33.18,0.11,0.34,279.04,0.91,7.62,40.85,27.83,33.2,158.2,2.1,07-Nov-2018 - 00:00,,"Central School, Lucknow - CPCB"
07-Nov-2018 - 00:00,,1.97,0.33,20.88,54.69,2.76,29.92,0.06,0.32,259.86,1.24,40.71,51.56,60.12,26.29,199.42,5.55,08-Nov-2018 - 00:00,,"Central School, Lucknow - CPCB"
08-Nov-2018 - 00:00,,1.18,0.59,21.06,61.12,3.72,32.27,0.03,0.31,238.43,1.23,10.94,31.3,25.11,20.75,314.64,8.39,09-Nov-2018 - 00:00,,"Central School, Lucknow - CPCB"
09-Nov-2018 - 00:00,,0.67,0.2,20.19,54.7,1.93,31.27,0.1,0.32,253.82,1.38,24.61,29.79,35.53,33.64,210.96,7.88,10-Nov-2018 - 00:00,,"Central School, Lucknow - CPCB"
10-Nov-2018 - 00:00,,0.96,0.19,20.23,65.88,0.85,29.68,0.11,0.31,204.04,1.43,25.3,35.54,39.14,27.38,208.48,4.64,11-Nov-2018 - 00:00,,"Central School, Lucknow - CPCB"
11-Nov-2018 - 00:00,,0.96,0.19,21.55,70.18,0.85,28.26,0.11,0.31,249.24,1.25,13.8,35.55,29.95,26.57,162.97,5.56,12-Nov-2018 - 00:00,,"Central School, Lucknow - CPCB"
12-Nov-2018 - 00:00,,0.92,0.09,20.95,77.65,0.74,28.21,0.11,0.32,204.07,2.24,51.68,39.52,62.36,25.61,200.32,5.66,13-Nov-2018 - 00:00,,"Central School, Lucknow - CPCB"
13-Nov-2018 - 00:00,,0.94,0.12,21.87,70.89,0.86,29.44,0.1,0.32,170.9,1.81,49.28,41.05,61.26,22.07,197.88,4.83,14-Nov-2018 - 00:00,,"Central School, Lucknow - CPCB"
14-Nov-2018 - 00:00,,0.99,0.23,22.14,74.9,1.05,28.2,0.09,0.3,95.96,1.42,15.48,30.89,28.81,21.56,147.89,5.98,15-Nov-2018 - 00:00,,"Central School, Lucknow - CPCB"
15-Nov-2018 - 00:00,,0.81,0.11,22.35,70.47,0.94,30.15,0.1,0.3,220.86,1.45,12.0,29.16,25.11,18.08,126.44,6.2,16-Nov-2018 - 00:00,,"Central School, Lucknow - CPCB"
16-Nov-2018 - 00:00,,0.65,0.0,21.39,58.04,0.85,29.51,0.09,0.31,277.86,0.96,5.24,20.66,15.19,34.54,77.06,6.29,17-Nov-2018 - 00:00,,"Central School, Lucknow - CPCB"
17-Nov-2018 - 00:00,,0.65,0.0,19.89,53.53,0.85,28.63,0.1,0.34,276.83,1.07,5.71,25.59,18.18,40.17,89.84,6.21,18-Nov-2018 - 00:00,,"Central School, Lucknow - CPCB"
18-Nov-2018 - 00:00,,0.6,0.01,19.66,65.21,0.79,27.13,0.11,0.31,164.44,1.56,18.02,38.22,34.75,36.98,147.35,5.37,19-Nov-2018 - 00:00,,"Central School, Lucknow - CPCB"
19-Nov-2018 - 00:00,,0.32,0.07,20.34,70.05,0.4,33.88,0.03,0.34,86.86,1.17,18.53,39.27,35.71,32.21,153.71,5.43,20-Nov-2018 - 00:00,,"Central School, Lucknow - CPCB"
20-Nov-2018 - 00:00,,0.61,0.25,20.4,80.82,0.65,26.26,-0.07,0.32,105.06,1.34,44.57,47.92,61.15,20.33,172.16,4.1,21-Nov-2018 - 00:00,,"Central School, Lucknow - CPCB"
21-Nov-2018 - 00:00,,0.8,0.25,20.86,70.27,0.95,29.01,-0.09,0.33,158.32,0.96,40.68,44.5,56.21,20.22,179.65,3.1,22-Nov-2018 - 00:00,,"Central School, Lucknow - CPCB"
22-Nov-2018 - 00:00,,0.81,0.25,20.23,58.81,0.95,26.39,-0.1,0.32,194.51,0.88,21.83,44.89,41.34,19.82,155.93,4.1,23-Nov-2018 - 00:00,,"Central School, Lucknow - CPCB"
23-Nov-2018 - 00:00,,0.8,0.25,20.71,52.25,0.95,25.67,-0.11,0.32,264.82,0.67,5.34,30.26,20.37,28.09,128.67,4.57,24-Nov-2018 - 00:00,,"Central School, Lucknow - CPCB"
24-Nov-2018 - 00:00,,0.8,0.25,20.33,51.96,0.95,25.53,-0.11,0.34,277.07,0.68,4.42,26.08,17.41,31.81,110.83,4.44,25-Nov-2018 - 00:00,,"Central School, Lucknow - CPCB"
25-Nov-2018 - 00:00,,0.8,0.25,18.58,71.59,0.95,24.23,-0.09,0.32,219.2,0.99,24.04,41.96,41.55,25.51,133.06,3.66,26-Nov-2018 - 00:00,,"Central School, Lucknow - CPCB"
26-Nov-2018 - 00:00,,0.8,0.25,19.45,78.68,0.95,25.34,-0.08,0.3,188.38,1.23,52.99,51.87,69.98,21.54,208.28,3.3,27-Nov-2018 - 00:00,,"Central School, Lucknow - CPCB"
27-Nov-2018 - 00:00,,0.76,0.24,20.2,80.65,0.96,25.47,-0.07,0.33,113.78,1.21,48.94,52.04,66.83,18.94,225.45,2.84,28-Nov-2018 - 00:00,,"Central School, Lucknow - CPCB"
28-Nov-2018 - 00:00,,0.71,0.16,21.11,74.57,0.79,25.22,-0.06,0.34,101.49,1.27,30.0,41.55,46.1,13.74,112.73,4.19,29-Nov-2018 - 00:00,,"Central School, Lucknow - CPCB"
29-Nov-2018 - 00:00,,1.69,0.48,19.59,82.28,1.32,23.61,-0.09,0.27,205.31,1.15,26.25,39.47,41.99,11.63,117.91,4.84,30-Nov-2018 - 00:00,,"Central School, Lucknow - CPCB"
30-Nov-2018 - 00:00,,1.37,0.23,18.9,78.08,1.26,21.52,-0.07,0.29,262.48,1.13,9.36,34.6,25.89,21.22,145.93,3.67,01-Dec-2018 - 00:00,,"Central School, Lucknow - CPCB"
01-Dec-2018 - 00:00,,1.36,0.23,18.27,69.21,1.24,29.01,-0.03,0.32,192.39,1.02,33.09,39.14,47.29,15.24,152.24,3.41,02-Dec-2018 - 00:00,,"Central School, Lucknow - CPCB"
02-Dec-2018 - 00:00,,1.36,0.23,17.76,65.51,1.25,29.21,-0.04,0.33,181.76,0.99,35.95,46.25,53.36,14.96,129.75,3.54,03-Dec-2018 - 00:00,,"Central School, Lucknow - CPCB"
03-Dec-2018 - 00:00,,1.36,0.23,17.35,69.83,1.24,26.52,-0.07,0.3,271.88,1.15,21.46,39.45,38.15,15.75,124.13,4.13,04-Dec-2018 - 00:00,,"Central School, Lucknow - CPCB"
04-Dec-2018 - 00:00,,1.37,0.23,17.41,77.36,1.25,28.03,-0.07,0.31,204.35,1.06,29.57,49.92,50.21,12.12,195.28,3.5,05-Dec-2018 - 00:00,,"Central School, Lucknow - CPCB"
05-Dec-2018 - 00:00,,1.36,0.23,17.53,74.0,1.24,39.03,-0.07,0.31,273.18,0.85,18.67,39.48,35.94,16.37,189.24,4.02,06-Dec-2018 - 00:00,,"Central School, Lucknow - CPCB"
06-Dec-2018 - 00:00,,1.65,0.39,16.39,76.43,1.41,38.04,-0.09,0.29,269.65,0.79,18.74,47.25,40.13,18.61,188.84,3.69,07-Dec-2018 - 00:00,,"Central School, Lucknow - CPCB"
07-Dec-2018 - 00:00,,1.37,0.53,16.42,72.85,1.01,37.3,0.07,0.3,204.39,0.82,15.62,35.49,31.37,16.42,154.13,4.63,08-Dec-2018 - 00:00,,"Central School, Lucknow - CPCB"
08-Dec-2018 - 00:00,,1.49,0.09,16.17,76.39,0.06,38.66,0.04,0.3,220.37,0.8,31.53,44.58,48.96,20.09,162.89,4.72,09-Dec-2018 - 00:00,,"Central School, Lucknow - CPCB"
09-Dec-2018 - 00:00,,3.9,0.0,15.83,76.28,0.08,36.75,0.03,0.31,132.87,1.07,60.65,49.0,74.58,17.28,190.17,4.15,10-Dec-2018 - 00:00,,"Central School, Lucknow - CPCB"
10-Dec-2018 - 00:00,,5.33,0.0,15.09,76.16,0.36,36.36,0.04,0.35,86.08,1.24,94.31,55.46,104.95,21.47,266.18,3.23,11-Dec-2018 - 00:00,,"Central School, Lucknow - CPCB"
11-Dec-2018 - 00:00,,2.13,0.0,15.02,75.12,0.0,28.02,0.04,0.36,73.22,1.02,39.1,48.87,57.28,14.54,160.41,3.78,12-Dec-2018 - 00:00,,"Central School, Lucknow - CPCB"
12-Dec-2018 - 00:00,,4.7,0.0,15.26,75.48,0.0,22.91,0.05,0.3,157.55,0.66,22.07,45.82,42.02,9.06,153.16,4.5,13-Dec-2018 - 00:00,,"Central School, Lucknow - CPCB"
13-Dec-2018 - 00:00,,0.3,0.0,16.41,69.81,0.0,28.68,0.05,0.29,229.59,0.63,9.21,36.22,26.63,9.68,102.81,5.16,14-Dec-2018 - 00:00,,"Central School, Lucknow - CPCB"
14-Dec-2018 - 00:00,,0.0,0.0,16.26,69.01,0.0,33.99,0.05,0.28,270.56,0.41,7.42,30.76,22.3,9.7,74.2,5.93,15-Dec-2018 - 00:00,,"Central School, Lucknow - CPCB"
15-Dec-2018 - 00:00,,0.41,0.0,15.28,65.83,0.0,35.56,0.05,0.29,270.36,0.61,11.09,33.97,26.94,9.16,74.44,5.88,16-Dec-2018 - 00:00,,"Central School, Lucknow - CPCB"
16-Dec-2018 - 00:00,,2.08,0.0,14.53,59.87,0.0,35.0,0.04,0.3,154.58,1.13,39.63,41.03,53.53,10.28,103.18,5.49,17-Dec-2018 - 00:00,,"Central School, Lucknow - CPCB"
17-Dec-2018 - 00:00,,3.24,0.0,15.51,63.65,0.0,35.09,0.05,0.31,215.27,0.86,37.09,42.85,52.47,10.29,112.09,5.3,18-Dec-2018 - 00:00,,"Central School, Lucknow - CPCB"
18-Dec-2018 - 00:00,,0.34,0.0,15.78,63.16,0.0,32.92,0.05,0.33,248.46,0.56,17.65,37.58,34.11,9.33,107.36,5.39,19-Dec-2018 - 00:00,,"Central School, Lucknow - CPCB"
19-Dec-2018 - 00:00,,1.56,0.0,13.37,66.43,0.0,30.43,0.05,0.32,279.02,0.62,9.98,37.7,28.04,15.47,126.44,4.81,20-Dec-2018 - 00:00,,"Central School, Lucknow - CPCB"
20-Dec-2018 - 00:00,,1.66,0.0,13.66,69.79,0.0,31.21,0.06,0.31,257.5,0.66,7.3,38.44,26.29,12.62,159.17,5.0,21-Dec-2018 - 00:00,,"Central School, Lucknow - CPCB"
21-Dec-2018 - 00:00,,0.0,0.0,12.8,61.97,0.0,32.18,0.05,0.31,276.88,0.7,9.82,37.88,28.01,14.34,141.59,4.85,22-Dec-2018 - 00:00,,"Central School, Lucknow - CPCB"
22-Dec-2018 - 00:00,,2.44,0.0,12.42,71.88,0.0,32.49,0.06,0.29,235.3,1.39,47.95,44.49,62.03,14.36,181.97,4.72,23-Dec-2018 - 00:00,,"Central School, Lucknow - CPCB"
23-Dec-2018 - 00:00,,0.42,0.0,12.91,68.94,0.0,31.03,0.06,0.3,232.19,0.53,15.19,41.37,34.16,10.28,186.9,4.82,24-Dec-2018 - 00:00,,"Central School, Lucknow - CPCB"
24-Dec-2018 - 00:00,,0.0,0.0,8.38,68.82,0.0,7.19,0.09,0.3,277.52,0.62,7.03,29.74,21.44,5.87,140.79,4.69,25-Dec-2018 - 00:00,,"Central School, Lucknow - CPCB"
25-Dec-2018 - 00:00,,,,,,,,,,,,,,,,,,26-Dec-2018 - 00:00,,"Central School, Lucknow - CPCB"
26-Dec-2018 - 00:00,,0.2,0.0,14.87,41.98,0.0,48.25,0.08,0.32,232.46,0.61,18.17,39.39,35.49,12.52,94.34,5.62,27-Dec-2018 - 00:00,,"Central School, Lucknow - CPCB"
27-Dec-2018 - 00:00,,1.01,0.0,12.51,52.65,0.0,31.46,0.08,0.33,222.52,0.58,6.73,34.19,23.57,9.23,131.43,5.82,28-Dec-2018 - 00:00,,"Central School, Lucknow - CPCB"
28-Dec-2018 - 00:00,,0.16,0.0,12.07,55.79,0.0,34.48,0.09,0.32,278.84,0.61,6.69,33.3,23.06,17.34,129.52,4.53,29-Dec-2018 - 00:00,,"Central School, Lucknow - CPCB"
29-Dec-2018 - 00:00,,0.0,0.0,11.05,67.69,0.0,35.16,0.12,0.32,262.92,0.93,18.69,40.46,36.48,19.0,178.67,1.93,30-Dec-2018 - 00:00,,"Central School, Lucknow - CPCB"
30-Dec-2018 - 00:00,,1.17,0.0,11.83,75.04,0.0,33.87,0.12,0.3,267.33,1.17,53.14,49.57,68.88,10.55,184.76,1.83,31-Dec-2018 - 00:00,,"Central School, Lucknow - CPCB"
31-Dec-2018 - 00:00,,7.2,0.0,8.98,99.04,0.0,1.38,0.12,0.28,324.76,1.1,128.01,48.77,128.35,4.21,385.81,0.65,01-Jan-2019 - 00:00,,"Central School, Lucknow - CPCB"
