from date,CH4,WD,BP,SR,NMHC,NO2,NOx,NO,CO,VWS,PM2.5,RH,WS,AT,THC,Temp,NH3,SO2,to date,station
01-Jan-2018 - 00:00,0.0,199.33,755.41,54.9,181.05,43.56,63.88,50.89,0.0,0.21,193.86,89.11,0.68,15.77,420.93,,67.34,25.84,02-Jan-2018 - 00:00,"IHBAS, Dilshad Garden, Delhi - CPCB"
02-Jan-2018 - 00:00,0.0,294.51,755.7,50.76,222.71,36.63,44.64,31.44,0.0,0.2,141.52,88.57,0.67,14.34,453.42,,48.43,7.64,03-Jan-2018 - 00:00,"IHBAS, Dilshad Garden, Delhi - CPCB"
03-Jan-2018 - 00:00,0.0,272.51,755.93,62.73,211.14,36.96,46.56,33.63,0.0,0.22,154.6,81.18,0.7,15.22,550.41,,51.04,7.91,04-Jan-2018 - 00:00,"IHBAS, Dilshad Garden, Delhi - CPCB"
04-Jan-2018 - 00:00,0.0,131.51,755.96,57.22,120.3,60.96,62.94,38.14,0.0,0.18,190.0,85.46,0.68,14.5,238.63,,62.76,18.97,05-Jan-2018 - 00:00,"IHBAS, Dilshad Garden, Delhi - CPCB"
05-Jan-2018 - 00:00,0.0,74.31,755.74,56.14,281.78,52.21,77.12,61.69,0.0,0.15,151.88,83.64,0.7,14.39,382.31,,72.06,16.16,06-Jan-2018 - 00:00,"IHBAS, Dilshad Garden, Delhi - CPCB"
06-Jan-2018 - 00:00,0.0,236.83,755.24,68.06,242.29,61.86,115.08,102.71,0.0,0.14,207.07,74.03,0.72,15.71,108.29,,99.43,35.55,07-Jan-2018 - 00:00,"IHBAS, Dilshad Garden, Delhi - CPCB"
07-Jan-2018 - 00:00,0.0,243.19,755.55,77.9,81.97,50.04,51.44,31.03,0.0,0.14,136.76,57.58,0.78,17.45,425.23,,55.57,18.0,08-Jan-2018 - 00:00,"IHBAS, Dilshad Garden, Delhi - CPCB"
08-Jan-2018 - 00:00,0.0,270.63,756.39,87.31,208.21,43.22,52.03,36.3,0.0,0.11,104.71,50.39,0.77,17.74,549.17,,49.58,10.37,09-Jan-2018 - 00:00,"IHBAS, Dilshad Garden, Delhi - CPCB"
09-Jan-2018 - 00:00,0.0,254.76,757.2,82.22,189.29,52.82,70.41,52.4,0.68,0.1,135.87,53.89,0.76,18.12,382.08,,63.83,16.36,10-Jan-2018 - 00:00,"IHBAS, Dilshad Garden, Delhi - CPCB"
10-Jan-2018 - 00:00,0.0,248.57,756.82,63.52,115.69,49.86,75.52,23.38,0.8,0.12,110.5,49.04,0.8,19.03,345.77,,50.74,9.54,11-Jan-2018 - 00:00,"IHBAS, Dilshad Garden, Delhi - CPCB"
11-Jan-2018 - 00:00,0.0,249.57,756.22,82.32,173.99,54.59,49.36,25.4,0.93,0.15,100.5,44.8,0.82,19.7,482.79,,55.28,6.16,12-Jan-2018 - 00:00,"IHBAS, Dilshad Garden, Delhi - CPCB"
12-Jan-2018 - 00:00,0.0,266.65,739.75,75.99,314.42,55.81,66.74,45.78,1.26,0.1,102.94,46.57,0.75,19.4,226.08,,63.27,9.59,13-Jan-2018 - 00:00,"IHBAS, Dilshad Garden, Delhi - CPCB"
13-Jan-2018 - 00:00,0.0,250.27,756.0,87.53,440.65,59.3,121.94,113.0,1.7,0.1,154.21,53.14,0.73,19.28,166.03,,109.22,26.18,14-Jan-2018 - 00:00,"IHBAS, Dilshad Garden, Delhi - CPCB"
14-Jan-2018 - 00:00,0.0,255.83,755.96,79.04,161.38,48.58,61.5,44.57,1.06,0.08,135.99,46.36,0.75,19.57,356.36,,63.9,13.55,15-Jan-2018 - 00:00,"IHBAS, Dilshad Garden, Delhi - CPCB"
15-Jan-2018 - 00:00,0.0,251.44,756.01,76.35,208.33,44.3,47.05,30.45,0.57,0.11,109.86,49.39,0.8,19.62,435.04,,51.22,10.8,16-Jan-2018 - 00:00,"IHBAS, Dilshad Garden, Delhi - CPCB"
16-Jan-2018 - 00:00,0.0,193.85,754.89,86.05,479.46,47.24,73.12,59.99,1.01,0.08,84.88,42.87,0.78,19.81,296.39,,64.95,4.15,17-Jan-2018 - 00:00,"IHBAS, Dilshad Garden, Delhi - CPCB"
17-Jan-2018 - 00:00,0.0,91.29,755.48,67.62,294.03,49.6,73.6,59.03,0.99,0.03,145.92,75.29,0.73,17.17,160.39,,74.82,15.72,18-Jan-2018 - 00:00,"IHBAS, Dilshad Garden, Delhi - CPCB"
18-Jan-2018 - 00:00,0.0,118.37,722.76,54.07,835.12,75.81,110.39,81.59,1.67,0.01,188.04,72.55,0.66,18.34,29.24,,98.71,25.76,19-Jan-2018 - 00:00,"IHBAS, Dilshad Garden, Delhi - CPCB"
19-Jan-2018 - 00:00,0.0,239.08,755.91,55.32,391.58,65.89,85.91,67.36,1.28,0.04,147.21,65.46,0.74,20.36,161.29,,105.05,37.99,20-Jan-2018 - 00:00,"IHBAS, Dilshad Garden, Delhi - CPCB"
20-Jan-2018 - 00:00,32.64,257.43,755.48,75.03,334.11,63.55,48.08,18.75,1.07,0.04,97.48,48.5,0.78,19.69,453.21,,90.81,10.62,21-Jan-2018 - 00:00,"IHBAS, Dilshad Garden, Delhi - CPCB"
21-Jan-2018 - 00:00,0.0,154.25,755.22,77.08,521.83,83.96,92.51,59.81,1.36,-0.04,110.77,53.08,0.65,18.15,170.05,,110.16,16.45,22-Jan-2018 - 00:00,"IHBAS, Dilshad Garden, Delhi - CPCB"
22-Jan-2018 - 00:00,0.0,100.52,754.63,76.16,488.3,100.31,92.19,48.55,1.19,-0.06,127.38,56.33,0.7,18.79,167.72,,115.88,20.66,23-Jan-2018 - 00:00,"IHBAS, Dilshad Garden, Delhi - CPCB"
23-Jan-2018 - 00:00,0.0,107.04,753.73,27.24,208.28,69.04,55.71,23.73,1.25,-0.05,106.6,69.72,0.75,17.13,159.09,,84.83,13.4,24-Jan-2018 - 00:00,"IHBAS, Dilshad Garden, Delhi - CPCB"
24-Jan-2018 - 00:00,0.0,257.88,731.31,77.48,283.26,48.01,39.42,17.35,0.49,0.0,75.7,71.58,0.75,16.6,148.39,,78.48,8.56,25-Jan-2018 - 00:00,"IHBAS, Dilshad Garden, Delhi - CPCB"
25-Jan-2018 - 00:00,0.0,253.22,754.57,117.73,266.21,50.04,40.21,16.99,0.84,0.08,77.02,76.52,0.8,17.24,406.19,,75.09,6.06,26-Jan-2018 - 00:00,"IHBAS, Dilshad Garden, Delhi - CPCB"
26-Jan-2018 - 00:00,10.51,290.61,715.31,90.9,215.93,32.77,27.66,13.45,0.66,0.05,73.52,83.45,0.71,14.21,25.77,,64.51,7.0,27-Jan-2018 - 00:00,"IHBAS, Dilshad Garden, Delhi - CPCB"
27-Jan-2018 - 00:00,0.0,295.06,755.01,82.79,345.17,44.75,40.48,20.84,0.75,-0.68,90.33,73.09,0.7,16.1,192.78,,69.93,4.22,28-Jan-2018 - 00:00,"IHBAS, Dilshad Garden, Delhi - CPCB"
28-Jan-2018 - 00:00,0.0,298.47,755.34,100.3,323.52,45.73,40.24,19.89,0.8,-2.98,101.14,69.58,0.73,16.96,137.13,,64.24,8.89,29-Jan-2018 - 00:00,"IHBAS, Dilshad Garden, Delhi - CPCB"
29-Jan-2018 - 00:00,55.89,274.63,755.93,101.8,331.47,52.97,51.26,28.85,0.99,0.49,95.9,65.54,0.76,17.97,157.19,,70.05,10.81,30-Jan-2018 - 00:00,"IHBAS, Dilshad Garden, Delhi - CPCB"
30-Jan-2018 - 00:00,455.68,260.69,755.49,91.61,236.78,41.74,37.1,12.43,1.01,0.65,69.48,41.01,0.83,22.09,219.55,,68.12,6.92,31-Jan-2018 - 00:00,"IHBAS, Dilshad Garden, Delhi - CPCB"
31-Jan-2018 - 00:00,0.0,254.04,755.1,92.16,271.47,44.29,33.0,11.81,0.8,0.42,70.62,45.88,0.83,22.55,507.47,,80.89,5.7,01-Feb-2018 - 00:00,"IHBAS, Dilshad Garden, Delhi - CPCB"
01-Feb-2018 - 00:00,0.0,267.49,755.14,84.48,387.39,68.84,56.52,23.3,1.17,-0.05,81.46,42.42,0.76,23.81,172.11,,96.29,22.09,02-Feb-2018 - 00:00,"IHBAS, Dilshad Garden, Delhi - CPCB"
02-Feb-2018 - 00:00,0.0,284.27,754.4,97.66,264.7,50.65,40.01,16.67,0.83,1.18,65.58,46.74,0.77,23.49,208.67,,84.38,15.89,03-Feb-2018 - 00:00,"IHBAS, Dilshad Garden, Delhi - CPCB"
03-Feb-2018 - 00:00,3.48,292.67,755.53,101.04,232.71,47.09,35.41,12.95,0.84,1.9,71.96,35.76,0.79,22.26,240.97,,71.26,14.52,04-Feb-2018 - 00:00,"IHBAS, Dilshad Garden, Delhi - CPCB"
04-Feb-2018 - 00:00,261.83,274.27,755.71,106.78,249.81,46.68,35.11,12.85,0.87,1.97,70.46,37.62,0.81,21.19,476.3,,72.51,9.97,05-Feb-2018 - 00:00,"IHBAS, Dilshad Garden, Delhi - CPCB"
05-Feb-2018 - 00:00,0.0,284.52,756.74,76.08,300.54,62.93,45.63,15.19,1.03,0.85,89.76,29.87,0.77,20.84,254.56,,65.42,17.97,06-Feb-2018 - 00:00,"IHBAS, Dilshad Garden, Delhi - CPCB"
06-Feb-2018 - 00:00,0.0,280.25,756.66,66.49,244.48,52.9,39.11,14.46,1.27,0.24,92.08,34.91,0.83,21.42,408.35,,68.53,15.79,07-Feb-2018 - 00:00,"IHBAS, Dilshad Garden, Delhi - CPCB"
07-Feb-2018 - 00:00,0.0,278.07,755.34,109.66,306.31,53.19,39.67,14.22,0.74,0.35,86.43,31.7,0.81,21.32,311.87,,68.98,9.56,08-Feb-2018 - 00:00,"IHBAS, Dilshad Garden, Delhi - CPCB"
08-Feb-2018 - 00:00,360.57,273.98,737.37,89.08,395.05,63.54,58.11,30.38,0.67,0.03,129.18,40.92,0.72,20.04,236.31,,79.4,15.71,09-Feb-2018 - 00:00,"IHBAS, Dilshad Garden, Delhi - CPCB"
09-Feb-2018 - 00:00,0.0,266.07,754.96,91.31,334.24,62.24,45.99,16.1,1.0,-0.03,185.61,41.46,0.74,20.96,211.07,,79.06,10.43,10-Feb-2018 - 00:00,"IHBAS, Dilshad Garden, Delhi - CPCB"
10-Feb-2018 - 00:00,0.0,218.07,756.02,85.58,625.62,73.59,99.31,63.94,1.8,-0.06,196.51,43.91,0.67,20.57,176.58,,108.48,19.21,11-Feb-2018 - 00:00,"IHBAS, Dilshad Garden, Delhi - CPCB"
11-Feb-2018 - 00:00,0.0,115.17,718.82,89.62,157.9,53.26,43.68,19.18,0.98,-0.23,151.14,30.61,0.75,21.7,403.95,,73.97,20.98,12-Feb-2018 - 00:00,"IHBAS, Dilshad Garden, Delhi - CPCB"
12-Feb-2018 - 00:00,0.0,94.23,756.83,51.86,193.45,25.85,22.81,11.59,0.62,2.41,64.75,65.19,0.87,19.94,586.16,,62.91,5.0,13-Feb-2018 - 00:00,"IHBAS, Dilshad Garden, Delhi - CPCB"
13-Feb-2018 - 00:00,0.0,205.45,758.65,89.17,281.96,40.51,40.11,23.2,2.13,8.5,106.03,72.55,0.73,20.25,180.01,,78.12,9.32,14-Feb-2018 - 00:00,"IHBAS, Dilshad Garden, Delhi - CPCB"
14-Feb-2018 - 00:00,166.91,278.07,758.42,113.22,109.09,26.48,22.21,10.16,2.89,8.68,51.23,49.41,0.86,21.22,288.58,,59.2,6.74,15-Feb-2018 - 00:00,"IHBAS, Dilshad Garden, Delhi - CPCB"
15-Feb-2018 - 00:00,0.0,272.53,757.51,101.75,232.91,30.81,29.96,10.14,0.83,0.45,73.96,52.54,1.16,21.92,297.1,,51.92,10.17,16-Feb-2018 - 00:00,"IHBAS, Dilshad Garden, Delhi - CPCB"
16-Feb-2018 - 00:00,0.0,278.52,756.83,102.51,250.76,44.6,34.55,13.53,1.08,0.46,97.63,52.99,1.25,23.33,173.36,,63.18,13.36,17-Feb-2018 - 00:00,"IHBAS, Dilshad Garden, Delhi - CPCB"
17-Feb-2018 - 00:00,0.0,262.32,753.35,103.12,281.61,49.82,38.01,14.38,0.89,0.4,81.32,50.71,1.37,24.25,205.14,,68.04,13.25,18-Feb-2018 - 00:00,"IHBAS, Dilshad Garden, Delhi - CPCB"
18-Feb-2018 - 00:00,0.0,264.41,752.41,120.21,214.66,47.67,43.39,22.54,0.94,0.43,81.22,48.68,1.03,23.97,234.18,,66.51,12.3,19-Feb-2018 - 00:00,"IHBAS, Dilshad Garden, Delhi - CPCB"
19-Feb-2018 - 00:00,0.0,254.86,753.03,109.15,172.23,70.6,82.69,56.29,1.41,0.44,135.84,41.57,0.83,24.17,159.92,,79.25,18.34,20-Feb-2018 - 00:00,"IHBAS, Dilshad Garden, Delhi - CPCB"
20-Feb-2018 - 00:00,0.0,266.76,752.81,107.34,85.59,59.97,56.21,30.39,1.35,0.73,113.8,44.33,0.9,25.75,166.34,,71.9,4.34,21-Feb-2018 - 00:00,"IHBAS, Dilshad Garden, Delhi - CPCB"
21-Feb-2018 - 00:00,0.0,230.26,751.85,94.41,148.42,81.91,94.82,66.58,2.2,1.54,76.54,46.21,0.78,26.25,454.18,,109.0,15.86,22-Feb-2018 - 00:00,"IHBAS, Dilshad Garden, Delhi - CPCB"
22-Feb-2018 - 00:00,137.43,197.64,751.42,108.69,139.16,62.36,59.82,33.32,1.18,2.1,84.08,48.0,0.73,26.5,504.09,,93.68,8.54,23-Feb-2018 - 00:00,"IHBAS, Dilshad Garden, Delhi - CPCB"
23-Feb-2018 - 00:00,38.3,245.8,751.6,96.47,125.3,55.67,50.0,25.06,1.88,1.34,217.83,49.89,0.64,26.92,458.77,,92.76,10.19,24-Feb-2018 - 00:00,"IHBAS, Dilshad Garden, Delhi - CPCB"
24-Feb-2018 - 00:00,89.98,93.77,752.39,80.63,39.32,58.71,45.98,19.32,0.98,0.68,157.27,45.56,0.79,28.11,201.22,,75.97,6.17,25-Feb-2018 - 00:00,"IHBAS, Dilshad Garden, Delhi - CPCB"
25-Feb-2018 - 00:00,0.0,290.55,753.8,102.13,28.04,30.45,28.43,15.29,0.74,1.19,105.25,48.21,1.33,26.49,100.12,,53.32,8.13,26-Feb-2018 - 00:00,"IHBAS, Dilshad Garden, Delhi - CPCB"
26-Feb-2018 - 00:00,0.0,270.0,752.9,128.13,192.8,21.88,21.57,12.41,0.85,0.72,53.09,51.38,1.78,25.24,649.67,,40.14,9.34,27-Feb-2018 - 00:00,"IHBAS, Dilshad Garden, Delhi - CPCB"
27-Feb-2018 - 00:00,0.0,270.41,752.61,109.8,192.76,35.46,31.87,16.26,0.85,0.36,66.05,48.05,1.26,27.05,680.98,,47.82,10.82,28-Feb-2018 - 00:00,"IHBAS, Dilshad Garden, Delhi - CPCB"
28-Feb-2018 - 00:00,0.0,292.28,752.7,96.67,192.38,38.47,36.63,20.21,1.23,0.35,123.92,51.72,1.0,27.66,719.2,,53.68,18.49,01-Mar-2018 - 00:00,"IHBAS, Dilshad Garden, Delhi - CPCB"
01-Mar-2018 - 00:00,0.0,229.94,752.03,86.47,192.3,41.55,38.43,20.42,1.17,-0.23,99.7,46.37,0.62,25.55,460.58,,54.66,13.15,02-Mar-2018 - 00:00,"IHBAS, Dilshad Garden, Delhi - CPCB"
02-Mar-2018 - 00:00,0.0,278.49,751.31,110.89,,46.07,56.56,40.07,1.76,0.49,142.7,48.18,0.69,24.62,0.0,,70.12,22.04,03-Mar-2018 - 00:00,"IHBAS, Dilshad Garden, Delhi - CPCB"
03-Mar-2018 - 00:00,0.0,267.99,750.39,95.79,,33.63,31.48,16.99,1.04,0.47,65.51,39.82,0.64,25.48,0.0,,52.02,14.42,04-Mar-2018 - 00:00,"IHBAS, Dilshad Garden, Delhi - CPCB"
04-Mar-2018 - 00:00,0.0,288.63,750.99,98.16,,30.78,28.7,15.41,0.91,0.49,71.34,41.06,0.73,24.19,0.0,,43.03,12.02,05-Mar-2018 - 00:00,"IHBAS, Dilshad Garden, Delhi - CPCB"
05-Mar-2018 - 00:00,0.0,289.53,752.71,135.61,18.73,33.61,29.09,14.02,1.12,-0.2,57.19,41.4,0.98,25.84,25.01,,44.37,10.83,06-Mar-2018 - 00:00,"IHBAS, Dilshad Garden, Delhi - CPCB"
06-Mar-2018 - 00:00,0.0,281.41,753.0,131.46,142.5,36.28,28.84,11.92,0.68,-0.04,65.7,40.57,1.1,26.15,80.66,,42.09,13.08,07-Mar-2018 - 00:00,"IHBAS, Dilshad Garden, Delhi - CPCB"
07-Mar-2018 - 00:00,382.61,286.37,752.58,152.58,125.64,40.79,40.71,11.91,0.97,0.09,66.87,37.81,0.91,27.2,190.59,,36.93,11.2,08-Mar-2018 - 00:00,"IHBAS, Dilshad Garden, Delhi - CPCB"
08-Mar-2018 - 00:00,33.33,273.93,753.03,96.64,328.3,73.23,76.11,43.59,1.78,0.15,97.2,46.24,0.49,25.21,400.3,,77.94,14.63,09-Mar-2018 - 00:00,"IHBAS, Dilshad Garden, Delhi - CPCB"
09-Mar-2018 - 00:00,0.0,291.45,753.03,121.11,243.9,63.2,45.67,15.07,1.9,0.42,97.24,38.37,0.94,26.01,209.6,,85.32,11.3,10-Mar-2018 - 00:00,"IHBAS, Dilshad Garden, Delhi - CPCB"
10-Mar-2018 - 00:00,0.0,281.02,752.5,135.02,77.59,40.35,29.08,9.52,0.81,0.33,58.1,31.39,1.37,26.42,333.23,,65.09,6.35,11-Mar-2018 - 00:00,"IHBAS, Dilshad Garden, Delhi - CPCB"
11-Mar-2018 - 00:00,0.0,282.68,752.08,130.72,138.68,48.05,33.62,10.08,0.84,0.16,62.34,32.98,1.03,27.09,232.6,,55.57,14.54,12-Mar-2018 - 00:00,"IHBAS, Dilshad Garden, Delhi - CPCB"
12-Mar-2018 - 00:00,0.0,277.9,752.06,128.45,149.73,45.62,31.85,9.48,0.98,0.19,72.87,34.47,1.18,28.25,172.82,,48.12,20.24,13-Mar-2018 - 00:00,"IHBAS, Dilshad Garden, Delhi - CPCB"
13-Mar-2018 - 00:00,263.8,222.92,751.37,132.06,377.29,54.76,44.15,18.77,1.3,-0.22,101.38,44.39,1.33,27.63,185.8,,41.84,22.77,14-Mar-2018 - 00:00,"IHBAS, Dilshad Garden, Delhi - CPCB"
14-Mar-2018 - 00:00,,154.75,750.59,112.54,717.9,61.62,61.66,36.27,1.5,0.4,134.47,58.54,1.76,23.09,229.13,,46.96,50.79,15-Mar-2018 - 00:00,"IHBAS, Dilshad Garden, Delhi - CPCB"
15-Mar-2018 - 00:00,0.0,198.02,750.67,117.08,360.39,37.22,30.02,12.78,0.87,0.4,113.58,63.75,1.53,24.55,254.37,,20.71,26.48,16-Mar-2018 - 00:00,"IHBAS, Dilshad Garden, Delhi - CPCB"
16-Mar-2018 - 00:00,0.0,264.02,751.27,125.85,352.17,26.51,22.34,10.3,1.25,0.18,111.76,64.61,1.37,26.36,192.61,,16.0,11.48,17-Mar-2018 - 00:00,"IHBAS, Dilshad Garden, Delhi - CPCB"
17-Mar-2018 - 00:00,0.0,315.55,751.79,150.26,258.24,15.85,15.77,9.21,0.63,0.08,57.28,55.71,1.72,27.51,248.86,,9.15,7.51,18-Mar-2018 - 00:00,"IHBAS, Dilshad Garden, Delhi - CPCB"
18-Mar-2018 - 00:00,572.33,284.75,752.4,151.42,277.69,9.9,12.37,9.03,0.63,0.04,65.63,52.44,1.42,28.13,224.94,,5.31,10.0,19-Mar-2018 - 00:00,"IHBAS, Dilshad Garden, Delhi - CPCB"
19-Mar-2018 - 00:00,0.0,239.68,752.99,131.19,330.05,39.76,29.68,10.67,0.68,-0.0,61.03,45.47,1.22,28.78,220.42,,34.01,13.23,20-Mar-2018 - 00:00,"IHBAS, Dilshad Garden, Delhi - CPCB"
20-Mar-2018 - 00:00,45.05,174.73,751.68,122.72,469.26,78.73,64.99,28.89,1.39,-0.06,115.92,41.8,0.56,28.93,229.13,,55.8,26.5,21-Mar-2018 - 00:00,"IHBAS, Dilshad Garden, Delhi - CPCB"
21-Mar-2018 - 00:00,40.25,175.84,750.69,99.27,343.96,49.36,39.53,16.62,0.98,-0.88,128.22,53.78,1.43,27.83,284.92,,52.63,37.94,22-Mar-2018 - 00:00,"IHBAS, Dilshad Garden, Delhi - CPCB"
22-Mar-2018 - 00:00,0.0,194.16,751.1,112.05,269.47,39.05,30.72,12.44,1.11,0.68,66.35,57.75,1.6,26.63,331.69,,40.87,14.17,23-Mar-2018 - 00:00,"IHBAS, Dilshad Garden, Delhi - CPCB"
23-Mar-2018 - 00:00,0.0,324.11,751.67,142.31,242.8,35.91,27.24,10.6,0.81,-3.48,53.64,54.72,1.46,26.46,289.36,,43.06,9.91,24-Mar-2018 - 00:00,"IHBAS, Dilshad Garden, Delhi - CPCB"
24-Mar-2018 - 00:00,151.09,325.21,752.76,148.16,258.32,40.52,30.31,10.95,0.57,-3.6,80.04,50.09,1.56,28.14,298.53,,39.03,14.38,25-Mar-2018 - 00:00,"IHBAS, Dilshad Garden, Delhi - CPCB"
25-Mar-2018 - 00:00,0.0,308.34,753.28,154.82,254.88,39.33,29.04,10.15,0.76,-3.85,108.94,49.98,1.58,28.49,225.48,,43.92,14.62,26-Mar-2018 - 00:00,"IHBAS, Dilshad Garden, Delhi - CPCB"
26-Mar-2018 - 00:00,0.0,318.03,752.49,147.87,295.57,47.48,33.93,10.84,0.83,-1.47,99.26,42.59,1.49,29.56,266.53,,46.37,16.66,27-Mar-2018 - 00:00,"IHBAS, Dilshad Garden, Delhi - CPCB"
27-Mar-2018 - 00:00,0.0,268.8,751.04,188.08,375.9,63.33,49.42,18.32,2.27,-0.87,101.25,32.28,1.28,30.88,296.26,,46.59,19.28,28-Mar-2018 - 00:00,"IHBAS, Dilshad Garden, Delhi - CPCB"
28-Mar-2018 - 00:00,18.62,276.44,750.62,221.04,471.65,53.3,67.13,24.87,0.9,1.27,84.53,23.02,1.79,33.8,393.28,,47.24,15.54,29-Mar-2018 - 00:00,"IHBAS, Dilshad Garden, Delhi - CPCB"
29-Mar-2018 - 00:00,584.28,307.61,750.28,138.78,347.4,46.4,33.06,10.47,0.7,0.82,93.78,33.47,1.52,31.03,251.69,,45.57,8.17,30-Mar-2018 - 00:00,"IHBAS, Dilshad Garden, Delhi - CPCB"
30-Mar-2018 - 00:00,0.0,278.13,749.32,142.12,389.64,55.98,39.02,11.55,0.54,0.22,97.92,33.86,1.57,30.96,252.89,,45.53,12.92,31-Mar-2018 - 00:00,"IHBAS, Dilshad Garden, Delhi - CPCB"
31-Mar-2018 - 00:00,0.0,116.48,734.3,143.7,319.57,42.98,31.27,10.51,0.55,0.19,107.86,45.44,1.41,27.73,544.42,,48.31,14.75,01-Apr-2018 - 00:00,"IHBAS, Dilshad Garden, Delhi - CPCB"
01-Apr-2018 - 00:00,576.5,116.98,751.25,140.71,309.04,43.37,31.47,10.5,0.5,0.19,72.23,45.16,1.19,29.68,446.9,,48.28,12.06,02-Apr-2018 - 00:00,"IHBAS, Dilshad Garden, Delhi - CPCB"
02-Apr-2018 - 00:00,766.84,107.39,751.43,131.54,376.56,56.41,39.53,11.91,0.65,0.19,90.69,44.67,0.98,30.36,247.36,,52.81,18.2,03-Apr-2018 - 00:00,"IHBAS, Dilshad Garden, Delhi - CPCB"
03-Apr-2018 - 00:00,0.0,128.04,750.73,120.63,363.59,55.73,37.91,10.92,0.73,0.19,87.8,40.92,0.9,32.04,227.21,,53.27,37.83,04-Apr-2018 - 00:00,"IHBAS, Dilshad Garden, Delhi - CPCB"
04-Apr-2018 - 00:00,0.0,119.24,749.67,116.62,470.09,65.66,45.28,12.94,0.93,0.2,102.52,44.44,0.68,31.99,220.89,,67.08,18.87,05-Apr-2018 - 00:00,"IHBAS, Dilshad Garden, Delhi - CPCB"
05-Apr-2018 - 00:00,0.0,127.32,749.11,113.8,481.36,62.38,45.58,16.5,1.11,0.2,133.67,45.56,0.79,32.06,201.48,,70.7,22.82,06-Apr-2018 - 00:00,"IHBAS, Dilshad Garden, Delhi - CPCB"
06-Apr-2018 - 00:00,0.0,129.79,750.04,87.6,342.26,50.22,36.22,12.5,0.43,0.21,99.87,40.82,1.78,30.9,325.21,,52.64,20.74,07-Apr-2018 - 00:00,"IHBAS, Dilshad Garden, Delhi - CPCB"
07-Apr-2018 - 00:00,0.0,120.62,750.95,134.49,283.78,35.36,27.73,11.15,0.46,0.18,44.28,48.14,1.36,29.82,569.24,,47.1,7.95,08-Apr-2018 - 00:00,"IHBAS, Dilshad Garden, Delhi - CPCB"
08-Apr-2018 - 00:00,0.0,122.73,751.28,133.97,253.65,32.66,25.29,9.9,0.43,0.18,49.09,47.41,1.59,30.48,682.97,,48.26,9.38,09-Apr-2018 - 00:00,"IHBAS, Dilshad Garden, Delhi - CPCB"
09-Apr-2018 - 00:00,203.13,122.48,751.88,97.27,454.85,42.5,38.45,15.93,0.55,0.14,56.34,62.48,1.33,27.67,211.53,,42.26,7.67,10-Apr-2018 - 00:00,"IHBAS, Dilshad Garden, Delhi - CPCB"
10-Apr-2018 - 00:00,0.0,157.13,751.03,132.21,416.42,46.02,35.15,14.28,0.63,0.19,79.61,56.15,1.25,29.67,290.87,,63.38,12.42,11-Apr-2018 - 00:00,"IHBAS, Dilshad Garden, Delhi - CPCB"
11-Apr-2018 - 00:00,0.0,101.07,750.92,116.25,267.28,33.88,26.65,10.78,0.74,0.2,64.32,61.27,1.79,27.73,454.88,,52.5,8.94,12-Apr-2018 - 00:00,"IHBAS, Dilshad Garden, Delhi - CPCB"
12-Apr-2018 - 00:00,0.0,189.91,733.6,149.97,386.63,41.91,36.02,17.15,0.53,0.2,68.88,48.79,1.24,28.27,310.49,,48.36,7.75,13-Apr-2018 - 00:00,"IHBAS, Dilshad Garden, Delhi - CPCB"
13-Apr-2018 - 00:00,0.0,230.86,751.03,174.83,461.86,55.48,47.64,22.67,0.76,0.24,87.55,28.51,0.89,30.24,213.61,,47.0,14.06,14-Apr-2018 - 00:00,"IHBAS, Dilshad Garden, Delhi - CPCB"
14-Apr-2018 - 00:00,0.0,269.01,750.42,149.86,458.38,58.6,44.69,16.9,0.6,0.19,76.06,23.2,1.09,31.94,89.44,,51.05,12.33,15-Apr-2018 - 00:00,"IHBAS, Dilshad Garden, Delhi - CPCB"
15-Apr-2018 - 00:00,0.0,261.42,750.42,141.9,595.17,70.94,63.07,31.73,0.68,-0.39,95.11,33.36,0.56,30.86,138.26,,67.97,16.99,16-Apr-2018 - 00:00,"IHBAS, Dilshad Garden, Delhi - CPCB"
16-Apr-2018 - 00:00,0.0,111.07,750.34,111.1,784.74,71.47,75.5,46.85,1.14,-4.5,119.05,32.81,0.94,32.77,99.11,,79.96,21.57,17-Apr-2018 - 00:00,"IHBAS, Dilshad Garden, Delhi - CPCB"
17-Apr-2018 - 00:00,0.0,177.85,750.85,145.59,533.23,53.71,49.25,24.72,0.62,-2.74,108.12,30.03,1.15,33.26,59.36,,59.09,11.5,18-Apr-2018 - 00:00,"IHBAS, Dilshad Garden, Delhi - CPCB"
18-Apr-2018 - 00:00,25.13,304.8,750.42,156.73,427.69,47.75,34.04,10.8,0.59,-1.51,99.24,22.18,1.78,33.86,0.0,,49.22,0.18,19-Apr-2018 - 00:00,"IHBAS, Dilshad Garden, Delhi - CPCB"
19-Apr-2018 - 00:00,24.94,287.0,748.98,143.18,450.54,60.09,41.8,12.3,0.66,-1.21,93.13,21.06,1.27,34.78,55.29,,53.09,13.98,20-Apr-2018 - 00:00,"IHBAS, Dilshad Garden, Delhi - CPCB"
20-Apr-2018 - 00:00,52.34,170.69,748.54,121.35,406.99,45.07,32.67,10.87,0.52,-0.81,150.84,22.04,2.43,34.06,90.22,,40.8,49.18,21-Apr-2018 - 00:00,"IHBAS, Dilshad Garden, Delhi - CPCB"
21-Apr-2018 - 00:00,236.92,303.3,750.51,134.11,358.14,39.21,29.78,11.15,0.6,-0.64,159.25,30.8,1.55,31.21,193.6,,45.03,21.3,22-Apr-2018 - 00:00,"IHBAS, Dilshad Garden, Delhi - CPCB"
22-Apr-2018 - 00:00,0.0,324.69,750.96,172.05,360.9,41.34,29.6,9.51,1.25,-0.67,92.76,21.32,1.98,30.73,226.84,,49.68,16.93,23-Apr-2018 - 00:00,"IHBAS, Dilshad Garden, Delhi - CPCB"
23-Apr-2018 - 00:00,0.0,295.3,750.51,164.14,442.62,53.93,40.07,14.23,0.7,-0.76,66.57,16.32,1.35,31.99,298.92,,45.65,13.77,24-Apr-2018 - 00:00,"IHBAS, Dilshad Garden, Delhi - CPCB"
24-Apr-2018 - 00:00,5.81,262.99,749.92,131.44,564.89,75.23,54.62,18.26,0.76,-0.88,76.16,17.49,1.12,32.89,225.74,,50.59,26.31,25-Apr-2018 - 00:00,"IHBAS, Dilshad Garden, Delhi - CPCB"
25-Apr-2018 - 00:00,297.07,237.02,748.79,153.02,795.02,94.82,118.75,66.81,1.45,-0.34,110.31,17.95,0.87,34.2,163.55,,75.98,26.39,26-Apr-2018 - 00:00,"IHBAS, Dilshad Garden, Delhi - CPCB"
26-Apr-2018 - 00:00,174.41,103.51,748.12,122.8,535.13,95.47,83.87,41.36,1.0,-0.15,153.28,18.03,0.8,35.33,234.76,,75.97,29.44,27-Apr-2018 - 00:00,"IHBAS, Dilshad Garden, Delhi - CPCB"
27-Apr-2018 - 00:00,11.54,126.86,749.61,132.67,266.04,44.27,33.29,12.18,0.67,0.0,118.84,45.15,1.63,33.6,392.03,,72.05,16.35,28-Apr-2018 - 00:00,"IHBAS, Dilshad Garden, Delhi - CPCB"
28-Apr-2018 - 00:00,0.0,118.36,749.43,111.93,256.69,34.69,27.31,11.08,0.59,-0.23,90.61,44.97,1.72,33.99,260.72,,61.6,17.45,29-Apr-2018 - 00:00,"IHBAS, Dilshad Garden, Delhi - CPCB"
29-Apr-2018 - 00:00,0.0,128.19,748.14,127.08,298.54,48.47,35.05,11.58,0.81,-0.43,94.36,42.57,0.86,34.47,300.6,,61.86,42.77,30-Apr-2018 - 00:00,"IHBAS, Dilshad Garden, Delhi - CPCB"
30-Apr-2018 - 00:00,0.24,145.69,747.43,144.43,298.56,53.89,42.04,16.72,0.58,-0.13,73.14,39.95,1.47,34.52,493.12,,54.59,15.02,01-May-2018 - 00:00,"IHBAS, Dilshad Garden, Delhi - CPCB"
01-May-2018 - 00:00,0.0,129.12,748.95,143.16,298.59,27.72,23.27,10.66,0.39,-1.39,56.25,56.02,2.18,32.19,699.84,,41.51,9.94,02-May-2018 - 00:00,"IHBAS, Dilshad Garden, Delhi - CPCB"
02-May-2018 - 00:00,0.0,130.75,749.58,132.51,298.6,28.65,24.06,11.03,0.75,0.14,69.17,54.47,2.41,31.46,700.64,,55.77,8.42,03-May-2018 - 00:00,"IHBAS, Dilshad Garden, Delhi - CPCB"
03-May-2018 - 00:00,0.0,131.58,749.8,123.36,258.23,26.78,25.88,8.68,0.25,0.25,42.39,52.77,2.38,30.68,705.47,,32.11,8.43,04-May-2018 - 00:00,"IHBAS, Dilshad Garden, Delhi - CPCB"
04-May-2018 - 00:00,0.0,115.6,749.93,151.26,215.29,28.91,22.87,9.37,0.39,0.1,40.46,54.7,1.72,31.8,634.66,,41.3,10.85,05-May-2018 - 00:00,"IHBAS, Dilshad Garden, Delhi - CPCB"
05-May-2018 - 00:00,0.0,172.0,749.5,145.23,422.03,55.57,38.9,11.68,0.41,0.11,70.5,43.09,0.76,34.17,20.54,,41.53,14.02,06-May-2018 - 00:00,"IHBAS, Dilshad Garden, Delhi - CPCB"
06-May-2018 - 00:00,0.0,86.54,749.82,140.52,473.65,65.19,49.65,18.72,0.31,0.11,109.14,38.32,1.93,33.49,327.57,,45.43,28.94,07-May-2018 - 00:00,"IHBAS, Dilshad Garden, Delhi - CPCB"
07-May-2018 - 00:00,0.0,169.67,748.94,137.64,439.23,57.6,44.18,16.93,0.34,-0.3,101.74,32.78,0.81,34.3,39.06,,41.97,30.14,08-May-2018 - 00:00,"IHBAS, Dilshad Garden, Delhi - CPCB"
08-May-2018 - 00:00,0.0,262.27,749.3,141.68,207.04,24.04,20.38,9.51,0.32,-0.77,73.49,40.51,1.96,31.23,553.8,,30.53,11.85,09-May-2018 - 00:00,"IHBAS, Dilshad Garden, Delhi - CPCB"
09-May-2018 - 00:00,0.0,147.01,750.07,114.03,401.87,64.17,49.93,19.75,0.4,-1.59,75.95,53.49,0.71,29.57,157.36,,51.68,18.59,10-May-2018 - 00:00,"IHBAS, Dilshad Garden, Delhi - CPCB"
10-May-2018 - 00:00,0.0,226.32,750.37,134.02,412.64,77.27,65.91,28.8,0.32,-0.72,81.43,44.51,0.77,32.55,222.22,,80.9,18.37,11-May-2018 - 00:00,"IHBAS, Dilshad Garden, Delhi - CPCB"
11-May-2018 - 00:00,0.0,217.06,748.97,125.82,560.61,101.74,72.78,23.33,0.51,-0.1,127.98,35.82,0.91,35.29,245.86,,76.22,30.23,12-May-2018 - 00:00,"IHBAS, Dilshad Garden, Delhi - CPCB"
12-May-2018 - 00:00,0.0,118.21,748.66,106.64,508.9,93.18,66.53,21.2,0.46,-0.13,140.43,42.89,1.03,35.72,321.32,,81.05,32.95,13-May-2018 - 00:00,"IHBAS, Dilshad Garden, Delhi - CPCB"
13-May-2018 - 00:00,0.0,114.77,748.78,115.99,234.46,30.26,23.86,9.71,0.63,0.39,79.15,53.18,2.66,33.12,287.49,,70.9,13.86,14-May-2018 - 00:00,"IHBAS, Dilshad Garden, Delhi - CPCB"
14-May-2018 - 00:00,0.0,139.96,749.48,131.67,210.61,35.88,27.11,9.88,0.47,0.6,50.87,50.04,1.26,31.15,505.09,,40.94,13.7,15-May-2018 - 00:00,"IHBAS, Dilshad Garden, Delhi - CPCB"
15-May-2018 - 00:00,5.11,115.29,748.76,124.32,234.21,24.94,19.65,8.06,1.15,0.95,72.31,51.36,1.12,33.39,402.84,,43.15,18.61,16-May-2018 - 00:00,"IHBAS, Dilshad Garden, Delhi - CPCB"
16-May-2018 - 00:00,0.0,235.25,714.29,132.27,233.42,23.32,23.27,7.51,1.2,0.02,84.5,36.49,1.39,33.23,196.1,,40.69,13.5,17-May-2018 - 00:00,"IHBAS, Dilshad Garden, Delhi - CPCB"
17-May-2018 - 00:00,0.0,194.35,748.5,151.04,125.75,22.61,20.76,8.99,0.88,-0.22,139.91,30.09,1.11,35.03,272.77,,53.26,16.15,18-May-2018 - 00:00,"IHBAS, Dilshad Garden, Delhi - CPCB"
18-May-2018 - 00:00,0.0,65.91,748.22,73.98,217.41,26.01,22.86,9.5,1.22,0.63,112.65,36.01,0.7,34.95,411.98,,55.36,18.23,19-May-2018 - 00:00,"IHBAS, Dilshad Garden, Delhi - CPCB"
19-May-2018 - 00:00,0.0,177.19,748.22,162.36,382.61,25.94,28.07,15.94,1.31,0.55,121.48,37.06,1.14,35.26,317.19,,60.57,22.92,20-May-2018 - 00:00,"IHBAS, Dilshad Garden, Delhi - CPCB"
20-May-2018 - 00:00,802.48,106.86,748.76,158.69,177.77,12.35,14.66,7.8,1.7,0.41,118.49,18.86,1.5,37.39,341.34,,47.16,16.85,21-May-2018 - 00:00,"IHBAS, Dilshad Garden, Delhi - CPCB"
21-May-2018 - 00:00,664.62,178.3,748.94,149.14,224.18,20.75,19.07,8.32,0.95,0.7,90.67,12.2,1.81,37.09,232.94,,34.94,13.63,22-May-2018 - 00:00,"IHBAS, Dilshad Garden, Delhi - CPCB"
22-May-2018 - 00:00,101.27,190.54,748.41,146.42,422.44,28.89,27.77,14.26,1.38,0.98,105.03,16.12,1.11,37.31,198.13,,27.4,15.32,23-May-2018 - 00:00,"IHBAS, Dilshad Garden, Delhi - CPCB"
23-May-2018 - 00:00,282.1,78.74,747.94,134.04,245.0,28.56,31.32,18.92,1.81,0.2,171.28,27.38,0.76,36.76,191.7,,30.69,20.67,24-May-2018 - 00:00,"IHBAS, Dilshad Garden, Delhi - CPCB"
24-May-2018 - 00:00,598.69,125.66,747.64,126.53,468.49,20.51,19.81,9.87,0.94,-0.12,138.2,28.09,1.0,36.26,207.95,,20.93,21.12,25-May-2018 - 00:00,"IHBAS, Dilshad Garden, Delhi - CPCB"
25-May-2018 - 00:00,863.32,266.11,747.73,156.34,531.15,21.22,20.0,9.65,0.9,0.73,101.28,14.61,0.94,37.09,211.69,,10.81,19.97,26-May-2018 - 00:00,"IHBAS, Dilshad Garden, Delhi - CPCB"
26-May-2018 - 00:00,0.0,245.69,747.22,150.19,584.66,26.29,24.78,12.24,0.9,0.61,103.78,14.19,0.76,37.87,212.01,,16.05,21.73,27-May-2018 - 00:00,"IHBAS, Dilshad Garden, Delhi - CPCB"
27-May-2018 - 00:00,0.0,180.7,746.95,142.14,485.7,23.87,23.12,11.78,0.93,0.2,132.37,14.73,1.22,38.07,165.1,,18.3,21.53,28-May-2018 - 00:00,"IHBAS, Dilshad Garden, Delhi - CPCB"
28-May-2018 - 00:00,0.0,76.84,746.34,134.41,498.5,21.9,21.76,11.39,1.19,0.2,151.79,28.98,0.82,36.34,61.65,,17.42,18.33,29-May-2018 - 00:00,"IHBAS, Dilshad Garden, Delhi - CPCB"
29-May-2018 - 00:00,0.0,151.77,745.87,140.15,405.52,19.03,22.53,14.26,1.07,0.21,127.02,34.22,1.55,37.22,61.5,,19.12,13.77,30-May-2018 - 00:00,"IHBAS, Dilshad Garden, Delhi - CPCB"
30-May-2018 - 00:00,0.0,145.97,746.75,132.46,191.07,13.81,15.49,8.93,0.56,0.24,78.01,44.65,2.43,35.3,377.6,,16.28,2.28,31-May-2018 - 00:00,"IHBAS, Dilshad Garden, Delhi - CPCB"
31-May-2018 - 00:00,11.36,151.71,747.47,136.39,339.53,24.66,21.88,9.71,0.76,0.24,88.64,42.16,1.41,36.53,327.04,,32.64,7.64,01-Jun-2018 - 00:00,"IHBAS, Dilshad Garden, Delhi - CPCB"
01-Jun-2018 - 00:00,0.0,125.57,748.03,142.0,259.86,21.67,20.21,9.61,0.81,0.26,90.14,54.71,2.37,34.47,662.5,,36.09,6.19,02-Jun-2018 - 00:00,"IHBAS, Dilshad Garden, Delhi - CPCB"
02-Jun-2018 - 00:00,0.0,137.58,748.36,136.6,213.1,24.78,21.59,9.26,0.68,0.25,53.12,52.21,1.98,32.52,668.69,,31.33,7.21,03-Jun-2018 - 00:00,"IHBAS, Dilshad Garden, Delhi - CPCB"
03-Jun-2018 - 00:00,0.0,117.69,747.29,140.37,177.08,22.15,20.18,9.25,0.69,0.25,54.13,57.78,1.6,33.99,449.02,,35.89,7.05,04-Jun-2018 - 00:00,"IHBAS, Dilshad Garden, Delhi - CPCB"
04-Jun-2018 - 00:00,0.0,131.57,746.85,129.67,170.99,20.89,19.31,9.0,0.91,0.25,74.12,52.05,2.13,36.14,325.41,,31.19,4.59,05-Jun-2018 - 00:00,"IHBAS, Dilshad Garden, Delhi - CPCB"
05-Jun-2018 - 00:00,10.73,128.61,747.89,125.27,186.76,20.94,19.42,9.1,0.61,-1.19,49.01,51.1,2.04,36.35,81.61,,29.1,4.63,06-Jun-2018 - 00:00,"IHBAS, Dilshad Garden, Delhi - CPCB"
06-Jun-2018 - 00:00,0.0,71.69,748.64,79.16,192.57,16.7,18.57,7.06,0.92,-0.45,56.37,67.07,1.58,33.08,297.23,,34.23,14.71,07-Jun-2018 - 00:00,"IHBAS, Dilshad Garden, Delhi - CPCB"
07-Jun-2018 - 00:00,0.0,118.33,746.75,134.1,242.33,25.23,20.07,8.31,0.74,0.36,62.62,56.59,1.01,35.68,0.0,,29.52,29.46,08-Jun-2018 - 00:00,"IHBAS, Dilshad Garden, Delhi - CPCB"
08-Jun-2018 - 00:00,302.14,134.43,745.35,126.36,212.97,20.62,16.97,7.84,0.75,0.04,67.26,60.14,2.21,35.81,180.24,,28.73,14.07,09-Jun-2018 - 00:00,"IHBAS, Dilshad Garden, Delhi - CPCB"
09-Jun-2018 - 00:00,0.0,138.29,746.0,112.9,216.39,14.47,14.07,7.97,0.8,0.7,49.92,76.22,1.91,32.49,126.93,,14.57,17.17,10-Jun-2018 - 00:00,"IHBAS, Dilshad Garden, Delhi - CPCB"
10-Jun-2018 - 00:00,0.0,153.99,745.38,110.4,349.3,16.86,15.35,9.61,1.68,1.16,75.73,67.1,0.89,33.67,229.23,,13.55,21.87,11-Jun-2018 - 00:00,"IHBAS, Dilshad Garden, Delhi - CPCB"
11-Jun-2018 - 00:00,329.68,294.89,744.38,150.04,358.45,26.31,19.14,7.44,0.87,0.68,90.87,51.39,1.64,36.58,359.66,,24.02,10.55,12-Jun-2018 - 00:00,"IHBAS, Dilshad Garden, Delhi - CPCB"
12-Jun-2018 - 00:00,881.02,287.53,743.27,132.62,361.73,40.18,28.36,8.74,0.98,0.34,218.09,42.05,1.65,38.33,309.61,,57.74,21.86,13-Jun-2018 - 00:00,"IHBAS, Dilshad Garden, Delhi - CPCB"
13-Jun-2018 - 00:00,619.6,273.13,743.31,109.74,129.48,27.35,21.5,8.69,0.69,0.36,542.4,35.95,2.4,39.04,239.42,,56.27,17.62,14-Jun-2018 - 00:00,"IHBAS, Dilshad Garden, Delhi - CPCB"
14-Jun-2018 - 00:00,364.1,267.87,744.24,120.92,132.88,26.92,19.25,6.17,0.98,0.31,434.38,33.58,2.67,38.21,328.15,,46.26,20.53,15-Jun-2018 - 00:00,"IHBAS, Dilshad Garden, Delhi - CPCB"
15-Jun-2018 - 00:00,333.36,230.97,745.29,127.34,347.11,28.16,20.0,6.28,0.51,0.21,300.63,35.69,2.27,37.21,679.42,,48.16,17.8,16-Jun-2018 - 00:00,"IHBAS, Dilshad Garden, Delhi - CPCB"
16-Jun-2018 - 00:00,417.14,141.87,746.34,113.95,344.51,30.85,23.78,5.49,0.52,0.17,223.42,53.23,1.38,35.25,750.59,,42.88,9.56,17-Jun-2018 - 00:00,"IHBAS, Dilshad Garden, Delhi - CPCB"
17-Jun-2018 - 00:00,529.19,93.75,746.92,140.0,355.15,24.36,17.05,5.11,0.66,0.19,96.94,65.01,1.77,32.3,868.05,,40.5,8.68,18-Jun-2018 - 00:00,"IHBAS, Dilshad Garden, Delhi - CPCB"
18-Jun-2018 - 00:00,617.65,199.35,746.88,121.27,220.43,36.72,25.14,7.0,0.9,0.19,85.97,54.98,1.29,33.37,802.43,,35.24,10.43,19-Jun-2018 - 00:00,"IHBAS, Dilshad Garden, Delhi - CPCB"
19-Jun-2018 - 00:00,386.54,260.36,746.9,152.99,301.9,29.46,20.13,5.57,0.65,0.2,55.9,54.19,1.37,34.24,675.54,,55.62,7.69,20-Jun-2018 - 00:00,"IHBAS, Dilshad Garden, Delhi - CPCB"
20-Jun-2018 - 00:00,771.11,113.22,747.16,125.47,311.1,40.08,29.92,10.75,0.78,0.17,70.81,49.05,0.91,36.19,718.27,,45.21,11.53,21-Jun-2018 - 00:00,"IHBAS, Dilshad Garden, Delhi - CPCB"
21-Jun-2018 - 00:00,,118.6,747.1,127.03,205.95,42.85,28.24,6.81,0.72,-0.15,90.33,44.23,1.0,36.97,652.12,,55.13,10.19,22-Jun-2018 - 00:00,"IHBAS, Dilshad Garden, Delhi - CPCB"
22-Jun-2018 - 00:00,,90.46,746.5,129.09,434.76,64.75,48.87,18.03,0.89,0.25,100.91,42.16,0.77,38.2,,,47.61,18.06,23-Jun-2018 - 00:00,"IHBAS, Dilshad Garden, Delhi - CPCB"
23-Jun-2018 - 00:00,,166.57,746.37,119.01,524.08,58.54,44.42,16.6,1.46,0.37,84.73,41.91,1.45,37.82,972.8,,51.75,20.18,24-Jun-2018 - 00:00,"IHBAS, Dilshad Garden, Delhi - CPCB"
24-Jun-2018 - 00:00,,208.28,746.11,134.11,280.03,36.37,25.17,7.28,0.67,0.39,62.45,38.56,1.36,37.54,951.64,,45.39,16.19,25-Jun-2018 - 00:00,"IHBAS, Dilshad Garden, Delhi - CPCB"
25-Jun-2018 - 00:00,,271.32,745.18,135.43,289.93,43.4,30.11,8.78,0.65,-0.64,87.74,39.87,1.61,37.76,896.63,,46.24,16.58,26-Jun-2018 - 00:00,"IHBAS, Dilshad Garden, Delhi - CPCB"
26-Jun-2018 - 00:00,,188.67,745.49,45.88,271.69,39.26,25.94,6.32,0.63,-0.08,62.48,54.76,1.41,34.12,842.71,,44.82,13.73,27-Jun-2018 - 00:00,"IHBAS, Dilshad Garden, Delhi - CPCB"
27-Jun-2018 - 00:00,,135.35,746.53,105.9,179.37,29.39,20.26,5.78,0.91,0.54,65.14,75.02,1.49,31.93,742.88,,45.58,12.42,28-Jun-2018 - 00:00,"IHBAS, Dilshad Garden, Delhi - CPCB"
28-Jun-2018 - 00:00,,127.2,747.96,110.84,141.37,29.43,20.4,5.93,0.66,0.37,45.5,77.19,1.93,31.21,740.39,,50.09,11.69,29-Jun-2018 - 00:00,"IHBAS, Dilshad Garden, Delhi - CPCB"
29-Jun-2018 - 00:00,,132.23,747.46,103.43,240.55,23.35,16.29,4.83,0.52,0.57,41.2,77.95,1.97,32.41,729.55,,40.58,7.39,30-Jun-2018 - 00:00,"IHBAS, Dilshad Garden, Delhi - CPCB"
30-Jun-2018 - 00:00,,189.0,747.39,104.53,341.62,13.46,10.34,3.97,0.42,0.65,52.18,75.43,1.24,33.12,727.86,,12.52,7.53,01-Jul-2018 - 00:00,"IHBAS, Dilshad Garden, Delhi - CPCB"
01-Jul-2018 - 00:00,,260.98,746.77,114.87,306.23,37.71,24.61,5.69,0.35,0.32,56.79,72.55,1.72,34.09,619.88,,85.21,7.74,02-Jul-2018 - 00:00,"IHBAS, Dilshad Garden, Delhi - CPCB"
02-Jul-2018 - 00:00,,231.76,747.2,150.95,275.63,33.85,22.61,5.76,0.38,0.19,51.25,65.4,2.04,34.05,659.01,,69.84,5.78,03-Jul-2018 - 00:00,"IHBAS, Dilshad Garden, Delhi - CPCB"
03-Jul-2018 - 00:00,,98.78,751.55,126.78,302.42,50.91,33.56,8.11,0.57,0.16,57.73,77.68,1.15,32.32,744.7,,57.47,8.55,04-Jul-2018 - 00:00,"IHBAS, Dilshad Garden, Delhi - CPCB"
04-Jul-2018 - 00:00,,109.69,749.16,129.48,276.8,38.2,24.87,5.68,0.36,0.16,61.86,74.5,1.18,32.64,744.34,,50.9,6.78,05-Jul-2018 - 00:00,"IHBAS, Dilshad Garden, Delhi - CPCB"
05-Jul-2018 - 00:00,,173.11,747.41,136.06,264.53,38.96,27.14,8.02,0.62,0.17,63.62,68.79,1.06,32.96,841.78,,61.73,8.98,06-Jul-2018 - 00:00,"IHBAS, Dilshad Garden, Delhi - CPCB"
06-Jul-2018 - 00:00,,233.49,746.0,129.9,195.68,36.59,24.86,6.74,0.56,0.15,85.56,58.85,1.31,34.52,948.79,,51.97,10.65,07-Jul-2018 - 00:00,"IHBAS, Dilshad Garden, Delhi - CPCB"
07-Jul-2018 - 00:00,,220.89,745.08,161.61,180.07,38.86,25.29,6.04,0.4,0.17,84.76,54.84,1.23,35.13,869.33,,95.51,9.33,08-Jul-2018 - 00:00,"IHBAS, Dilshad Garden, Delhi - CPCB"
08-Jul-2018 - 00:00,,143.68,740.93,132.57,93.83,74.95,15.45,11.97,1.67,0.08,39.73,50.89,0.9,36.38,224.44,,125.97,6.9,09-Jul-2018 - 00:00,"IHBAS, Dilshad Garden, Delhi - CPCB"
09-Jul-2018 - 00:00,,136.59,744.52,146.65,146.34,39.88,23.69,5.57,0.7,0.15,74.66,63.88,1.58,35.69,784.35,,106.93,12.78,10-Jul-2018 - 00:00,"IHBAS, Dilshad Garden, Delhi - CPCB"
10-Jul-2018 - 00:00,,120.44,745.79,124.18,138.33,32.95,22.85,6.66,0.41,0.15,63.81,71.76,1.41,34.44,757.79,,72.03,19.17,11-Jul-2018 - 00:00,"IHBAS, Dilshad Garden, Delhi - CPCB"
11-Jul-2018 - 00:00,,138.12,745.55,75.09,172.65,43.38,27.83,5.95,0.7,0.15,54.21,76.4,1.45,32.84,889.99,,56.72,23.72,12-Jul-2018 - 00:00,"IHBAS, Dilshad Garden, Delhi - CPCB"
12-Jul-2018 - 00:00,,149.91,745.16,127.46,258.25,54.14,40.08,14.11,0.46,-0.27,73.78,69.91,0.74,33.62,946.52,,52.01,28.22,13-Jul-2018 - 00:00,"IHBAS, Dilshad Garden, Delhi - CPCB"
13-Jul-2018 - 00:00,,123.59,745.86,97.33,200.26,40.2,30.95,11.96,0.62,-0.26,45.23,83.45,0.93,31.03,786.0,,68.19,21.6,14-Jul-2018 - 00:00,"IHBAS, Dilshad Garden, Delhi - CPCB"
14-Jul-2018 - 00:00,,93.23,745.66,88.99,178.52,36.26,26.73,9.3,0.55,0.33,48.57,84.67,0.93,30.39,819.86,,81.34,16.0,15-Jul-2018 - 00:00,"IHBAS, Dilshad Garden, Delhi - CPCB"
15-Jul-2018 - 00:00,,129.96,745.87,114.62,205.06,40.67,28.46,8.54,0.61,0.4,47.56,78.21,1.08,32.03,858.0,,77.01,9.51,16-Jul-2018 - 00:00,"IHBAS, Dilshad Garden, Delhi - CPCB"
16-Jul-2018 - 00:00,,132.74,746.14,70.09,263.99,25.28,22.68,11.56,0.55,0.38,64.57,83.21,1.25,31.89,930.05,,93.58,9.47,17-Jul-2018 - 00:00,"IHBAS, Dilshad Garden, Delhi - CPCB"
17-Jul-2018 - 00:00,,110.65,746.51,115.34,188.79,33.83,26.7,10.94,0.44,0.35,47.56,68.13,1.14,33.83,856.9,,73.2,8.8,18-Jul-2018 - 00:00,"IHBAS, Dilshad Garden, Delhi - CPCB"
18-Jul-2018 - 00:00,,83.32,746.46,114.32,195.68,50.95,36.74,12.06,0.56,0.3,54.44,71.09,1.48,33.32,797.77,,114.65,6.87,19-Jul-2018 - 00:00,"IHBAS, Dilshad Garden, Delhi - CPCB"
19-Jul-2018 - 00:00,,113.82,746.97,131.4,211.81,29.75,23.61,9.77,0.43,0.26,58.51,70.89,1.12,33.24,852.01,,114.87,7.92,20-Jul-2018 - 00:00,"IHBAS, Dilshad Garden, Delhi - CPCB"
20-Jul-2018 - 00:00,,173.61,746.81,56.44,325.94,30.26,27.37,14.13,0.5,-0.22,59.94,85.15,0.8,31.13,,,87.92,11.68,21-Jul-2018 - 00:00,"IHBAS, Dilshad Garden, Delhi - CPCB"
21-Jul-2018 - 00:00,,126.22,746.81,66.14,322.01,38.67,29.66,11.26,0.67,-0.28,69.07,86.52,0.72,30.48,774.12,,111.82,13.12,22-Jul-2018 - 00:00,"IHBAS, Dilshad Garden, Delhi - CPCB"
22-Jul-2018 - 00:00,,98.35,747.02,82.77,251.32,35.93,27.15,10.45,0.44,0.09,38.26,93.24,0.71,29.57,863.29,,89.89,11.89,23-Jul-2018 - 00:00,"IHBAS, Dilshad Garden, Delhi - CPCB"
23-Jul-2018 - 00:00,,89.29,747.24,113.05,244.92,31.05,25.79,11.59,0.56,0.29,67.76,78.58,1.02,31.61,871.86,,71.92,12.11,24-Jul-2018 - 00:00,"IHBAS, Dilshad Garden, Delhi - CPCB"
24-Jul-2018 - 00:00,,93.32,747.12,97.15,260.04,26.35,22.67,10.82,0.56,0.55,53.85,72.93,0.7,32.98,932.36,,70.84,11.06,25-Jul-2018 - 00:00,"IHBAS, Dilshad Garden, Delhi - CPCB"
25-Jul-2018 - 00:00,,215.64,746.48,47.64,273.03,30.56,26.0,12.18,0.51,0.51,45.03,84.87,1.1,30.95,940.4,,69.24,11.48,26-Jul-2018 - 00:00,"IHBAS, Dilshad Garden, Delhi - CPCB"
26-Jul-2018 - 00:00,,199.9,746.77,31.14,256.02,27.32,23.54,11.26,0.61,0.41,38.74,95.25,0.99,28.91,947.34,,65.33,12.12,27-Jul-2018 - 00:00,"IHBAS, Dilshad Garden, Delhi - CPCB"
27-Jul-2018 - 00:00,,137.88,747.02,38.64,231.2,20.98,18.43,9.09,0.6,0.28,36.16,93.35,1.12,28.47,,,58.19,12.69,28-Jul-2018 - 00:00,"IHBAS, Dilshad Garden, Delhi - CPCB"
28-Jul-2018 - 00:00,,275.26,746.8,85.61,269.34,25.45,23.38,12.31,0.8,-1.1,41.96,87.44,1.48,29.37,964.84,,55.09,10.32,29-Jul-2018 - 00:00,"IHBAS, Dilshad Garden, Delhi - CPCB"
29-Jul-2018 - 00:00,,295.46,746.64,143.7,334.99,17.6,17.71,10.44,0.49,-2.52,56.32,74.74,1.0,32.03,917.01,,53.69,15.23,30-Jul-2018 - 00:00,"IHBAS, Dilshad Garden, Delhi - CPCB"
30-Jul-2018 - 00:00,,268.19,745.87,131.58,269.45,41.58,34.07,14.99,0.53,-1.34,51.84,69.09,1.25,32.22,831.5,,84.2,10.84,31-Jul-2018 - 00:00,"IHBAS, Dilshad Garden, Delhi - CPCB"
31-Jul-2018 - 00:00,,250.38,745.84,68.71,281.13,25.36,20.43,8.67,0.69,-0.16,63.21,66.85,1.42,32.28,920.0,,61.82,11.55,01-Aug-2018 - 00:00,"IHBAS, Dilshad Garden, Delhi - CPCB"
01-Aug-2018 - 00:00,,263.22,745.89,148.98,262.07,35.43,28.67,12.29,0.54,0.22,74.89,57.97,1.34,33.16,901.81,,52.1,13.47,02-Aug-2018 - 00:00,"IHBAS, Dilshad Garden, Delhi - CPCB"
02-Aug-2018 - 00:00,,273.39,746.3,128.55,242.21,18.85,16.47,8.05,0.51,0.16,92.83,54.35,1.85,33.82,497.45,,64.78,14.41,03-Aug-2018 - 00:00,"IHBAS, Dilshad Garden, Delhi - CPCB"
03-Aug-2018 - 00:00,,265.85,746.49,105.22,,40.81,31.7,12.5,0.37,0.42,77.88,52.78,2.06,33.45,704.59,,60.86,13.57,04-Aug-2018 - 00:00,"IHBAS, Dilshad Garden, Delhi - CPCB"
04-Aug-2018 - 00:00,,261.37,746.47,112.92,224.77,27.76,23.35,10.73,0.62,0.39,89.33,52.01,1.96,33.48,512.37,,59.17,12.23,05-Aug-2018 - 00:00,"IHBAS, Dilshad Garden, Delhi - CPCB"
05-Aug-2018 - 00:00,,214.97,746.66,53.13,210.51,24.45,21.47,10.59,0.58,0.34,78.02,68.62,2.57,31.35,514.59,,59.1,13.08,06-Aug-2018 - 00:00,"IHBAS, Dilshad Garden, Delhi - CPCB"
06-Aug-2018 - 00:00,,94.03,746.87,51.6,186.21,19.73,18.37,9.84,0.54,1.35,58.03,85.33,1.97,29.28,497.03,,65.86,12.01,07-Aug-2018 - 00:00,"IHBAS, Dilshad Garden, Delhi - CPCB"
07-Aug-2018 - 00:00,,85.97,746.78,85.41,188.8,22.23,16.76,6.17,0.56,0.66,40.62,80.69,1.79,30.3,598.23,,57.64,10.5,08-Aug-2018 - 00:00,"IHBAS, Dilshad Garden, Delhi - CPCB"
08-Aug-2018 - 00:00,,102.59,747.22,115.88,223.74,21.57,18.77,9.11,0.53,-0.36,38.95,78.91,1.96,31.08,685.25,,43.9,10.77,09-Aug-2018 - 00:00,"IHBAS, Dilshad Garden, Delhi - CPCB"
09-Aug-2018 - 00:00,,117.03,748.22,152.51,218.09,20.94,17.35,7.76,0.56,0.27,38.28,69.47,2.49,32.69,721.5,,28.29,8.72,10-Aug-2018 - 00:00,"IHBAS, Dilshad Garden, Delhi - CPCB"
10-Aug-2018 - 00:00,,180.14,747.76,77.18,358.91,24.81,20.76,9.45,0.6,0.42,62.71,71.4,2.01,32.68,,,27.18,11.98,11-Aug-2018 - 00:00,"IHBAS, Dilshad Garden, Delhi - CPCB"
11-Aug-2018 - 00:00,,260.18,746.04,117.97,244.95,34.48,25.17,8.54,0.38,0.2,50.03,65.51,3.27,33.56,915.8,,22.77,8.76,12-Aug-2018 - 00:00,"IHBAS, Dilshad Garden, Delhi - CPCB"
12-Aug-2018 - 00:00,,193.61,745.49,59.57,260.34,13.2,11.79,5.95,0.51,0.18,49.25,74.29,2.45,31.34,,,8.82,7.39,13-Aug-2018 - 00:00,"IHBAS, Dilshad Garden, Delhi - CPCB"
13-Aug-2018 - 00:00,,135.18,746.15,79.66,275.38,14.91,14.01,7.61,0.56,0.59,54.22,78.5,1.41,31.06,981.27,,5.47,10.0,14-Aug-2018 - 00:00,"IHBAS, Dilshad Garden, Delhi - CPCB"
14-Aug-2018 - 00:00,,140.5,746.42,116.2,274.21,13.65,12.17,6.15,0.54,0.74,64.18,73.88,1.52,32.5,892.01,,3.54,9.97,15-Aug-2018 - 00:00,"IHBAS, Dilshad Garden, Delhi - CPCB"
15-Aug-2018 - 00:00,,174.72,746.89,120.9,224.79,,,,0.72,0.78,63.71,70.21,2.4,32.18,917.7,,,3.94,16-Aug-2018 - 00:00,"IHBAS, Dilshad Garden, Delhi - CPCB"
16-Aug-2018 - 00:00,,91.36,747.61,98.19,283.08,24.79,27.68,17.72,0.62,0.38,57.95,77.15,1.67,31.65,984.2,,34.95,7.45,17-Aug-2018 - 00:00,"IHBAS, Dilshad Garden, Delhi - CPCB"
17-Aug-2018 - 00:00,,103.52,746.67,126.02,201.04,31.48,23.74,8.82,0.76,0.12,42.14,76.22,2.46,32.52,884.7,,17.43,8.68,18-Aug-2018 - 00:00,"IHBAS, Dilshad Garden, Delhi - CPCB"
18-Aug-2018 - 00:00,,130.16,746.71,110.56,235.2,26.63,21.13,8.71,0.4,0.05,40.04,79.16,2.34,31.67,956.99,,20.3,8.29,19-Aug-2018 - 00:00,"IHBAS, Dilshad Garden, Delhi - CPCB"
19-Aug-2018 - 00:00,,148.4,746.42,50.31,359.59,33.46,31.4,17.0,0.54,-0.01,57.09,87.9,1.5,30.43,,,32.03,10.42,20-Aug-2018 - 00:00,"IHBAS, Dilshad Garden, Delhi - CPCB"
20-Aug-2018 - 00:00,,118.82,746.92,110.67,395.6,27.19,37.43,28.72,0.65,-0.42,55.56,79.26,1.7,32.01,,,26.72,15.04,21-Aug-2018 - 00:00,"IHBAS, Dilshad Garden, Delhi - CPCB"
21-Aug-2018 - 00:00,,124.62,746.78,125.24,220.07,39.16,28.2,9.21,0.46,-0.39,32.89,73.32,1.99,32.41,,,12.13,9.26,22-Aug-2018 - 00:00,"IHBAS, Dilshad Garden, Delhi - CPCB"
22-Aug-2018 - 00:00,,149.74,746.47,83.43,221.89,28.16,20.68,7.12,0.52,-0.61,38.07,74.24,2.34,32.23,984.77,,16.13,8.48,23-Aug-2018 - 00:00,"IHBAS, Dilshad Garden, Delhi - CPCB"
23-Aug-2018 - 00:00,,248.64,747.4,85.96,248.38,22.0,17.86,7.69,0.6,-0.38,39.8,81.66,2.57,30.78,951.49,,18.84,7.27,24-Aug-2018 - 00:00,"IHBAS, Dilshad Garden, Delhi - CPCB"
24-Aug-2018 - 00:00,,265.64,746.36,78.66,283.81,26.26,23.58,12.01,0.58,-0.08,36.66,71.83,2.24,31.72,958.85,,19.48,7.87,25-Aug-2018 - 00:00,"IHBAS, Dilshad Garden, Delhi - CPCB"
25-Aug-2018 - 00:00,,279.44,746.19,110.23,191.43,29.13,22.01,8.14,0.65,0.41,25.18,68.28,2.93,31.22,804.66,,25.25,13.51,26-Aug-2018 - 00:00,"IHBAS, Dilshad Garden, Delhi - CPCB"
26-Aug-2018 - 00:00,,,,,,,,,,,,,,,,,,,27-Aug-2018 - 00:00,"IHBAS, Dilshad Garden, Delhi - CPCB"
27-Aug-2018 - 00:00,,,,,,,,,,,,,,,,,,,28-Aug-2018 - 00:00,"IHBAS, Dilshad Garden, Delhi - CPCB"
28-Aug-2018 - 00:00,,88.76,747.87,6.94,394.83,79.37,87.11,58.31,1.19,-2.83,36.95,95.6,2.87,29.08,18.86,,97.05,2.99,29-Aug-2018 - 00:00,"IHBAS, Dilshad Garden, Delhi - CPCB"
29-Aug-2018 - 00:00,,133.83,747.78,62.93,260.53,45.82,32.87,10.62,1.64,0.11,52.11,88.18,2.24,30.05,261.48,,64.87,4.9,30-Aug-2018 - 00:00,"IHBAS, Dilshad Garden, Delhi - CPCB"
30-Aug-2018 - 00:00,,250.47,746.57,115.73,343.63,17.27,15.79,8.24,0.32,1.68,37.79,77.5,1.24,31.97,927.73,,22.8,7.4,31-Aug-2018 - 00:00,"IHBAS, Dilshad Garden, Delhi - CPCB"
31-Aug-2018 - 00:00,,223.49,746.78,79.3,304.61,26.69,19.84,7.05,0.49,0.07,41.19,74.8,1.61,31.99,739.94,,12.78,10.82,01-Sep-2018 - 00:00,"IHBAS, Dilshad Garden, Delhi - CPCB"
01-Sep-2018 - 00:00,,185.99,750.45,37.47,402.67,21.57,17.97,8.12,0.58,0.06,45.76,89.1,1.08,29.08,889.3,,12.43,15.47,02-Sep-2018 - 00:00,"IHBAS, Dilshad Garden, Delhi - CPCB"
02-Sep-2018 - 00:00,,164.2,751.2,35.86,316.9,17.75,15.14,7.12,0.71,0.18,,94.77,1.21,28.42,946.14,,5.58,15.85,03-Sep-2018 - 00:00,"IHBAS, Dilshad Garden, Delhi - CPCB"
03-Sep-2018 - 00:00,,97.15,751.14,38.64,367.83,20.05,19.35,10.85,0.59,0.26,8.55,96.58,0.78,28.2,,,48.66,14.34,04-Sep-2018 - 00:00,"IHBAS, Dilshad Garden, Delhi - CPCB"
04-Sep-2018 - 00:00,,155.39,751.04,67.5,559.72,23.22,30.58,22.8,0.65,0.04,58.77,87.96,1.39,29.17,981.35,,34.6,23.27,05-Sep-2018 - 00:00,"IHBAS, Dilshad Garden, Delhi - CPCB"
05-Sep-2018 - 00:00,,258.54,751.14,92.45,447.73,25.81,24.77,13.8,0.71,0.25,48.38,85.98,1.69,29.47,841.81,,24.3,11.21,06-Sep-2018 - 00:00,"IHBAS, Dilshad Garden, Delhi - CPCB"
06-Sep-2018 - 00:00,,258.45,750.87,133.06,423.12,28.52,31.01,19.8,0.56,0.71,41.31,79.66,1.73,30.51,740.68,,21.05,11.25,07-Sep-2018 - 00:00,"IHBAS, Dilshad Garden, Delhi - CPCB"
07-Sep-2018 - 00:00,,145.72,750.94,72.44,449.23,32.1,32.48,19.26,0.65,0.17,67.68,84.95,1.43,29.41,743.98,,18.27,11.95,08-Sep-2018 - 00:00,"IHBAS, Dilshad Garden, Delhi - CPCB"
08-Sep-2018 - 00:00,,66.92,751.53,92.77,273.97,23.83,20.9,10.56,0.58,0.24,47.64,84.0,1.97,29.71,684.0,,13.87,8.51,09-Sep-2018 - 00:00,"IHBAS, Dilshad Garden, Delhi - CPCB"
09-Sep-2018 - 00:00,,142.95,754.15,116.29,251.0,43.39,29.33,7.82,0.66,0.44,30.06,78.79,2.43,29.74,656.87,,21.48,2.8,10-Sep-2018 - 00:00,"IHBAS, Dilshad Garden, Delhi - CPCB"
10-Sep-2018 - 00:00,,170.85,754.66,70.9,308.6,24.67,19.28,7.7,0.78,0.27,35.66,79.67,1.83,30.06,862.9,,20.14,3.77,11-Sep-2018 - 00:00,"IHBAS, Dilshad Garden, Delhi - CPCB"
11-Sep-2018 - 00:00,,256.05,752.79,121.32,315.36,20.47,17.08,7.74,0.8,0.14,30.22,76.08,2.02,31.13,810.54,,15.8,12.09,12-Sep-2018 - 00:00,"IHBAS, Dilshad Garden, Delhi - CPCB"
12-Sep-2018 - 00:00,,264.87,748.2,135.39,302.22,21.41,16.82,6.79,0.72,0.03,36.9,69.03,2.6,31.64,659.72,,13.77,14.42,13-Sep-2018 - 00:00,"IHBAS, Dilshad Garden, Delhi - CPCB"
13-Sep-2018 - 00:00,,273.35,747.98,135.18,309.18,20.4,16.54,7.12,0.7,0.07,34.56,60.73,2.75,31.73,601.67,,13.88,14.11,14-Sep-2018 - 00:00,"IHBAS, Dilshad Garden, Delhi - CPCB"
14-Sep-2018 - 00:00,,300.44,748.96,136.69,290.66,20.75,15.81,5.97,0.62,0.13,34.74,60.87,2.32,31.53,717.46,,14.01,14.17,15-Sep-2018 - 00:00,"IHBAS, Dilshad Garden, Delhi - CPCB"
15-Sep-2018 - 00:00,,303.82,749.64,146.13,314.76,26.11,20.21,7.88,0.64,-0.38,33.86,55.67,2.52,31.86,720.5,,12.24,13.35,16-Sep-2018 - 00:00,"IHBAS, Dilshad Garden, Delhi - CPCB"
16-Sep-2018 - 00:00,,276.81,749.07,138.86,303.02,23.56,17.58,6.31,0.51,-0.53,48.72,59.25,2.91,31.83,568.84,,19.76,9.23,17-Sep-2018 - 00:00,"IHBAS, Dilshad Garden, Delhi - CPCB"
17-Sep-2018 - 00:00,,290.2,749.18,132.31,297.72,22.78,16.9,5.97,0.67,-0.18,52.78,64.06,2.49,31.43,886.73,,19.95,8.61,18-Sep-2018 - 00:00,"IHBAS, Dilshad Garden, Delhi - CPCB"
18-Sep-2018 - 00:00,,309.99,749.67,137.19,258.69,24.63,18.21,6.4,0.84,-0.11,57.26,56.65,2.54,31.84,732.71,,22.56,10.88,19-Sep-2018 - 00:00,"IHBAS, Dilshad Garden, Delhi - CPCB"
19-Sep-2018 - 00:00,,178.95,748.34,137.43,292.63,39.42,28.58,9.52,0.87,-0.05,46.84,56.52,1.52,31.56,853.44,,34.9,11.31,20-Sep-2018 - 00:00,"IHBAS, Dilshad Garden, Delhi - CPCB"
20-Sep-2018 - 00:00,,119.2,747.83,128.97,307.19,30.7,23.11,8.47,0.69,-0.05,57.27,59.56,0.56,31.82,876.9,,19.09,12.18,21-Sep-2018 - 00:00,"IHBAS, Dilshad Garden, Delhi - CPCB"
21-Sep-2018 - 00:00,,137.68,749.0,112.15,184.52,21.58,17.23,7.23,0.62,-0.04,44.85,68.16,1.44,30.22,164.17,,13.41,13.36,22-Sep-2018 - 00:00,"IHBAS, Dilshad Garden, Delhi - CPCB"
22-Sep-2018 - 00:00,,111.41,750.64,37.99,164.04,19.43,16.39,7.56,0.63,-0.03,27.18,87.24,1.56,27.51,432.59,,12.98,9.9,23-Sep-2018 - 00:00,"IHBAS, Dilshad Garden, Delhi - CPCB"
23-Sep-2018 - 00:00,,137.05,750.43,57.01,182.9,21.98,17.47,7.23,0.49,0.01,32.27,88.52,1.71,28.22,822.01,,10.66,10.25,24-Sep-2018 - 00:00,"IHBAS, Dilshad Garden, Delhi - CPCB"
24-Sep-2018 - 00:00,,187.3,750.3,28.7,289.09,21.34,17.91,8.2,0.59,0.0,31.94,93.84,1.44,26.98,850.9,,20.25,11.7,25-Sep-2018 - 00:00,"IHBAS, Dilshad Garden, Delhi - CPCB"
25-Sep-2018 - 00:00,,275.2,751.53,39.99,302.16,27.24,23.25,10.95,0.58,0.06,17.44,91.0,1.29,26.05,928.18,,37.71,10.88,26-Sep-2018 - 00:00,"IHBAS, Dilshad Garden, Delhi - CPCB"
26-Sep-2018 - 00:00,,206.06,751.63,170.0,371.81,36.57,29.4,12.43,0.79,0.04,17.71,72.22,0.95,29.96,967.45,,36.73,12.94,27-Sep-2018 - 00:00,"IHBAS, Dilshad Garden, Delhi - CPCB"
27-Sep-2018 - 00:00,,183.86,751.64,130.95,466.89,28.36,32.12,21.29,0.8,0.05,40.36,71.78,0.7,29.44,959.87,,43.41,15.99,28-Sep-2018 - 00:00,"IHBAS, Dilshad Garden, Delhi - CPCB"
28-Sep-2018 - 00:00,,208.7,750.44,144.58,543.82,41.89,47.1,31.02,0.93,0.23,80.18,61.83,0.78,30.77,,,46.88,19.11,29-Sep-2018 - 00:00,"IHBAS, Dilshad Garden, Delhi - CPCB"
29-Sep-2018 - 00:00,,197.45,750.31,118.27,501.18,52.9,48.45,25.39,1.26,0.31,116.75,69.7,0.74,29.75,,,58.69,18.24,30-Sep-2018 - 00:00,"IHBAS, Dilshad Garden, Delhi - CPCB"
30-Sep-2018 - 00:00,,244.92,749.15,145.07,244.05,26.98,15.06,5.43,0.63,0.48,30.39,47.76,0.88,31.65,493.72,,50.63,8.97,01-Oct-2018 - 00:00,"IHBAS, Dilshad Garden, Delhi - CPCB"
01-Oct-2018 - 00:00,,208.85,750.93,143.11,330.4,32.19,22.55,6.78,0.69,0.62,40.85,53.34,0.64,31.02,,,42.82,14.27,02-Oct-2018 - 00:00,"IHBAS, Dilshad Garden, Delhi - CPCB"
02-Oct-2018 - 00:00,,196.43,752.4,110.63,362.06,39.38,29.25,10.7,0.5,0.46,51.63,54.28,0.53,30.83,677.03,,47.32,16.37,03-Oct-2018 - 00:00,"IHBAS, Dilshad Garden, Delhi - CPCB"
03-Oct-2018 - 00:00,,160.89,752.06,116.68,429.8,43.92,39.96,20.74,0.76,0.74,54.07,47.02,0.38,31.1,,,54.35,20.29,04-Oct-2018 - 00:00,"IHBAS, Dilshad Garden, Delhi - CPCB"
04-Oct-2018 - 00:00,,113.81,752.83,103.35,432.09,47.66,37.36,15.02,1.01,0.45,88.99,57.1,0.46,30.4,,,53.47,20.91,05-Oct-2018 - 00:00,"IHBAS, Dilshad Garden, Delhi - CPCB"
05-Oct-2018 - 00:00,,70.84,753.39,141.54,523.83,41.46,42.74,25.85,1.16,0.11,104.95,55.04,0.68,30.34,951.36,,60.85,25.98,06-Oct-2018 - 00:00,"IHBAS, Dilshad Garden, Delhi - CPCB"
06-Oct-2018 - 00:00,,186.8,753.17,127.34,377.14,39.38,26.37,6.79,0.64,0.1,44.54,43.45,0.99,30.59,925.94,,46.93,18.93,07-Oct-2018 - 00:00,"IHBAS, Dilshad Garden, Delhi - CPCB"
07-Oct-2018 - 00:00,,154.36,752.78,118.13,361.21,40.45,26.16,5.8,2.2,0.23,59.09,41.38,1.25,30.06,939.71,,55.37,15.0,08-Oct-2018 - 00:00,"IHBAS, Dilshad Garden, Delhi - CPCB"
08-Oct-2018 - 00:00,,140.29,752.27,118.18,368.95,48.29,30.23,5.68,1.89,0.22,91.89,46.14,0.64,29.85,,,49.16,18.24,09-Oct-2018 - 00:00,"IHBAS, Dilshad Garden, Delhi - CPCB"
09-Oct-2018 - 00:00,,160.21,751.69,123.19,442.4,47.07,39.74,18.38,2.09,0.16,64.07,51.35,1.07,29.79,,,48.45,22.47,10-Oct-2018 - 00:00,"IHBAS, Dilshad Garden, Delhi - CPCB"
10-Oct-2018 - 00:00,,148.86,752.07,113.38,330.71,44.57,29.35,7.05,0.75,0.08,61.38,58.65,1.6,29.9,,,44.85,19.81,11-Oct-2018 - 00:00,"IHBAS, Dilshad Garden, Delhi - CPCB"
11-Oct-2018 - 00:00,,143.48,753.02,94.86,275.71,38.28,25.29,6.16,0.66,0.09,44.63,56.59,1.8,27.57,780.58,,49.57,11.6,12-Oct-2018 - 00:00,"IHBAS, Dilshad Garden, Delhi - CPCB"
12-Oct-2018 - 00:00,,98.35,753.87,119.17,305.82,39.29,26.71,7.49,0.8,0.09,56.02,42.21,0.48,27.24,843.02,,27.67,7.38,13-Oct-2018 - 00:00,"IHBAS, Dilshad Garden, Delhi - CPCB"
13-Oct-2018 - 00:00,,176.31,753.94,113.24,388.14,52.54,36.88,11.17,0.87,0.1,92.59,47.49,0.7,26.99,874.95,,33.92,11.44,14-Oct-2018 - 00:00,"IHBAS, Dilshad Garden, Delhi - CPCB"
14-Oct-2018 - 00:00,,284.07,753.3,116.11,386.55,52.53,34.9,9.06,0.75,0.12,51.47,38.46,0.73,28.19,865.04,,32.58,13.07,15-Oct-2018 - 00:00,"IHBAS, Dilshad Garden, Delhi - CPCB"
15-Oct-2018 - 00:00,,169.75,753.61,106.55,419.78,57.82,43.44,15.85,1.04,0.17,76.51,45.61,0.96,27.72,967.3,,39.44,14.7,16-Oct-2018 - 00:00,"IHBAS, Dilshad Garden, Delhi - CPCB"
16-Oct-2018 - 00:00,,155.69,753.17,83.26,600.21,72.94,60.51,27.14,1.32,0.17,77.68,50.89,1.07,28.16,963.97,,52.56,19.25,17-Oct-2018 - 00:00,"IHBAS, Dilshad Garden, Delhi - CPCB"
17-Oct-2018 - 00:00,,144.44,752.39,141.0,335.21,57.5,37.35,41.79,0.91,0.08,34.23,36.66,0.97,30.01,0.0,,47.34,13.96,18-Oct-2018 - 00:00,"IHBAS, Dilshad Garden, Delhi - CPCB"
18-Oct-2018 - 00:00,,170.89,752.33,95.68,626.8,65.34,70.67,44.89,1.31,0.12,89.94,55.74,0.99,27.69,919.97,,51.65,21.55,19-Oct-2018 - 00:00,"IHBAS, Dilshad Garden, Delhi - CPCB"
19-Oct-2018 - 00:00,,130.86,753.33,87.51,539.35,62.67,59.2,32.33,1.28,0.12,73.65,47.51,0.91,28.04,,,51.77,23.69,20-Oct-2018 - 00:00,"IHBAS, Dilshad Garden, Delhi - CPCB"
20-Oct-2018 - 00:00,,87.25,754.37,96.52,371.86,49.21,31.08,6.13,0.84,-0.18,88.23,34.4,0.95,27.98,948.12,,33.04,17.8,21-Oct-2018 - 00:00,"IHBAS, Dilshad Garden, Delhi - CPCB"
21-Oct-2018 - 00:00,,108.74,754.61,86.64,405.77,57.52,37.85,9.06,1.01,-0.17,74.21,33.96,1.46,27.37,942.14,,36.54,18.29,22-Oct-2018 - 00:00,"IHBAS, Dilshad Garden, Delhi - CPCB"
22-Oct-2018 - 00:00,,276.4,754.15,100.92,498.68,70.41,48.34,13.62,1.03,0.3,51.52,32.83,1.87,27.26,728.35,,48.0,16.25,23-Oct-2018 - 00:00,"IHBAS, Dilshad Garden, Delhi - CPCB"
23-Oct-2018 - 00:00,,248.04,753.88,94.16,589.15,80.99,65.8,28.41,1.13,0.47,55.74,37.39,0.94,26.91,962.77,,55.03,18.99,24-Oct-2018 - 00:00,"IHBAS, Dilshad Garden, Delhi - CPCB"
24-Oct-2018 - 00:00,,118.2,753.96,79.83,701.01,78.08,76.7,43.96,1.42,0.14,85.4,49.28,0.55,26.0,986.17,,48.64,26.98,25-Oct-2018 - 00:00,"IHBAS, Dilshad Garden, Delhi - CPCB"
25-Oct-2018 - 00:00,,120.55,754.67,91.97,607.26,48.65,44.65,23.89,1.4,0.11,71.55,53.41,0.54,25.32,806.3,,37.68,25.32,26-Oct-2018 - 00:00,"IHBAS, Dilshad Garden, Delhi - CPCB"
26-Oct-2018 - 00:00,,116.43,755.59,73.05,772.41,53.4,53.49,31.58,1.76,0.21,97.0,53.13,0.71,24.98,944.96,,53.49,26.23,27-Oct-2018 - 00:00,"IHBAS, Dilshad Garden, Delhi - CPCB"
27-Oct-2018 - 00:00,,134.99,755.56,72.63,,69.44,92.26,70.91,1.73,0.18,111.54,59.38,0.84,25.15,764.63,,68.46,30.26,28-Oct-2018 - 00:00,"IHBAS, Dilshad Garden, Delhi - CPCB"
28-Oct-2018 - 00:00,,194.7,755.39,91.64,764.46,48.21,44.4,23.44,0.39,0.15,110.31,56.23,0.9,25.69,787.2,,45.34,18.98,29-Oct-2018 - 00:00,"IHBAS, Dilshad Garden, Delhi - CPCB"
29-Oct-2018 - 00:00,,186.72,755.09,75.4,809.63,60.85,64.22,39.81,0.93,0.09,99.21,57.79,0.64,25.58,866.09,,50.34,32.8,30-Oct-2018 - 00:00,"IHBAS, Dilshad Garden, Delhi - CPCB"
30-Oct-2018 - 00:00,,176.46,755.05,61.48,968.74,101.65,90.12,45.07,1.44,0.13,162.25,63.61,0.51,25.22,673.65,,77.28,33.64,31-Oct-2018 - 00:00,"IHBAS, Dilshad Garden, Delhi - CPCB"
31-Oct-2018 - 00:00,,146.27,755.28,79.65,840.49,77.4,91.5,62.89,1.16,-0.13,183.08,63.89,0.91,25.0,706.98,,68.84,33.03,01-Nov-2018 - 00:00,"IHBAS, Dilshad Garden, Delhi - CPCB"
01-Nov-2018 - 00:00,,137.78,754.77,74.57,693.57,65.08,79.53,53.12,0.98,0.0,185.21,62.0,1.19,25.21,737.06,,94.81,32.1,02-Nov-2018 - 00:00,"IHBAS, Dilshad Garden, Delhi - CPCB"
02-Nov-2018 - 00:00,,140.54,754.07,78.92,413.79,68.5,52.55,20.15,0.93,-0.06,158.81,55.51,0.95,25.71,663.0,,69.38,21.2,03-Nov-2018 - 00:00,"IHBAS, Dilshad Garden, Delhi - CPCB"
03-Nov-2018 - 00:00,,126.51,753.48,71.58,148.09,47.3,30.39,7.22,0.8,-0.04,116.04,54.28,1.51,26.14,406.59,,55.47,10.05,04-Nov-2018 - 00:00,"IHBAS, Dilshad Garden, Delhi - CPCB"
04-Nov-2018 - 00:00,,210.97,754.27,93.17,124.53,23.7,14.86,4.82,0.63,0.01,68.32,51.04,1.69,25.09,233.16,,42.15,8.81,05-Nov-2018 - 00:00,"IHBAS, Dilshad Garden, Delhi - CPCB"
05-Nov-2018 - 00:00,,283.91,754.49,56.1,430.93,39.49,25.71,5.74,1.07,-0.16,241.75,55.47,1.73,23.96,800.68,,36.97,18.85,06-Nov-2018 - 00:00,"IHBAS, Dilshad Garden, Delhi - CPCB"
06-Nov-2018 - 00:00,,329.96,754.78,113.89,287.02,44.66,29.35,6.99,0.76,-0.16,137.36,30.41,2.12,24.28,580.44,,35.99,21.95,07-Nov-2018 - 00:00,"IHBAS, Dilshad Garden, Delhi - CPCB"
07-Nov-2018 - 00:00,,264.51,755.03,99.33,354.66,52.28,48.56,25.93,1.4,0.17,153.22,29.95,1.43,23.0,721.47,,58.89,29.79,08-Nov-2018 - 00:00,"IHBAS, Dilshad Garden, Delhi - CPCB"
08-Nov-2018 - 00:00,,154.34,755.13,67.59,899.49,71.8,91.11,66.15,0.88,0.25,402.31,54.79,0.32,21.28,883.99,,76.56,41.61,09-Nov-2018 - 00:00,"IHBAS, Dilshad Garden, Delhi - CPCB"
09-Nov-2018 - 00:00,,189.01,754.34,86.13,882.98,70.87,81.61,54.89,2.25,0.22,246.91,57.35,0.86,22.16,950.93,,75.37,34.62,10-Nov-2018 - 00:00,"IHBAS, Dilshad Garden, Delhi - CPCB"
10-Nov-2018 - 00:00,,153.86,754.32,62.43,960.77,90.68,96.25,60.02,2.35,-1.44,225.06,65.74,0.72,22.06,461.92,,87.72,20.39,11-Nov-2018 - 00:00,"IHBAS, Dilshad Garden, Delhi - CPCB"
11-Nov-2018 - 00:00,,171.71,754.75,77.46,758.09,73.73,75.46,45.3,2.02,-2.97,194.1,63.59,0.48,22.95,480.33,,79.36,15.09,12-Nov-2018 - 00:00,"IHBAS, Dilshad Garden, Delhi - CPCB"
12-Nov-2018 - 00:00,,125.91,753.91,76.41,615.61,65.47,71.78,46.2,2.09,-1.56,190.94,68.04,0.26,23.39,224.92,,81.74,20.53,13-Nov-2018 - 00:00,"IHBAS, Dilshad Garden, Delhi - CPCB"
13-Nov-2018 - 00:00,,127.82,752.93,53.36,760.98,88.41,103.8,70.97,2.36,-0.02,219.28,70.65,0.43,23.23,637.7,,100.41,40.54,14-Nov-2018 - 00:00,"IHBAS, Dilshad Garden, Delhi - CPCB"
14-Nov-2018 - 00:00,,164.37,753.31,76.22,413.12,64.27,55.12,26.91,1.34,0.09,121.57,66.62,0.94,24.29,395.58,,82.93,26.76,15-Nov-2018 - 00:00,"IHBAS, Dilshad Garden, Delhi - CPCB"
15-Nov-2018 - 00:00,,147.59,754.95,88.68,294.15,45.35,30.62,9.01,0.82,0.04,75.96,59.09,1.17,24.23,226.65,,63.29,16.1,16-Nov-2018 - 00:00,"IHBAS, Dilshad Garden, Delhi - CPCB"
16-Nov-2018 - 00:00,,320.98,754.42,94.91,296.74,43.84,27.53,5.28,0.74,-0.34,87.74,43.27,1.53,23.36,,,46.22,11.33,17-Nov-2018 - 00:00,"IHBAS, Dilshad Garden, Delhi - CPCB"
17-Nov-2018 - 00:00,,278.66,753.68,83.3,437.33,55.01,44.18,18.64,1.17,-0.95,104.72,47.42,1.08,22.74,,,52.59,11.87,18-Nov-2018 - 00:00,"IHBAS, Dilshad Garden, Delhi - CPCB"
18-Nov-2018 - 00:00,,162.95,754.1,78.69,708.48,77.27,83.99,53.6,1.0,-0.86,148.11,55.77,0.74,22.9,,,72.51,14.77,19-Nov-2018 - 00:00,"IHBAS, Dilshad Garden, Delhi - CPCB"
19-Nov-2018 - 00:00,,150.5,755.14,57.11,319.32,61.19,37.35,6.0,0.3,-0.55,148.59,52.86,1.23,23.85,,,53.83,13.4,20-Nov-2018 - 00:00,"IHBAS, Dilshad Garden, Delhi - CPCB"
20-Nov-2018 - 00:00,,179.41,755.25,76.57,563.1,79.64,62.07,25.62,1.7,0.31,170.36,59.9,1.06,23.86,0.0,,65.96,14.85,21-Nov-2018 - 00:00,"IHBAS, Dilshad Garden, Delhi - CPCB"
21-Nov-2018 - 00:00,,299.47,755.51,102.34,461.67,69.87,49.47,15.38,0.95,0.11,156.66,43.81,1.65,24.07,505.91,,56.59,12.97,22-Nov-2018 - 00:00,"IHBAS, Dilshad Garden, Delhi - CPCB"
22-Nov-2018 - 00:00,,173.02,755.61,81.74,672.26,80.97,65.59,52.26,1.55,0.11,94.24,41.78,0.49,22.21,296.17,24.45,62.48,12.77,23-Nov-2018 - 00:00,"IHBAS, Dilshad Garden, Delhi - CPCB"
23-Nov-2018 - 00:00,,252.38,756.24,70.02,616.47,70.37,60.84,29.26,1.31,0.35,127.48,34.02,1.7,,692.55,24.17,53.45,14.37,24-Nov-2018 - 00:00,"IHBAS, Dilshad Garden, Delhi - CPCB"
24-Nov-2018 - 00:00,,307.83,755.65,87.3,475.79,54.27,40.06,13.99,0.97,0.18,86.92,35.14,1.52,,740.82,23.64,40.59,15.07,25-Nov-2018 - 00:00,"IHBAS, Dilshad Garden, Delhi - CPCB"
25-Nov-2018 - 00:00,,260.06,755.43,75.35,656.88,69.48,64.77,36.74,1.34,0.06,106.25,46.32,0.63,,710.67,21.94,51.62,20.4,26-Nov-2018 - 00:00,"IHBAS, Dilshad Garden, Delhi - CPCB"
26-Nov-2018 - 00:00,,176.73,755.07,65.01,987.86,78.52,100.6,76.69,2.17,-0.07,125.76,60.1,0.53,,686.41,21.27,74.73,26.66,27-Nov-2018 - 00:00,"IHBAS, Dilshad Garden, Delhi - CPCB"
27-Nov-2018 - 00:00,,167.44,756.0,71.11,,121.73,223.1,201.13,3.19,-0.09,173.36,63.12,0.65,,694.85,22.36,152.58,47.41,28-Nov-2018 - 00:00,"IHBAS, Dilshad Garden, Delhi - CPCB"
28-Nov-2018 - 00:00,,153.4,756.51,54.1,,96.87,132.58,101.31,2.3,-0.08,173.83,70.63,0.27,,936.73,22.24,104.91,33.78,29-Nov-2018 - 00:00,"IHBAS, Dilshad Garden, Delhi - CPCB"
29-Nov-2018 - 00:00,,253.6,756.61,65.06,876.73,74.63,81.36,52.08,1.49,-0.09,169.43,64.04,1.3,,838.41,22.35,84.88,19.64,30-Nov-2018 - 00:00,"IHBAS, Dilshad Garden, Delhi - CPCB"
30-Nov-2018 - 00:00,,288.54,756.27,73.9,584.95,68.77,54.43,22.31,1.09,0.22,131.85,52.68,1.41,,861.09,22.5,59.48,16.23,01-Dec-2018 - 00:00,"IHBAS, Dilshad Garden, Delhi - CPCB"
01-Dec-2018 - 00:00,,262.49,755.09,75.25,687.54,73.24,79.45,50.61,1.22,0.45,101.87,48.63,1.03,,792.44,21.79,61.09,15.56,02-Dec-2018 - 00:00,"IHBAS, Dilshad Garden, Delhi - CPCB"
02-Dec-2018 - 00:00,,186.74,754.76,68.85,,112.92,167.28,134.02,2.5,0.54,153.0,56.25,0.7,,857.59,20.59,99.99,21.66,03-Dec-2018 - 00:00,"IHBAS, Dilshad Garden, Delhi - CPCB"
03-Dec-2018 - 00:00,,172.23,755.09,74.31,,83.12,109.07,81.07,2.15,0.41,129.8,55.62,0.87,,796.95,20.64,76.67,15.73,04-Dec-2018 - 00:00,"IHBAS, Dilshad Garden, Delhi - CPCB"
04-Dec-2018 - 00:00,,191.92,755.89,63.11,,101.59,129.73,94.61,2.38,0.29,213.97,63.24,0.65,,825.37,20.1,96.54,16.35,05-Dec-2018 - 00:00,"IHBAS, Dilshad Garden, Delhi - CPCB"
05-Dec-2018 - 00:00,,212.0,755.09,65.77,988.54,73.63,100.74,76.96,1.96,0.26,139.25,63.13,1.01,,849.44,19.88,80.42,26.57,06-Dec-2018 - 00:00,"IHBAS, Dilshad Garden, Delhi - CPCB"
06-Dec-2018 - 00:00,,178.32,754.97,60.27,894.92,73.95,95.55,70.26,1.99,0.34,184.08,65.05,1.0,,897.89,19.66,76.79,20.03,07-Dec-2018 - 00:00,"IHBAS, Dilshad Garden, Delhi - CPCB"
07-Dec-2018 - 00:00,,237.36,755.54,67.73,534.34,60.69,49.06,20.98,1.07,0.36,137.6,58.53,1.29,,824.02,20.1,54.83,16.75,08-Dec-2018 - 00:00,"IHBAS, Dilshad Garden, Delhi - CPCB"
08-Dec-2018 - 00:00,,149.39,755.91,64.84,603.22,69.46,66.25,36.63,1.33,0.22,871.13,62.11,0.56,,,19.19,60.81,14.29,09-Dec-2018 - 00:00,"IHBAS, Dilshad Garden, Delhi - CPCB"
09-Dec-2018 - 00:00,,148.5,755.24,60.02,727.39,79.01,78.87,45.92,1.56,0.03,199.53,59.86,0.64,,862.8,18.55,62.84,13.49,10-Dec-2018 - 00:00,"IHBAS, Dilshad Garden, Delhi - CPCB"
10-Dec-2018 - 00:00,,150.93,754.82,59.55,630.2,75.39,81.36,51.58,1.61,-0.08,221.36,66.25,1.29,,,18.6,67.82,20.81,11-Dec-2018 - 00:00,"IHBAS, Dilshad Garden, Delhi - CPCB"
11-Dec-2018 - 00:00,,139.79,755.24,45.62,979.8,98.71,147.36,118.57,2.47,0.01,236.29,73.71,1.03,,,18.6,82.2,38.71,12-Dec-2018 - 00:00,"IHBAS, Dilshad Garden, Delhi - CPCB"
12-Dec-2018 - 00:00,,131.43,756.19,52.63,450.62,73.88,73.03,42.17,1.38,-0.0,117.72,65.96,1.96,,841.3,19.76,66.68,21.93,13-Dec-2018 - 00:00,"IHBAS, Dilshad Garden, Delhi - CPCB"
13-Dec-2018 - 00:00,,166.56,757.24,66.8,288.63,30.59,23.48,9.01,1.0,0.1,112.25,67.72,2.38,,787.93,19.08,37.3,15.81,14-Dec-2018 - 00:00,"IHBAS, Dilshad Garden, Delhi - CPCB"
14-Dec-2018 - 00:00,,315.52,757.99,77.7,278.87,41.19,29.11,9.0,0.97,0.37,99.72,63.22,1.75,,,19.94,41.22,11.44,15-Dec-2018 - 00:00,"IHBAS, Dilshad Garden, Delhi - CPCB"
15-Dec-2018 - 00:00,,277.4,757.91,67.96,297.35,50.71,33.3,7.91,0.94,0.1,118.78,60.31,1.93,,,21.96,43.15,14.08,16-Dec-2018 - 00:00,"IHBAS, Dilshad Garden, Delhi - CPCB"
16-Dec-2018 - 00:00,,214.32,758.01,77.36,180.17,65.36,47.65,16.1,0.89,0.12,175.57,57.14,1.71,,181.91,21.62,56.56,15.17,17-Dec-2018 - 00:00,"IHBAS, Dilshad Garden, Delhi - CPCB"
17-Dec-2018 - 00:00,,161.64,757.37,58.69,271.12,62.96,50.19,20.87,1.19,-0.06,169.49,51.87,1.48,,361.49,20.85,51.63,8.58,18-Dec-2018 - 00:00,"IHBAS, Dilshad Garden, Delhi - CPCB"
18-Dec-2018 - 00:00,,304.91,756.45,78.36,434.22,70.03,48.19,13.68,1.2,-0.09,184.34,46.12,1.58,,472.95,21.11,56.86,9.12,19-Dec-2018 - 00:00,"IHBAS, Dilshad Garden, Delhi - CPCB"
19-Dec-2018 - 00:00,,234.33,755.91,74.77,629.29,72.37,49.78,14.11,1.46,-0.24,201.96,52.68,1.69,,843.85,20.48,58.35,15.86,20-Dec-2018 - 00:00,"IHBAS, Dilshad Garden, Delhi - CPCB"
20-Dec-2018 - 00:00,,183.02,756.15,75.29,857.23,77.64,72.67,39.21,1.91,-0.2,245.26,58.36,1.14,,793.6,18.86,56.38,21.0,21-Dec-2018 - 00:00,"IHBAS, Dilshad Garden, Delhi - CPCB"
21-Dec-2018 - 00:00,,223.46,755.69,68.05,642.67,75.54,58.81,23.84,1.42,-0.19,189.96,58.59,1.55,,930.88,18.48,59.47,16.41,22-Dec-2018 - 00:00,"IHBAS, Dilshad Garden, Delhi - CPCB"
22-Dec-2018 - 00:00,,167.21,755.83,58.15,974.43,94.31,107.87,72.13,2.24,-0.32,318.89,64.12,1.27,,,17.91,68.55,28.53,23-Dec-2018 - 00:00,"IHBAS, Dilshad Garden, Delhi - CPCB"
23-Dec-2018 - 00:00,,166.08,756.25,62.43,,86.88,125.81,102.67,3.33,-0.43,377.96,70.53,1.05,,0.0,17.91,80.53,49.11,24-Dec-2018 - 00:00,"IHBAS, Dilshad Garden, Delhi - CPCB"
24-Dec-2018 - 00:00,,155.47,756.15,62.45,,79.46,123.51,101.56,2.56,-0.24,377.98,65.57,1.51,,964.7,18.53,73.83,37.08,25-Dec-2018 - 00:00,"IHBAS, Dilshad Garden, Delhi - CPCB"
25-Dec-2018 - 00:00,,307.95,755.8,68.55,540.78,64.44,42.88,10.75,1.52,-0.21,219.56,60.36,2.16,,,19.19,57.08,15.36,26-Dec-2018 - 00:00,"IHBAS, Dilshad Garden, Delhi - CPCB"
26-Dec-2018 - 00:00,,245.1,755.13,69.71,317.99,73.98,87.35,60.0,2.18,-0.27,214.59,55.44,1.28,,83.76,17.53,57.06,19.41,27-Dec-2018 - 00:00,"IHBAS, Dilshad Garden, Delhi - CPCB"
27-Dec-2018 - 00:00,,207.26,755.5,65.2,257.7,86.81,130.35,105.22,2.91,-0.21,299.8,48.9,1.32,,306.1,17.34,74.45,36.76,28-Dec-2018 - 00:00,"IHBAS, Dilshad Garden, Delhi - CPCB"
28-Dec-2018 - 00:00,,301.71,755.72,65.09,416.8,60.41,45.91,17.22,1.63,-0.2,225.49,53.81,2.35,,948.63,17.05,52.49,4.07,29-Dec-2018 - 00:00,"IHBAS, Dilshad Garden, Delhi - CPCB"
29-Dec-2018 - 00:00,,273.64,756.64,74.32,350.27,70.56,74.82,46.61,1.91,-0.13,227.76,54.38,1.84,,949.35,16.53,54.1,6.53,30-Dec-2018 - 00:00,"IHBAS, Dilshad Garden, Delhi - CPCB"
30-Dec-2018 - 00:00,,206.58,757.54,67.78,350.29,83.68,134.27,112.19,2.93,-0.06,364.82,58.9,1.18,,949.99,16.65,72.11,13.78,31-Dec-2018 - 00:00,"IHBAS, Dilshad Garden, Delhi - CPCB"
31-Dec-2018 - 00:00,,122.29,757.58,6.05,350.45,97.05,212.07,200.56,6.06,-0.16,635.6,77.12,0.65,,949.9,13.5,109.81,20.97,01-Jan-2019 - 00:00,"IHBAS, Dilshad Garden, Delhi - CPCB"
