from date,AT,BP,PM10,PM2.5,RH,SR,WD,WS,VWS,Benzene,Toluene,P-Xylene,NH3,NO2,NO,NOx,CO,Ozone,SO2,to date,station
01-Jan-2018 - 00:00,,,,,,,,,,,,,,,,,,,,02-Jan-2018 - 00:00,"Najafgarh, Delhi - DPCC"
02-Jan-2018 - 00:00,,,,,,,,,,,,,,,,,,,,03-Jan-2018 - 00:00,"Najafgarh, Delhi - DPCC"
03-Jan-2018 - 00:00,,,,,,,,,,,,,,,,,,,,04-Jan-2018 - 00:00,"Najafgarh, Delhi - DPCC"
04-Jan-2018 - 00:00,,,,,,,,,,,,,,,,,,,,05-Jan-2018 - 00:00,"Najafgarh, Delhi - DPCC"
05-Jan-2018 - 00:00,,,,,,,,,,,,,,,,,,,,06-Jan-2018 - 00:00,"Najafgarh, Delhi - DPCC"
06-Jan-2018 - 00:00,,,,,,,,,,,,,,,,,,,,07-Jan-2018 - 00:00,"Najafgarh, Delhi - DPCC"
07-Jan-2018 - 00:00,,,,,,,,,,,,,,,,,,,,08-Jan-2018 - 00:00,"Najafgarh, Delhi - DPCC"
08-Jan-2018 - 00:00,,,,,,,,,,,,,,,,,,,,09-Jan-2018 - 00:00,"Najafgarh, Delhi - DPCC"
09-Jan-2018 - 00:00,,,,,,,,,,,,,,,,,,,,10-Jan-2018 - 00:00,"Najafgarh, Delhi - DPCC"
10-Jan-2018 - 00:00,,,,,,,,,,,,,,,,,,,,11-Jan-2018 - 00:00,"Najafgarh, Delhi - DPCC"
11-Jan-2018 - 00:00,,,,,,,,,,,,,,,,,,,,12-Jan-2018 - 00:00,"Najafgarh, Delhi - DPCC"
12-Jan-2018 - 00:00,,,,,,,,,,,,,,,,,,,,13-Jan-2018 - 00:00,"Najafgarh, Delhi - DPCC"
13-Jan-2018 - 00:00,,,,,,,,,,,,,,,,,,,,14-Jan-2018 - 00:00,"Najafgarh, Delhi - DPCC"
14-Jan-2018 - 00:00,,,,,,,,,,,,,,,,,,,,15-Jan-2018 - 00:00,"Najafgarh, Delhi - DPCC"
15-Jan-2018 - 00:00,,,,,,,,,,,,,,,,,,,,16-Jan-2018 - 00:00,"Najafgarh, Delhi - DPCC"
16-Jan-2018 - 00:00,,,,,,,,,,,,,,,,,,,,17-Jan-2018 - 00:00,"Najafgarh, Delhi - DPCC"
17-Jan-2018 - 00:00,,,,,,,,,,,,,,,,,,,,18-Jan-2018 - 00:00,"Najafgarh, Delhi - DPCC"
18-Jan-2018 - 00:00,,,,,,,,,,,,,,,,,,,,19-Jan-2018 - 00:00,"Najafgarh, Delhi - DPCC"
19-Jan-2018 - 00:00,,,,,,,,,,,,,,,,,,,,20-Jan-2018 - 00:00,"Najafgarh, Delhi - DPCC"
20-Jan-2018 - 00:00,,,,,,,,,,,,,,,,,,,,21-Jan-2018 - 00:00,"Najafgarh, Delhi - DPCC"
21-Jan-2018 - 00:00,,,,,,,,,,,,,,,,,,,,22-Jan-2018 - 00:00,"Najafgarh, Delhi - DPCC"
22-Jan-2018 - 00:00,,,,,,,,,,,,,,,,,,,,23-Jan-2018 - 00:00,"Najafgarh, Delhi - DPCC"
23-Jan-2018 - 00:00,,,,,,,,,,,,,,,,,,,,24-Jan-2018 - 00:00,"Najafgarh, Delhi - DPCC"
24-Jan-2018 - 00:00,,,,,,,,,,,,,,,,,,,,25-Jan-2018 - 00:00,"Najafgarh, Delhi - DPCC"
25-Jan-2018 - 00:00,,,,,,,,,,,,,,,,,,,,26-Jan-2018 - 00:00,"Najafgarh, Delhi - DPCC"
26-Jan-2018 - 00:00,,,,,,,,,,,,,,,,,,,,27-Jan-2018 - 00:00,"Najafgarh, Delhi - DPCC"
27-Jan-2018 - 00:00,,,,,,,,,,,,,,,,,,,,28-Jan-2018 - 00:00,"Najafgarh, Delhi - DPCC"
28-Jan-2018 - 00:00,,,,,,,,,,,,,,,,,,,,29-Jan-2018 - 00:00,"Najafgarh, Delhi - DPCC"
29-Jan-2018 - 00:00,,,,,,,,,,,,,,,,,,,,30-Jan-2018 - 00:00,"Najafgarh, Delhi - DPCC"
30-Jan-2018 - 00:00,,,,,,,,,,,,,,,,,,,,31-Jan-2018 - 00:00,"Najafgarh, Delhi - DPCC"
31-Jan-2018 - 00:00,,,,,,,,,,,,,,,,,,,,01-Feb-2018 - 00:00,"Najafgarh, Delhi - DPCC"
01-Feb-2018 - 00:00,20.32,990.63,236.04,141.3,63.38,195.17,274.1,1.43,0.0,,,,48.93,24.35,4.08,28.29,0.54,,7.9,02-Feb-2018 - 00:00,"Najafgarh, Delhi - DPCC"
02-Feb-2018 - 00:00,15.75,989.47,210.26,126.71,76.01,136.66,269.1,1.56,0.0,,,,52.64,27.53,7.05,35.9,0.58,,4.49,03-Feb-2018 - 00:00,"Najafgarh, Delhi - DPCC"
03-Feb-2018 - 00:00,14.5,991.91,212.88,133.54,71.14,152.31,287.52,1.76,0.0,,,,57.96,26.77,5.17,33.46,0.48,,5.78,04-Feb-2018 - 00:00,"Najafgarh, Delhi - DPCC"
04-Feb-2018 - 00:00,12.8,992.51,261.58,172.17,71.95,154.17,296.08,1.92,0.0,0.65,2.42,0.08,62.54,25.04,3.18,29.82,0.56,18.81,8.28,05-Feb-2018 - 00:00,"Najafgarh, Delhi - DPCC"
05-Feb-2018 - 00:00,12.47,994.66,211.42,134.17,71.7,105.62,260.98,1.2,0.0,0.44,1.9,0.04,48.02,26.16,6.67,33.61,0.57,40.55,5.04,06-Feb-2018 - 00:00,"Najafgarh, Delhi - DPCC"
06-Feb-2018 - 00:00,14.31,994.62,235.92,150.96,68.78,102.05,290.66,1.75,0.0,0.41,1.95,0.01,57.33,23.52,5.97,30.82,0.75,45.3,5.29,07-Feb-2018 - 00:00,"Najafgarh, Delhi - DPCC"
07-Feb-2018 - 00:00,12.81,991.59,214.5,140.88,70.23,158.14,283.81,1.83,0.0,0.28,1.88,0.02,52.15,20.76,3.42,24.27,0.49,56.18,6.75,08-Feb-2018 - 00:00,"Najafgarh, Delhi - DPCC"
08-Feb-2018 - 00:00,12.25,990.54,209.54,142.92,72.31,133.79,246.9,1.28,0.0,0.38,1.95,0.06,47.05,24.71,11.06,35.72,0.67,50.45,6.26,09-Feb-2018 - 00:00,"Najafgarh, Delhi - DPCC"
09-Feb-2018 - 00:00,12.9,990.58,204.96,136.67,70.25,151.53,229.31,1.34,0.0,0.34,2.12,0.09,50.81,24.52,10.94,35.58,0.89,56.03,5.41,10-Feb-2018 - 00:00,"Najafgarh, Delhi - DPCC"
10-Feb-2018 - 00:00,13.84,993.21,297.92,181.12,67.71,116.53,126.73,1.14,0.0,0.51,3.61,0.2,63.0,33.61,7.68,41.32,0.95,42.07,5.52,11-Feb-2018 - 00:00,"Najafgarh, Delhi - DPCC"
11-Feb-2018 - 00:00,15.83,,265.0,131.88,63.71,108.31,136.5,2.09,0.0,0.65,3.41,0.21,54.03,31.06,18.01,47.53,0.85,50.5,5.06,12-Feb-2018 - 00:00,"Najafgarh, Delhi - DPCC"
12-Feb-2018 - 00:00,16.59,996.3,125.75,65.96,73.73,113.64,134.8,3.07,0.0,0.18,1.87,0.04,43.47,16.64,2.21,18.29,0.49,55.76,2.22,13-Feb-2018 - 00:00,"Najafgarh, Delhi - DPCC"
13-Feb-2018 - 00:00,14.37,998.47,125.62,95.54,83.48,132.13,243.06,1.72,0.0,0.3,1.94,0.1,47.48,23.13,5.71,28.5,0.52,42.46,2.74,14-Feb-2018 - 00:00,"Najafgarh, Delhi - DPCC"
14-Feb-2018 - 00:00,13.5,998.62,151.0,88.58,75.83,157.4,292.11,2.37,0.0,0.23,1.61,0.01,47.84,16.51,2.36,18.8,0.45,44.36,5.44,15-Feb-2018 - 00:00,"Najafgarh, Delhi - DPCC"
15-Feb-2018 - 00:00,14.99,996.61,191.38,128.17,76.19,151.8,291.46,2.43,0.0,0.28,1.53,0.0,46.75,18.18,2.55,21.76,0.48,48.06,8.27,16-Feb-2018 - 00:00,"Najafgarh, Delhi - DPCC"
16-Feb-2018 - 00:00,15.94,995.09,167.12,107.92,76.92,139.53,289.96,1.65,0.0,0.26,1.55,0.01,46.69,21.28,3.05,25.02,0.48,46.54,6.07,17-Feb-2018 - 00:00,"Najafgarh, Delhi - DPCC"
17-Feb-2018 - 00:00,16.39,989.99,188.12,112.75,76.7,145.19,280.29,1.86,0.0,0.31,1.48,0.01,45.31,19.88,3.51,24.23,0.5,51.23,4.67,18-Feb-2018 - 00:00,"Najafgarh, Delhi - DPCC"
18-Feb-2018 - 00:00,16.58,989.05,182.67,109.33,70.07,163.27,272.52,1.56,0.0,0.28,1.48,0.02,43.64,21.63,2.96,25.32,0.51,55.19,3.69,19-Feb-2018 - 00:00,"Najafgarh, Delhi - DPCC"
19-Feb-2018 - 00:00,16.12,990.55,183.33,106.0,69.53,152.64,269.42,1.28,0.0,0.32,1.53,0.09,44.91,26.47,9.07,35.88,0.63,54.36,4.35,20-Feb-2018 - 00:00,"Najafgarh, Delhi - DPCC"
20-Feb-2018 - 00:00,17.53,990.18,184.92,106.83,69.92,152.72,250.15,1.33,0.0,0.27,1.5,0.03,45.82,25.52,5.27,31.23,0.6,58.73,5.77,21-Feb-2018 - 00:00,"Najafgarh, Delhi - DPCC"
21-Feb-2018 - 00:00,20.29,987.85,247.67,115.04,65.45,146.46,192.49,1.15,0.0,0.31,1.99,0.16,53.38,31.9,10.5,42.52,0.85,62.28,6.4,22-Feb-2018 - 00:00,"Najafgarh, Delhi - DPCC"
22-Feb-2018 - 00:00,20.38,986.97,303.12,168.92,69.59,133.25,204.39,1.27,0.0,0.49,2.09,0.07,57.83,24.76,5.87,32.4,0.75,50.61,9.41,23-Feb-2018 - 00:00,"Najafgarh, Delhi - DPCC"
23-Feb-2018 - 00:00,21.78,987.18,305.75,140.62,67.35,131.26,185.34,1.22,0.0,0.66,3.56,0.14,59.19,28.64,12.89,40.32,0.96,54.51,7.72,24-Feb-2018 - 00:00,"Najafgarh, Delhi - DPCC"
24-Feb-2018 - 00:00,23.52,988.8,293.71,129.12,63.05,134.23,166.6,1.39,0.0,0.56,2.63,0.37,64.26,33.94,16.6,46.68,0.99,73.7,5.41,25-Feb-2018 - 00:00,"Najafgarh, Delhi - DPCC"
25-Feb-2018 - 00:00,20.64,992.38,216.92,122.08,70.43,150.28,274.77,2.05,0.0,0.51,1.62,0.04,52.44,18.51,3.02,26.63,0.57,46.37,6.93,26-Feb-2018 - 00:00,"Najafgarh, Delhi - DPCC"
26-Feb-2018 - 00:00,18.83,990.52,154.79,82.33,73.81,171.71,305.22,2.73,0.0,0.46,1.03,0.0,39.34,12.67,1.76,21.99,0.4,52.87,2.69,27-Feb-2018 - 00:00,"Najafgarh, Delhi - DPCC"
27-Feb-2018 - 00:00,20.3,989.81,170.58,93.5,73.68,162.32,289.95,2.03,0.0,0.61,0.89,0.01,34.65,14.45,1.76,24.97,0.41,53.1,4.69,28-Feb-2018 - 00:00,"Najafgarh, Delhi - DPCC"
28-Feb-2018 - 00:00,20.84,989.91,185.46,99.54,74.86,130.84,218.67,1.25,0.0,0.44,1.68,0.02,45.19,17.85,3.7,26.19,0.63,51.79,3.47,01-Mar-2018 - 00:00,"Najafgarh, Delhi - DPCC"
01-Mar-2018 - 00:00,20.27,988.28,217.46,118.5,71.37,125.43,215.2,1.48,0.0,0.51,1.52,0.05,48.29,17.37,3.39,23.99,0.68,48.05,5.68,02-Mar-2018 - 00:00,"Najafgarh, Delhi - DPCC"
02-Mar-2018 - 00:00,21.4,986.74,184.58,103.5,69.44,159.85,253.96,1.46,0.0,0.49,1.44,0.11,45.51,18.75,3.34,25.78,0.68,58.67,4.63,03-Mar-2018 - 00:00,"Najafgarh, Delhi - DPCC"
03-Mar-2018 - 00:00,22.71,984.65,163.75,84.42,65.47,148.89,231.57,1.43,0.0,0.61,0.96,0.02,34.62,14.73,1.58,23.84,0.47,50.12,3.37,04-Mar-2018 - 00:00,"Najafgarh, Delhi - DPCC"
04-Mar-2018 - 00:00,20.55,986.12,156.75,86.33,69.9,128.48,270.65,1.91,0.0,0.5,1.02,0.02,36.22,14.58,2.54,21.01,0.53,41.06,4.73,05-Mar-2018 - 00:00,"Najafgarh, Delhi - DPCC"
05-Mar-2018 - 00:00,19.51,989.92,167.29,87.42,68.55,183.78,302.33,1.86,0.0,0.59,0.72,0.0,31.66,16.55,2.33,23.76,0.45,52.74,4.19,06-Mar-2018 - 00:00,"Najafgarh, Delhi - DPCC"
06-Mar-2018 - 00:00,18.67,990.79,166.79,99.62,68.51,176.72,280.72,2.33,0.0,0.45,0.74,0.0,31.42,16.86,1.98,20.91,0.38,54.82,8.49,07-Mar-2018 - 00:00,"Najafgarh, Delhi - DPCC"
07-Mar-2018 - 00:00,19.19,989.67,161.46,83.0,66.89,186.15,269.67,1.9,0.0,0.59,0.72,0.0,27.95,18.63,2.89,23.94,0.43,61.86,3.68,08-Mar-2018 - 00:00,"Najafgarh, Delhi - DPCC"
08-Mar-2018 - 00:00,21.32,990.51,187.92,89.17,61.77,173.41,186.49,1.21,0.0,0.47,1.37,0.16,36.1,25.72,4.96,31.65,0.7,75.98,5.42,09-Mar-2018 - 00:00,"Najafgarh, Delhi - DPCC"
09-Mar-2018 - 00:00,22.03,990.57,243.67,107.17,62.31,170.18,211.16,1.57,0.0,0.73,2.2,0.4,40.9,28.92,17.19,46.63,0.91,61.81,6.28,10-Mar-2018 - 00:00,"Najafgarh, Delhi - DPCC"
10-Mar-2018 - 00:00,21.95,989.62,183.72,85.19,61.53,183.43,270.87,1.94,0.0,0.58,0.93,0.01,33.47,17.57,2.05,21.78,0.42,56.85,4.98,11-Mar-2018 - 00:00,"Najafgarh, Delhi - DPCC"
11-Mar-2018 - 00:00,21.63,988.65,190.83,85.0,66.02,179.81,285.76,1.61,0.0,0.57,0.81,0.0,32.9,16.68,2.22,23.25,0.65,57.84,4.49,12-Mar-2018 - 00:00,"Najafgarh, Delhi - DPCC"
12-Mar-2018 - 00:00,23.06,988.56,248.69,110.12,60.18,179.43,272.61,1.7,0.0,0.56,0.77,0.0,38.02,20.4,3.24,26.68,0.59,58.85,9.3,13-Mar-2018 - 00:00,"Najafgarh, Delhi - DPCC"
13-Mar-2018 - 00:00,24.39,986.86,216.74,89.12,51.05,182.09,209.66,1.79,0.0,0.54,0.95,0.13,32.56,32.7,11.65,40.27,0.62,54.61,6.49,14-Mar-2018 - 00:00,"Najafgarh, Delhi - DPCC"
14-Mar-2018 - 00:00,24.59,984.84,299.45,76.92,43.52,163.48,202.05,1.54,0.0,0.74,1.09,0.27,29.57,36.09,11.97,45.5,0.64,48.38,5.17,15-Mar-2018 - 00:00,"Najafgarh, Delhi - DPCC"
15-Mar-2018 - 00:00,23.16,985.19,245.71,62.71,55.67,142.04,214.39,1.82,0.0,0.59,1.08,0.16,32.41,29.42,9.76,43.36,0.55,37.62,4.11,16-Mar-2018 - 00:00,"Najafgarh, Delhi - DPCC"
16-Mar-2018 - 00:00,22.49,986.51,248.04,96.33,59.76,163.44,273.01,1.86,0.0,0.59,1.0,0.01,40.9,21.57,4.39,32.02,0.65,56.24,5.83,17-Mar-2018 - 00:00,"Najafgarh, Delhi - DPCC"
17-Mar-2018 - 00:00,18.04,987.97,235.04,119.04,70.49,181.49,258.24,1.77,0.0,0.5,0.85,0.0,40.83,17.57,3.81,27.79,0.53,39.57,9.22,18-Mar-2018 - 00:00,"Najafgarh, Delhi - DPCC"
18-Mar-2018 - 00:00,26.95,989.3,141.79,51.0,36.29,280.7,246.76,2.01,0.0,0.67,0.41,0.02,18.44,16.59,1.39,25.8,0.35,97.7,3.79,19-Mar-2018 - 00:00,"Najafgarh, Delhi - DPCC"
19-Mar-2018 - 00:00,23.17,990.47,224.62,105.75,54.37,158.52,219.69,1.73,0.0,0.54,0.87,0.01,39.48,19.06,2.89,24.78,0.52,64.13,6.97,20-Mar-2018 - 00:00,"Najafgarh, Delhi - DPCC"
20-Mar-2018 - 00:00,24.71,987.4,236.79,95.62,53.53,162.9,219.11,1.27,0.0,0.55,1.23,0.09,38.83,26.8,4.94,33.03,0.7,64.86,7.22,21-Mar-2018 - 00:00,"Najafgarh, Delhi - DPCC"
21-Mar-2018 - 00:00,24.26,985.28,273.86,127.66,61.94,151.66,198.85,1.96,0.0,0.65,1.57,0.1,50.28,23.37,3.12,33.85,0.7,60.4,9.1,22-Mar-2018 - 00:00,"Najafgarh, Delhi - DPCC"
22-Mar-2018 - 00:00,22.97,986.3,211.5,102.88,64.18,176.19,257.04,1.83,0.0,0.55,0.7,0.0,37.64,16.03,2.85,24.38,0.46,62.27,8.79,23-Mar-2018 - 00:00,"Najafgarh, Delhi - DPCC"
23-Mar-2018 - 00:00,21.76,987.53,212.04,94.71,63.74,187.76,295.02,1.76,0.0,0.56,0.53,0.0,32.05,16.4,3.08,23.2,0.4,61.34,7.2,24-Mar-2018 - 00:00,"Najafgarh, Delhi - DPCC"
24-Mar-2018 - 00:00,23.13,989.98,240.33,111.0,59.57,193.2,300.21,2.21,0.0,0.59,0.47,0.0,33.25,19.22,4.43,27.04,0.52,67.25,8.38,25-Mar-2018 - 00:00,"Najafgarh, Delhi - DPCC"
25-Mar-2018 - 00:00,23.66,991.24,223.29,100.5,57.39,190.61,286.6,2.31,0.0,0.55,0.49,0.0,32.53,14.94,1.68,24.49,0.48,73.59,6.94,26-Mar-2018 - 00:00,"Najafgarh, Delhi - DPCC"
26-Mar-2018 - 00:00,24.01,989.5,235.12,97.67,54.55,187.86,289.42,2.1,0.0,0.51,0.55,0.0,31.75,18.21,1.95,23.06,0.49,71.86,9.7,27-Mar-2018 - 00:00,"Najafgarh, Delhi - DPCC"
27-Mar-2018 - 00:00,25.78,985.95,211.62,75.04,44.34,193.88,217.41,1.58,0.0,0.5,0.84,0.11,28.1,26.61,3.58,30.08,0.49,59.66,3.87,28-Mar-2018 - 00:00,"Najafgarh, Delhi - DPCC"
28-Mar-2018 - 00:00,26.78,985.09,271.88,79.96,41.42,195.5,267.95,2.11,0.0,0.63,1.09,0.2,33.88,27.24,7.01,35.18,0.61,68.96,9.74,29-Mar-2018 - 00:00,"Najafgarh, Delhi - DPCC"
29-Mar-2018 - 00:00,26.08,984.54,268.0,103.42,46.23,192.77,288.89,2.09,0.0,0.53,0.56,0.0,33.84,14.83,1.58,19.38,0.5,75.02,12.62,30-Mar-2018 - 00:00,"Najafgarh, Delhi - DPCC"
30-Mar-2018 - 00:00,26.62,982.19,243.42,79.0,42.44,202.54,270.86,2.66,0.0,0.5,0.65,0.04,28.25,21.25,2.23,25.14,0.57,73.23,5.43,31-Mar-2018 - 00:00,"Najafgarh, Delhi - DPCC"
31-Mar-2018 - 00:00,25.73,984.42,284.58,80.42,47.52,178.25,126.49,1.96,0.0,0.26,1.05,0.06,44.16,19.63,2.39,22.6,0.56,86.01,5.55,01-Apr-2018 - 00:00,"Najafgarh, Delhi - DPCC"
01-Apr-2018 - 00:00,29.61,986.38,189.28,54.27,40.45,246.5,121.8,2.0,0.0,0.56,0.56,0.07,28.1,21.26,1.7,36.22,0.55,109.36,2.33,02-Apr-2018 - 00:00,"Najafgarh, Delhi - DPCC"
02-Apr-2018 - 00:00,28.48,986.4,214.18,66.77,45.52,169.2,118.7,1.91,0.0,0.44,0.83,0.14,37.18,34.55,2.8,43.13,0.66,83.69,3.84,03-Apr-2018 - 00:00,"Najafgarh, Delhi - DPCC"
03-Apr-2018 - 00:00,30.17,984.99,247.15,79.25,41.17,159.38,123.25,1.81,0.0,0.53,1.08,0.21,40.75,34.18,2.29,42.15,0.72,88.64,4.56,04-Apr-2018 - 00:00,"Najafgarh, Delhi - DPCC"
04-Apr-2018 - 00:00,30.83,982.76,228.65,75.3,39.46,169.36,139.77,1.41,0.0,0.17,0.69,0.12,52.25,31.64,2.88,39.25,0.63,82.45,6.74,05-Apr-2018 - 00:00,"Najafgarh, Delhi - DPCC"
05-Apr-2018 - 00:00,29.66,981.55,313.11,129.63,42.24,170.23,196.47,1.56,0.0,0.0,0.0,0.0,59.72,27.63,4.42,36.27,0.96,84.86,17.48,06-Apr-2018 - 00:00,"Najafgarh, Delhi - DPCC"
06-Apr-2018 - 00:00,27.44,983.67,219.3,82.51,50.06,118.2,135.37,2.23,0.01,0.13,0.2,0.0,47.65,29.68,3.95,36.59,0.9,61.25,8.65,07-Apr-2018 - 00:00,"Najafgarh, Delhi - DPCC"
07-Apr-2018 - 00:00,27.28,985.68,128.83,37.12,53.85,195.68,143.3,1.94,0.0,0.25,2.21,0.05,63.47,22.27,4.69,27.38,1.25,84.84,3.43,08-Apr-2018 - 00:00,"Najafgarh, Delhi - DPCC"
08-Apr-2018 - 00:00,29.35,986.1,128.0,42.04,48.11,190.89,117.35,2.54,0.0,0.25,1.93,0.04,62.74,18.39,2.35,21.93,1.41,104.26,4.12,09-Apr-2018 - 00:00,"Najafgarh, Delhi - DPCC"
09-Apr-2018 - 00:00,25.79,987.54,117.57,40.0,62.55,123.23,120.07,2.21,0.0,0.3,1.7,0.08,54.54,21.29,2.98,28.09,1.28,74.82,3.67,10-Apr-2018 - 00:00,"Najafgarh, Delhi - DPCC"
10-Apr-2018 - 00:00,28.4,985.67,318.71,74.79,52.34,178.75,158.99,1.77,0.0,0.71,1.99,0.11,53.07,25.63,11.29,41.68,0.63,58.93,3.89,11-Apr-2018 - 00:00,"Najafgarh, Delhi - DPCC"
11-Apr-2018 - 00:00,26.76,985.37,129.67,42.38,53.7,157.66,110.13,2.71,0.0,0.38,1.41,0.04,43.54,18.36,4.78,25.0,0.36,65.79,4.14,12-Apr-2018 - 00:00,"Najafgarh, Delhi - DPCC"
12-Apr-2018 - 00:00,26.81,984.94,117.96,45.17,50.75,207.43,213.47,2.18,0.01,0.66,0.75,0.02,22.83,24.11,2.26,27.63,0.47,68.14,4.96,13-Apr-2018 - 00:00,"Najafgarh, Delhi - DPCC"
13-Apr-2018 - 00:00,27.82,985.8,270.25,106.88,33.58,220.74,267.79,1.71,0.0,0.61,1.38,0.07,37.49,25.45,3.21,24.68,0.9,77.71,14.84,14-Apr-2018 - 00:00,"Najafgarh, Delhi - DPCC"
14-Apr-2018 - 00:00,28.25,984.65,247.62,96.54,32.19,205.25,275.29,1.72,0.0,0.84,1.15,0.08,28.04,27.88,7.73,28.64,0.74,80.67,10.17,15-Apr-2018 - 00:00,"Najafgarh, Delhi - DPCC"
15-Apr-2018 - 00:00,29.99,983.93,284.42,99.33,35.27,192.72,236.41,1.27,0.0,1.01,0.99,0.09,29.27,26.25,8.65,30.96,0.62,35.76,7.09,16-Apr-2018 - 00:00,"Najafgarh, Delhi - DPCC"
16-Apr-2018 - 00:00,31.03,983.93,315.17,90.62,35.95,158.94,129.66,1.69,0.0,0.82,1.29,0.1,34.69,31.02,22.34,46.53,0.39,59.62,5.56,17-Apr-2018 - 00:00,"Najafgarh, Delhi - DPCC"
17-Apr-2018 - 00:00,31.2,985.43,281.08,60.0,31.93,233.87,187.29,2.06,0.0,0.86,0.73,0.1,21.72,30.81,12.54,33.51,0.69,72.03,3.01,18-Apr-2018 - 00:00,"Najafgarh, Delhi - DPCC"
18-Apr-2018 - 00:00,30.63,984.67,342.54,73.25,28.86,249.35,287.64,2.6,0.0,0.72,0.55,0.07,17.23,18.99,8.85,19.65,0.24,66.32,4.74,19-Apr-2018 - 00:00,"Najafgarh, Delhi - DPCC"
19-Apr-2018 - 00:00,31.16,981.3,352.89,84.19,28.87,231.57,252.0,1.88,0.0,1.05,0.61,0.08,19.54,20.73,6.24,23.6,0.61,66.67,5.49,20-Apr-2018 - 00:00,"Najafgarh, Delhi - DPCC"
20-Apr-2018 - 00:00,32.22,980.06,449.99,80.56,24.27,218.66,200.88,4.24,0.0,0.92,0.62,0.08,13.24,28.32,5.03,23.35,0.7,56.93,4.04,21-Apr-2018 - 00:00,"Najafgarh, Delhi - DPCC"
21-Apr-2018 - 00:00,28.75,984.97,469.15,100.21,30.27,214.41,307.64,2.17,0.0,1.18,0.26,0.02,10.39,17.27,1.37,24.44,2.28,98.99,2.55,22-Apr-2018 - 00:00,"Najafgarh, Delhi - DPCC"
22-Apr-2018 - 00:00,27.18,985.92,317.75,65.5,27.43,260.52,311.21,2.57,0.0,0.8,0.85,0.05,17.31,15.02,1.61,19.52,1.6,106.62,7.49,23-Apr-2018 - 00:00,"Najafgarh, Delhi - DPCC"
23-Apr-2018 - 00:00,27.69,984.93,313.12,98.25,25.22,256.59,300.81,2.34,0.0,0.76,0.83,0.01,22.15,16.83,1.72,20.13,1.95,108.42,18.17,24-Apr-2018 - 00:00,"Najafgarh, Delhi - DPCC"
24-Apr-2018 - 00:00,29.45,983.73,284.96,94.85,24.44,245.96,266.25,1.94,0.0,0.77,1.0,0.07,21.09,22.76,2.55,23.22,1.11,92.76,7.56,25-Apr-2018 - 00:00,"Najafgarh, Delhi - DPCC"
25-Apr-2018 - 00:00,31.56,980.91,255.04,87.06,22.24,249.08,240.4,1.84,0.0,0.69,1.23,0.12,24.75,33.06,6.87,35.3,1.61,69.6,4.89,26-Apr-2018 - 00:00,"Najafgarh, Delhi - DPCC"
26-Apr-2018 - 00:00,33.86,979.19,344.83,80.57,20.41,226.9,206.05,1.85,0.0,0.81,1.14,0.15,25.19,38.56,10.48,40.86,1.35,68.15,5.16,27-Apr-2018 - 00:00,"Najafgarh, Delhi - DPCC"
27-Apr-2018 - 00:00,33.08,982.31,340.67,81.91,38.71,197.45,118.59,2.35,0.0,0.68,1.24,0.09,49.13,24.43,5.65,38.51,1.01,75.46,5.24,28-Apr-2018 - 00:00,"Najafgarh, Delhi - DPCC"
28-Apr-2018 - 00:00,34.28,981.92,325.25,68.33,38.48,204.85,119.24,3.04,0.0,0.8,0.73,0.06,31.46,19.35,1.49,39.53,1.02,115.53,3.64,29-Apr-2018 - 00:00,"Najafgarh, Delhi - DPCC"
29-Apr-2018 - 00:00,33.31,979.35,279.83,69.0,41.21,193.74,158.8,1.64,0.0,0.47,1.07,0.02,42.66,18.12,1.94,25.24,0.9,76.53,4.32,30-Apr-2018 - 00:00,"Najafgarh, Delhi - DPCC"
30-Apr-2018 - 00:00,33.06,977.51,250.52,67.48,39.62,208.44,139.55,2.1,0.0,0.4,1.35,0.08,51.48,22.46,2.72,29.64,1.21,72.27,3.95,01-May-2018 - 00:00,"Najafgarh, Delhi - DPCC"
01-May-2018 - 00:00,32.55,980.75,174.88,46.0,46.26,201.65,127.67,3.48,0.0,0.43,0.91,0.0,50.83,13.68,1.64,29.92,2.24,123.67,3.59,02-May-2018 - 00:00,"Najafgarh, Delhi - DPCC"
02-May-2018 - 00:00,30.78,982.31,178.73,52.83,50.73,190.5,121.64,3.63,0.01,0.64,0.63,0.01,29.83,12.86,1.48,36.59,1.85,114.78,2.25,03-May-2018 - 00:00,"Najafgarh, Delhi - DPCC"
03-May-2018 - 00:00,29.73,982.74,127.58,36.62,48.33,196.53,132.41,4.13,0.0,0.42,0.9,0.0,45.97,18.43,2.57,32.81,1.69,85.27,4.84,04-May-2018 - 00:00,"Najafgarh, Delhi - DPCC"
04-May-2018 - 00:00,30.31,983.0,131.62,45.25,50.86,122.14,115.94,2.86,0.0,0.92,0.4,0.01,35.45,22.94,2.8,33.64,1.24,61.46,1.97,05-May-2018 - 00:00,"Najafgarh, Delhi - DPCC"
05-May-2018 - 00:00,33.33,982.48,192.62,68.04,39.11,224.95,126.47,1.73,0.0,0.4,0.8,0.04,56.92,28.84,2.65,37.27,1.63,80.96,4.87,06-May-2018 - 00:00,"Najafgarh, Delhi - DPCC"
06-May-2018 - 00:00,31.69,983.26,317.0,120.46,36.91,213.23,103.31,2.55,0.0,0.5,1.07,0.16,39.45,39.41,11.19,47.68,2.1,71.0,6.86,07-May-2018 - 00:00,"Najafgarh, Delhi - DPCC"
07-May-2018 - 00:00,32.24,981.31,316.74,97.79,33.58,207.48,228.95,1.79,0.0,0.38,0.67,0.02,28.49,20.65,3.83,26.81,1.27,64.42,5.38,08-May-2018 - 00:00,"Najafgarh, Delhi - DPCC"
08-May-2018 - 00:00,30.1,982.01,103.33,36.07,38.82,222.98,234.38,2.74,0.0,0.76,0.02,0.0,4.32,22.37,1.35,28.8,0.74,103.79,0.73,09-May-2018 - 00:00,"Najafgarh, Delhi - DPCC"
09-May-2018 - 00:00,28.17,983.7,177.34,52.98,46.25,167.29,170.9,1.37,0.0,0.5,0.87,0.03,23.57,19.59,2.12,26.98,1.14,69.62,2.56,10-May-2018 - 00:00,"Najafgarh, Delhi - DPCC"
10-May-2018 - 00:00,31.18,984.44,200.19,95.69,41.19,221.11,222.87,1.74,0.0,0.47,1.07,0.09,37.43,29.29,2.28,34.02,1.28,56.34,5.41,11-May-2018 - 00:00,"Najafgarh, Delhi - DPCC"
11-May-2018 - 00:00,33.96,981.33,304.96,120.62,32.45,208.27,216.34,1.87,0.0,0.45,1.22,0.15,36.82,39.99,2.65,41.59,1.54,42.79,7.37,12-May-2018 - 00:00,"Najafgarh, Delhi - DPCC"
12-May-2018 - 00:00,35.51,980.38,362.73,129.34,34.86,201.14,164.24,1.49,0.0,0.42,1.37,0.13,56.15,34.53,6.29,35.3,1.5,84.91,9.24,13-May-2018 - 00:00,"Najafgarh, Delhi - DPCC"
13-May-2018 - 00:00,33.31,980.04,262.04,60.44,39.08,208.05,104.47,3.69,0.0,0.25,0.49,0.0,42.36,14.06,1.59,28.63,0.99,141.37,6.33,14-May-2018 - 00:00,"Najafgarh, Delhi - DPCC"
14-May-2018 - 00:00,30.05,982.08,131.79,38.46,47.11,198.82,134.24,1.76,0.0,0.11,0.96,0.02,51.12,21.35,2.29,23.24,0.97,83.48,4.8,15-May-2018 - 00:00,"Najafgarh, Delhi - DPCC"
15-May-2018 - 00:00,32.43,980.69,185.21,63.0,46.92,195.24,110.86,1.94,0.0,0.15,1.14,0.05,62.58,26.46,1.95,27.92,1.26,85.38,8.01,16-May-2018 - 00:00,"Najafgarh, Delhi - DPCC"
16-May-2018 - 00:00,34.46,979.78,231.73,63.69,32.58,225.3,243.09,2.82,0.0,15.21,2.17,0.06,26.85,20.47,4.49,29.35,0.95,110.43,6.71,17-May-2018 - 00:00,"Najafgarh, Delhi - DPCC"
17-May-2018 - 00:00,34.26,979.97,305.71,87.41,30.06,209.25,187.61,1.7,0.0,0.4,0.62,0.01,23.89,18.04,1.69,20.23,0.96,113.92,6.92,18-May-2018 - 00:00,"Najafgarh, Delhi - DPCC"
18-May-2018 - 00:00,33.31,979.8,247.97,92.94,33.55,183.89,152.84,1.66,0.0,0.35,0.95,0.03,32.58,22.78,2.34,25.82,1.04,88.37,8.22,19-May-2018 - 00:00,"Najafgarh, Delhi - DPCC"
19-May-2018 - 00:00,33.08,979.67,287.78,100.06,36.79,185.25,227.73,1.93,0.0,0.29,1.29,0.1,46.65,28.6,5.43,35.57,1.18,73.52,7.63,20-May-2018 - 00:00,"Najafgarh, Delhi - DPCC"
20-May-2018 - 00:00,34.09,981.05,200.85,68.27,25.98,196.01,170.19,1.92,0.0,0.33,0.64,0.02,24.95,15.74,1.67,18.42,0.98,116.3,7.61,21-May-2018 - 00:00,"Najafgarh, Delhi - DPCC"
21-May-2018 - 00:00,34.84,981.32,221.64,68.52,17.97,221.46,135.97,1.93,0.0,0.32,0.72,0.01,18.6,15.71,1.9,18.01,0.95,119.66,9.28,22-May-2018 - 00:00,"Najafgarh, Delhi - DPCC"
22-May-2018 - 00:00,35.77,980.05,272.0,101.04,18.67,217.25,155.75,1.72,0.0,0.32,0.9,0.05,24.67,25.56,2.89,26.43,1.16,74.44,10.28,23-May-2018 - 00:00,"Najafgarh, Delhi - DPCC"
23-May-2018 - 00:00,36.14,979.01,329.45,122.99,22.51,201.25,160.51,1.7,0.0,0.39,1.46,0.31,39.01,28.9,7.11,32.21,1.31,46.77,9.43,24-May-2018 - 00:00,"Najafgarh, Delhi - DPCC"
24-May-2018 - 00:00,35.1,978.37,289.0,154.21,19.0,181.6,219.37,1.99,0.0,0.28,0.9,0.05,30.84,21.33,2.1,23.1,1.09,80.44,13.93,25-May-2018 - 00:00,"Najafgarh, Delhi - DPCC"
25-May-2018 - 00:00,34.87,978.65,225.79,104.25,17.48,232.22,257.31,1.87,0.0,0.36,0.61,0.04,24.26,26.43,3.78,26.25,1.2,69.54,7.29,26-May-2018 - 00:00,"Najafgarh, Delhi - DPCC"
26-May-2018 - 00:00,35.6,977.38,240.19,97.22,17.62,230.46,242.38,1.66,0.0,0.31,0.65,0.02,27.19,34.34,6.38,32.65,1.15,71.38,9.79,27-May-2018 - 00:00,"Najafgarh, Delhi - DPCC"
27-May-2018 - 00:00,36.79,976.8,332.44,107.84,16.15,229.38,252.28,2.55,0.0,0.48,0.63,0.11,21.16,30.97,5.86,31.64,1.07,98.5,7.07,28-May-2018 - 00:00,"Najafgarh, Delhi - DPCC"
28-May-2018 - 00:00,35.15,975.48,332.9,259.62,28.29,178.11,131.23,1.3,0.0,0.1,1.29,0.11,3.12,37.61,30.66,32.62,1.02,5.8,2.11,29-May-2018 - 00:00,"Najafgarh, Delhi - DPCC"
29-May-2018 - 00:00,36.23,972.15,359.31,69.8,27.84,184.16,196.18,2.03,0.0,0.27,0.4,0.04,28.3,34.98,21.0,38.15,0.57,61.38,3.12,30-May-2018 - 00:00,"Najafgarh, Delhi - DPCC"
30-May-2018 - 00:00,35.33,976.06,400.92,75.12,37.52,190.09,159.18,3.99,0.0,0.27,0.59,0.0,53.6,12.28,1.6,29.86,0.98,93.39,4.36,31-May-2018 - 00:00,"Najafgarh, Delhi - DPCC"
31-May-2018 - 00:00,35.81,977.72,280.92,49.58,35.22,201.8,141.88,1.97,0.0,0.19,0.76,0.04,42.27,22.48,1.94,27.32,1.14,75.81,4.18,01-Jun-2018 - 00:00,"Najafgarh, Delhi - DPCC"
01-Jun-2018 - 00:00,36.21,978.65,287.83,70.79,40.31,196.9,127.59,3.63,0.0,0.09,0.72,0.01,59.27,19.36,0.94,19.96,1.03,102.02,4.71,02-Jun-2018 - 00:00,"Najafgarh, Delhi - DPCC"
02-Jun-2018 - 00:00,33.24,979.57,192.04,45.58,41.15,197.27,131.81,3.5,0.0,0.07,0.76,0.0,40.5,17.35,0.81,17.81,0.9,113.38,3.96,03-Jun-2018 - 00:00,"Najafgarh, Delhi - DPCC"
03-Jun-2018 - 00:00,34.6,977.23,149.64,47.3,45.48,199.84,114.66,2.7,0.0,0.07,0.72,0.01,51.78,20.09,1.1,20.79,1.05,101.65,5.22,04-Jun-2018 - 00:00,"Najafgarh, Delhi - DPCC"
04-Jun-2018 - 00:00,36.87,976.22,214.47,62.09,41.84,187.95,136.04,4.12,0.0,0.07,0.71,0.0,49.89,16.61,1.01,17.2,1.03,100.17,3.9,05-Jun-2018 - 00:00,"Najafgarh, Delhi - DPCC"
05-Jun-2018 - 00:00,37.26,978.62,171.13,45.89,40.91,187.16,130.72,3.76,0.0,0.06,0.61,0.01,48.38,17.65,0.74,18.13,1.08,91.74,3.46,06-Jun-2018 - 00:00,"Najafgarh, Delhi - DPCC"
06-Jun-2018 - 00:00,33.93,980.48,221.72,61.26,52.59,136.9,79.94,2.53,0.0,0.11,0.77,0.05,47.71,25.35,1.18,25.82,1.31,80.57,6.41,07-Jun-2018 - 00:00,"Najafgarh, Delhi - DPCC"
07-Jun-2018 - 00:00,35.99,976.27,199.51,57.2,47.94,188.62,117.93,1.84,0.0,0.14,0.89,0.05,58.22,27.26,1.24,27.28,1.26,88.83,5.19,08-Jun-2018 - 00:00,"Najafgarh, Delhi - DPCC"
08-Jun-2018 - 00:00,36.78,972.73,252.53,55.33,45.72,172.45,144.68,4.07,0.0,0.1,0.74,0.01,51.87,17.44,0.75,17.78,1.11,84.67,3.83,09-Jun-2018 - 00:00,"Najafgarh, Delhi - DPCC"
09-Jun-2018 - 00:00,32.46,972.64,130.92,42.0,64.29,155.34,151.74,3.46,0.13,0.08,0.7,0.02,53.06,18.41,0.89,19.18,1.06,64.72,3.32,10-Jun-2018 - 00:00,"Najafgarh, Delhi - DPCC"
10-Jun-2018 - 00:00,31.64,973.26,140.65,58.04,69.78,211.93,231.89,1.48,0.0,0.12,0.77,0.02,64.75,24.58,2.24,26.47,1.08,49.7,4.04,11-Jun-2018 - 00:00,"Najafgarh, Delhi - DPCC"
11-Jun-2018 - 00:00,34.38,971.31,229.94,57.64,56.74,232.71,294.01,2.51,0.0,0.07,0.61,0.0,78.57,29.37,2.32,31.93,1.1,53.27,5.11,12-Jun-2018 - 00:00,"Najafgarh, Delhi - DPCC"
12-Jun-2018 - 00:00,36.08,968.83,475.46,95.81,48.7,202.06,276.97,2.54,0.0,0.08,0.61,0.0,57.17,25.9,3.09,28.45,0.92,33.27,6.95,13-Jun-2018 - 00:00,"Najafgarh, Delhi - DPCC"
13-Jun-2018 - 00:00,37.91,968.91,906.8,165.51,36.98,189.13,277.92,3.82,0.0,0.04,0.5,0.0,39.11,17.72,1.74,19.6,0.79,31.62,4.74,14-Jun-2018 - 00:00,"Najafgarh, Delhi - DPCC"
14-Jun-2018 - 00:00,37.36,970.98,850.31,129.05,33.28,189.37,271.58,3.61,0.0,0.05,0.54,0.0,23.91,13.92,1.03,14.88,0.8,41.55,3.96,15-Jun-2018 - 00:00,"Najafgarh, Delhi - DPCC"
15-Jun-2018 - 00:00,36.78,973.11,493.82,77.49,33.25,209.89,262.8,3.16,0.0,0.08,0.55,0.0,20.41,12.68,0.98,13.92,0.76,43.17,3.1,16-Jun-2018 - 00:00,"Najafgarh, Delhi - DPCC"
16-Jun-2018 - 00:00,36.33,975.22,432.04,54.43,38.7,198.35,231.96,2.59,0.0,0.15,0.49,0.0,20.67,16.39,0.97,19.28,0.82,36.51,5.35,17-Jun-2018 - 00:00,"Najafgarh, Delhi - DPCC"
17-Jun-2018 - 00:00,32.24,976.67,323.26,57.49,53.77,209.22,93.59,2.49,0.0,0.07,0.52,0.0,35.05,16.63,0.92,18.18,0.95,50.9,3.29,18-Jun-2018 - 00:00,"Najafgarh, Delhi - DPCC"
18-Jun-2018 - 00:00,31.47,976.85,134.28,33.94,53.04,186.64,274.92,2.28,0.0,0.07,0.54,0.0,35.57,17.17,1.05,19.66,0.93,57.04,3.57,19-Jun-2018 - 00:00,"Najafgarh, Delhi - DPCC"
19-Jun-2018 - 00:00,33.27,976.77,153.31,36.35,48.28,238.83,226.49,1.85,0.0,0.13,0.52,0.0,30.41,14.98,0.81,16.02,0.86,70.48,4.54,20-Jun-2018 - 00:00,"Najafgarh, Delhi - DPCC"
20-Jun-2018 - 00:00,35.95,977.22,188.31,36.02,41.5,215.53,200.86,2.19,0.0,0.1,0.54,0.0,31.04,17.83,1.0,17.15,0.9,70.31,5.18,21-Jun-2018 - 00:00,"Najafgarh, Delhi - DPCC"
21-Jun-2018 - 00:00,36.33,977.19,371.2,52.66,39.98,195.55,198.67,1.72,0.0,0.1,0.57,0.01,34.91,16.51,0.71,17.39,0.88,90.57,7.89,22-Jun-2018 - 00:00,"Najafgarh, Delhi - DPCC"
22-Jun-2018 - 00:00,36.93,976.0,210.83,50.62,39.26,226.9,189.39,1.52,0.0,0.11,0.73,0.07,41.95,21.04,1.14,22.59,1.03,81.97,4.82,23-Jun-2018 - 00:00,"Najafgarh, Delhi - DPCC"
23-Jun-2018 - 00:00,37.33,975.5,259.0,56.97,38.17,182.91,194.55,1.86,0.0,0.4,2.08,0.22,38.47,27.61,1.56,27.72,1.07,82.36,10.55,24-Jun-2018 - 00:00,"Najafgarh, Delhi - DPCC"
24-Jun-2018 - 00:00,37.65,974.92,114.55,25.15,37.25,145.76,249.49,3.02,0.0,0.75,0.94,0.2,19.98,14.91,1.56,19.63,0.97,101.01,8.83,25-Jun-2018 - 00:00,"Najafgarh, Delhi - DPCC"
25-Jun-2018 - 00:00,,,4.28,0.27,38.11,39.33,,5.35,,,,,26.33,13.92,1.89,8.94,1.1,73.3,12.5,26-Jun-2018 - 00:00,"Najafgarh, Delhi - DPCC"
26-Jun-2018 - 00:00,31.04,973.85,35.15,7.86,40.99,38.64,218.44,6.47,,1.1,6.15,,28.7,15.05,1.77,9.46,1.1,64.33,10.42,27-Jun-2018 - 00:00,"Najafgarh, Delhi - DPCC"
27-Jun-2018 - 00:00,30.04,975.71,80.55,31.03,73.66,159.98,154.84,2.44,,1.06,7.18,,45.89,25.05,2.12,15.05,1.19,67.83,6.95,28-Jun-2018 - 00:00,"Najafgarh, Delhi - DPCC"
28-Jun-2018 - 00:00,29.8,977.06,28.02,13.22,77.52,178.02,110.31,2.51,,0.56,6.18,,38.89,24.34,2.14,14.68,1.21,50.16,3.0,29-Jun-2018 - 00:00,"Najafgarh, Delhi - DPCC"
29-Jun-2018 - 00:00,29.99,976.93,48.31,26.0,77.52,178.02,131.36,3.4,,0.76,8.07,,31.62,22.82,2.36,14.05,1.1,45.83,4.72,30-Jun-2018 - 00:00,"Najafgarh, Delhi - DPCC"
30-Jun-2018 - 00:00,31.3,977.41,46.97,27.06,75.79,184.8,176.64,1.77,,0.64,5.68,,29.88,20.21,2.08,12.46,1.2,36.79,3.25,01-Jul-2018 - 00:00,"Najafgarh, Delhi - DPCC"
01-Jul-2018 - 00:00,32.1,976.2,44.79,24.06,73.98,180.83,264.66,2.27,,0.57,3.78,,27.43,14.92,1.92,9.48,1.1,31.07,4.04,02-Jul-2018 - 00:00,"Najafgarh, Delhi - DPCC"
02-Jul-2018 - 00:00,32.47,973.73,73.32,18.11,67.4,215.19,239.48,2.98,,0.23,1.93,,37.91,13.88,1.99,9.02,1.01,55.44,6.56,03-Jul-2018 - 00:00,"Najafgarh, Delhi - DPCC"
03-Jul-2018 - 00:00,31.75,973.97,94.36,30.16,70.52,210.71,131.01,1.57,,1.34,16.86,,28.32,31.96,2.47,19.02,2.7,66.5,5.48,04-Jul-2018 - 00:00,"Najafgarh, Delhi - DPCC"
04-Jul-2018 - 00:00,32.16,974.44,111.38,35.24,65.96,206.1,138.0,1.57,,0.91,10.55,,31.26,22.36,2.09,13.6,2.01,63.07,5.94,05-Jul-2018 - 00:00,"Najafgarh, Delhi - DPCC"
05-Jul-2018 - 00:00,31.85,975.93,110.77,37.52,69.64,213.1,201.01,1.41,,1.1,11.1,,31.11,25.35,2.38,15.43,3.96,59.55,6.38,06-Jul-2018 - 00:00,"Najafgarh, Delhi - DPCC"
06-Jul-2018 - 00:00,32.56,976.09,142.57,47.47,64.85,236.98,280.23,1.72,,0.87,6.97,,36.22,19.35,2.03,11.92,4.35,58.72,6.46,07-Jul-2018 - 00:00,"Najafgarh, Delhi - DPCC"
07-Jul-2018 - 00:00,33.39,975.32,151.08,52.67,61.06,232.0,261.41,1.47,,1.02,8.69,,50.28,23.78,2.11,14.38,3.84,77.36,5.43,08-Jul-2018 - 00:00,"Najafgarh, Delhi - DPCC"
08-Jul-2018 - 00:00,34.87,974.22,166.58,48.64,55.18,245.9,212.58,1.32,,1.13,12.18,,60.51,32.43,2.88,19.61,2.26,84.58,9.49,09-Jul-2018 - 00:00,"Najafgarh, Delhi - DPCC"
09-Jul-2018 - 00:00,35.18,973.99,213.91,65.41,59.19,212.34,125.92,2.19,,1.12,10.41,,50.95,31.23,2.2,18.43,4.52,75.39,5.2,10-Jul-2018 - 00:00,"Najafgarh, Delhi - DPCC"
10-Jul-2018 - 00:00,34.93,974.51,143.54,42.25,62.42,209.75,128.27,2.34,,0.64,5.72,,40.32,22.2,2.01,13.45,2.54,60.66,3.63,11-Jul-2018 - 00:00,"Najafgarh, Delhi - DPCC"
11-Jul-2018 - 00:00,33.27,974.12,113.75,31.25,65.23,165.27,179.94,2.24,,0.64,8.39,,32.18,21.12,2.04,12.87,3.49,43.44,6.15,12-Jul-2018 - 00:00,"Najafgarh, Delhi - DPCC"
12-Jul-2018 - 00:00,32.82,973.64,93.42,22.54,64.77,208.45,205.61,1.8,,0.31,4.83,,32.87,17.18,2.11,10.86,2.22,46.31,6.91,13-Jul-2018 - 00:00,"Najafgarh, Delhi - DPCC"
13-Jul-2018 - 00:00,29.15,975.04,44.71,20.92,82.18,103.2,152.94,1.78,,0.75,11.32,,27.91,26.47,2.92,16.46,2.71,32.63,4.35,14-Jul-2018 - 00:00,"Najafgarh, Delhi - DPCC"
14-Jul-2018 - 00:00,29.38,974.62,67.54,31.46,83.18,117.39,148.81,1.61,,1.61,29.32,,31.66,38.42,9.39,28.08,3.1,26.7,4.62,15-Jul-2018 - 00:00,"Najafgarh, Delhi - DPCC"
15-Jul-2018 - 00:00,31.84,974.18,57.64,21.43,72.51,201.48,127.42,2.23,,0.55,7.22,,29.7,25.49,2.54,15.64,2.62,30.78,3.36,16-Jul-2018 - 00:00,"Najafgarh, Delhi - DPCC"
16-Jul-2018 - 00:00,30.55,974.84,62.38,26.38,78.32,81.12,120.79,2.13,,0.67,16.18,,28.82,22.89,2.22,14.0,2.08,23.61,2.89,17-Jul-2018 - 00:00,"Najafgarh, Delhi - DPCC"
17-Jul-2018 - 00:00,32.56,975.07,80.07,28.84,71.3,140.69,155.86,2.01,,0.82,22.68,,31.01,25.54,2.29,15.46,3.58,31.71,3.7,18-Jul-2018 - 00:00,"Najafgarh, Delhi - DPCC"
18-Jul-2018 - 00:00,32.62,975.72,90.3,31.9,71.92,175.34,93.88,2.29,,0.9,18.91,,34.03,28.52,4.12,18.53,2.59,31.96,3.81,19-Jul-2018 - 00:00,"Najafgarh, Delhi - DPCC"
19-Jul-2018 - 00:00,32.37,975.51,69.07,32.8,72.81,222.03,184.85,1.67,,0.66,10.75,,36.26,24.59,2.86,15.45,3.25,30.94,5.21,20-Jul-2018 - 00:00,"Najafgarh, Delhi - DPCC"
20-Jul-2018 - 00:00,30.32,975.12,43.01,22.3,79.69,112.33,219.61,1.39,,0.67,10.66,,29.73,19.22,2.2,12.01,1.69,28.77,4.74,21-Jul-2018 - 00:00,"Najafgarh, Delhi - DPCC"
21-Jul-2018 - 00:00,29.27,975.34,70.95,41.55,84.36,96.95,188.49,1.25,,1.71,23.01,,28.27,36.01,4.58,22.86,1.64,24.03,4.03,22-Jul-2018 - 00:00,"Najafgarh, Delhi - DPCC"
22-Jul-2018 - 00:00,28.34,975.91,28.8,13.95,87.65,124.31,160.41,1.49,,0.46,6.66,,25.33,19.6,2.29,12.29,1.35,19.57,4.52,23-Jul-2018 - 00:00,"Najafgarh, Delhi - DPCC"
23-Jul-2018 - 00:00,29.99,975.68,56.29,33.25,83.09,165.95,196.6,1.54,,0.86,14.24,,30.83,21.5,2.72,13.65,0.99,20.48,4.81,24-Jul-2018 - 00:00,"Najafgarh, Delhi - DPCC"
24-Jul-2018 - 00:00,31.54,976.17,78.61,35.39,76.83,150.68,181.39,1.23,,1.0,14.49,,62.54,26.13,3.15,16.47,1.48,27.05,4.2,25-Jul-2018 - 00:00,"Najafgarh, Delhi - DPCC"
25-Jul-2018 - 00:00,28.81,975.66,25.62,12.89,87.37,87.05,226.96,2.03,,0.54,1.77,,95.66,9.76,1.93,6.76,1.05,11.11,4.0,26-Jul-2018 - 00:00,"Najafgarh, Delhi - DPCC"
26-Jul-2018 - 00:00,27.04,975.85,38.43,19.03,93.13,48.49,217.66,1.65,,0.42,11.81,,50.16,12.28,1.89,8.08,0.86,7.36,4.21,27-Jul-2018 - 00:00,"Najafgarh, Delhi - DPCC"
27-Jul-2018 - 00:00,26.59,974.84,12.65,8.61,91.88,31.81,136.59,1.77,,0.5,10.25,,39.48,14.37,2.23,9.47,0.94,23.28,4.21,28-Jul-2018 - 00:00,"Najafgarh, Delhi - DPCC"
28-Jul-2018 - 00:00,28.14,975.5,37.14,16.23,86.05,135.41,249.45,2.3,,0.38,4.21,,24.94,10.76,1.82,7.21,1.37,37.48,4.62,29-Jul-2018 - 00:00,"Najafgarh, Delhi - DPCC"
29-Jul-2018 - 00:00,30.65,975.99,86.51,23.83,77.25,207.78,269.9,1.69,,0.27,1.55,,25.97,10.35,1.82,7.0,2.1,39.59,4.65,30-Jul-2018 - 00:00,"Najafgarh, Delhi - DPCC"
30-Jul-2018 - 00:00,30.49,975.59,92.69,22.03,75.02,147.84,271.97,1.81,,0.25,1.79,,26.13,11.88,1.92,7.89,1.75,36.13,4.71,31-Jul-2018 - 00:00,"Najafgarh, Delhi - DPCC"
31-Jul-2018 - 00:00,30.8,974.76,135.34,28.11,71.53,132.93,255.19,1.8,,0.36,3.87,,29.29,13.97,2.09,9.14,0.89,39.38,4.83,01-Aug-2018 - 00:00,"Najafgarh, Delhi - DPCC"
01-Aug-2018 - 00:00,31.14,975.3,193.15,32.1,71.68,220.08,255.58,1.98,,0.28,2.54,,29.61,14.34,2.24,9.45,1.4,40.62,5.31,02-Aug-2018 - 00:00,"Najafgarh, Delhi - DPCC"
02-Aug-2018 - 00:00,31.31,976.58,250.81,41.65,68.02,185.64,274.17,2.33,,0.41,3.3,,29.05,12.74,2.05,8.45,1.85,41.31,4.57,03-Aug-2018 - 00:00,"Najafgarh, Delhi - DPCC"
03-Aug-2018 - 00:00,30.92,977.1,222.15,34.24,66.52,175.03,270.72,2.46,,0.22,1.39,,26.41,12.38,2.1,8.3,1.09,44.68,3.84,04-Aug-2018 - 00:00,"Najafgarh, Delhi - DPCC"
04-Aug-2018 - 00:00,31.21,976.72,265.33,40.32,65.56,174.16,257.9,1.96,,0.34,3.9,,23.19,18.0,2.79,11.87,1.58,41.03,7.19,05-Aug-2018 - 00:00,"Najafgarh, Delhi - DPCC"
05-Aug-2018 - 00:00,29.61,976.84,232.27,34.86,72.84,106.74,217.04,2.45,,0.37,4.12,,23.58,15.74,2.42,10.35,1.51,39.48,6.83,06-Aug-2018 - 00:00,"Najafgarh, Delhi - DPCC"
06-Aug-2018 - 00:00,27.84,977.23,139.86,38.68,84.56,53.21,107.89,1.25,,1.52,25.43,,37.22,40.45,5.49,25.98,1.55,46.21,5.24,07-Aug-2018 - 00:00,"Najafgarh, Delhi - DPCC"
07-Aug-2018 - 00:00,28.33,977.23,91.45,38.58,83.52,122.95,109.86,1.42,,1.1,21.19,,31.24,29.03,7.39,21.44,1.55,68.49,6.61,08-Aug-2018 - 00:00,"Najafgarh, Delhi - DPCC"
08-Aug-2018 - 00:00,29.61,977.63,43.2,21.39,82.18,148.17,169.16,1.57,,0.66,9.02,,26.52,20.52,3.5,13.92,1.13,42.65,4.82,09-Aug-2018 - 00:00,"Najafgarh, Delhi - DPCC"
09-Aug-2018 - 00:00,31.55,979.93,78.6,30.91,71.72,211.34,119.4,2.1,,1.06,16.32,,31.17,28.17,4.29,18.48,1.33,56.46,3.43,10-Aug-2018 - 00:00,"Najafgarh, Delhi - DPCC"
10-Aug-2018 - 00:00,31.43,978.77,80.0,33.65,74.1,189.52,227.82,1.3,,0.71,12.12,,29.59,26.93,4.59,18.08,0.91,46.22,3.93,11-Aug-2018 - 00:00,"Najafgarh, Delhi - DPCC"
11-Aug-2018 - 00:00,32.03,975.23,57.17,15.71,71.4,202.3,261.81,2.62,,0.24,2.12,,25.95,12.37,2.17,8.36,0.83,43.42,5.26,12-Aug-2018 - 00:00,"Najafgarh, Delhi - DPCC"
12-Aug-2018 - 00:00,31.06,973.49,56.19,12.44,69.63,130.53,237.13,1.92,,0.34,4.51,,24.67,14.62,2.5,9.81,1.04,37.68,6.12,13-Aug-2018 - 00:00,"Najafgarh, Delhi - DPCC"
13-Aug-2018 - 00:00,30.53,974.95,70.32,19.64,71.4,145.26,182.19,1.55,,1.61,37.63,,27.9,23.28,2.49,14.42,1.3,23.67,4.24,14-Aug-2018 - 00:00,"Najafgarh, Delhi - DPCC"
14-Aug-2018 - 00:00,31.99,975.86,91.66,30.85,69.13,194.6,210.56,1.41,,6.67,186.86,,31.65,28.72,3.7,18.29,1.96,20.93,5.42,15-Aug-2018 - 00:00,"Najafgarh, Delhi - DPCC"
15-Aug-2018 - 00:00,30.92,977.57,92.72,28.04,73.03,190.71,203.06,2.04,,10.69,229.49,,34.21,22.45,2.47,14.01,1.06,25.65,4.26,16-Aug-2018 - 00:00,"Najafgarh, Delhi - DPCC"
16-Aug-2018 - 00:00,30.06,979.19,56.9,25.85,80.18,149.29,131.89,1.2,,13.96,275.78,,34.36,33.09,6.2,22.66,1.2,24.92,4.01,17-Aug-2018 - 00:00,"Najafgarh, Delhi - DPCC"
17-Aug-2018 - 00:00,31.9,976.84,73.17,28.69,74.46,202.87,92.46,2.34,,17.74,323.5,,35.78,34.95,14.26,30.24,1.1,25.53,3.84,18-Aug-2018 - 00:00,"Najafgarh, Delhi - DPCC"
18-Aug-2018 - 00:00,31.18,976.39,69.27,26.91,77.92,197.6,128.13,1.81,,12.74,216.0,,32.35,32.79,3.85,20.83,1.15,17.57,4.4,19-Aug-2018 - 00:00,"Najafgarh, Delhi - DPCC"
19-Aug-2018 - 00:00,28.99,976.4,73.09,41.33,86.71,83.22,172.72,1.07,,1.8,23.31,,32.95,36.01,7.6,25.35,1.3,26.44,5.83,20-Aug-2018 - 00:00,"Najafgarh, Delhi - DPCC"
20-Aug-2018 - 00:00,30.88,977.81,97.28,53.75,80.27,138.14,162.88,1.1,,1.81,19.34,,33.19,31.53,6.68,22.25,1.47,39.99,3.54,21-Aug-2018 - 00:00,"Najafgarh, Delhi - DPCC"
21-Aug-2018 - 00:00,31.42,977.65,53.58,25.18,76.22,204.86,154.06,1.36,,0.98,9.07,,29.98,24.72,2.94,15.55,1.23,31.04,4.18,22-Aug-2018 - 00:00,"Najafgarh, Delhi - DPCC"
22-Aug-2018 - 00:00,30.03,977.19,42.45,21.57,82.8,146.79,176.26,1.48,,1.31,14.22,,29.74,23.8,2.83,14.97,1.25,24.66,5.31,23-Aug-2018 - 00:00,"Najafgarh, Delhi - DPCC"
23-Aug-2018 - 00:00,28.81,977.94,29.08,12.88,87.63,100.87,256.24,1.9,,1.65,5.71,,23.57,14.71,2.1,9.54,1.3,15.1,3.9,24-Aug-2018 - 00:00,"Najafgarh, Delhi - DPCC"
24-Aug-2018 - 00:00,30.32,977.18,34.4,7.73,78.64,137.72,273.0,1.88,,1.25,3.34,,19.99,14.38,1.89,9.19,1.38,15.36,3.62,25-Aug-2018 - 00:00,"Najafgarh, Delhi - DPCC"
25-Aug-2018 - 00:00,29.79,976.64,33.73,6.91,76.73,122.08,264.78,2.11,,1.59,1.85,,20.93,11.61,1.87,7.7,0.45,17.01,2.65,26-Aug-2018 - 00:00,"Najafgarh, Delhi - DPCC"
26-Aug-2018 - 00:00,30.4,976.25,58.1,13.12,74.18,209.15,270.46,1.89,,1.3,4.74,,19.76,15.36,1.94,9.75,0.8,19.75,2.57,27-Aug-2018 - 00:00,"Najafgarh, Delhi - DPCC"
27-Aug-2018 - 00:00,29.59,977.9,49.86,23.43,82.72,111.91,177.78,1.18,,1.4,15.41,,26.13,25.22,2.27,15.27,1.05,26.09,3.92,28-Aug-2018 - 00:00,"Najafgarh, Delhi - DPCC"
28-Aug-2018 - 00:00,27.59,979.09,27.94,16.52,90.62,88.22,139.7,1.6,,1.22,17.05,,19.46,24.44,3.14,15.57,1.28,18.13,3.13,29-Aug-2018 - 00:00,"Najafgarh, Delhi - DPCC"
29-Aug-2018 - 00:00,28.35,980.06,20.41,11.65,87.62,110.97,153.74,1.3,,0.99,8.18,,17.44,18.03,2.67,11.77,0.89,16.97,3.48,30-Aug-2018 - 00:00,"Najafgarh, Delhi - DPCC"
30-Aug-2018 - 00:00,30.6,977.88,49.77,19.17,81.55,174.17,254.74,1.19,,1.19,11.23,,13.47,19.07,3.3,12.83,1.15,20.6,4.73,31-Aug-2018 - 00:00,"Najafgarh, Delhi - DPCC"
31-Aug-2018 - 00:00,30.83,978.09,99.38,24.81,77.41,174.01,220.57,1.76,,1.26,9.23,,15.76,14.2,2.41,9.51,1.13,17.69,5.58,01-Sep-2018 - 00:00,"Najafgarh, Delhi - DPCC"
01-Sep-2018 - 00:00,28.37,980.18,57.25,17.5,86.78,58.79,196.03,0.99,,1.0,7.19,,18.34,17.86,2.58,11.61,1.21,12.6,5.45,02-Sep-2018 - 00:00,"Najafgarh, Delhi - DPCC"
02-Sep-2018 - 00:00,27.16,980.08,43.42,20.31,86.51,92.76,154.36,1.88,,1.42,12.99,,19.81,17.02,3.81,12.16,1.17,21.47,6.59,03-Sep-2018 - 00:00,"Najafgarh, Delhi - DPCC"
03-Sep-2018 - 00:00,27.73,980.25,57.35,36.48,87.86,101.8,151.59,0.98,,2.72,42.05,,21.0,33.21,3.56,20.57,1.44,22.96,5.39,04-Sep-2018 - 00:00,"Najafgarh, Delhi - DPCC"
04-Sep-2018 - 00:00,27.17,980.87,44.98,29.43,89.04,77.99,245.5,0.8,,1.65,15.29,,21.1,20.92,4.28,14.65,,24.53,6.7,05-Sep-2018 - 00:00,"Najafgarh, Delhi - DPCC"
05-Sep-2018 - 00:00,27.19,980.18,58.26,16.65,89.72,71.43,245.06,1.13,,0.93,4.15,,16.1,13.54,2.09,8.91,0.83,14.56,6.86,06-Sep-2018 - 00:00,"Najafgarh, Delhi - DPCC"
06-Sep-2018 - 00:00,28.99,979.52,77.37,16.01,80.55,208.41,256.67,1.82,,0.92,7.24,,15.36,13.7,2.56,9.38,0.9,40.85,5.14,07-Sep-2018 - 00:00,"Najafgarh, Delhi - DPCC"
07-Sep-2018 - 00:00,27.54,981.27,40.75,19.02,85.86,152.85,171.53,1.21,,1.1,22.65,,16.56,21.84,2.56,13.71,1.29,58.01,4.73,08-Sep-2018 - 00:00,"Najafgarh, Delhi - DPCC"
08-Sep-2018 - 00:00,27.87,981.55,45.94,19.79,84.68,110.84,78.12,1.64,,1.74,22.71,,15.31,28.19,4.01,18.25,1.37,46.42,3.58,09-Sep-2018 - 00:00,"Najafgarh, Delhi - DPCC"
09-Sep-2018 - 00:00,27.87,982.9,24.76,10.34,81.56,158.59,135.77,2.73,,0.73,5.41,,16.14,14.82,2.15,9.64,1.2,58.07,4.69,10-Sep-2018 - 00:00,"Najafgarh, Delhi - DPCC"
10-Sep-2018 - 00:00,28.12,984.64,49.64,23.74,83.8,100.86,164.67,1.33,,0.81,11.23,,16.95,19.62,2.34,12.35,1.26,58.98,4.38,11-Sep-2018 - 00:00,"Najafgarh, Delhi - DPCC"
11-Sep-2018 - 00:00,29.32,983.93,29.15,10.34,79.46,174.6,260.85,1.7,,0.7,2.32,,15.02,11.67,1.95,7.8,1.11,46.13,3.41,12-Sep-2018 - 00:00,"Najafgarh, Delhi - DPCC"
12-Sep-2018 - 00:00,29.45,981.24,53.29,11.45,76.68,172.82,265.02,2.36,,0.64,1.71,,14.65,11.47,1.84,7.6,1.06,56.12,2.95,13-Sep-2018 - 00:00,"Najafgarh, Delhi - DPCC"
13-Sep-2018 - 00:00,29.26,981.12,58.69,9.15,72.23,195.6,263.45,2.22,,0.55,1.38,,13.77,11.99,2.03,8.04,1.04,52.91,5.43,14-Sep-2018 - 00:00,"Najafgarh, Delhi - DPCC"
14-Sep-2018 - 00:00,28.4,983.47,70.43,17.34,75.09,189.91,278.8,1.73,,0.58,2.13,,14.36,17.29,4.76,13.09,1.08,47.55,4.89,15-Sep-2018 - 00:00,"Najafgarh, Delhi - DPCC"
15-Sep-2018 - 00:00,28.89,985.16,77.18,18.5,71.24,190.18,294.75,1.71,,0.72,2.99,,18.92,18.63,2.84,12.26,1.04,49.98,3.49,16-Sep-2018 - 00:00,"Najafgarh, Delhi - DPCC"
16-Sep-2018 - 00:00,29.08,983.81,95.95,28.61,72.43,193.37,278.49,1.91,,0.92,5.95,,21.73,22.16,3.99,15.04,1.12,46.24,4.73,17-Sep-2018 - 00:00,"Najafgarh, Delhi - DPCC"
17-Sep-2018 - 00:00,28.93,982.83,142.4,46.42,73.39,169.41,305.71,1.8,,1.2,5.54,,25.43,20.24,5.11,14.93,1.22,78.76,4.87,18-Sep-2018 - 00:00,"Najafgarh, Delhi - DPCC"
18-Sep-2018 - 00:00,29.07,982.94,138.71,40.04,69.61,188.18,258.51,1.52,,1.0,6.1,,23.5,19.21,2.88,12.58,1.14,81.83,6.74,19-Sep-2018 - 00:00,"Najafgarh, Delhi - DPCC"
19-Sep-2018 - 00:00,29.13,982.74,147.54,45.12,69.54,188.44,228.55,1.7,,1.33,11.26,,24.18,20.99,2.77,13.44,1.24,85.59,6.13,20-Sep-2018 - 00:00,"Najafgarh, Delhi - DPCC"
20-Sep-2018 - 00:00,29.48,983.05,152.31,56.77,68.05,163.59,129.06,1.11,,1.64,22.61,,25.67,23.54,2.96,14.93,1.37,80.99,6.56,21-Sep-2018 - 00:00,"Najafgarh, Delhi - DPCC"
21-Sep-2018 - 00:00,28.72,985.42,99.19,35.9,69.51,156.09,114.89,2.95,,1.3,11.91,,25.59,29.39,2.7,17.84,1.23,53.83,4.76,22-Sep-2018 - 00:00,"Najafgarh, Delhi - DPCC"
22-Sep-2018 - 00:00,25.61,985.68,26.73,15.64,86.81,53.6,86.78,2.48,,0.79,8.4,,20.57,22.14,2.97,14.19,1.0,41.43,3.98,23-Sep-2018 - 00:00,"Najafgarh, Delhi - DPCC"
23-Sep-2018 - 00:00,26.87,985.1,40.77,21.59,84.61,88.12,122.74,2.99,,0.7,5.02,,19.28,16.52,2.01,10.43,0.73,53.78,4.43,24-Sep-2018 - 00:00,"Najafgarh, Delhi - DPCC"
24-Sep-2018 - 00:00,24.93,983.5,16.22,8.52,90.85,47.18,241.03,2.78,,0.65,4.39,,17.09,13.24,2.13,8.78,1.18,42.33,1.71,25-Sep-2018 - 00:00,"Najafgarh, Delhi - DPCC"
25-Sep-2018 - 00:00,24.42,985.16,14.96,8.44,86.87,93.9,310.81,2.12,,0.69,4.79,,16.38,10.95,1.76,7.26,1.01,47.71,2.77,26-Sep-2018 - 00:00,"Najafgarh, Delhi - DPCC"
26-Sep-2018 - 00:00,26.73,984.81,42.4,19.38,80.59,194.38,262.94,1.26,,0.86,5.64,,17.47,14.14,1.99,9.14,1.1,45.93,4.11,27-Sep-2018 - 00:00,"Najafgarh, Delhi - DPCC"
27-Sep-2018 - 00:00,27.46,985.51,90.98,39.8,80.0,174.54,200.16,0.92,,1.6,22.38,,19.29,17.75,3.28,11.99,1.24,46.4,5.97,28-Sep-2018 - 00:00,"Najafgarh, Delhi - DPCC"
28-Sep-2018 - 00:00,27.96,986.21,120.78,47.97,74.79,189.9,183.9,1.13,,2.07,26.91,,20.81,17.21,4.3,12.66,1.5,38.42,6.9,29-Sep-2018 - 00:00,"Najafgarh, Delhi - DPCC"
29-Sep-2018 - 00:00,27.83,986.96,133.46,54.38,74.67,185.46,271.59,1.42,,1.77,21.68,,21.86,18.56,5.46,14.33,1.42,35.62,11.74,30-Sep-2018 - 00:00,"Najafgarh, Delhi - DPCC"
30-Sep-2018 - 00:00,27.46,986.44,111.93,47.57,75.08,183.57,289.33,1.66,,1.18,7.48,,22.51,14.22,2.52,9.61,1.26,36.89,5.93,01-Oct-2018 - 00:00,"Najafgarh, Delhi - DPCC"
01-Oct-2018 - 00:00,27.39,986.13,121.11,48.16,74.0,182.84,289.87,1.16,,1.1,5.8,,21.09,15.17,2.72,10.29,1.2,33.63,6.18,02-Oct-2018 - 00:00,"Najafgarh, Delhi - DPCC"
02-Oct-2018 - 00:00,27.82,986.75,123.65,41.5,70.17,184.0,243.92,1.29,,1.33,9.74,,23.08,13.99,3.02,9.9,1.2,27.35,3.6,03-Oct-2018 - 00:00,"Najafgarh, Delhi - DPCC"
03-Oct-2018 - 00:00,27.7,986.15,106.58,36.69,66.75,179.64,237.88,1.09,,0.93,8.72,,20.84,13.98,3.8,10.54,1.09,28.78,6.39,04-Oct-2018 - 00:00,"Najafgarh, Delhi - DPCC"
04-Oct-2018 - 00:00,27.7,987.59,191.67,70.12,68.35,142.14,190.72,1.26,,1.91,20.06,,24.16,17.19,2.37,11.17,1.34,28.18,6.97,05-Oct-2018 - 00:00,"Najafgarh, Delhi - DPCC"
05-Oct-2018 - 00:00,27.57,988.69,248.9,108.55,67.29,145.01,169.97,1.24,,3.24,48.35,,31.06,24.28,4.18,16.28,1.69,24.86,13.69,06-Oct-2018 - 00:00,"Najafgarh, Delhi - DPCC"
06-Oct-2018 - 00:00,25.62,988.5,152.89,64.36,68.84,159.75,291.39,1.4,,1.67,15.28,,31.05,17.5,3.39,12.08,1.36,12.04,5.94,07-Oct-2018 - 00:00,"Najafgarh, Delhi - DPCC"
07-Oct-2018 - 00:00,25.82,987.86,165.34,57.1,65.59,171.99,229.17,1.43,,1.51,10.09,,8.68,15.71,3.14,10.93,1.27,18.03,7.52,08-Oct-2018 - 00:00,"Najafgarh, Delhi - DPCC"
08-Oct-2018 - 00:00,26.86,986.2,237.17,94.19,63.07,159.14,162.22,0.98,,2.98,32.55,,9.83,28.11,5.7,19.97,1.7,7.38,9.84,09-Oct-2018 - 00:00,"Najafgarh, Delhi - DPCC"
09-Oct-2018 - 00:00,27.52,985.09,263.02,99.33,59.53,157.08,107.17,1.52,,3.02,31.33,,10.7,30.83,5.61,21.33,1.66,14.19,15.5,10-Oct-2018 - 00:00,"Najafgarh, Delhi - DPCC"
10-Oct-2018 - 00:00,27.71,985.76,219.66,82.12,67.42,146.65,122.8,2.04,,2.37,21.97,,12.28,21.0,3.27,13.83,1.57,10.56,6.97,11-Oct-2018 - 00:00,"Najafgarh, Delhi - DPCC"
11-Oct-2018 - 00:00,23.8,987.8,187.31,82.27,75.31,90.19,177.31,1.41,,2.02,21.62,,12.18,21.01,2.77,13.4,1.33,7.34,5.99,12-Oct-2018 - 00:00,"Najafgarh, Delhi - DPCC"
12-Oct-2018 - 00:00,24.1,989.76,158.58,59.91,60.28,154.16,152.27,1.26,,2.29,29.18,,9.06,19.91,5.43,15.02,1.26,5.56,8.48,13-Oct-2018 - 00:00,"Najafgarh, Delhi - DPCC"
13-Oct-2018 - 00:00,22.87,990.09,180.05,88.26,66.94,164.19,282.93,1.34,,2.18,20.44,,9.98,16.27,3.45,11.47,1.29,5.37,7.65,14-Oct-2018 - 00:00,"Najafgarh, Delhi - DPCC"
14-Oct-2018 - 00:00,23.21,989.22,164.15,74.77,63.28,166.97,254.54,1.48,,1.49,7.19,,8.86,15.57,2.31,10.18,1.25,5.29,5.99,15-Oct-2018 - 00:00,"Najafgarh, Delhi - DPCC"
15-Oct-2018 - 00:00,24.5,989.59,241.83,92.16,58.12,155.58,168.79,5.2,,2.81,26.09,,9.44,22.44,4.68,15.75,1.51,5.58,7.66,16-Oct-2018 - 00:00,"Najafgarh, Delhi - DPCC"
16-Oct-2018 - 00:00,25.24,989.12,294.17,106.3,62.15,121.59,135.73,7.39,,4.86,52.83,,12.28,30.82,15.21,28.62,2.02,4.69,8.55,17-Oct-2018 - 00:00,"Najafgarh, Delhi - DPCC"
17-Oct-2018 - 00:00,25.29,987.75,223.89,87.38,57.53,160.19,135.81,7.38,,2.8,23.97,,11.22,20.41,5.25,15.14,1.49,6.01,5.99,18-Oct-2018 - 00:00,"Najafgarh, Delhi - DPCC"
18-Oct-2018 - 00:00,25.47,987.15,255.32,92.97,56.57,137.15,135.71,7.4,,3.3,34.51,,12.51,21.91,9.86,19.7,1.68,5.28,7.3,19-Oct-2018 - 00:00,"Najafgarh, Delhi - DPCC"
19-Oct-2018 - 00:00,24.2,989.02,242.34,111.44,60.3,125.72,135.71,7.4,,2.71,18.24,,12.9,18.44,2.28,11.67,1.57,2.6,9.91,20-Oct-2018 - 00:00,"Najafgarh, Delhi - DPCC"
20-Oct-2018 - 00:00,24.3,991.3,279.5,154.88,55.99,137.53,135.71,7.4,,3.11,33.3,,12.2,18.23,2.41,11.73,1.53,4.01,17.83,21-Oct-2018 - 00:00,"Najafgarh, Delhi - DPCC"
21-Oct-2018 - 00:00,22.92,992.07,233.06,124.23,57.12,127.86,135.7,7.4,,2.83,25.32,,11.2,15.99,3.06,11.0,1.38,4.8,14.42,22-Oct-2018 - 00:00,"Najafgarh, Delhi - DPCC"
22-Oct-2018 - 00:00,21.85,991.02,193.38,87.81,59.6,149.34,135.73,7.4,,1.84,7.34,,10.46,15.44,3.06,10.7,1.34,6.05,6.59,23-Oct-2018 - 00:00,"Najafgarh, Delhi - DPCC"
23-Oct-2018 - 00:00,22.78,990.62,215.92,95.33,53.3,150.88,135.75,7.39,,2.84,25.71,,9.94,21.12,5.82,15.99,1.47,5.89,12.42,24-Oct-2018 - 00:00,"Najafgarh, Delhi - DPCC"
24-Oct-2018 - 00:00,23.32,990.42,322.16,134.02,57.48,135.51,135.81,7.37,,5.13,72.27,,12.34,30.48,8.45,23.1,1.94,5.56,11.61,25-Oct-2018 - 00:00,"Najafgarh, Delhi - DPCC"
25-Oct-2018 - 00:00,22.74,991.77,372.79,176.61,62.43,122.88,135.72,7.4,,7.6,85.52,,16.11,38.78,19.69,36.68,2.53,6.78,16.67,26-Oct-2018 - 00:00,"Najafgarh, Delhi - DPCC"
26-Oct-2018 - 00:00,21.87,993.82,369.18,201.38,65.71,104.5,135.75,7.4,,5.59,75.59,,16.74,26.7,16.51,27.66,2.28,7.84,14.01,27-Oct-2018 - 00:00,"Najafgarh, Delhi - DPCC"
27-Oct-2018 - 00:00,21.87,994.08,281.44,165.74,67.02,126.96,135.7,7.4,,3.42,40.73,,15.03,19.69,3.96,13.71,1.82,34.03,18.05,28-Oct-2018 - 00:00,"Najafgarh, Delhi - DPCC"
28-Oct-2018 - 00:00,21.88,993.7,288.98,178.02,67.36,147.84,135.69,7.4,,3.24,22.35,,14.78,17.09,3.23,11.72,1.79,72.99,9.2,29-Oct-2018 - 00:00,"Najafgarh, Delhi - DPCC"
29-Oct-2018 - 00:00,21.85,992.94,297.92,182.73,68.17,142.75,135.73,7.4,,3.02,13.07,,14.53,18.31,5.04,13.85,1.78,65.27,7.48,30-Oct-2018 - 00:00,"Najafgarh, Delhi - DPCC"
30-Oct-2018 - 00:00,22.25,992.7,333.54,200.46,67.94,136.28,114.32,4.58,,3.74,28.31,,27.1,36.25,10.2,27.59,1.69,49.37,10.77,31-Oct-2018 - 00:00,"Najafgarh, Delhi - DPCC"
31-Oct-2018 - 00:00,22.2,992.93,346.06,210.65,69.04,128.72,187.25,0.86,,5.36,52.96,,50.95,47.04,30.36,49.76,1.92,44.97,14.93,01-Nov-2018 - 00:00,"Najafgarh, Delhi - DPCC"
01-Nov-2018 - 00:00,22.52,991.74,372.44,213.81,68.38,119.44,141.2,1.09,,5.5,52.5,,55.79,50.44,14.22,38.42,1.96,37.43,12.52,02-Nov-2018 - 00:00,"Najafgarh, Delhi - DPCC"
02-Nov-2018 - 00:00,23.67,990.02,322.1,180.98,62.7,123.7,135.85,1.38,,4.98,49.22,,52.56,49.55,22.78,44.91,1.75,42.17,19.74,03-Nov-2018 - 00:00,"Najafgarh, Delhi - DPCC"
03-Nov-2018 - 00:00,23.82,988.8,268.29,150.33,62.33,94.67,122.45,2.05,,3.03,21.76,,49.47,37.43,6.87,25.51,1.23,89.93,12.12,04-Nov-2018 - 00:00,"Najafgarh, Delhi - DPCC"
04-Nov-2018 - 00:00,21.98,990.81,177.08,112.97,60.6,126.76,240.71,1.77,,1.93,9.84,,37.19,16.38,3.62,11.68,0.9,100.06,10.23,05-Nov-2018 - 00:00,"Najafgarh, Delhi - DPCC"
05-Nov-2018 - 00:00,17.95,991.5,329.25,257.8,72.68,104.72,293.67,1.55,,3.05,9.88,,43.37,16.16,4.43,12.2,1.27,60.5,9.51,06-Nov-2018 - 00:00,"Najafgarh, Delhi - DPCC"
06-Nov-2018 - 00:00,17.92,991.8,245.76,158.86,57.77,123.77,314.94,1.81,,1.99,6.41,,30.23,10.57,4.5,9.17,0.89,67.74,8.46,07-Nov-2018 - 00:00,"Najafgarh, Delhi - DPCC"
07-Nov-2018 - 00:00,16.72,992.36,208.07,106.02,58.21,149.14,267.9,1.2,,1.76,6.23,,28.65,10.06,3.76,8.42,1.04,62.79,9.76,08-Nov-2018 - 00:00,"Najafgarh, Delhi - DPCC"
08-Nov-2018 - 00:00,16.59,992.42,321.33,223.9,67.33,105.32,157.1,0.85,,2.93,13.98,,38.77,18.87,5.44,14.48,0.79,48.81,12.96,09-Nov-2018 - 00:00,"Najafgarh, Delhi - DPCC"
09-Nov-2018 - 00:00,17.77,990.76,308.99,228.03,72.44,119.93,236.97,0.79,,3.15,14.34,,47.46,11.79,5.58,10.82,1.44,58.93,10.31,10-Nov-2018 - 00:00,"Najafgarh, Delhi - DPCC"
10-Nov-2018 - 00:00,18.7,991.52,372.66,255.71,72.75,105.09,165.25,0.91,,4.1,33.06,,55.03,26.66,9.07,21.58,1.84,67.98,11.49,11-Nov-2018 - 00:00,"Najafgarh, Delhi - DPCC"
11-Nov-2018 - 00:00,20.25,991.82,340.43,213.26,65.61,133.88,123.99,1.06,,4.91,41.52,,49.64,30.19,16.76,29.55,2.22,0.9,10.9,12-Nov-2018 - 00:00,"Najafgarh, Delhi - DPCC"
12-Nov-2018 - 00:00,20.75,989.81,391.6,226.35,68.0,131.5,116.63,0.93,,6.23,59.91,,54.78,32.99,28.36,40.67,1.86,,11.03,13-Nov-2018 - 00:00,"Najafgarh, Delhi - DPCC"
13-Nov-2018 - 00:00,21.5,987.58,378.15,224.94,70.35,84.26,119.8,1.32,,5.38,56.34,,65.26,38.33,21.27,37.73,2.34,17.42,12.19,14-Nov-2018 - 00:00,"Najafgarh, Delhi - DPCC"
14-Nov-2018 - 00:00,20.4,988.16,183.04,116.77,79.38,13.31,145.7,2.09,,2.52,26.3,,62.44,32.37,6.2,22.28,1.59,13.02,6.88,15-Nov-2018 - 00:00,"Najafgarh, Delhi - DPCC"
15-Nov-2018 - 00:00,20.08,992.01,157.35,103.58,77.06,109.85,223.59,1.41,,2.36,17.46,,51.55,21.78,8.95,18.89,0.94,31.28,10.33,16-Nov-2018 - 00:00,"Najafgarh, Delhi - DPCC"
16-Nov-2018 - 00:00,17.81,991.28,200.15,150.06,70.97,142.24,302.3,2.01,,1.87,5.83,,45.19,8.59,5.32,8.91,3.32,65.03,8.65,17-Nov-2018 - 00:00,"Najafgarh, Delhi - DPCC"
17-Nov-2018 - 00:00,17.42,989.63,184.0,120.6,71.57,134.67,283.75,1.44,,1.72,5.18,,39.32,8.51,5.98,9.4,2.64,72.98,7.8,18-Nov-2018 - 00:00,"Najafgarh, Delhi - DPCC"
18-Nov-2018 - 00:00,19.04,990.41,253.1,142.27,67.49,125.51,174.8,1.48,,2.64,29.97,,45.87,17.57,13.37,20.24,1.3,93.22,11.75,19-Nov-2018 - 00:00,"Najafgarh, Delhi - DPCC"
19-Nov-2018 - 00:00,21.25,992.53,276.94,146.98,60.25,95.11,136.62,2.33,,2.41,15.02,,48.61,14.03,5.6,12.04,1.17,102.03,10.76,20-Nov-2018 - 00:00,"Najafgarh, Delhi - DPCC"
20-Nov-2018 - 00:00,19.88,993.18,346.31,236.04,74.07,112.66,227.51,1.21,,3.66,21.18,,64.74,16.16,10.5,17.16,1.4,53.89,12.33,21-Nov-2018 - 00:00,"Najafgarh, Delhi - DPCC"
21-Nov-2018 - 00:00,18.26,993.55,238.17,162.54,68.04,125.2,273.28,1.33,,2.34,8.43,,51.09,9.56,6.4,10.31,1.22,51.25,9.38,22-Nov-2018 - 00:00,"Najafgarh, Delhi - DPCC"
22-Nov-2018 - 00:00,17.97,994.2,187.75,116.11,66.27,113.87,230.42,0.83,,2.3,14.55,,44.95,12.04,13.09,17.07,0.92,42.89,10.78,23-Nov-2018 - 00:00,"Najafgarh, Delhi - DPCC"
23-Nov-2018 - 00:00,17.73,995.74,214.3,145.4,65.43,125.46,310.13,1.72,,2.39,10.76,,48.81,7.89,10.52,12.78,1.08,55.68,7.17,24-Nov-2018 - 00:00,"Najafgarh, Delhi - DPCC"
24-Nov-2018 - 00:00,17.32,994.12,175.83,99.85,63.36,141.22,295.96,2.12,,1.74,4.85,,37.12,5.43,5.5,7.3,2.58,51.94,7.61,25-Nov-2018 - 00:00,"Najafgarh, Delhi - DPCC"
25-Nov-2018 - 00:00,16.79,993.74,194.15,102.23,69.73,130.21,269.41,1.07,,1.92,7.35,,41.45,8.0,11.41,13.55,3.31,48.05,9.13,26-Nov-2018 - 00:00,"Najafgarh, Delhi - DPCC"
26-Nov-2018 - 00:00,16.94,992.91,227.71,145.94,74.42,124.06,229.06,0.92,,2.46,11.59,,49.34,8.1,11.22,13.45,2.24,52.33,10.69,27-Nov-2018 - 00:00,"Najafgarh, Delhi - DPCC"
27-Nov-2018 - 00:00,17.75,994.46,273.01,152.65,73.33,111.11,201.45,1.17,,2.94,30.02,,49.56,12.66,15.92,19.72,1.4,35.85,10.97,28-Nov-2018 - 00:00,"Najafgarh, Delhi - DPCC"
28-Nov-2018 - 00:00,18.42,995.38,264.75,149.26,77.94,98.97,178.48,0.85,,3.7,27.32,,53.63,10.8,15.62,18.48,2.65,43.49,10.13,29-Nov-2018 - 00:00,"Najafgarh, Delhi - DPCC"
29-Nov-2018 - 00:00,17.42,995.75,228.3,158.49,78.67,104.62,281.84,1.2,,2.71,12.27,,52.74,7.98,10.68,12.78,1.44,44.34,8.05,30-Nov-2018 - 00:00,"Najafgarh, Delhi - DPCC"
30-Nov-2018 - 00:00,16.73,995.19,239.64,161.29,75.26,115.05,288.14,1.26,,3.39,8.67,,50.87,33.67,10.41,26.75,1.43,49.77,9.12,01-Dec-2018 - 00:00,"Najafgarh, Delhi - DPCC"
01-Dec-2018 - 00:00,16.01,992.49,192.62,117.17,72.61,125.67,247.77,1.24,,2.2,8.36,,37.75,51.99,20.64,44.49,0.91,42.83,5.77,02-Dec-2018 - 00:00,"Najafgarh, Delhi - DPCC"
02-Dec-2018 - 00:00,15.63,991.63,189.19,108.83,68.44,118.92,191.57,0.92,,2.12,23.65,,33.5,53.06,24.56,48.24,0.89,45.38,12.26,03-Dec-2018 - 00:00,"Najafgarh, Delhi - DPCC"
03-Dec-2018 - 00:00,15.15,992.7,218.54,135.77,72.41,116.64,236.19,0.94,,2.48,17.99,,37.6,42.4,31.86,48.6,1.05,48.6,8.78,04-Dec-2018 - 00:00,"Najafgarh, Delhi - DPCC"
04-Dec-2018 - 00:00,14.91,994.41,224.06,145.44,74.97,112.92,253.09,0.88,,2.51,18.01,,40.45,55.77,24.32,49.46,1.16,46.37,9.28,05-Dec-2018 - 00:00,"Najafgarh, Delhi - DPCC"
05-Dec-2018 - 00:00,14.89,991.97,238.62,141.42,76.94,107.67,245.37,0.87,,2.6,14.37,,40.4,89.38,33.3,74.65,0.73,38.71,9.76,06-Dec-2018 - 00:00,"Najafgarh, Delhi - DPCC"
06-Dec-2018 - 00:00,15.02,991.29,244.8,158.53,76.39,102.6,237.78,0.88,,2.9,22.34,,38.74,59.57,25.22,52.23,1.2,44.79,11.2,07-Dec-2018 - 00:00,"Najafgarh, Delhi - DPCC"
07-Dec-2018 - 00:00,14.34,992.12,251.12,170.58,78.54,103.71,236.07,1.09,,2.73,12.06,,38.48,45.44,21.52,41.72,1.17,43.54,10.86,08-Dec-2018 - 00:00,"Najafgarh, Delhi - DPCC"
08-Dec-2018 - 00:00,14.02,993.05,250.77,166.66,78.65,106.53,174.98,0.94,,3.48,20.93,,36.51,60.63,27.71,54.83,1.48,42.04,9.09,09-Dec-2018 - 00:00,"Najafgarh, Delhi - DPCC"
09-Dec-2018 - 00:00,14.46,991.93,286.39,184.34,73.1,108.31,164.69,0.89,,5.52,52.31,,35.46,53.52,39.6,60.76,2.06,44.66,13.07,10-Dec-2018 - 00:00,"Najafgarh, Delhi - DPCC"
10-Dec-2018 - 00:00,15.21,991.37,378.5,241.8,75.32,87.97,123.22,1.32,,5.09,41.43,,42.86,54.61,62.31,79.82,2.31,41.29,12.94,11-Dec-2018 - 00:00,"Najafgarh, Delhi - DPCC"
11-Dec-2018 - 00:00,15.17,992.42,368.3,247.99,78.21,73.17,114.5,1.07,,4.77,37.13,,44.39,51.06,45.65,64.37,1.93,38.28,8.87,12-Dec-2018 - 00:00,"Najafgarh, Delhi - DPCC"
12-Dec-2018 - 00:00,16.23,993.86,270.32,194.19,77.24,81.35,129.19,1.81,,3.81,35.29,,40.18,39.8,36.59,50.99,1.56,36.29,8.78,13-Dec-2018 - 00:00,"Najafgarh, Delhi - DPCC"
13-Dec-2018 - 00:00,13.88,997.08,130.16,95.17,83.04,94.22,257.75,1.35,,1.67,10.26,,31.2,31.46,12.82,27.19,1.16,33.53,9.6,14-Dec-2018 - 00:00,"Najafgarh, Delhi - DPCC"
14-Dec-2018 - 00:00,12.37,999.16,124.33,97.85,82.78,98.75,292.25,1.3,,1.75,5.89,,28.41,27.43,13.72,25.78,0.71,30.58,7.68,15-Dec-2018 - 00:00,"Najafgarh, Delhi - DPCC"
15-Dec-2018 - 00:00,12.18,998.63,140.6,106.19,78.38,114.69,277.68,1.42,,1.63,5.58,,26.86,25.95,11.59,23.25,0.77,35.46,6.88,16-Dec-2018 - 00:00,"Najafgarh, Delhi - DPCC"
16-Dec-2018 - 00:00,12.12,998.83,156.58,115.53,73.21,123.58,272.49,1.31,,1.58,4.89,,26.78,26.07,11.25,23.04,0.6,37.63,,17-Dec-2018 - 00:00,"Najafgarh, Delhi - DPCC"
17-Dec-2018 - 00:00,11.32,997.39,198.16,154.21,74.88,102.85,296.95,1.26,,2.18,7.21,,31.18,28.85,14.3,26.99,0.96,38.56,9.22,18-Dec-2018 - 00:00,"Najafgarh, Delhi - DPCC"
18-Dec-2018 - 00:00,10.83,995.67,216.48,170.14,75.06,116.07,295.05,1.38,,2.29,5.91,,29.66,28.91,14.28,27.0,0.76,46.41,13.99,19-Dec-2018 - 00:00,"Najafgarh, Delhi - DPCC"
19-Dec-2018 - 00:00,11.06,994.78,226.11,148.65,76.12,116.89,245.68,1.15,,2.23,5.91,,34.44,43.83,11.93,33.0,1.04,30.19,9.24,20-Dec-2018 - 00:00,"Najafgarh, Delhi - DPCC"
20-Dec-2018 - 00:00,10.45,995.03,245.44,163.62,76.07,116.33,225.07,1.01,,2.61,17.19,,43.05,59.26,20.34,47.31,0.97,33.31,7.1,21-Dec-2018 - 00:00,"Najafgarh, Delhi - DPCC"
21-Dec-2018 - 00:00,9.97,993.94,250.6,179.0,78.98,109.57,271.75,1.24,,3.29,10.16,,47.29,58.92,20.3,47.05,1.07,33.12,4.42,22-Dec-2018 - 00:00,"Najafgarh, Delhi - DPCC"
22-Dec-2018 - 00:00,9.96,994.3,245.27,187.96,76.61,109.25,178.84,0.93,,3.02,16.28,,44.09,64.68,19.71,49.53,1.16,46.16,7.03,23-Dec-2018 - 00:00,"Najafgarh, Delhi - DPCC"
23-Dec-2018 - 00:00,11.39,994.95,385.35,280.69,79.0,96.8,129.54,1.21,,5.05,34.69,,51.47,82.43,47.02,81.29,2.01,45.16,6.46,24-Dec-2018 - 00:00,"Najafgarh, Delhi - DPCC"
24-Dec-2018 - 00:00,10.44,994.24,360.33,288.24,81.1,87.99,206.35,0.99,,5.17,40.93,,46.97,66.04,52.26,73.06,2.33,39.04,9.1,25-Dec-2018 - 00:00,"Najafgarh, Delhi - DPCC"
25-Dec-2018 - 00:00,9.25,993.74,271.9,205.91,84.43,85.74,293.62,1.38,,3.28,9.09,,40.02,52.52,9.88,34.68,1.24,40.0,6.17,26-Dec-2018 - 00:00,"Najafgarh, Delhi - DPCC"
26-Dec-2018 - 00:00,9.21,992.13,187.99,141.7,76.77,108.95,238.49,1.07,,2.52,8.44,,29.2,54.29,10.3,36.23,0.41,41.67,6.31,27-Dec-2018 - 00:00,"Najafgarh, Delhi - DPCC"
27-Dec-2018 - 00:00,10.23,993.35,315.71,219.77,74.56,103.91,232.53,1.18,,4.34,28.74,,32.4,63.06,61.2,78.97,0.0,38.9,9.1,28-Dec-2018 - 00:00,"Najafgarh, Delhi - DPCC"
28-Dec-2018 - 00:00,8.85,993.91,283.85,204.99,79.64,95.53,291.04,1.51,,2.59,5.82,,34.01,50.14,4.11,29.47,0.0,41.3,8.47,29-Dec-2018 - 00:00,"Najafgarh, Delhi - DPCC"
29-Dec-2018 - 00:00,9.1,995.9,220.25,150.32,75.61,118.46,259.9,1.29,,3.33,8.4,,26.8,52.48,8.83,34.93,0.52,42.98,11.23,30-Dec-2018 - 00:00,"Najafgarh, Delhi - DPCC"
30-Dec-2018 - 00:00,10.16,997.93,243.88,165.34,73.3,115.56,210.41,0.78,,3.05,18.33,,25.95,59.05,21.45,48.88,1.12,39.32,9.61,31-Dec-2018 - 00:00,"Najafgarh, Delhi - DPCC"
31-Dec-2018 - 00:00,5.25,998.25,302.0,228.0,91.85,3.5,188.35,0.75,,4.5,20.2,,28.3,51.0,18.75,42.4,1.7,1.25,5.05,01-Jan-2019 - 00:00,"Najafgarh, Delhi - DPCC"
