from date,Benzene,Eth-Benzene,MP-Xylene,O Xylene,BP,PM10,PM2.5,RF,RH,SR,Temp,Toluene,WD,WS,CO,NH3,NO,NO2,NOx,Ozone,SO2,to date,station
01-Jan-2018 - 00:00,3.13,0.53,1.83,0.9,743.54,173.1,102.22,0.0,40.18,232.86,16.73,0.43,76.11,1.06,1.06,51.49,9.45,38.29,16.17,89.46,14.25,02-Jan-2018 - 00:00,"Shastri Nagar, Jaipur - RSPCB"
02-Jan-2018 - 00:00,3.48,0.81,2.64,1.21,752.9,189.68,112.64,0.0,43.59,207.54,16.53,0.41,75.86,0.74,1.9,55.88,31.04,27.35,0.0,65.56,17.58,03-Jan-2018 - 00:00,"Shastri Nagar, Jaipur - RSPCB"
03-Jan-2018 - 00:00,6.39,2.45,7.34,3.4,753.48,237.59,125.69,0.0,42.68,206.27,16.26,0.89,75.52,0.55,1.17,86.38,83.86,31.76,0.0,48.46,18.37,04-Jan-2018 - 00:00,"Shastri Nagar, Jaipur - RSPCB"
04-Jan-2018 - 00:00,4.46,1.29,4.61,2.18,753.23,183.87,84.84,0.0,36.5,211.88,17.06,0.6,79.96,0.91,0.0,67.84,33.63,38.17,0.0,43.01,10.7,05-Jan-2018 - 00:00,"Shastri Nagar, Jaipur - RSPCB"
05-Jan-2018 - 00:00,7.89,7.76,13.51,9.07,752.59,161.62,89.26,0.0,35.99,218.85,17.4,9.73,80.08,0.7,0.0,54.13,22.58,35.59,0.0,69.48,12.48,06-Jan-2018 - 00:00,"Shastri Nagar, Jaipur - RSPCB"
06-Jan-2018 - 00:00,10.74,3.72,12.82,5.77,752.29,182.72,91.22,0.0,40.16,232.61,18.69,15.54,79.85,0.94,0.01,59.33,32.47,33.92,0.0,78.46,14.46,07-Jan-2018 - 00:00,"Shastri Nagar, Jaipur - RSPCB"
07-Jan-2018 - 00:00,7.88,2.87,8.48,3.92,753.33,140.19,68.75,0.0,34.19,121.93,16.75,13.67,74.12,0.77,0.0,41.96,15.38,24.21,31.88,69.38,18.66,08-Jan-2018 - 00:00,"Shastri Nagar, Jaipur - RSPCB"
08-Jan-2018 - 00:00,13.4,8.2,24.48,11.07,754.98,178.53,78.72,0.0,26.28,241.95,18.21,24.71,78.18,0.71,0.0,68.89,49.25,29.64,82.26,67.84,27.64,09-Jan-2018 - 00:00,"Shastri Nagar, Jaipur - RSPCB"
09-Jan-2018 - 00:00,6.55,1.86,6.07,2.76,756.24,197.69,104.1,0.0,33.63,222.35,17.71,8.89,79.88,0.69,0.0,75.34,76.88,27.62,64.61,71.74,18.55,10-Jan-2018 - 00:00,"Shastri Nagar, Jaipur - RSPCB"
10-Jan-2018 - 00:00,2.98,0.93,3.06,1.39,756.23,161.27,92.82,0.0,27.85,207.21,17.97,4.71,76.62,0.83,0.0,62.06,25.48,28.15,53.85,54.6,22.91,11-Jan-2018 - 00:00,"Shastri Nagar, Jaipur - RSPCB"
11-Jan-2018 - 00:00,2.83,0.65,2.11,0.97,755.35,151.68,78.25,0.0,24.72,210.81,18.37,3.34,77.22,1.03,0.0,55.19,21.46,35.77,57.48,56.33,41.97,12-Jan-2018 - 00:00,"Shastri Nagar, Jaipur - RSPCB"
12-Jan-2018 - 00:00,3.83,2.04,6.12,2.79,754.13,204.69,110.52,0.0,27.09,200.56,18.95,6.38,80.68,0.96,0.0,91.95,87.61,21.81,84.73,58.47,39.98,13-Jan-2018 - 00:00,"Shastri Nagar, Jaipur - RSPCB"
13-Jan-2018 - 00:00,3.83,1.85,5.7,2.62,754.29,190.49,100.46,0.0,29.44,218.29,20.46,6.77,77.02,0.83,,84.01,47.99,28.36,69.07,37.86,22.89,14-Jan-2018 - 00:00,"Shastri Nagar, Jaipur - RSPCB"
14-Jan-2018 - 00:00,3.12,0.77,2.83,1.26,754.3,160.61,93.3,0.0,33.65,211.0,20.1,3.75,80.95,0.82,,67.52,25.38,26.16,50.84,54.43,16.16,15-Jan-2018 - 00:00,"Shastri Nagar, Jaipur - RSPCB"
15-Jan-2018 - 00:00,2.93,0.91,3.24,1.44,754.68,133.49,72.76,0.0,25.8,212.09,19.3,4.53,75.83,0.96,,73.12,24.93,23.12,46.1,42.9,19.27,16-Jan-2018 - 00:00,"Shastri Nagar, Jaipur - RSPCB"
16-Jan-2018 - 00:00,3.19,1.16,3.98,1.81,757.12,150.95,74.63,0.0,16.23,203.68,20.31,4.81,70.8,0.88,0.0,83.94,41.04,21.17,57.36,64.61,14.61,17-Jan-2018 - 00:00,"Shastri Nagar, Jaipur - RSPCB"
17-Jan-2018 - 00:00,2.42,4.06,4.78,4.28,762.43,86.39,47.0,0.0,24.92,218.99,21.49,2.0,76.93,1.31,0.0,41.72,5.82,22.63,28.45,82.82,9.28,18-Jan-2018 - 00:00,"Shastri Nagar, Jaipur - RSPCB"
18-Jan-2018 - 00:00,2.74,0.79,2.69,1.22,763.55,132.93,80.88,0.0,33.46,219.24,21.74,2.47,76.63,0.76,0.0,64.27,27.51,23.56,36.06,64.47,16.06,19-Jan-2018 - 00:00,"Shastri Nagar, Jaipur - RSPCB"
19-Jan-2018 - 00:00,2.47,0.59,2.04,0.92,764.2,150.77,104.44,0.0,40.36,205.09,20.81,2.14,70.76,1.01,0.0,56.62,17.21,21.09,37.36,67.51,14.41,20-Jan-2018 - 00:00,"Shastri Nagar, Jaipur - RSPCB"
20-Jan-2018 - 00:00,2.2,0.36,0.92,0.43,763.98,154.01,108.55,0.0,34.55,200.91,18.93,1.45,71.18,1.01,0.0,40.56,4.97,25.78,30.75,85.4,17.18,21-Jan-2018 - 00:00,"Shastri Nagar, Jaipur - RSPCB"
21-Jan-2018 - 00:00,3.44,0.99,3.55,1.6,762.96,139.01,95.97,0.0,31.18,213.27,18.97,3.16,68.22,0.69,0.0,59.07,26.04,34.32,58.99,64.3,14.43,22-Jan-2018 - 00:00,"Shastri Nagar, Jaipur - RSPCB"
22-Jan-2018 - 00:00,1.63,0.29,0.88,0.37,761.38,178.84,65.8,0.0,37.37,234.75,20.42,1.07,73.55,1.4,0.0,40.07,4.73,25.47,30.2,104.91,8.16,23-Jan-2018 - 00:00,"Shastri Nagar, Jaipur - RSPCB"
23-Jan-2018 - 00:00,2.3,3.51,4.67,3.84,759.73,132.99,65.5,0.02,40.53,224.47,19.42,6.22,80.14,1.45,0.0,30.21,4.62,29.43,33.96,83.36,9.91,24-Jan-2018 - 00:00,"Shastri Nagar, Jaipur - RSPCB"
24-Jan-2018 - 00:00,1.48,0.23,0.53,0.31,762.29,147.27,94.0,0.0,59.17,215.51,15.46,12.43,73.54,1.5,0.0,34.09,4.53,39.91,44.42,73.17,13.09,25-Jan-2018 - 00:00,"Shastri Nagar, Jaipur - RSPCB"
25-Jan-2018 - 00:00,3.92,1.88,5.56,2.55,762.01,150.25,148.49,0.0,48.36,207.21,16.83,4.1,72.46,0.73,0.0,61.74,59.0,35.14,77.78,50.54,13.29,26-Jan-2018 - 00:00,"Shastri Nagar, Jaipur - RSPCB"
26-Jan-2018 - 00:00,3.49,1.24,4.44,2.0,762.2,157.53,102.14,0.0,34.66,208.49,18.89,3.28,74.18,0.84,0.0,62.1,38.76,28.26,53.0,49.83,9.96,27-Jan-2018 - 00:00,"Shastri Nagar, Jaipur - RSPCB"
27-Jan-2018 - 00:00,3.13,1.19,3.81,1.69,762.11,152.73,68.05,0.0,37.92,204.98,19.32,2.82,75.97,0.84,0.03,64.77,45.52,21.2,45.56,67.82,10.63,28-Jan-2018 - 00:00,"Shastri Nagar, Jaipur - RSPCB"
28-Jan-2018 - 00:00,3.15,0.89,3.15,1.41,762.96,152.32,72.86,0.0,35.85,216.33,19.81,2.68,76.44,0.79,1.64,56.68,21.8,20.98,41.76,71.96,12.52,29-Jan-2018 - 00:00,"Shastri Nagar, Jaipur - RSPCB"
29-Jan-2018 - 00:00,1.78,1.01,1.72,0.77,764.24,127.83,60.18,0.0,32.57,226.37,20.95,1.58,75.48,0.89,1.54,53.34,19.77,18.87,36.04,95.88,15.02,30-Jan-2018 - 00:00,"Shastri Nagar, Jaipur - RSPCB"
30-Jan-2018 - 00:00,4.71,3.21,9.38,4.29,764.5,243.03,112.21,0.0,27.33,244.82,22.59,6.01,79.99,1.04,1.75,104.17,81.29,38.13,108.57,50.15,28.27,31-Jan-2018 - 00:00,"Shastri Nagar, Jaipur - RSPCB"
31-Jan-2018 - 00:00,0.92,0.25,0.66,0.31,763.75,149.31,64.47,0.0,28.94,241.79,22.45,0.79,76.88,1.85,0.65,17.27,7.44,40.87,48.33,72.15,12.4,01-Feb-2018 - 00:00,"Shastri Nagar, Jaipur - RSPCB"
01-Feb-2018 - 00:00,1.55,0.55,2.32,1.02,764.21,142.69,55.39,0.0,24.93,294.79,24.34,1.84,73.22,0.77,0.71,36.81,21.64,16.71,31.2,57.4,11.95,02-Feb-2018 - 00:00,"Shastri Nagar, Jaipur - RSPCB"
02-Feb-2018 - 00:00,1.49,0.66,2.27,0.99,761.72,160.75,66.56,0.0,29.03,281.25,24.23,1.99,75.97,1.17,0.88,47.25,5.34,19.26,24.35,77.47,15.91,03-Feb-2018 - 00:00,"Shastri Nagar, Jaipur - RSPCB"
03-Feb-2018 - 00:00,0.81,0.14,0.46,0.19,763.41,117.46,47.0,0.0,32.3,211.68,19.98,1.0,65.08,1.31,0.69,29.66,4.37,24.99,29.35,90.96,27.73,04-Feb-2018 - 00:00,"Shastri Nagar, Jaipur - RSPCB"
04-Feb-2018 - 00:00,1.08,0.2,0.78,0.33,764.14,105.11,44.57,0.0,26.1,218.99,19.27,1.4,58.0,1.33,0.81,18.65,6.28,30.86,37.15,98.76,21.38,05-Feb-2018 - 00:00,"Shastri Nagar, Jaipur - RSPCB"
05-Feb-2018 - 00:00,1.85,0.26,1.29,0.54,765.4,127.53,239.5,0.0,27.38,201.61,19.31,2.23,66.5,0.83,1.01,21.61,13.49,53.05,66.54,77.21,16.3,06-Feb-2018 - 00:00,"Shastri Nagar, Jaipur - RSPCB"
06-Feb-2018 - 00:00,1.15,0.18,0.85,0.34,765.36,93.45,738.84,0.0,21.0,190.36,20.0,1.69,57.24,0.94,0.82,,,,,75.09,24.86,07-Feb-2018 - 00:00,"Shastri Nagar, Jaipur - RSPCB"
07-Feb-2018 - 00:00,1.95,0.85,2.59,1.21,763.44,108.8,259.32,0.0,20.7,219.55,19.33,3.73,61.17,0.87,1.3,20.47,1.49,33.89,35.3,66.8,20.37,08-Feb-2018 - 00:00,"Shastri Nagar, Jaipur - RSPCB"
08-Feb-2018 - 00:00,1.62,0.42,1.59,0.67,762.3,118.82,40.73,0.0,23.95,203.36,19.64,3.64,62.17,0.91,0.99,,22.91,80.57,103.48,76.7,13.01,09-Feb-2018 - 00:00,"Shastri Nagar, Jaipur - RSPCB"
09-Feb-2018 - 00:00,2.04,0.52,2.09,0.95,762.6,120.04,52.71,0.0,23.01,210.66,20.01,4.13,61.49,0.81,1.32,,,,,58.84,11.94,10-Feb-2018 - 00:00,"Shastri Nagar, Jaipur - RSPCB"
10-Feb-2018 - 00:00,1.24,0.13,0.57,0.23,763.57,103.33,108.54,0.0,24.31,210.99,20.99,2.44,62.75,1.48,0.69,,,,,107.26,10.78,11-Feb-2018 - 00:00,"Shastri Nagar, Jaipur - RSPCB"
11-Feb-2018 - 00:00,1.01,0.09,0.35,0.15,762.93,138.59,83.04,0.0,35.21,207.54,19.81,2.76,67.06,2.47,0.7,,,,,108.56,13.32,12-Feb-2018 - 00:00,"Shastri Nagar, Jaipur - RSPCB"
12-Feb-2018 - 00:00,0.86,0.21,0.73,0.31,764.25,75.22,73.26,0.0,50.52,235.99,19.85,3.23,71.0,1.5,0.93,33.09,3.16,69.6,72.68,66.84,10.55,13-Feb-2018 - 00:00,"Shastri Nagar, Jaipur - RSPCB"
13-Feb-2018 - 00:00,0.89,0.31,0.84,0.36,768.29,112.06,56.18,0.0,53.55,222.38,19.27,6.64,65.88,1.16,0.84,40.49,5.56,47.08,52.55,70.0,10.51,14-Feb-2018 - 00:00,"Shastri Nagar, Jaipur - RSPCB"
14-Feb-2018 - 00:00,0.61,0.25,0.73,0.32,768.8,85.85,187.04,0.0,33.45,225.58,19.62,5.95,65.61,1.4,1.34,12.06,9.8,58.12,67.92,74.96,10.68,15-Feb-2018 - 00:00,"Shastri Nagar, Jaipur - RSPCB"
15-Feb-2018 - 00:00,0.99,0.41,1.31,0.6,767.52,103.91,33.47,0.0,38.57,230.6,20.23,11.74,72.59,1.24,1.23,17.31,21.52,88.29,109.42,56.1,16.55,16-Feb-2018 - 00:00,"Shastri Nagar, Jaipur - RSPCB"
16-Feb-2018 - 00:00,0.79,0.71,2.3,1.15,766.15,136.79,53.67,0.0,33.65,229.5,22.48,31.35,76.17,0.99,1.74,37.66,62.8,91.61,154.41,50.61,14.06,17-Feb-2018 - 00:00,"Shastri Nagar, Jaipur - RSPCB"
17-Feb-2018 - 00:00,0.96,1.19,3.64,1.84,762.48,184.75,142.05,0.0,31.44,218.0,23.27,49.12,76.27,1.03,1.79,41.95,71.27,87.87,159.13,46.57,22.6,18-Feb-2018 - 00:00,"Shastri Nagar, Jaipur - RSPCB"
18-Feb-2018 - 00:00,0.75,0.76,2.5,1.31,761.64,173.43,139.39,0.0,31.37,222.86,22.81,43.41,73.37,0.89,1.09,49.47,35.2,88.98,124.18,70.21,8.8,19-Feb-2018 - 00:00,"Shastri Nagar, Jaipur - RSPCB"
19-Feb-2018 - 00:00,0.61,0.78,2.34,1.25,762.74,147.63,57.03,0.0,28.68,225.87,23.5,46.36,74.11,1.03,1.1,47.46,46.55,97.43,143.98,98.39,14.08,20-Feb-2018 - 00:00,"Shastri Nagar, Jaipur - RSPCB"
20-Feb-2018 - 00:00,2.26,1.97,6.18,2.97,762.49,154.88,66.76,0.0,23.13,237.17,25.19,35.82,77.39,0.82,1.82,41.3,60.01,108.0,139.99,69.74,9.33,21-Feb-2018 - 00:00,"Shastri Nagar, Jaipur - RSPCB"
21-Feb-2018 - 00:00,2.83,1.91,6.25,2.89,761.09,194.54,123.89,0.0,26.77,219.42,26.27,8.5,79.06,0.92,1.7,36.1,48.94,100.21,146.2,29.08,14.62,22-Feb-2018 - 00:00,"Shastri Nagar, Jaipur - RSPCB"
22-Feb-2018 - 00:00,4.39,3.37,10.39,4.83,760.26,215.0,186.13,0.0,28.35,229.48,26.48,13.1,78.81,0.67,1.25,,,,,53.2,12.57,23-Feb-2018 - 00:00,"Shastri Nagar, Jaipur - RSPCB"
23-Feb-2018 - 00:00,4.86,3.8,12.11,5.63,760.22,171.31,174.39,0.0,25.54,229.93,27.11,17.33,81.85,0.81,1.59,,,,,38.6,12.59,24-Feb-2018 - 00:00,"Shastri Nagar, Jaipur - RSPCB"
24-Feb-2018 - 00:00,5.65,1.35,5.6,2.54,761.8,157.61,67.25,0.0,29.08,229.15,26.6,18.67,77.8,0.89,1.14,,,,,43.54,34.36,25-Feb-2018 - 00:00,"Shastri Nagar, Jaipur - RSPCB"
25-Feb-2018 - 00:00,0.91,0.14,0.48,0.23,764.2,114.79,40.86,0.0,34.69,256.88,24.8,5.02,72.48,1.9,0.63,,,,,70.53,7.79,26-Feb-2018 - 00:00,"Shastri Nagar, Jaipur - RSPCB"
26-Feb-2018 - 00:00,0.97,0.35,0.94,0.45,763.46,103.15,36.13,0.0,34.1,250.44,24.27,4.89,78.49,1.55,0.83,,,,,61.36,14.9,27-Feb-2018 - 00:00,"Shastri Nagar, Jaipur - RSPCB"
27-Feb-2018 - 00:00,0.95,0.29,1.12,0.51,761.74,112.35,42.36,0.0,31.92,248.63,25.78,3.96,75.04,1.39,0.82,56.97,21.48,16.15,37.22,63.98,14.75,28-Feb-2018 - 00:00,"Shastri Nagar, Jaipur - RSPCB"
28-Feb-2018 - 00:00,1.69,0.78,2.8,1.29,762.41,138.87,50.61,0.0,33.88,216.59,26.87,6.24,77.42,0.94,1.32,,,,,64.44,9.0,01-Mar-2018 - 00:00,"Shastri Nagar, Jaipur - RSPCB"
01-Mar-2018 - 00:00,1.69,0.42,1.63,0.74,761.07,88.25,59.66,0.0,33.24,238.88,27.71,7.79,80.9,1.07,1.35,,,,,80.1,15.32,02-Mar-2018 - 00:00,"Shastri Nagar, Jaipur - RSPCB"
02-Mar-2018 - 00:00,1.13,0.32,1.34,0.63,760.5,50.95,49.13,0.0,25.51,243.02,27.4,9.49,77.23,1.0,1.03,36.34,9.6,51.71,55.32,57.24,7.44,03-Mar-2018 - 00:00,"Shastri Nagar, Jaipur - RSPCB"
03-Mar-2018 - 00:00,1.08,0.3,1.4,0.67,759.01,73.85,48.71,0.0,24.47,238.89,27.5,8.84,81.32,1.0,0.89,40.63,8.49,75.89,83.63,50.84,5.74,04-Mar-2018 - 00:00,"Shastri Nagar, Jaipur - RSPCB"
04-Mar-2018 - 00:00,0.81,0.19,0.71,0.37,759.64,50.87,33.49,0.0,36.16,212.49,24.76,7.45,67.3,1.32,0.86,48.35,4.59,53.17,54.85,62.24,9.48,05-Mar-2018 - 00:00,"Shastri Nagar, Jaipur - RSPCB"
05-Mar-2018 - 00:00,0.58,0.13,0.49,0.22,762.37,51.25,28.55,0.0,34.98,250.58,24.06,5.25,71.04,1.28,0.66,35.34,1.07,43.4,41.27,76.74,8.17,06-Mar-2018 - 00:00,"Shastri Nagar, Jaipur - RSPCB"
06-Mar-2018 - 00:00,0.8,0.23,0.81,0.37,763.24,67.44,27.17,0.0,27.21,254.2,24.24,5.73,67.97,1.29,0.79,27.31,4.35,57.56,57.07,60.87,16.08,07-Mar-2018 - 00:00,"Shastri Nagar, Jaipur - RSPCB"
07-Mar-2018 - 00:00,1.21,0.43,1.51,0.7,762.45,82.25,33.5,0.0,23.62,250.33,25.34,6.23,70.19,1.17,1.25,28.67,20.3,62.67,74.77,37.39,15.13,08-Mar-2018 - 00:00,"Shastri Nagar, Jaipur - RSPCB"
08-Mar-2018 - 00:00,2.02,0.91,2.11,1.22,762.56,74.25,28.31,0.0,17.6,246.36,27.12,8.07,72.44,1.25,0.9,35.64,18.98,82.25,101.25,43.94,14.63,09-Mar-2018 - 00:00,"Shastri Nagar, Jaipur - RSPCB"
09-Mar-2018 - 00:00,1.27,0.65,1.4,0.83,762.52,98.72,30.33,0.0,20.59,233.65,27.58,4.91,74.25,1.3,0.92,30.58,8.96,60.62,69.55,51.27,14.68,10-Mar-2018 - 00:00,"Shastri Nagar, Jaipur - RSPCB"
10-Mar-2018 - 00:00,1.14,0.22,0.85,0.37,762.34,94.54,37.86,0.0,21.15,247.37,28.3,3.19,67.37,1.33,0.67,16.97,2.83,38.54,41.33,105.66,15.97,11-Mar-2018 - 00:00,"Shastri Nagar, Jaipur - RSPCB"
11-Mar-2018 - 00:00,1.03,0.32,1.2,0.55,761.75,96.27,36.57,0.0,19.06,244.66,28.15,6.69,69.14,1.09,0.58,20.4,7.14,45.56,52.7,84.22,10.5,12-Mar-2018 - 00:00,"Shastri Nagar, Jaipur - RSPCB"
12-Mar-2018 - 00:00,1.45,0.57,2.27,1.04,761.76,122.82,46.34,0.0,19.87,251.08,28.58,8.16,70.3,0.89,0.97,27.82,12.18,60.48,72.65,67.86,7.54,13-Mar-2018 - 00:00,"Shastri Nagar, Jaipur - RSPCB"
13-Mar-2018 - 00:00,2.04,0.82,2.7,1.25,760.64,143.07,48.72,0.0,15.4,251.34,30.03,5.78,72.88,0.96,0.74,29.05,22.34,63.77,86.04,72.26,9.28,14-Mar-2018 - 00:00,"Shastri Nagar, Jaipur - RSPCB"
14-Mar-2018 - 00:00,0.99,0.42,1.63,0.79,759.37,164.24,48.78,0.0,18.3,217.97,27.47,4.75,65.23,1.33,0.49,24.04,11.25,47.19,58.18,37.38,11.42,15-Mar-2018 - 00:00,"Shastri Nagar, Jaipur - RSPCB"
15-Mar-2018 - 00:00,0.8,0.47,1.42,0.67,759.58,150.43,40.85,0.0,25.8,269.31,27.13,4.12,60.92,1.57,0.69,27.44,8.44,42.52,50.96,43.97,10.12,16-Mar-2018 - 00:00,"Shastri Nagar, Jaipur - RSPCB"
16-Mar-2018 - 00:00,0.89,0.28,0.95,0.42,760.0,127.55,44.84,0.0,24.34,250.56,26.98,2.63,53.61,1.46,0.48,22.47,2.66,31.05,33.7,69.89,9.96,17-Mar-2018 - 00:00,"Shastri Nagar, Jaipur - RSPCB"
17-Mar-2018 - 00:00,0.81,0.21,0.95,0.41,761.07,108.2,39.16,0.0,21.54,265.31,26.96,2.54,56.22,1.24,0.54,19.3,3.19,35.66,38.84,84.86,9.87,18-Mar-2018 - 00:00,"Shastri Nagar, Jaipur - RSPCB"
18-Mar-2018 - 00:00,0.9,0.23,0.96,0.42,762.03,93.1,32.54,0.0,18.48,269.73,27.82,2.5,56.3,1.14,0.56,16.28,2.67,33.38,36.05,96.88,11.67,19-Mar-2018 - 00:00,"Shastri Nagar, Jaipur - RSPCB"
19-Mar-2018 - 00:00,1.39,0.3,1.29,0.56,762.99,110.84,39.33,0.0,19.59,208.6,27.79,2.74,56.39,1.56,0.81,17.12,3.67,38.8,42.47,96.87,9.84,20-Mar-2018 - 00:00,"Shastri Nagar, Jaipur - RSPCB"
20-Mar-2018 - 00:00,0.66,0.25,1.15,0.55,760.95,110.22,41.75,0.0,26.76,255.52,28.28,2.96,59.6,1.15,0.63,23.42,3.61,45.39,48.99,75.25,8.26,21-Mar-2018 - 00:00,"Shastri Nagar, Jaipur - RSPCB"
21-Mar-2018 - 00:00,0.47,0.14,0.49,0.22,759.47,179.59,50.49,0.0,20.67,266.27,27.23,2.3,61.46,1.23,0.42,14.59,3.64,31.07,34.7,61.72,9.67,22-Mar-2018 - 00:00,"Shastri Nagar, Jaipur - RSPCB"
22-Mar-2018 - 00:00,0.54,0.09,0.28,0.13,759.89,139.68,48.74,0.0,34.9,271.54,25.77,1.79,57.92,1.49,0.49,23.62,2.15,23.65,25.78,76.65,9.15,23-Mar-2018 - 00:00,"Shastri Nagar, Jaipur - RSPCB"
23-Mar-2018 - 00:00,0.55,0.12,0.46,0.2,760.97,99.67,37.88,0.0,34.25,279.87,25.16,2.02,56.46,1.62,0.53,21.36,1.7,24.03,25.72,83.12,5.79,24-Mar-2018 - 00:00,"Shastri Nagar, Jaipur - RSPCB"
24-Mar-2018 - 00:00,0.59,0.18,0.79,0.34,762.93,92.32,33.82,0.0,24.65,281.22,27.31,2.55,56.63,1.24,0.58,17.85,2.25,33.64,35.88,82.43,6.6,25-Mar-2018 - 00:00,"Shastri Nagar, Jaipur - RSPCB"
25-Mar-2018 - 00:00,0.74,0.19,0.77,0.35,763.84,122.09,42.75,0.0,23.98,273.55,28.1,2.85,56.22,1.34,0.58,18.05,3.62,36.42,40.02,83.7,9.79,26-Mar-2018 - 00:00,"Shastri Nagar, Jaipur - RSPCB"
26-Mar-2018 - 00:00,2.57,3.8,11.29,5.32,762.85,120.2,41.9,0.0,18.61,267.04,29.05,12.52,54.11,1.07,1.4,29.93,34.96,55.11,90.07,58.48,10.84,27-Mar-2018 - 00:00,"Shastri Nagar, Jaipur - RSPCB"
27-Mar-2018 - 00:00,3.41,5.32,17.68,8.24,760.19,162.16,66.73,0.0,11.37,256.61,31.01,20.76,55.84,0.91,1.18,35.49,34.78,74.42,109.2,62.24,12.64,28-Mar-2018 - 00:00,"Shastri Nagar, Jaipur - RSPCB"
28-Mar-2018 - 00:00,0.65,0.33,1.08,0.48,759.61,129.45,45.77,0.0,9.3,260.85,32.24,2.98,50.52,1.21,0.49,17.56,4.58,37.37,41.93,64.3,16.0,29-Mar-2018 - 00:00,"Shastri Nagar, Jaipur - RSPCB"
29-Mar-2018 - 00:00,0.7,0.29,1.06,0.48,759.46,123.32,43.75,0.0,11.56,257.3,32.2,2.67,53.26,1.52,0.66,19.77,10.03,41.15,51.16,71.54,12.91,30-Mar-2018 - 00:00,"Shastri Nagar, Jaipur - RSPCB"
30-Mar-2018 - 00:00,0.65,0.31,0.91,0.42,758.09,167.95,58.61,0.0,14.99,248.55,31.75,2.62,50.94,1.47,0.51,21.29,4.79,35.71,40.49,71.61,13.92,31-Mar-2018 - 00:00,"Shastri Nagar, Jaipur - RSPCB"
31-Mar-2018 - 00:00,0.75,0.17,0.68,0.29,758.07,127.37,40.55,0.0,13.33,235.9,31.69,2.82,49.82,1.42,0.64,17.69,2.26,32.44,34.69,92.5,14.23,01-Apr-2018 - 00:00,"Shastri Nagar, Jaipur - RSPCB"
01-Apr-2018 - 00:00,0.97,0.24,0.96,0.43,759.37,144.81,51.12,0.0,24.25,255.47,30.61,2.96,51.08,1.42,0.7,26.78,3.65,33.07,36.7,81.63,9.55,02-Apr-2018 - 00:00,"Shastri Nagar, Jaipur - RSPCB"
02-Apr-2018 - 00:00,0.79,0.84,2.89,1.37,759.85,159.01,58.54,0.0,23.49,256.93,31.75,3.77,56.66,1.58,1.03,36.78,31.69,41.18,70.67,106.35,11.07,03-Apr-2018 - 00:00,"Shastri Nagar, Jaipur - RSPCB"
03-Apr-2018 - 00:00,0.69,0.23,0.93,0.44,759.31,167.87,60.78,0.0,16.96,234.34,32.83,3.54,52.02,1.0,0.53,25.16,4.69,40.65,45.33,75.59,9.43,04-Apr-2018 - 00:00,"Shastri Nagar, Jaipur - RSPCB"
04-Apr-2018 - 00:00,0.46,0.48,1.51,0.72,757.65,156.28,55.09,0.0,11.79,249.99,33.24,4.52,46.79,1.28,0.8,21.97,12.71,40.35,53.05,47.89,18.3,05-Apr-2018 - 00:00,"Shastri Nagar, Jaipur - RSPCB"
05-Apr-2018 - 00:00,0.59,0.27,1.0,0.45,756.54,159.96,63.41,0.0,17.21,251.19,33.02,4.0,41.2,1.2,0.52,25.56,3.67,38.61,42.28,85.54,12.97,06-Apr-2018 - 00:00,"Shastri Nagar, Jaipur - RSPCB"
06-Apr-2018 - 00:00,0.51,0.15,0.59,0.27,757.68,180.96,56.48,0.01,25.91,230.31,31.13,3.64,44.74,1.59,0.52,29.17,2.33,28.8,31.12,99.13,10.36,07-Apr-2018 - 00:00,"Shastri Nagar, Jaipur - RSPCB"
07-Apr-2018 - 00:00,0.47,0.26,0.96,0.46,759.36,143.38,51.7,0.0,32.26,278.82,29.65,3.97,47.84,1.03,0.6,43.67,4.66,42.98,47.62,86.29,9.27,08-Apr-2018 - 00:00,"Shastri Nagar, Jaipur - RSPCB"
08-Apr-2018 - 00:00,0.57,0.13,0.54,0.25,759.39,130.1,54.12,0.0,33.85,262.74,31.51,3.45,54.02,1.38,0.56,72.41,2.12,26.28,28.39,119.3,7.35,09-Apr-2018 - 00:00,"Shastri Nagar, Jaipur - RSPCB"
09-Apr-2018 - 00:00,0.46,0.15,0.72,0.32,760.38,116.11,43.29,0.0,32.52,241.47,31.12,3.7,51.6,1.62,0.64,48.12,2.54,31.68,34.21,87.06,6.13,10-Apr-2018 - 00:00,"Shastri Nagar, Jaipur - RSPCB"
10-Apr-2018 - 00:00,0.32,0.15,0.61,0.28,759.68,131.43,44.86,0.0,32.11,290.69,30.14,3.62,51.45,1.35,0.47,48.88,2.62,25.66,28.26,79.17,6.87,11-Apr-2018 - 00:00,"Shastri Nagar, Jaipur - RSPCB"
11-Apr-2018 - 00:00,0.47,0.24,1.06,0.5,758.64,105.67,37.86,0.11,35.42,295.87,29.19,4.62,52.78,1.72,0.7,39.54,3.7,37.87,41.5,67.86,4.02,12-Apr-2018 - 00:00,"Shastri Nagar, Jaipur - RSPCB"
12-Apr-2018 - 00:00,0.25,0.13,0.5,0.26,758.86,62.4,23.08,0.0,43.69,308.9,27.03,9.13,53.25,1.76,0.48,50.94,1.5,24.22,25.65,90.61,0.67,13-Apr-2018 - 00:00,"Shastri Nagar, Jaipur - RSPCB"
13-Apr-2018 - 00:00,0.34,0.28,1.2,0.57,759.84,65.1,22.68,0.0,15.95,327.52,31.77,8.92,94.07,1.17,0.53,27.56,1.68,37.75,39.28,98.46,1.79,14-Apr-2018 - 00:00,"Shastri Nagar, Jaipur - RSPCB"
14-Apr-2018 - 00:00,0.34,0.22,0.89,0.46,759.14,92.36,34.8,0.0,14.72,289.15,32.05,14.14,78.02,1.07,0.56,30.15,0.99,35.26,36.1,120.46,2.73,15-Apr-2018 - 00:00,"Shastri Nagar, Jaipur - RSPCB"
15-Apr-2018 - 00:00,0.33,0.28,1.1,0.56,758.61,118.15,39.63,0.0,16.44,264.77,33.19,17.34,51.56,1.21,0.62,35.35,2.01,37.79,39.68,106.98,2.22,16-Apr-2018 - 00:00,"Shastri Nagar, Jaipur - RSPCB"
16-Apr-2018 - 00:00,0.25,0.24,0.91,0.51,759.14,182.75,57.58,0.0,19.22,270.7,33.6,17.28,56.33,0.97,0.49,40.39,2.55,41.71,44.18,54.16,2.25,17-Apr-2018 - 00:00,"Shastri Nagar, Jaipur - RSPCB"
17-Apr-2018 - 00:00,0.23,0.24,0.7,0.39,760.1,167.26,55.45,0.0,17.69,280.94,33.11,18.14,53.46,1.27,0.44,32.75,2.6,35.85,38.39,51.66,3.68,18-Apr-2018 - 00:00,"Shastri Nagar, Jaipur - RSPCB"
18-Apr-2018 - 00:00,0.26,0.26,0.78,0.43,759.86,151.47,48.08,0.0,16.01,280.12,33.22,18.63,45.36,1.58,0.44,32.9,1.01,30.78,31.68,81.3,2.85,19-Apr-2018 - 00:00,"Shastri Nagar, Jaipur - RSPCB"
19-Apr-2018 - 00:00,0.31,0.32,1.15,0.63,757.28,169.73,57.56,0.0,14.78,278.53,33.38,19.08,44.15,1.25,0.64,43.63,7.16,51.37,58.46,54.79,2.28,20-Apr-2018 - 00:00,"Shastri Nagar, Jaipur - RSPCB"
20-Apr-2018 - 00:00,0.25,0.25,0.84,0.48,756.78,306.53,71.59,0.0,14.92,267.08,32.64,18.87,44.65,1.55,0.45,36.95,6.31,38.83,45.08,56.58,1.42,21-Apr-2018 - 00:00,"Shastri Nagar, Jaipur - RSPCB"
21-Apr-2018 - 00:00,0.09,0.06,0.13,0.09,759.52,461.91,116.18,0.0,9.41,279.25,29.59,10.72,28.07,1.87,0.31,24.24,0.69,23.18,23.76,92.38,1.47,22-Apr-2018 - 00:00,"Shastri Nagar, Jaipur - RSPCB"
22-Apr-2018 - 00:00,0.0,0.0,0.0,0.0,760.3,128.04,28.6,0.0,13.96,287.02,29.71,0.0,22.33,1.8,0.39,31.79,0.63,29.53,30.05,98.68,1.57,23-Apr-2018 - 00:00,"Shastri Nagar, Jaipur - RSPCB"
23-Apr-2018 - 00:00,0.18,0.17,0.56,0.29,760.14,109.08,202.47,0.0,13.29,270.91,30.4,7.58,13.59,1.7,0.64,29.23,3.39,35.13,38.43,88.52,4.29,24-Apr-2018 - 00:00,"Shastri Nagar, Jaipur - RSPCB"
24-Apr-2018 - 00:00,0.32,0.5,1.75,0.9,759.11,122.89,194.75,0.0,9.19,276.44,32.7,19.17,9.05,1.22,1.02,12.73,18.47,48.17,66.64,72.57,4.95,25-Apr-2018 - 00:00,"Shastri Nagar, Jaipur - RSPCB"
25-Apr-2018 - 00:00,0.3,0.89,2.98,1.51,757.44,143.47,47.31,0.0,8.76,277.14,33.9,24.43,9.52,1.17,1.1,21.58,39.06,70.37,109.42,55.25,3.93,26-Apr-2018 - 00:00,"Shastri Nagar, Jaipur - RSPCB"
26-Apr-2018 - 00:00,0.25,0.58,1.93,1.02,756.34,175.64,46.76,0.0,12.16,269.97,34.54,14.67,9.74,1.56,0.61,14.01,16.18,58.59,74.77,66.86,4.21,27-Apr-2018 - 00:00,"Shastri Nagar, Jaipur - RSPCB"
27-Apr-2018 - 00:00,0.23,0.43,1.28,0.73,757.2,209.88,63.85,0.0,13.64,275.3,35.41,10.25,7.7,1.43,0.58,12.11,8.8,58.42,67.22,57.07,3.54,28-Apr-2018 - 00:00,"Shastri Nagar, Jaipur - RSPCB"
28-Apr-2018 - 00:00,0.25,0.33,1.06,0.6,756.91,186.88,53.57,0.0,15.17,268.01,36.66,20.35,5.75,1.32,0.55,9.07,11.06,37.43,48.49,48.92,2.57,29-Apr-2018 - 00:00,"Shastri Nagar, Jaipur - RSPCB"
29-Apr-2018 - 00:00,0.27,0.29,0.92,0.53,755.49,177.12,56.87,0.0,17.87,268.1,36.2,21.58,4.11,1.56,0.52,7.06,7.22,32.19,39.41,82.98,3.32,30-Apr-2018 - 00:00,"Shastri Nagar, Jaipur - RSPCB"
30-Apr-2018 - 00:00,0.25,0.19,0.62,0.38,754.24,171.24,42.07,0.01,22.7,293.03,35.26,17.01,2.83,1.71,0.49,21.63,9.15,34.0,43.14,59.21,2.37,01-May-2018 - 00:00,"Shastri Nagar, Jaipur - RSPCB"
01-May-2018 - 00:00,0.39,1.05,2.18,1.6,755.53,202.9,39.35,0.0,19.18,283.03,35.66,18.58,2.86,1.11,0.53,59.48,9.97,43.76,53.73,54.07,7.59,02-May-2018 - 00:00,"Shastri Nagar, Jaipur - RSPCB"
02-May-2018 - 00:00,0.57,0.53,0.93,0.83,756.27,200.07,49.2,0.0,28.84,294.62,34.54,3.54,2.89,1.51,0.46,14.43,10.11,27.06,37.51,67.19,6.11,03-May-2018 - 00:00,"Shastri Nagar, Jaipur - RSPCB"
03-May-2018 - 00:00,0.94,0.54,0.75,0.67,757.29,151.68,36.66,0.0,27.12,299.24,33.08,19.91,4.56,2.03,0.47,11.5,9.03,44.89,53.9,70.63,7.85,04-May-2018 - 00:00,"Shastri Nagar, Jaipur - RSPCB"
04-May-2018 - 00:00,0.39,0.25,0.79,0.62,753.18,137.74,47.55,0.0,37.15,276.12,33.39,20.54,19.14,1.55,0.56,20.33,12.36,39.4,51.69,84.3,7.4,05-May-2018 - 00:00,"Shastri Nagar, Jaipur - RSPCB"
05-May-2018 - 00:00,0.32,0.31,1.01,0.65,747.37,153.22,51.55,0.0,26.27,276.81,35.49,21.53,12.54,1.52,0.47,19.08,12.48,45.29,57.77,97.02,9.32,06-May-2018 - 00:00,"Shastri Nagar, Jaipur - RSPCB"
06-May-2018 - 00:00,0.27,0.26,0.8,0.56,747.74,180.06,55.1,0.0,17.62,265.0,35.69,15.81,62.97,1.49,0.3,22.92,10.09,30.86,40.96,61.4,8.04,07-May-2018 - 00:00,"Shastri Nagar, Jaipur - RSPCB"
07-May-2018 - 00:00,0.26,0.27,0.75,0.5,747.2,163.68,48.49,0.0,18.3,285.24,34.22,24.67,8.88,1.25,0.33,27.27,10.07,24.36,34.43,59.11,8.78,08-May-2018 - 00:00,"Shastri Nagar, Jaipur - RSPCB"
08-May-2018 - 00:00,0.21,0.21,0.58,0.39,747.4,363.71,96.16,0.0,28.25,269.36,30.26,20.33,9.95,2.39,0.26,26.17,10.36,19.23,29.58,68.54,8.92,09-May-2018 - 00:00,"Shastri Nagar, Jaipur - RSPCB"
09-May-2018 - 00:00,0.2,0.48,0.91,0.73,748.21,148.19,42.96,0.0,23.21,292.19,32.68,18.49,67.3,1.33,0.34,34.23,12.04,29.62,41.66,75.23,9.19,10-May-2018 - 00:00,"Shastri Nagar, Jaipur - RSPCB"
10-May-2018 - 00:00,0.13,0.19,0.56,0.34,749.11,134.02,46.63,0.0,20.91,288.56,34.26,14.37,105.89,1.29,0.44,15.71,10.57,34.39,44.96,77.03,10.25,11-May-2018 - 00:00,"Shastri Nagar, Jaipur - RSPCB"
11-May-2018 - 00:00,0.13,0.18,0.61,0.35,747.35,145.23,50.44,0.0,17.74,272.58,36.64,12.91,106.09,1.12,0.41,13.5,9.06,24.13,33.19,71.26,10.7,12-May-2018 - 00:00,"Shastri Nagar, Jaipur - RSPCB"
12-May-2018 - 00:00,0.12,0.13,0.38,0.25,746.81,165.66,38.64,0.0,14.08,274.9,36.84,12.62,107.62,1.99,1.31,12.22,7.81,17.01,24.82,54.78,11.77,13-May-2018 - 00:00,"Shastri Nagar, Jaipur - RSPCB"
13-May-2018 - 00:00,0.12,0.12,0.3,0.23,746.34,212.3,60.11,0.0,17.23,274.09,35.65,12.17,100.69,1.54,4.15,12.07,8.32,17.79,26.1,45.59,17.42,14-May-2018 - 00:00,"Shastri Nagar, Jaipur - RSPCB"
14-May-2018 - 00:00,0.13,0.12,0.32,0.22,747.05,252.89,69.61,0.0,24.32,268.91,33.52,11.88,103.28,1.56,4.32,12.86,8.43,19.82,28.25,69.33,16.83,15-May-2018 - 00:00,"Shastri Nagar, Jaipur - RSPCB"
15-May-2018 - 00:00,0.12,0.15,0.49,0.3,745.99,207.12,71.64,0.01,23.79,276.41,34.69,10.99,104.08,1.2,4.36,8.33,17.53,36.01,53.56,49.72,15.2,16-May-2018 - 00:00,"Shastri Nagar, Jaipur - RSPCB"
16-May-2018 - 00:00,0.12,0.14,0.45,0.29,745.97,203.89,68.72,0.0,23.16,279.29,34.75,11.45,107.69,1.41,3.77,14.56,35.71,59.49,95.18,63.63,16.28,17-May-2018 - 00:00,"Shastri Nagar, Jaipur - RSPCB"
17-May-2018 - 00:00,0.12,0.13,0.41,0.26,745.86,195.49,63.61,0.0,21.36,239.51,35.04,10.32,109.63,1.35,0.35,9.94,33.18,51.38,84.56,76.54,16.11,18-May-2018 - 00:00,"Shastri Nagar, Jaipur - RSPCB"
18-May-2018 - 00:00,0.14,0.12,0.48,0.27,745.24,159.01,49.12,0.0,20.88,255.84,35.25,5.69,104.11,1.2,0.61,22.01,26.09,47.47,73.43,64.99,12.24,19-May-2018 - 00:00,"Shastri Nagar, Jaipur - RSPCB"
19-May-2018 - 00:00,0.14,0.04,0.18,0.08,745.31,164.77,59.89,0.0,26.51,286.91,35.0,0.42,109.52,1.93,0.58,36.94,0.46,11.12,11.41,98.55,6.05,20-May-2018 - 00:00,"Shastri Nagar, Jaipur - RSPCB"
20-May-2018 - 00:00,0.2,0.04,0.16,0.08,746.54,146.46,52.31,0.0,20.15,271.27,35.33,0.6,110.12,1.4,0.48,40.09,0.79,12.85,13.46,99.22,7.4,21-May-2018 - 00:00,"Shastri Nagar, Jaipur - RSPCB"
21-May-2018 - 00:00,0.11,0.05,0.25,0.11,746.64,145.57,48.98,0.0,10.83,266.02,37.04,0.47,108.58,1.65,0.54,42.18,0.5,12.97,13.3,108.51,8.6,22-May-2018 - 00:00,"Shastri Nagar, Jaipur - RSPCB"
22-May-2018 - 00:00,0.14,0.15,0.66,0.3,746.13,183.9,60.72,0.0,11.4,277.67,38.0,0.76,107.18,1.25,1.02,46.78,6.6,24.52,31.0,82.53,10.83,23-May-2018 - 00:00,"Shastri Nagar, Jaipur - RSPCB"
23-May-2018 - 00:00,0.13,0.14,0.56,0.26,744.78,192.61,68.06,0.0,12.1,278.02,38.42,0.74,98.52,1.2,0.58,46.26,8.61,24.45,33.06,79.96,9.68,24-May-2018 - 00:00,"Shastri Nagar, Jaipur - RSPCB"
24-May-2018 - 00:00,0.98,18.59,1.58,0.71,744.91,170.37,53.89,0.0,10.86,252.14,37.61,2.77,97.46,2.0,0.63,41.29,6.51,16.39,22.9,103.06,13.16,25-May-2018 - 00:00,"Shastri Nagar, Jaipur - RSPCB"
25-May-2018 - 00:00,3.15,0.31,1.13,0.48,745.51,156.24,57.86,0.0,12.72,275.54,37.11,4.41,88.95,0.78,0.97,47.69,11.92,34.53,46.45,73.32,7.55,26-May-2018 - 00:00,"Shastri Nagar, Jaipur - RSPCB"
26-May-2018 - 00:00,3.26,0.91,2.86,1.37,744.84,133.94,41.65,0.0,8.84,296.88,37.32,5.57,81.48,1.17,1.1,30.79,17.4,26.49,43.87,71.36,14.42,27-May-2018 - 00:00,"Shastri Nagar, Jaipur - RSPCB"
27-May-2018 - 00:00,0.65,0.2,0.79,0.38,744.38,189.78,55.21,0.0,5.52,293.89,37.88,2.16,77.53,1.43,0.36,13.05,6.67,18.49,25.15,83.44,11.58,28-May-2018 - 00:00,"Shastri Nagar, Jaipur - RSPCB"
28-May-2018 - 00:00,1.34,0.48,1.22,0.61,742.95,195.9,69.55,0.0,8.95,281.18,37.34,2.98,70.99,1.34,0.7,17.34,6.98,26.44,33.42,97.29,18.23,29-May-2018 - 00:00,"Shastri Nagar, Jaipur - RSPCB"
29-May-2018 - 00:00,0.86,0.21,0.82,0.37,742.04,166.66,56.98,0.0,12.48,299.59,38.51,1.86,71.56,1.22,0.71,20.07,7.3,23.41,30.71,98.9,8.46,30-May-2018 - 00:00,"Shastri Nagar, Jaipur - RSPCB"
30-May-2018 - 00:00,0.68,0.26,1.08,0.51,743.41,209.52,45.85,0.16,34.02,305.19,33.65,1.98,74.58,1.47,0.79,24.35,8.06,17.58,25.63,40.66,3.97,31-May-2018 - 00:00,"Shastri Nagar, Jaipur - RSPCB"
31-May-2018 - 00:00,1.03,0.39,1.61,0.79,744.54,157.9,48.65,0.0,31.68,322.52,34.43,3.43,77.01,1.13,0.76,31.1,7.6,30.1,37.69,63.52,6.82,01-Jun-2018 - 00:00,"Shastri Nagar, Jaipur - RSPCB"
01-Jun-2018 - 00:00,1.29,0.71,2.27,1.01,744.74,189.92,65.27,0.0,21.66,328.0,37.15,5.73,91.54,1.09,0.72,23.35,7.99,25.57,33.54,58.85,16.0,02-Jun-2018 - 00:00,"Shastri Nagar, Jaipur - RSPCB"
02-Jun-2018 - 00:00,0.71,0.19,0.91,0.37,745.1,499.69,97.53,0.0,25.95,307.31,36.31,1.74,99.37,1.86,0.44,24.39,8.24,16.26,24.5,70.55,11.57,03-Jun-2018 - 00:00,"Shastri Nagar, Jaipur - RSPCB"
03-Jun-2018 - 00:00,0.24,0.07,0.36,0.14,743.54,229.34,57.78,0.0,16.91,296.55,37.44,0.98,98.18,1.94,0.26,14.15,6.92,13.1,20.02,58.77,9.79,04-Jun-2018 - 00:00,"Shastri Nagar, Jaipur - RSPCB"
04-Jun-2018 - 00:00,0.81,0.41,1.49,0.59,742.97,244.31,64.75,0.0,18.67,316.76,37.79,2.42,96.31,1.36,0.72,14.83,8.7,16.63,25.33,50.27,12.62,05-Jun-2018 - 00:00,"Shastri Nagar, Jaipur - RSPCB"
05-Jun-2018 - 00:00,0.58,0.1,0.54,0.2,744.27,241.87,69.95,0.0,29.38,315.57,37.67,1.12,104.69,1.5,0.5,23.72,6.89,9.94,16.83,80.21,12.85,06-Jun-2018 - 00:00,"Shastri Nagar, Jaipur - RSPCB"
06-Jun-2018 - 00:00,0.8,0.14,0.86,0.32,745.53,196.83,49.95,0.0,37.31,239.13,34.42,1.7,110.72,1.69,0.59,24.22,6.84,12.93,19.77,106.04,9.12,07-Jun-2018 - 00:00,"Shastri Nagar, Jaipur - RSPCB"
07-Jun-2018 - 00:00,0.8,0.12,0.68,0.27,743.05,216.83,60.47,0.0,34.45,293.03,35.89,1.72,118.03,1.04,0.61,24.06,6.93,12.78,19.7,84.5,10.2,08-Jun-2018 - 00:00,"Shastri Nagar, Jaipur - RSPCB"
08-Jun-2018 - 00:00,0.48,0.13,0.78,0.33,740.91,245.69,62.02,0.03,41.46,297.05,34.27,1.86,122.05,1.66,0.53,26.65,7.27,15.21,22.48,27.76,10.05,09-Jun-2018 - 00:00,"Shastri Nagar, Jaipur - RSPCB"
09-Jun-2018 - 00:00,0.63,0.18,1.03,0.4,740.69,91.43,38.31,0.12,59.49,284.09,30.31,2.31,130.58,1.48,0.57,35.33,7.95,14.17,22.12,32.21,17.26,10-Jun-2018 - 00:00,"Shastri Nagar, Jaipur - RSPCB"
10-Jun-2018 - 00:00,0.49,0.12,0.67,0.26,741.38,122.94,42.42,0.0,56.82,304.12,30.75,1.81,139.16,1.56,0.56,29.47,7.28,14.01,21.29,55.03,19.16,11-Jun-2018 - 00:00,"Shastri Nagar, Jaipur - RSPCB"
11-Jun-2018 - 00:00,0.2,0.08,0.34,0.14,740.58,160.53,37.79,0.03,46.64,332.07,33.35,1.4,145.61,1.78,0.51,30.33,5.4,18.09,22.84,53.67,12.05,12-Jun-2018 - 00:00,"Shastri Nagar, Jaipur - RSPCB"
12-Jun-2018 - 00:00,0.36,0.19,0.79,0.38,739.21,271.57,65.7,0.0,40.45,332.64,35.26,2.15,148.29,1.37,0.53,44.07,3.91,29.77,33.19,41.45,15.49,13-Jun-2018 - 00:00,"Shastri Nagar, Jaipur - RSPCB"
13-Jun-2018 - 00:00,0.16,0.1,0.31,0.18,739.81,350.4,77.45,0.0,35.74,295.52,35.03,3.0,143.52,1.53,0.38,25.99,4.97,21.76,26.7,45.94,10.93,14-Jun-2018 - 00:00,"Shastri Nagar, Jaipur - RSPCB"
14-Jun-2018 - 00:00,0.16,0.07,0.26,0.13,740.99,337.58,109.68,0.0,35.76,284.24,34.19,2.71,142.81,1.51,0.33,25.58,8.51,17.73,26.24,49.16,4.1,15-Jun-2018 - 00:00,"Shastri Nagar, Jaipur - RSPCB"
15-Jun-2018 - 00:00,0.21,0.08,0.34,0.16,742.17,215.18,88.72,0.0,36.71,315.63,33.73,3.09,146.19,1.41,0.36,26.31,8.69,19.99,28.69,51.17,8.77,16-Jun-2018 - 00:00,"Shastri Nagar, Jaipur - RSPCB"
16-Jun-2018 - 00:00,0.14,0.07,0.25,0.14,743.45,163.16,79.65,0.0,37.36,310.11,33.83,3.01,145.54,1.44,0.35,28.82,8.17,17.9,26.07,52.72,8.33,17-Jun-2018 - 00:00,"Shastri Nagar, Jaipur - RSPCB"
17-Jun-2018 - 00:00,0.14,0.07,0.24,0.13,743.43,144.21,69.79,0.0,36.86,303.43,34.29,3.24,142.88,1.27,0.33,33.02,8.32,19.42,27.73,48.06,8.65,18-Jun-2018 - 00:00,"Shastri Nagar, Jaipur - RSPCB"
18-Jun-2018 - 00:00,0.19,0.1,0.28,0.16,743.54,260.02,102.63,0.0,36.17,280.91,33.58,2.64,139.86,1.77,0.32,30.69,7.55,16.61,23.62,60.32,10.54,19-Jun-2018 - 00:00,"Shastri Nagar, Jaipur - RSPCB"
19-Jun-2018 - 00:00,0.39,0.14,0.61,0.32,743.8,124.93,69.32,0.0,36.95,303.27,33.47,5.43,142.02,1.29,0.57,24.15,8.23,23.3,31.53,63.96,13.7,20-Jun-2018 - 00:00,"Shastri Nagar, Jaipur - RSPCB"
20-Jun-2018 - 00:00,0.25,0.1,0.37,0.21,744.25,100.86,56.49,0.0,37.1,326.17,34.1,4.67,143.39,1.21,0.6,27.23,7.87,24.36,32.17,71.47,19.98,21-Jun-2018 - 00:00,"Shastri Nagar, Jaipur - RSPCB"
21-Jun-2018 - 00:00,0.4,0.15,0.68,0.33,743.88,190.56,110.12,0.0,31.16,290.69,35.61,4.25,134.85,1.38,0.66,29.65,7.47,21.95,29.42,73.1,19.84,22-Jun-2018 - 00:00,"Shastri Nagar, Jaipur - RSPCB"
22-Jun-2018 - 00:00,0.4,0.18,0.6,0.31,743.14,154.09,91.17,0.08,26.12,334.19,37.48,3.7,138.69,1.45,0.66,31.26,8.27,22.58,30.85,64.96,17.19,23-Jun-2018 - 00:00,"Shastri Nagar, Jaipur - RSPCB"
23-Jun-2018 - 00:00,0.18,0.08,0.28,0.15,743.01,144.51,82.81,0.0,30.83,293.66,36.22,3.32,140.08,1.48,0.59,37.84,7.5,17.46,24.96,71.77,16.5,24-Jun-2018 - 00:00,"Shastri Nagar, Jaipur - RSPCB"
24-Jun-2018 - 00:00,0.33,0.12,0.5,0.24,743.19,117.01,71.48,0.0,39.46,285.73,34.2,3.95,138.63,1.8,0.68,40.69,7.87,19.74,27.6,67.26,16.83,25-Jun-2018 - 00:00,"Shastri Nagar, Jaipur - RSPCB"
25-Jun-2018 - 00:00,0.3,0.11,0.42,0.27,741.68,88.43,55.36,0.0,47.69,284.01,32.67,4.52,145.81,1.77,0.66,36.9,7.56,17.71,25.26,63.87,14.96,26-Jun-2018 - 00:00,"Shastri Nagar, Jaipur - RSPCB"
26-Jun-2018 - 00:00,0.2,0.09,0.29,0.22,741.57,71.11,47.45,0.0,61.7,193.9,28.77,3.55,150.03,1.48,0.68,36.91,7.37,19.87,27.24,58.79,13.98,27-Jun-2018 - 00:00,"Shastri Nagar, Jaipur - RSPCB"
27-Jun-2018 - 00:00,0.45,0.12,0.4,0.22,742.08,49.04,49.28,0.2,78.97,333.78,27.51,3.72,154.87,1.18,0.61,33.9,8.33,24.26,32.48,27.11,14.6,28-Jun-2018 - 00:00,"Shastri Nagar, Jaipur - RSPCB"
28-Jun-2018 - 00:00,0.38,0.13,0.72,0.3,742.65,26.41,17.17,0.0,78.52,274.79,27.72,2.12,172.09,1.31,0.61,29.52,8.76,13.86,22.59,59.09,11.28,29-Jun-2018 - 00:00,"Shastri Nagar, Jaipur - RSPCB"
29-Jun-2018 - 00:00,0.54,0.19,1.16,0.49,742.63,24.2,10.36,0.04,80.92,282.32,27.82,1.55,195.22,1.24,0.74,16.52,7.53,13.45,20.98,42.32,10.69,30-Jun-2018 - 00:00,"Shastri Nagar, Jaipur - RSPCB"
30-Jun-2018 - 00:00,0.32,0.1,0.58,0.24,744.13,66.5,28.09,0.0,69.94,309.48,29.67,1.0,226.88,0.93,0.57,7.09,7.01,11.75,18.39,47.54,12.59,01-Jul-2018 - 00:00,"Shastri Nagar, Jaipur - RSPCB"
01-Jul-2018 - 00:00,0.19,0.26,0.45,0.21,744.01,130.75,40.62,0.0,61.78,290.5,31.03,1.01,219.19,1.12,0.46,12.51,7.84,19.14,26.98,42.97,13.68,02-Jul-2018 - 00:00,"Shastri Nagar, Jaipur - RSPCB"
02-Jul-2018 - 00:00,0.33,0.4,1.0,0.43,742.35,84.57,22.99,0.0,54.19,282.96,32.04,1.27,220.5,1.2,0.59,13.12,8.96,20.83,29.79,44.77,14.01,03-Jul-2018 - 00:00,"Shastri Nagar, Jaipur - RSPCB"
03-Jul-2018 - 00:00,0.25,0.26,0.78,0.34,741.77,63.91,21.13,0.0,53.25,315.0,32.66,1.17,222.22,1.31,0.61,11.38,8.84,18.34,27.16,41.3,16.23,04-Jul-2018 - 00:00,"Shastri Nagar, Jaipur - RSPCB"
04-Jul-2018 - 00:00,0.32,0.13,0.66,0.28,741.97,72.3,33.56,0.0,57.53,291.99,31.67,1.46,222.03,1.41,0.7,9.88,9.08,17.22,26.3,34.45,13.25,05-Jul-2018 - 00:00,"Shastri Nagar, Jaipur - RSPCB"
05-Jul-2018 - 00:00,0.2,0.07,0.37,0.15,743.17,119.37,41.14,0.0,54.09,279.15,32.22,0.99,224.28,1.49,0.66,8.28,7.83,14.04,21.86,34.7,10.42,06-Jul-2018 - 00:00,"Shastri Nagar, Jaipur - RSPCB"
06-Jul-2018 - 00:00,0.18,0.06,0.29,0.13,743.15,150.43,49.13,0.0,46.66,324.78,33.39,1.02,227.92,1.38,0.61,8.09,7.38,13.81,21.19,49.08,12.88,07-Jul-2018 - 00:00,"Shastri Nagar, Jaipur - RSPCB"
07-Jul-2018 - 00:00,0.18,0.06,0.23,0.11,742.59,159.2,58.85,0.0,43.01,309.88,33.9,1.24,221.65,1.43,0.66,7.91,6.81,14.78,21.59,55.17,12.82,08-Jul-2018 - 00:00,"Shastri Nagar, Jaipur - RSPCB"
08-Jul-2018 - 00:00,0.23,0.09,0.36,0.16,741.7,169.09,56.75,0.0,38.09,318.41,35.49,1.45,215.3,1.82,0.62,8.38,6.82,15.7,22.52,57.92,10.39,09-Jul-2018 - 00:00,"Shastri Nagar, Jaipur - RSPCB"
09-Jul-2018 - 00:00,0.25,0.09,0.36,0.16,741.18,162.33,52.4,0.0,36.41,301.55,36.43,1.44,206.77,1.79,0.65,8.91,6.91,13.53,20.43,62.49,9.85,10-Jul-2018 - 00:00,"Shastri Nagar, Jaipur - RSPCB"
10-Jul-2018 - 00:00,0.2,0.08,0.35,0.16,741.81,108.68,38.29,0.08,50.19,271.29,33.52,1.35,205.65,1.58,0.59,9.68,6.71,10.24,16.34,54.96,9.04,11-Jul-2018 - 00:00,"Shastri Nagar, Jaipur - RSPCB"
11-Jul-2018 - 00:00,0.16,0.07,0.25,0.12,741.92,69.75,34.54,0.01,68.83,294.55,29.91,1.44,218.04,1.74,0.46,15.32,7.13,16.46,23.57,42.17,8.21,12-Jul-2018 - 00:00,"Shastri Nagar, Jaipur - RSPCB"
12-Jul-2018 - 00:00,0.19,0.08,0.3,0.14,741.52,68.46,33.16,0.29,75.87,329.45,28.96,1.43,223.74,1.61,0.45,14.53,7.46,15.44,22.84,36.14,9.58,13-Jul-2018 - 00:00,"Shastri Nagar, Jaipur - RSPCB"
13-Jul-2018 - 00:00,0.4,0.16,0.78,0.34,741.83,43.83,22.14,0.0,79.39,264.99,28.22,1.66,220.78,1.16,0.64,10.5,7.88,18.31,26.12,34.07,9.82,14-Jul-2018 - 00:00,"Shastri Nagar, Jaipur - RSPCB"
14-Jul-2018 - 00:00,0.48,0.18,0.85,0.38,741.41,59.18,29.55,0.0,77.87,263.31,29.01,2.32,227.24,0.95,0.58,10.11,7.88,20.05,27.91,39.89,9.55,15-Jul-2018 - 00:00,"Shastri Nagar, Jaipur - RSPCB"
15-Jul-2018 - 00:00,0.83,0.37,1.49,0.66,741.13,44.89,24.35,0.06,79.18,331.16,29.11,3.1,222.84,0.79,0.82,9.44,9.06,27.39,36.41,37.99,9.33,16-Jul-2018 - 00:00,"Shastri Nagar, Jaipur - RSPCB"
16-Jul-2018 - 00:00,0.61,0.2,1.15,0.49,741.35,40.07,19.85,0.1,75.24,305.03,29.91,2.36,195.06,1.01,0.71,13.26,7.82,18.1,25.91,44.58,11.74,17-Jul-2018 - 00:00,"Shastri Nagar, Jaipur - RSPCB"
17-Jul-2018 - 00:00,0.47,0.19,0.89,0.39,741.66,42.16,20.65,0.11,72.9,369.46,30.37,2.41,211.97,1.08,0.61,23.67,7.49,17.05,24.49,39.44,12.68,18-Jul-2018 - 00:00,"Shastri Nagar, Jaipur - RSPCB"
18-Jul-2018 - 00:00,0.41,0.19,0.8,0.34,742.34,44.85,21.85,0.08,71.44,371.58,30.39,1.56,212.94,1.26,0.65,35.11,10.57,16.4,26.8,35.95,12.09,19-Jul-2018 - 00:00,"Shastri Nagar, Jaipur - RSPCB"
19-Jul-2018 - 00:00,0.44,0.17,0.68,0.3,742.88,31.39,19.88,0.04,84.35,309.36,27.81,1.5,232.21,0.72,0.63,28.52,7.58,14.95,22.52,31.67,15.72,20-Jul-2018 - 00:00,"Shastri Nagar, Jaipur - RSPCB"
20-Jul-2018 - 00:00,0.51,0.16,0.95,0.38,741.73,47.65,20.32,0.0,77.29,331.52,29.69,1.7,212.69,0.62,0.65,11.37,7.66,15.32,22.67,33.71,7.0,21-Jul-2018 - 00:00,"Shastri Nagar, Jaipur - RSPCB"
21-Jul-2018 - 00:00,0.42,0.16,0.62,0.27,742.41,55.94,20.18,0.0,82.15,285.97,28.79,1.89,253.33,1.07,0.57,6.79,8.57,14.41,22.92,22.05,4.32,22-Jul-2018 - 00:00,"Shastri Nagar, Jaipur - RSPCB"
22-Jul-2018 - 00:00,0.21,0.1,0.31,0.14,742.64,45.89,22.29,0.0,85.92,232.63,27.04,1.62,247.37,1.27,0.41,9.55,7.39,14.06,21.26,23.23,5.01,23-Jul-2018 - 00:00,"Shastri Nagar, Jaipur - RSPCB"
23-Jul-2018 - 00:00,0.36,0.2,0.59,0.27,742.47,49.56,18.39,0.0,85.65,272.04,27.47,1.58,239.15,1.21,0.63,11.06,7.5,12.63,19.77,20.12,10.8,24-Jul-2018 - 00:00,"Shastri Nagar, Jaipur - RSPCB"
24-Jul-2018 - 00:00,0.27,0.12,0.44,0.2,743.03,45.77,3.98,0.0,86.36,305.9,27.71,2.07,242.31,1.4,0.54,9.13,7.49,12.14,19.53,20.14,18.55,25-Jul-2018 - 00:00,"Shastri Nagar, Jaipur - RSPCB"
25-Jul-2018 - 00:00,0.25,0.08,0.32,0.15,743.1,77.67,35.78,0.0,85.1,273.85,27.49,2.0,250.16,1.22,0.54,9.1,7.76,10.76,18.26,16.2,9.98,26-Jul-2018 - 00:00,"Shastri Nagar, Jaipur - RSPCB"
26-Jul-2018 - 00:00,0.3,0.11,0.52,0.27,743.14,146.07,66.35,0.0,78.28,230.76,26.93,1.55,246.26,0.83,0.61,5.54,9.26,16.64,25.57,14.32,9.17,27-Jul-2018 - 00:00,"Shastri Nagar, Jaipur - RSPCB"
27-Jul-2018 - 00:00,0.33,0.13,0.63,0.3,742.62,140.84,58.43,0.0,76.75,237.98,27.56,0.8,251.95,1.12,0.58,5.79,9.22,16.9,26.12,18.35,10.06,28-Jul-2018 - 00:00,"Shastri Nagar, Jaipur - RSPCB"
28-Jul-2018 - 00:00,0.3,0.09,0.47,0.25,743.32,120.78,53.36,0.0,73.36,304.85,28.35,0.81,261.36,0.92,0.59,5.59,8.68,18.04,26.72,21.47,6.95,29-Jul-2018 - 00:00,"Shastri Nagar, Jaipur - RSPCB"
29-Jul-2018 - 00:00,0.14,0.04,0.17,0.15,743.55,123.62,52.3,0.0,68.8,328.32,29.36,0.42,252.56,1.01,0.46,5.9,7.67,15.3,22.96,24.96,8.74,30-Jul-2018 - 00:00,"Shastri Nagar, Jaipur - RSPCB"
30-Jul-2018 - 00:00,0.16,0.04,0.19,0.14,743.42,114.57,46.51,0.0,66.77,308.43,29.26,0.39,243.28,1.32,0.42,6.58,7.09,11.94,19.02,30.36,7.73,31-Jul-2018 - 00:00,"Shastri Nagar, Jaipur - RSPCB"
31-Jul-2018 - 00:00,0.26,0.05,0.24,0.17,742.92,146.68,56.77,0.0,61.8,330.26,30.0,0.51,242.66,1.39,0.5,5.82,7.6,12.88,20.46,29.36,7.5,01-Aug-2018 - 00:00,"Shastri Nagar, Jaipur - RSPCB"
01-Aug-2018 - 00:00,0.32,0.12,0.51,0.28,743.27,184.52,73.55,0.0,59.77,346.42,29.87,0.89,227.07,1.13,0.59,5.13,8.75,19.49,28.23,32.08,7.55,02-Aug-2018 - 00:00,"Shastri Nagar, Jaipur - RSPCB"
02-Aug-2018 - 00:00,0.24,0.08,0.38,0.24,744.24,208.14,80.18,0.0,58.71,356.85,30.07,0.9,213.74,1.03,0.47,4.81,8.5,15.63,24.12,34.93,8.93,03-Aug-2018 - 00:00,"Shastri Nagar, Jaipur - RSPCB"
03-Aug-2018 - 00:00,0.11,0.03,0.11,0.09,744.73,191.21,82.44,0.0,58.16,334.86,29.91,0.49,206.39,1.05,0.48,4.55,7.79,16.82,24.54,28.75,9.46,04-Aug-2018 - 00:00,"Shastri Nagar, Jaipur - RSPCB"
04-Aug-2018 - 00:00,0.25,0.07,0.37,0.18,744.29,183.53,75.67,0.0,57.79,350.38,29.62,0.85,199.16,1.18,0.47,6.56,8.92,17.2,25.29,26.73,9.76,05-Aug-2018 - 00:00,"Shastri Nagar, Jaipur - RSPCB"
05-Aug-2018 - 00:00,0.31,0.1,0.52,0.24,744.0,172.9,73.27,0.0,60.6,265.63,29.14,1.58,195.3,1.0,0.45,4.24,9.34,17.25,26.6,25.51,8.03,06-Aug-2018 - 00:00,"Shastri Nagar, Jaipur - RSPCB"
06-Aug-2018 - 00:00,0.47,0.15,0.74,0.33,743.43,141.07,63.55,0.0,64.03,243.41,28.74,1.76,195.22,0.9,0.55,3.69,9.73,18.14,27.87,23.92,6.72,07-Aug-2018 - 00:00,"Shastri Nagar, Jaipur - RSPCB"
07-Aug-2018 - 00:00,0.58,0.2,0.91,0.42,743.28,119.44,59.23,0.0,70.54,247.02,28.3,2.15,190.37,0.74,0.63,6.08,8.86,22.26,31.12,28.21,6.81,08-Aug-2018 - 00:00,"Shastri Nagar, Jaipur - RSPCB"
08-Aug-2018 - 00:00,0.63,0.18,0.95,0.41,743.6,94.06,45.09,0.0,73.26,218.06,28.4,2.36,180.65,0.79,0.7,8.26,8.18,18.42,26.61,34.24,6.37,09-Aug-2018 - 00:00,"Shastri Nagar, Jaipur - RSPCB"
09-Aug-2018 - 00:00,0.41,0.12,0.66,0.29,745.19,48.61,25.71,0.0,74.34,376.87,29.47,1.59,172.22,1.12,0.63,8.77,7.94,14.57,22.51,37.39,7.36,10-Aug-2018 - 00:00,"Shastri Nagar, Jaipur - RSPCB"
10-Aug-2018 - 00:00,0.27,0.11,0.27,0.14,745.23,62.71,17.43,0.0,73.87,298.28,29.97,2.02,202.51,1.33,0.56,9.45,7.14,14.26,21.4,27.15,8.03,11-Aug-2018 - 00:00,"Shastri Nagar, Jaipur - RSPCB"
11-Aug-2018 - 00:00,0.27,0.13,0.47,0.45,743.59,75.54,10.87,0.0,70.41,271.6,29.12,11.05,203.35,1.19,0.51,9.32,8.18,15.49,23.68,22.46,3.75,12-Aug-2018 - 00:00,"Shastri Nagar, Jaipur - RSPCB"
12-Aug-2018 - 00:00,0.24,0.18,0.52,0.51,741.68,70.5,9.97,0.0,67.43,309.13,28.67,17.67,206.35,0.86,0.47,8.45,8.76,15.76,24.52,23.71,5.34,13-Aug-2018 - 00:00,"Shastri Nagar, Jaipur - RSPCB"
13-Aug-2018 - 00:00,0.31,0.23,0.65,0.48,742.09,102.8,26.4,0.0,66.84,338.52,29.49,22.26,207.57,0.93,0.49,7.8,8.67,15.01,23.68,32.11,4.05,14-Aug-2018 - 00:00,"Shastri Nagar, Jaipur - RSPCB"
14-Aug-2018 - 00:00,0.57,0.36,1.04,0.65,743.12,111.5,50.2,0.0,71.52,318.66,29.59,27.17,213.01,0.96,0.65,6.37,8.83,18.39,27.22,28.79,6.39,15-Aug-2018 - 00:00,"Shastri Nagar, Jaipur - RSPCB"
15-Aug-2018 - 00:00,0.36,0.33,0.81,0.56,744.14,167.81,66.4,0.0,72.81,294.44,28.68,28.31,212.05,1.39,0.53,2.0,11.95,16.07,27.99,26.03,10.24,16-Aug-2018 - 00:00,"Shastri Nagar, Jaipur - RSPCB"
16-Aug-2018 - 00:00,0.57,0.4,1.21,0.73,744.55,57.13,37.01,0.0,74.3,385.52,29.12,28.76,170.22,1.01,0.55,4.3,10.23,16.01,26.23,28.27,9.64,17-Aug-2018 - 00:00,"Shastri Nagar, Jaipur - RSPCB"
17-Aug-2018 - 00:00,0.38,0.29,0.91,0.54,742.82,43.79,39.08,0.0,71.71,353.27,30.27,24.49,170.35,1.53,0.47,9.8,9.04,8.01,16.97,36.15,9.18,18-Aug-2018 - 00:00,"Shastri Nagar, Jaipur - RSPCB"
18-Aug-2018 - 00:00,0.45,0.26,0.87,0.52,742.86,58.1,31.85,0.15,69.72,341.06,30.61,20.7,164.1,1.19,0.52,7.96,7.68,5.98,13.66,36.94,11.04,19-Aug-2018 - 00:00,"Shastri Nagar, Jaipur - RSPCB"
19-Aug-2018 - 00:00,0.63,0.37,1.11,0.66,743.28,54.89,22.35,0.54,84.19,280.63,27.55,23.7,175.97,1.15,0.62,6.11,7.35,4.32,11.65,19.68,7.7,20-Aug-2018 - 00:00,"Shastri Nagar, Jaipur - RSPCB"
20-Aug-2018 - 00:00,0.91,0.85,1.75,1.12,744.23,53.7,9.24,0.01,84.58,251.7,28.1,24.48,192.29,0.94,0.56,6.17,7.17,8.27,15.26,6.45,10.24,21-Aug-2018 - 00:00,"Shastri Nagar, Jaipur - RSPCB"
21-Aug-2018 - 00:00,0.6,0.36,1.24,0.69,743.74,57.92,16.82,0.0,78.05,320.58,29.22,21.51,176.67,0.95,0.71,9.14,7.54,10.55,17.86,19.52,10.1,22-Aug-2018 - 00:00,"Shastri Nagar, Jaipur - RSPCB"
22-Aug-2018 - 00:00,0.31,0.23,0.68,0.41,743.63,54.77,33.06,0.19,82.29,196.68,28.34,18.6,174.77,1.51,0.62,12.84,7.16,10.66,17.64,18.02,10.86,23-Aug-2018 - 00:00,"Shastri Nagar, Jaipur - RSPCB"
23-Aug-2018 - 00:00,0.25,0.14,0.54,0.32,744.87,58.01,31.76,0.1,85.41,172.7,26.47,14.39,171.89,1.24,0.57,13.09,7.68,14.04,21.4,11.44,9.9,24-Aug-2018 - 00:00,"Shastri Nagar, Jaipur - RSPCB"
24-Aug-2018 - 00:00,0.21,0.16,0.52,0.34,744.68,63.51,30.06,0.0,78.6,212.52,27.56,19.4,169.73,0.94,0.48,11.74,8.18,11.64,19.82,15.23,8.45,25-Aug-2018 - 00:00,"Shastri Nagar, Jaipur - RSPCB"
25-Aug-2018 - 00:00,0.22,0.18,0.56,0.38,744.21,61.39,26.4,0.0,73.9,213.42,27.61,22.01,159.91,1.11,0.47,12.86,8.61,12.93,21.51,16.82,10.48,26-Aug-2018 - 00:00,"Shastri Nagar, Jaipur - RSPCB"
26-Aug-2018 - 00:00,0.2,0.22,0.58,0.41,743.61,91.09,36.75,0.0,72.55,228.8,28.07,27.37,168.49,1.25,0.5,12.98,9.11,12.53,21.48,20.68,11.57,27-Aug-2018 - 00:00,"Shastri Nagar, Jaipur - RSPCB"
27-Aug-2018 - 00:00,0.45,0.29,0.91,0.53,744.52,157.3,43.93,0.0,72.46,148.46,27.99,23.34,168.75,1.26,0.59,13.3,8.82,13.07,21.42,23.44,12.12,28-Aug-2018 - 00:00,"Shastri Nagar, Jaipur - RSPCB"
28-Aug-2018 - 00:00,1.16,0.87,1.91,1.22,744.49,389.6,37.98,0.03,77.39,194.38,28.56,26.91,167.58,1.19,0.68,11.49,8.58,12.03,20.56,17.72,12.51,29-Aug-2018 - 00:00,"Shastri Nagar, Jaipur - RSPCB"
29-Aug-2018 - 00:00,0.49,0.51,1.28,0.75,745.42,137.01,26.71,0.14,86.49,172.79,27.24,26.53,174.62,1.19,0.62,12.86,8.0,12.59,20.52,22.31,10.89,30-Aug-2018 - 00:00,"Shastri Nagar, Jaipur - RSPCB"
30-Aug-2018 - 00:00,0.18,0.23,0.51,0.38,744.81,215.21,45.44,0.0,80.33,235.17,28.34,15.82,219.48,1.27,0.44,11.96,8.07,11.3,19.28,20.23,11.83,31-Aug-2018 - 00:00,"Shastri Nagar, Jaipur - RSPCB"
31-Aug-2018 - 00:00,0.18,0.16,0.41,0.33,745.19,99.77,32.88,0.0,74.38,196.72,28.52,8.67,210.75,1.37,0.41,11.41,7.57,11.15,18.72,20.07,10.8,01-Sep-2018 - 00:00,"Shastri Nagar, Jaipur - RSPCB"
01-Sep-2018 - 00:00,0.15,0.2,0.44,0.36,746.28,34.88,22.93,0.0,75.75,149.99,27.32,11.94,208.37,1.5,0.41,13.63,7.91,12.5,20.41,22.15,14.17,02-Sep-2018 - 00:00,"Shastri Nagar, Jaipur - RSPCB"
02-Sep-2018 - 00:00,0.25,0.3,0.74,0.53,746.06,43.87,23.02,0.1,83.7,157.17,25.96,15.3,208.27,1.03,0.44,15.47,8.52,13.45,21.96,17.67,13.09,03-Sep-2018 - 00:00,"Shastri Nagar, Jaipur - RSPCB"
03-Sep-2018 - 00:00,0.31,0.35,0.88,0.6,746.16,41.98,23.21,0.02,88.3,167.74,25.6,16.55,210.99,1.01,0.49,15.96,8.74,13.75,22.49,14.41,14.8,04-Sep-2018 - 00:00,"Shastri Nagar, Jaipur - RSPCB"
04-Sep-2018 - 00:00,0.21,0.3,0.66,0.48,746.68,41.6,26.54,0.0,80.66,175.96,26.82,15.16,213.71,1.4,0.41,15.18,8.54,13.0,21.54,16.94,14.05,05-Sep-2018 - 00:00,"Shastri Nagar, Jaipur - RSPCB"
05-Sep-2018 - 00:00,0.38,0.23,0.57,0.42,746.24,115.03,35.72,0.0,73.91,246.71,27.58,10.35,217.94,1.39,0.52,15.08,8.07,13.18,21.08,18.17,13.89,06-Sep-2018 - 00:00,"Shastri Nagar, Jaipur - RSPCB"
06-Sep-2018 - 00:00,0.36,0.26,0.73,0.5,746.01,136.74,45.96,0.15,79.02,187.43,26.0,11.56,206.69,1.3,0.45,17.68,8.23,14.75,22.97,20.2,11.67,07-Sep-2018 - 00:00,"Shastri Nagar, Jaipur - RSPCB"
07-Sep-2018 - 00:00,0.26,0.27,0.65,0.45,746.44,96.46,43.21,0.2,78.37,281.42,26.6,10.91,207.05,1.19,0.4,17.7,8.53,14.71,23.22,25.14,11.43,08-Sep-2018 - 00:00,"Shastri Nagar, Jaipur - RSPCB"
08-Sep-2018 - 00:00,0.36,0.25,0.77,0.42,749.4,38.96,29.06,0.19,86.46,181.86,25.74,6.82,166.81,1.48,0.61,14.16,7.89,13.31,21.19,21.23,15.93,09-Sep-2018 - 00:00,"Shastri Nagar, Jaipur - RSPCB"
09-Sep-2018 - 00:00,0.54,0.2,1.04,0.46,756.65,34.64,23.84,0.05,90.36,170.46,24.51,2.82,176.19,1.02,0.79,6.61,7.99,9.38,17.36,15.55,9.97,10-Sep-2018 - 00:00,"Shastri Nagar, Jaipur - RSPCB"
10-Sep-2018 - 00:00,0.55,0.28,1.13,0.57,759.25,58.3,35.56,0.01,90.8,143.08,24.71,3.38,214.51,0.79,0.79,6.52,8.77,9.69,18.46,5.52,10.56,11-Sep-2018 - 00:00,"Shastri Nagar, Jaipur - RSPCB"
11-Sep-2018 - 00:00,0.85,0.77,1.09,0.72,759.39,75.0,38.16,0.0,88.42,129.18,25.25,3.44,208.54,0.73,0.96,8.6,9.89,9.53,18.83,5.91,11.69,12-Sep-2018 - 00:00,"Shastri Nagar, Jaipur - RSPCB"
12-Sep-2018 - 00:00,0.38,0.13,0.47,0.28,757.7,81.24,46.23,0.0,75.32,93.65,27.29,4.15,199.27,1.18,0.53,11.62,8.94,9.75,18.67,13.73,9.4,13-Sep-2018 - 00:00,"Shastri Nagar, Jaipur - RSPCB"
13-Sep-2018 - 00:00,0.4,0.46,1.13,0.73,757.29,83.86,68.91,0.0,69.51,229.9,27.11,20.78,192.06,0.97,0.8,12.96,8.35,10.49,18.81,18.93,13.26,14-Sep-2018 - 00:00,"Shastri Nagar, Jaipur - RSPCB"
14-Sep-2018 - 00:00,0.49,0.35,0.93,0.58,758.68,79.32,61.09,0.0,64.49,270.86,27.65,13.7,172.1,0.82,0.7,12.63,8.99,10.29,19.24,22.98,10.72,15-Sep-2018 - 00:00,"Shastri Nagar, Jaipur - RSPCB"
15-Sep-2018 - 00:00,0.35,0.31,0.79,0.56,759.75,77.74,55.07,0.0,57.98,233.21,28.23,14.64,165.66,1.16,0.66,12.37,9.1,10.09,19.17,29.97,9.61,16-Sep-2018 - 00:00,"Shastri Nagar, Jaipur - RSPCB"
16-Sep-2018 - 00:00,0.4,0.44,0.95,0.71,759.02,75.19,50.51,0.0,51.54,238.28,28.97,20.36,164.31,1.17,0.73,11.77,9.88,9.92,19.8,35.57,10.11,17-Sep-2018 - 00:00,"Shastri Nagar, Jaipur - RSPCB"
17-Sep-2018 - 00:00,0.53,0.32,0.85,0.59,758.06,70.25,46.16,0.0,50.23,229.1,29.28,15.0,166.32,1.51,0.62,11.34,10.28,9.54,19.82,35.11,7.84,18-Sep-2018 - 00:00,"Shastri Nagar, Jaipur - RSPCB"
18-Sep-2018 - 00:00,0.2,0.11,0.27,0.17,758.12,82.78,49.88,0.0,45.06,310.77,29.98,4.19,168.04,1.35,0.63,11.83,10.58,9.79,20.37,32.21,11.21,19-Sep-2018 - 00:00,"Shastri Nagar, Jaipur - RSPCB"
19-Sep-2018 - 00:00,0.04,0.24,0.03,0.06,757.13,82.69,41.09,0.0,39.98,415.67,30.6,0.37,132.4,1.27,0.69,23.09,11.4,18.89,28.47,35.31,14.95,20-Sep-2018 - 00:00,"Shastri Nagar, Jaipur - RSPCB"
20-Sep-2018 - 00:00,0.39,0.31,0.27,0.34,756.61,91.81,36.13,0.0,35.28,215.21,30.89,1.27,73.98,1.72,0.84,45.76,7.5,20.05,27.54,50.74,13.71,21-Sep-2018 - 00:00,"Shastri Nagar, Jaipur - RSPCB"
21-Sep-2018 - 00:00,1.0,0.81,0.7,0.89,757.33,87.88,34.84,0.0,61.97,216.67,28.54,3.32,75.94,1.65,0.72,45.35,7.37,12.01,19.39,72.79,14.96,22-Sep-2018 - 00:00,"Shastri Nagar, Jaipur - RSPCB"
22-Sep-2018 - 00:00,1.0,0.8,0.7,0.91,756.88,39.54,14.93,0.05,84.48,125.89,25.23,3.27,59.18,1.47,0.67,37.66,7.47,10.13,17.6,29.51,12.63,23-Sep-2018 - 00:00,"Shastri Nagar, Jaipur - RSPCB"
23-Sep-2018 - 00:00,1.0,0.8,0.7,0.9,756.61,32.5,15.23,0.14,91.33,93.56,24.21,3.29,90.04,1.76,0.66,35.69,7.06,9.3,16.36,28.57,14.63,24-Sep-2018 - 00:00,"Shastri Nagar, Jaipur - RSPCB"
24-Sep-2018 - 00:00,1.01,0.8,0.7,0.9,757.15,37.59,18.19,0.14,89.15,153.41,24.87,3.33,105.57,1.17,0.62,32.69,7.36,11.07,18.42,20.32,13.21,25-Sep-2018 - 00:00,"Shastri Nagar, Jaipur - RSPCB"
25-Sep-2018 - 00:00,1.0,0.79,0.7,0.91,758.37,80.6,33.85,0.0,71.01,248.64,27.03,3.3,101.11,0.92,0.83,34.12,7.65,14.07,21.72,24.55,14.22,26-Sep-2018 - 00:00,"Shastri Nagar, Jaipur - RSPCB"
26-Sep-2018 - 00:00,1.0,0.8,0.7,0.91,758.15,101.64,39.86,0.0,60.32,233.05,28.56,3.32,91.06,0.87,1.42,36.6,9.5,19.58,29.08,22.26,10.42,27-Sep-2018 - 00:00,"Shastri Nagar, Jaipur - RSPCB"
27-Sep-2018 - 00:00,1.01,0.8,0.69,0.91,758.71,98.12,49.68,0.0,44.67,226.04,29.48,3.3,78.7,0.79,0.82,38.62,9.2,28.49,37.69,18.07,12.39,28-Sep-2018 - 00:00,"Shastri Nagar, Jaipur - RSPCB"
28-Sep-2018 - 00:00,0.99,0.8,0.71,0.9,759.37,87.73,58.79,0.0,36.67,223.28,29.83,3.33,77.91,0.72,1.71,39.01,11.12,27.76,38.88,25.58,12.36,29-Sep-2018 - 00:00,"Shastri Nagar, Jaipur - RSPCB"
29-Sep-2018 - 00:00,1.02,0.81,1.19,1.0,759.83,74.92,41.64,0.0,34.87,226.88,29.96,7.65,65.83,0.77,1.46,45.96,9.5,26.38,35.88,24.84,10.74,30-Sep-2018 - 00:00,"Shastri Nagar, Jaipur - RSPCB"
30-Sep-2018 - 00:00,1.17,0.86,2.11,1.27,759.48,85.39,41.56,0.0,35.3,218.49,30.2,20.31,71.65,0.97,1.29,36.38,8.16,17.23,25.39,32.18,7.98,01-Oct-2018 - 00:00,"Shastri Nagar, Jaipur - RSPCB"
01-Oct-2018 - 00:00,1.44,0.67,1.71,1.06,759.22,75.26,44.22,0.0,35.87,211.97,30.59,16.6,73.19,0.89,1.14,33.36,8.07,14.27,22.35,29.62,9.05,02-Oct-2018 - 00:00,"Shastri Nagar, Jaipur - RSPCB"
02-Oct-2018 - 00:00,1.52,1.06,2.61,1.52,759.67,84.69,44.68,0.0,36.63,216.75,31.02,21.55,72.66,0.8,1.51,36.97,10.15,15.77,25.92,31.27,14.75,03-Oct-2018 - 00:00,"Shastri Nagar, Jaipur - RSPCB"
03-Oct-2018 - 00:00,1.6,0.96,2.58,1.55,759.25,79.11,38.76,0.0,38.34,179.42,30.19,17.31,79.69,0.84,1.47,44.82,8.49,29.26,37.21,37.06,17.04,04-Oct-2018 - 00:00,"Shastri Nagar, Jaipur - RSPCB"
04-Oct-2018 - 00:00,1.21,0.76,2.09,1.3,759.78,67.98,39.7,0.0,34.54,235.59,30.76,16.3,82.01,0.89,1.2,49.78,8.3,30.06,38.36,54.24,10.88,05-Oct-2018 - 00:00,"Shastri Nagar, Jaipur - RSPCB"
05-Oct-2018 - 00:00,1.24,0.72,2.06,1.29,757.89,79.78,39.13,0.0,32.98,208.41,31.16,15.21,65.45,0.92,1.24,42.46,8.49,26.31,34.79,45.24,11.51,06-Oct-2018 - 00:00,"Shastri Nagar, Jaipur - RSPCB"
06-Oct-2018 - 00:00,0.72,0.57,1.44,1.04,755.85,107.26,36.79,0.0,29.38,282.78,30.75,17.07,60.65,0.95,0.91,43.2,7.91,21.27,29.19,56.72,15.08,07-Oct-2018 - 00:00,"Shastri Nagar, Jaipur - RSPCB"
07-Oct-2018 - 00:00,0.9,0.58,1.53,1.09,752.39,88.38,36.44,0.0,26.82,212.35,31.09,18.8,58.64,1.0,1.11,41.08,7.46,22.77,30.24,75.33,14.5,08-Oct-2018 - 00:00,"Shastri Nagar, Jaipur - RSPCB"
08-Oct-2018 - 00:00,1.38,0.89,2.41,1.44,753.81,81.77,40.33,0.0,25.79,292.72,31.15,17.04,63.85,0.93,1.36,37.47,8.96,34.97,43.93,61.56,14.4,09-Oct-2018 - 00:00,"Shastri Nagar, Jaipur - RSPCB"
09-Oct-2018 - 00:00,1.18,0.73,2.04,1.28,757.93,77.25,37.23,0.0,24.82,279.56,30.99,13.83,46.85,0.87,1.32,38.77,9.9,39.11,49.01,25.76,12.95,10-Oct-2018 - 00:00,"Shastri Nagar, Jaipur - RSPCB"
10-Oct-2018 - 00:00,1.15,0.84,1.86,1.24,758.06,95.45,62.21,0.0,28.97,187.44,30.28,17.3,41.56,1.09,1.02,39.3,7.56,29.39,36.95,45.92,15.31,11-Oct-2018 - 00:00,"Shastri Nagar, Jaipur - RSPCB"
11-Oct-2018 - 00:00,0.83,0.51,1.24,0.85,758.86,94.34,61.01,0.0,29.15,180.44,29.04,18.73,33.25,1.56,0.86,35.5,7.13,19.94,27.05,77.92,10.75,12-Oct-2018 - 00:00,"Shastri Nagar, Jaipur - RSPCB"
12-Oct-2018 - 00:00,0.86,0.41,1.18,0.85,760.33,100.88,51.93,0.0,42.46,202.14,27.68,19.39,42.14,1.22,0.92,35.47,7.35,17.58,24.92,79.95,10.4,13-Oct-2018 - 00:00,"Shastri Nagar, Jaipur - RSPCB"
13-Oct-2018 - 00:00,0.87,0.47,1.29,0.88,759.63,77.09,50.39,0.0,30.56,227.14,27.72,17.13,39.06,1.09,0.88,33.27,7.26,19.97,27.23,63.44,11.96,14-Oct-2018 - 00:00,"Shastri Nagar, Jaipur - RSPCB"
14-Oct-2018 - 00:00,1.03,0.55,1.54,1.08,758.63,85.77,58.47,0.0,28.9,187.44,27.85,24.03,37.92,0.83,1.09,31.19,7.2,20.84,28.04,46.13,15.24,15-Oct-2018 - 00:00,"Shastri Nagar, Jaipur - RSPCB"
15-Oct-2018 - 00:00,1.67,1.74,1.71,1.56,758.51,98.73,59.73,0.0,22.22,187.59,29.35,21.71,36.91,1.05,1.7,25.56,10.03,37.27,47.31,48.15,15.34,16-Oct-2018 - 00:00,"Shastri Nagar, Jaipur - RSPCB"
16-Oct-2018 - 00:00,2.25,1.54,1.92,2.02,758.44,81.62,58.99,0.0,24.17,182.59,29.47,25.68,35.85,0.68,1.78,32.05,8.85,41.54,50.39,31.02,14.26,17-Oct-2018 - 00:00,"Shastri Nagar, Jaipur - RSPCB"
17-Oct-2018 - 00:00,1.92,1.97,1.13,1.76,757.61,82.91,56.32,0.0,24.87,190.08,28.95,24.31,49.04,0.79,1.82,32.48,11.59,40.84,52.43,26.24,16.39,18-Oct-2018 - 00:00,"Shastri Nagar, Jaipur - RSPCB"
18-Oct-2018 - 00:00,2.52,2.82,0.93,2.3,757.29,77.98,60.05,0.0,24.55,231.11,28.78,26.75,62.21,0.9,1.85,33.05,9.16,43.76,52.92,27.66,12.56,19-Oct-2018 - 00:00,"Shastri Nagar, Jaipur - RSPCB"
19-Oct-2018 - 00:00,1.8,1.92,0.64,1.82,758.27,82.43,74.0,0.0,25.97,170.05,28.67,29.03,60.22,0.74,1.68,33.45,8.6,38.25,46.85,40.3,11.43,20-Oct-2018 - 00:00,"Shastri Nagar, Jaipur - RSPCB"
20-Oct-2018 - 00:00,1.91,2.77,0.45,1.59,759.31,79.84,59.83,0.0,25.97,166.18,29.0,20.17,59.74,1.44,1.55,29.89,7.71,31.57,39.27,53.3,10.11,21-Oct-2018 - 00:00,"Shastri Nagar, Jaipur - RSPCB"
21-Oct-2018 - 00:00,1.12,1.78,0.45,1.08,760.05,66.77,62.71,0.0,25.31,172.44,27.74,22.64,50.69,1.42,1.04,30.16,7.1,22.24,29.34,51.26,11.2,22-Oct-2018 - 00:00,"Shastri Nagar, Jaipur - RSPCB"
22-Oct-2018 - 00:00,1.35,2.41,0.41,1.27,759.85,56.05,44.47,0.0,22.37,166.93,26.73,18.31,51.5,0.77,1.3,25.84,8.93,36.22,44.75,45.08,11.45,23-Oct-2018 - 00:00,"Shastri Nagar, Jaipur - RSPCB"
23-Oct-2018 - 00:00,1.35,2.8,0.45,1.43,759.43,60.74,42.27,0.0,19.27,179.9,27.5,22.95,50.12,0.76,1.24,22.15,7.35,25.61,32.96,55.65,10.99,24-Oct-2018 - 00:00,"Shastri Nagar, Jaipur - RSPCB"
24-Oct-2018 - 00:00,1.58,3.18,0.48,1.58,758.97,58.19,46.39,0.0,23.24,183.65,28.12,23.07,52.92,0.79,1.5,25.32,7.94,30.77,38.71,48.96,10.76,25-Oct-2018 - 00:00,"Shastri Nagar, Jaipur - RSPCB"
25-Oct-2018 - 00:00,1.89,3.72,0.4,2.04,759.65,58.16,40.8,0.0,24.84,190.99,28.54,20.32,50.12,0.84,1.58,21.78,8.88,35.18,44.07,44.94,11.84,26-Oct-2018 - 00:00,"Shastri Nagar, Jaipur - RSPCB"
26-Oct-2018 - 00:00,1.13,2.05,0.33,1.12,761.16,83.4,51.98,0.0,28.36,173.23,28.0,12.38,46.53,1.17,1.16,29.08,10.69,34.03,44.62,43.25,7.38,27-Oct-2018 - 00:00,"Shastri Nagar, Jaipur - RSPCB"
27-Oct-2018 - 00:00,1.04,1.69,0.29,0.91,761.46,96.56,63.5,0.0,28.89,178.3,27.92,0.43,47.01,1.25,1.06,40.67,22.0,59.96,81.96,28.08,10.83,28-Oct-2018 - 00:00,"Shastri Nagar, Jaipur - RSPCB"
28-Oct-2018 - 00:00,1.17,1.65,0.39,0.85,761.29,106.41,74.79,0.0,27.78,166.37,27.53,0.45,47.11,1.32,1.23,40.56,19.65,62.35,82.0,28.09,15.56,29-Oct-2018 - 00:00,"Shastri Nagar, Jaipur - RSPCB"
29-Oct-2018 - 00:00,1.74,2.3,0.26,0.74,760.94,107.08,78.38,0.0,29.43,160.63,26.77,0.38,45.37,0.88,1.47,37.3,16.14,60.15,76.29,38.06,15.82,30-Oct-2018 - 00:00,"Shastri Nagar, Jaipur - RSPCB"
30-Oct-2018 - 00:00,2.49,3.65,0.28,0.47,760.72,105.89,64.1,0.0,30.99,167.3,26.74,0.43,46.27,0.87,2.05,39.54,41.5,63.63,105.13,42.41,12.74,31-Oct-2018 - 00:00,"Shastri Nagar, Jaipur - RSPCB"
31-Oct-2018 - 00:00,2.2,3.34,0.26,0.39,760.99,90.63,44.63,0.0,30.21,169.16,27.42,0.38,46.28,1.06,1.66,35.91,19.05,58.17,77.22,127.58,12.4,01-Nov-2018 - 00:00,"Shastri Nagar, Jaipur - RSPCB"
01-Nov-2018 - 00:00,3.08,5.18,0.22,0.07,760.22,88.59,46.71,0.0,33.33,174.64,26.61,0.46,101.55,0.61,2.65,37.86,58.65,57.6,116.25,65.78,24.64,02-Nov-2018 - 00:00,"Shastri Nagar, Jaipur - RSPCB"
02-Nov-2018 - 00:00,3.36,6.37,0.32,0.01,759.28,78.91,40.18,0.0,29.59,169.68,27.17,0.42,122.76,0.56,2.44,44.67,65.26,64.71,129.97,53.18,9.2,03-Nov-2018 - 00:00,"Shastri Nagar, Jaipur - RSPCB"
03-Nov-2018 - 00:00,2.18,3.95,0.22,0.01,758.29,61.31,30.11,0.0,29.4,173.64,27.49,0.3,113.53,0.89,1.63,37.08,34.96,54.72,89.67,25.41,13.06,04-Nov-2018 - 00:00,"Shastri Nagar, Jaipur - RSPCB"
04-Nov-2018 - 00:00,1.47,1.59,0.13,0.04,759.54,111.16,51.04,0.0,33.33,160.2,23.83,0.21,184.97,1.58,0.9,32.02,15.65,34.03,49.67,30.23,11.33,05-Nov-2018 - 00:00,"Shastri Nagar, Jaipur - RSPCB"
05-Nov-2018 - 00:00,0.83,0.93,0.11,0.03,760.16,54.36,29.97,0.0,22.87,173.2,22.15,0.22,319.29,1.13,0.74,26.23,21.23,35.25,56.48,31.15,12.16,06-Nov-2018 - 00:00,"Shastri Nagar, Jaipur - RSPCB"
06-Nov-2018 - 00:00,1.45,1.52,0.17,0.02,760.84,73.64,50.07,0.0,30.74,194.68,21.65,0.26,317.5,0.98,1.15,18.53,24.99,38.45,63.44,30.88,12.77,07-Nov-2018 - 00:00,"Shastri Nagar, Jaipur - RSPCB"
07-Nov-2018 - 00:00,1.38,2.24,0.17,0.02,760.74,98.0,66.12,0.0,17.5,203.06,22.79,0.27,242.57,0.54,1.2,7.3,28.66,27.64,56.3,26.51,13.5,08-Nov-2018 - 00:00,"Shastri Nagar, Jaipur - RSPCB"
08-Nov-2018 - 00:00,2.03,3.19,0.3,0.0,760.61,195.85,73.79,0.0,19.24,175.16,23.8,0.39,125.19,0.52,2.31,6.85,33.88,22.42,56.3,25.85,26.78,09-Nov-2018 - 00:00,"Shastri Nagar, Jaipur - RSPCB"
09-Nov-2018 - 00:00,4.24,7.25,0.33,0.0,,207.79,74.48,0.0,27.99,198.73,23.26,0.43,162.58,0.45,3.08,6.79,43.22,10.36,53.58,32.94,15.12,10-Nov-2018 - 00:00,"Shastri Nagar, Jaipur - RSPCB"
10-Nov-2018 - 00:00,4.67,8.32,0.39,0.0,,247.49,58.6,0.0,27.98,198.23,24.14,0.48,161.72,0.44,3.43,8.46,28.79,47.34,76.13,29.88,13.08,11-Nov-2018 - 00:00,"Shastri Nagar, Jaipur - RSPCB"
11-Nov-2018 - 00:00,3.07,5.63,0.37,0.0,,191.4,55.46,0.0,25.72,189.74,25.15,0.45,169.93,0.57,2.55,8.96,22.06,66.04,88.1,26.11,10.69,12-Nov-2018 - 00:00,"Shastri Nagar, Jaipur - RSPCB"
12-Nov-2018 - 00:00,2.98,5.74,0.41,0.0,,175.57,54.89,0.0,26.07,188.2,25.99,0.55,155.54,0.55,2.75,9.52,22.62,78.53,101.15,22.41,18.64,13-Nov-2018 - 00:00,"Shastri Nagar, Jaipur - RSPCB"
13-Nov-2018 - 00:00,3.75,6.59,0.36,0.0,758.49,187.08,51.33,0.0,32.27,178.14,26.05,0.47,164.5,0.58,2.68,9.62,21.37,79.83,100.28,13.84,13.71,14-Nov-2018 - 00:00,"Shastri Nagar, Jaipur - RSPCB"
14-Nov-2018 - 00:00,1.46,2.63,0.29,0.0,759.7,130.28,60.44,0.0,41.56,184.71,25.26,0.48,137.7,1.2,1.56,9.64,15.82,85.82,101.64,20.72,11.51,15-Nov-2018 - 00:00,"Shastri Nagar, Jaipur - RSPCB"
15-Nov-2018 - 00:00,1.68,2.07,0.35,0.0,761.18,175.22,70.09,0.0,42.66,205.16,23.58,0.57,204.45,1.1,1.44,9.87,14.79,91.55,106.34,21.66,3.74,16-Nov-2018 - 00:00,"Shastri Nagar, Jaipur - RSPCB"
16-Nov-2018 - 00:00,1.39,1.3,0.17,0.01,761.71,171.8,59.0,0.0,41.91,176.1,22.18,0.33,208.42,0.93,1.35,10.68,10.73,72.61,83.4,41.56,10.84,17-Nov-2018 - 00:00,"Shastri Nagar, Jaipur - RSPCB"
17-Nov-2018 - 00:00,3.25,2.78,3.13,1.48,760.34,172.96,60.76,0.0,31.63,204.59,22.84,5.0,175.48,0.55,2.34,11.55,8.11,28.05,36.16,36.12,11.07,18-Nov-2018 - 00:00,"Shastri Nagar, Jaipur - RSPCB"
18-Nov-2018 - 00:00,1.68,0.67,2.4,1.26,760.45,137.84,74.04,0.0,31.69,205.98,24.46,10.96,162.08,0.77,1.69,11.84,7.28,30.4,37.69,56.32,16.6,19-Nov-2018 - 00:00,"Shastri Nagar, Jaipur - RSPCB"
19-Nov-2018 - 00:00,1.63,0.69,2.34,1.17,761.75,137.1,66.17,0.0,30.07,208.22,25.96,7.87,166.93,0.86,1.82,11.89,7.09,30.9,37.99,55.55,12.88,20-Nov-2018 - 00:00,"Shastri Nagar, Jaipur - RSPCB"
20-Nov-2018 - 00:00,1.62,0.79,2.16,1.14,762.61,132.69,67.94,0.0,32.11,214.41,25.32,9.23,176.22,0.65,1.54,12.03,7.37,31.34,38.72,38.11,13.21,21-Nov-2018 - 00:00,"Shastri Nagar, Jaipur - RSPCB"
21-Nov-2018 - 00:00,2.18,0.96,2.51,1.28,763.08,167.32,93.4,0.0,33.52,206.15,23.56,9.65,168.99,0.56,1.65,12.19,7.3,32.17,39.48,49.65,14.19,22-Nov-2018 - 00:00,"Shastri Nagar, Jaipur - RSPCB"
22-Nov-2018 - 00:00,1.26,0.37,1.48,0.77,763.07,138.2,78.86,0.0,31.15,195.65,24.06,9.04,113.63,0.96,1.0,12.18,6.98,32.51,39.49,76.15,11.13,23-Nov-2018 - 00:00,"Shastri Nagar, Jaipur - RSPCB"
23-Nov-2018 - 00:00,0.92,0.25,0.87,0.51,764.58,132.31,69.84,0.0,30.36,180.83,23.77,8.34,186.75,0.79,0.95,12.25,6.93,32.76,39.69,62.35,14.76,24-Nov-2018 - 00:00,"Shastri Nagar, Jaipur - RSPCB"
24-Nov-2018 - 00:00,1.54,0.69,1.65,0.87,764.05,148.23,78.09,0.0,30.83,184.8,22.32,7.57,197.36,1.08,1.23,12.52,7.06,34.24,41.3,50.52,16.87,25-Nov-2018 - 00:00,"Shastri Nagar, Jaipur - RSPCB"
25-Nov-2018 - 00:00,2.05,0.86,2.58,1.37,763.2,145.89,79.53,0.0,33.12,195.72,22.69,12.69,177.81,0.62,1.48,12.67,7.31,34.93,42.24,38.29,13.22,26-Nov-2018 - 00:00,"Shastri Nagar, Jaipur - RSPCB"
26-Nov-2018 - 00:00,0.96,0.32,1.28,0.69,762.37,100.15,48.15,0.0,29.18,195.85,23.61,8.67,165.93,0.75,0.9,12.7,6.87,35.54,42.41,51.15,13.16,27-Nov-2018 - 00:00,"Shastri Nagar, Jaipur - RSPCB"
27-Nov-2018 - 00:00,1.14,0.33,1.16,0.63,763.11,115.81,69.26,0.0,35.46,191.21,23.31,8.82,123.73,0.98,1.12,12.66,6.87,35.62,42.49,78.64,17.42,28-Nov-2018 - 00:00,"Shastri Nagar, Jaipur - RSPCB"
28-Nov-2018 - 00:00,1.26,0.26,1.01,0.56,763.81,141.18,96.86,0.0,48.36,175.86,21.45,9.04,114.03,1.07,1.15,12.66,6.28,35.77,41.76,83.11,13.02,29-Nov-2018 - 00:00,"Shastri Nagar, Jaipur - RSPCB"
29-Nov-2018 - 00:00,1.98,0.69,2.2,1.15,764.54,138.74,83.78,0.0,48.33,195.22,21.1,11.03,162.74,0.52,1.64,10.47,7.02,18.49,25.51,40.25,12.75,30-Nov-2018 - 00:00,"Shastri Nagar, Jaipur - RSPCB"
30-Nov-2018 - 00:00,2.34,1.0,2.98,1.57,764.34,136.88,63.05,0.0,42.29,192.85,21.37,11.59,191.12,0.61,1.8,17.92,12.21,19.25,31.46,18.73,14.06,01-Dec-2018 - 00:00,"Shastri Nagar, Jaipur - RSPCB"
01-Dec-2018 - 00:00,2.3,0.98,2.91,1.5,762.29,139.81,59.53,0.0,36.83,189.61,21.24,11.44,176.05,0.56,1.75,36.81,28.77,31.47,60.24,30.17,14.51,02-Dec-2018 - 00:00,"Shastri Nagar, Jaipur - RSPCB"
02-Dec-2018 - 00:00,2.73,1.26,3.65,1.95,761.28,153.37,64.66,0.0,39.13,182.1,20.57,16.29,168.19,0.43,2.0,38.46,27.71,30.19,57.9,25.91,12.17,03-Dec-2018 - 00:00,"Shastri Nagar, Jaipur - RSPCB"
03-Dec-2018 - 00:00,3.11,1.53,4.48,2.31,762.08,153.59,62.81,0.0,39.68,177.66,20.43,17.15,155.41,0.48,2.25,40.12,33.88,30.47,64.35,24.19,12.44,04-Dec-2018 - 00:00,"Shastri Nagar, Jaipur - RSPCB"
04-Dec-2018 - 00:00,2.59,1.21,3.79,1.93,763.26,125.07,54.58,0.0,37.1,172.45,20.25,15.82,148.38,0.66,1.89,36.84,23.98,29.08,53.06,33.91,15.31,05-Dec-2018 - 00:00,"Shastri Nagar, Jaipur - RSPCB"
05-Dec-2018 - 00:00,2.84,1.45,4.28,2.2,761.64,140.32,57.75,0.0,36.6,172.82,19.61,15.23,167.89,0.51,2.05,34.39,27.27,30.45,57.72,28.08,12.76,06-Dec-2018 - 00:00,"Shastri Nagar, Jaipur - RSPCB"
06-Dec-2018 - 00:00,2.51,1.29,3.84,2.0,761.01,139.25,64.84,0.0,36.22,174.41,19.75,15.75,158.25,0.61,1.77,32.93,23.4,27.31,50.71,35.61,10.43,07-Dec-2018 - 00:00,"Shastri Nagar, Jaipur - RSPCB"
07-Dec-2018 - 00:00,2.2,1.1,3.49,1.75,761.71,123.06,49.12,0.0,34.91,176.64,20.0,15.4,150.94,0.49,1.88,30.73,24.61,25.33,49.94,33.87,12.29,08-Dec-2018 - 00:00,"Shastri Nagar, Jaipur - RSPCB"
08-Dec-2018 - 00:00,2.59,1.35,4.04,2.04,762.25,138.84,56.38,0.0,36.81,171.3,20.09,16.36,161.03,0.65,2.03,32.28,27.21,26.95,54.16,33.08,11.84,09-Dec-2018 - 00:00,"Shastri Nagar, Jaipur - RSPCB"
09-Dec-2018 - 00:00,2.86,1.55,4.51,2.29,761.48,147.04,63.09,0.0,40.56,174.7,19.51,18.03,165.28,0.51,2.19,31.78,28.41,26.63,55.04,25.43,13.32,10-Dec-2018 - 00:00,"Shastri Nagar, Jaipur - RSPCB"
10-Dec-2018 - 00:00,2.67,1.34,4.15,2.36,760.82,142.94,58.57,0.0,37.05,170.43,20.35,14.26,159.24,0.9,2.02,30.41,24.26,25.91,50.17,35.19,11.97,11-Dec-2018 - 00:00,"Shastri Nagar, Jaipur - RSPCB"
11-Dec-2018 - 00:00,1.44,0.49,1.91,1.04,761.33,112.41,54.27,0.0,42.6,172.57,19.82,10.29,145.76,1.12,1.18,26.42,11.12,23.17,34.29,54.14,10.35,12-Dec-2018 - 00:00,"Shastri Nagar, Jaipur - RSPCB"
12-Dec-2018 - 00:00,0.92,0.22,0.97,0.54,762.18,87.11,52.12,0.03,61.16,182.45,17.94,8.86,127.91,1.11,0.98,25.3,9.7,19.19,28.9,53.87,11.16,13-Dec-2018 - 00:00,"Shastri Nagar, Jaipur - RSPCB"
13-Dec-2018 - 00:00,0.86,0.17,0.62,0.35,765.01,71.83,42.56,0.0,72.54,179.12,15.03,6.06,163.49,0.9,0.74,22.13,9.41,13.19,22.59,34.73,9.99,14-Dec-2018 - 00:00,"Shastri Nagar, Jaipur - RSPCB"
14-Dec-2018 - 00:00,0.59,0.14,0.59,0.32,766.74,64.83,25.55,0.0,54.22,165.72,15.71,6.19,162.76,0.72,0.69,19.59,8.76,12.61,21.37,45.35,10.39,15-Dec-2018 - 00:00,"Shastri Nagar, Jaipur - RSPCB"
15-Dec-2018 - 00:00,0.71,0.18,0.85,0.46,766.64,68.46,27.67,0.0,47.13,177.65,15.91,7.8,132.1,0.52,0.8,20.09,10.36,16.26,26.62,36.45,11.44,16-Dec-2018 - 00:00,"Shastri Nagar, Jaipur - RSPCB"
16-Dec-2018 - 00:00,0.83,0.28,1.01,0.57,766.46,86.3,34.23,0.0,40.12,181.85,16.57,9.09,119.76,0.65,0.81,20.57,10.71,18.3,29.01,37.11,12.87,17-Dec-2018 - 00:00,"Shastri Nagar, Jaipur - RSPCB"
17-Dec-2018 - 00:00,0.99,0.24,1.04,0.55,765.4,93.56,38.01,0.0,37.67,155.54,16.62,7.56,140.28,0.65,0.94,19.54,9.29,18.1,27.39,44.8,14.21,18-Dec-2018 - 00:00,"Shastri Nagar, Jaipur - RSPCB"
18-Dec-2018 - 00:00,1.34,0.52,1.52,0.82,764.42,102.27,36.02,0.0,26.36,169.15,17.44,8.95,171.59,0.7,1.15,20.24,14.27,17.03,31.3,38.14,15.41,19-Dec-2018 - 00:00,"Shastri Nagar, Jaipur - RSPCB"
19-Dec-2018 - 00:00,3.19,1.43,4.48,2.25,763.73,185.59,54.04,0.0,30.3,167.06,17.64,14.44,153.81,0.46,2.42,26.15,32.01,22.91,54.92,23.75,13.62,20-Dec-2018 - 00:00,"Shastri Nagar, Jaipur - RSPCB"
20-Dec-2018 - 00:00,4.26,2.08,6.43,3.15,763.71,196.49,80.66,0.0,37.3,172.28,17.73,16.17,149.44,0.4,2.59,27.23,69.9,31.71,101.6,17.28,15.97,21-Dec-2018 - 00:00,"Shastri Nagar, Jaipur - RSPCB"
21-Dec-2018 - 00:00,5.86,2.69,7.24,3.51,762.83,175.89,116.46,0.0,38.54,174.35,17.58,18.45,146.41,0.5,2.55,26.92,55.58,52.11,107.69,30.73,12.59,22-Dec-2018 - 00:00,"Shastri Nagar, Jaipur - RSPCB"
22-Dec-2018 - 00:00,2.06,0.85,2.9,1.55,762.68,118.79,81.75,0.0,42.84,167.28,17.15,12.74,150.84,0.67,1.39,23.18,30.49,50.92,81.4,35.74,12.8,23-Dec-2018 - 00:00,"Shastri Nagar, Jaipur - RSPCB"
23-Dec-2018 - 00:00,1.17,0.36,1.35,0.75,762.99,99.93,93.78,0.0,39.88,164.49,18.26,11.31,132.5,1.07,1.07,22.63,16.16,50.17,66.33,59.38,14.54,24-Dec-2018 - 00:00,"Shastri Nagar, Jaipur - RSPCB"
24-Dec-2018 - 00:00,1.75,0.63,2.2,1.16,762.72,116.07,78.76,0.0,43.16,165.98,18.37,11.06,144.71,0.63,1.5,30.08,18.61,38.22,56.83,48.88,11.84,25-Dec-2018 - 00:00,"Shastri Nagar, Jaipur - RSPCB"
25-Dec-2018 - 00:00,1.38,0.48,1.68,0.94,762.63,98.02,51.34,0.0,35.91,166.76,17.64,12.09,154.15,0.66,1.05,33.32,14.61,22.4,37.01,36.73,11.66,26-Dec-2018 - 00:00,"Shastri Nagar, Jaipur - RSPCB"
26-Dec-2018 - 00:00,3.53,1.52,4.71,2.35,761.66,142.1,53.32,0.0,29.52,152.98,16.31,16.85,160.13,0.47,2.51,48.71,41.82,24.42,66.24,22.52,13.84,27-Dec-2018 - 00:00,"Shastri Nagar, Jaipur - RSPCB"
27-Dec-2018 - 00:00,2.35,0.99,2.96,1.47,762.74,120.03,95.64,0.0,31.7,169.63,15.86,10.86,167.14,1.08,1.39,33.5,20.76,18.64,39.4,26.98,16.09,28-Dec-2018 - 00:00,"Shastri Nagar, Jaipur - RSPCB"
28-Dec-2018 - 00:00,1.52,0.54,1.59,0.88,763.14,128.72,80.2,0.0,27.74,168.72,15.31,9.03,162.36,0.82,1.12,29.07,15.06,20.24,35.3,27.18,17.98,29-Dec-2018 - 00:00,"Shastri Nagar, Jaipur - RSPCB"
29-Dec-2018 - 00:00,3.43,1.53,4.78,2.39,764.48,169.47,98.21,0.0,32.07,174.14,15.47,12.5,145.78,0.44,2.72,42.66,36.61,21.03,57.64,24.06,13.67,30-Dec-2018 - 00:00,"Shastri Nagar, Jaipur - RSPCB"
30-Dec-2018 - 00:00,3.58,1.45,4.78,2.37,765.66,149.13,131.63,0.0,32.94,173.69,16.68,14.65,155.86,0.53,2.11,42.95,30.36,24.74,55.1,26.32,14.27,31-Dec-2018 - 00:00,"Shastri Nagar, Jaipur - RSPCB"
31-Dec-2018 - 00:00,4.61,2.27,6.89,3.38,765.95,204.99,210.36,0.0,44.84,48.12,13.91,21.91,137.64,0.17,3.79,57.35,56.22,20.91,77.12,2.86,12.52,01-Jan-2019 - 00:00,"Shastri Nagar, Jaipur - RSPCB"
