from date,PM2.5,PM10,RF,AT,SR,SO2,NO,NO2,NOx,NH3,CO,Ozone,Benzene,Toluene,Xylene,Temp,RH,BP,WD,WS,to date,station
01-Jan-2018 - 00:00,488.22,612.38,0.0,13.97,45.93,47.53,44.46,73.58,76.88,57.75,3.22,28.48,0.77,6.88,1.7,31.64,87.99,746.05,86.61,0.87,02-Jan-2018 - 00:00,"Vasundhara, Ghaziabad - UPPCB"
02-Jan-2018 - 00:00,390.0,529.35,0.0,12.38,43.97,28.44,35.48,69.84,68.19,46.17,2.84,24.76,0.59,6.39,1.56,31.83,89.3,746.75,120.31,0.97,03-Jan-2018 - 00:00,"Vasundhara, Ghaziabad - UPPCB"
03-Jan-2018 - 00:00,340.4,497.79,0.0,13.46,52.22,29.65,31.56,70.45,65.42,47.93,2.55,29.86,0.54,6.97,1.51,31.79,83.46,747.2,245.43,0.96,04-Jan-2018 - 00:00,"Vasundhara, Ghaziabad - UPPCB"
04-Jan-2018 - 00:00,426.48,560.94,0.0,12.83,51.3,18.44,36.47,87.55,78.04,57.96,2.84,14.82,0.58,6.71,1.32,31.99,86.08,747.33,153.14,0.97,05-Jan-2018 - 00:00,"Vasundhara, Ghaziabad - UPPCB"
05-Jan-2018 - 00:00,368.81,506.73,0.0,12.37,57.47,10.75,46.15,78.43,82.14,63.17,2.89,16.54,0.49,5.7,1.29,31.7,85.29,746.95,142.68,0.94,06-Jan-2018 - 00:00,"Vasundhara, Ghaziabad - UPPCB"
06-Jan-2018 - 00:00,488.5,568.28,0.0,13.94,59.21,29.43,100.56,107.38,138.91,68.21,3.91,24.7,0.78,7.66,2.03,31.52,77.9,745.79,215.41,0.9,07-Jan-2018 - 00:00,"Vasundhara, Ghaziabad - UPPCB"
07-Jan-2018 - 00:00,273.21,394.61,0.0,15.4,73.82,16.48,30.27,97.93,79.6,55.99,2.1,19.9,0.4,5.73,1.11,31.49,68.75,746.54,269.66,1.29,08-Jan-2018 - 00:00,"Vasundhara, Ghaziabad - UPPCB"
08-Jan-2018 - 00:00,216.59,362.25,0.0,16.16,74.86,23.25,48.7,93.92,94.16,51.71,2.31,24.27,0.38,5.93,1.56,31.51,61.4,748.56,279.03,1.15,09-Jan-2018 - 00:00,"Vasundhara, Ghaziabad - UPPCB"
09-Jan-2018 - 00:00,329.18,485.41,0.0,16.36,70.94,32.9,77.91,107.11,121.72,61.77,2.87,27.02,0.57,7.45,2.48,31.55,65.14,750.59,286.15,0.99,10-Jan-2018 - 00:00,"Vasundhara, Ghaziabad - UPPCB"
10-Jan-2018 - 00:00,243.85,390.47,0.0,17.31,73.9,27.81,20.7,99.51,72.71,59.34,1.93,29.58,0.39,6.61,1.44,31.61,61.19,749.9,270.84,1.43,11-Jan-2018 - 00:00,"Vasundhara, Ghaziabad - UPPCB"
11-Jan-2018 - 00:00,204.72,342.0,0.0,17.59,75.55,24.78,15.94,90.2,64.13,52.65,1.78,30.2,0.37,5.94,1.06,31.66,59.86,748.38,275.64,1.49,12-Jan-2018 - 00:00,"Vasundhara, Ghaziabad - UPPCB"
12-Jan-2018 - 00:00,244.85,409.99,0.0,18.13,67.03,38.86,74.16,103.01,116.89,56.78,2.75,40.21,0.45,6.58,1.68,31.58,59.85,747.38,245.06,1.11,13-Jan-2018 - 00:00,"Vasundhara, Ghaziabad - UPPCB"
13-Jan-2018 - 00:00,410.32,603.22,0.0,18.01,72.55,44.15,144.75,105.91,186.74,69.43,4.29,52.5,0.77,8.77,3.05,31.33,61.38,747.79,264.5,0.94,14-Jan-2018 - 00:00,"Vasundhara, Ghaziabad - UPPCB"
14-Jan-2018 - 00:00,311.73,486.23,0.0,18.14,69.78,35.44,70.76,105.1,115.2,61.93,2.83,39.78,0.51,6.71,1.76,31.55,57.95,747.69,274.99,1.0,15-Jan-2018 - 00:00,"Vasundhara, Ghaziabad - UPPCB"
15-Jan-2018 - 00:00,234.66,379.31,0.0,17.81,71.3,33.72,25.5,92.65,72.67,55.52,1.89,38.72,0.36,6.1,1.21,31.64,61.78,747.78,269.58,1.38,16-Jan-2018 - 00:00,"Vasundhara, Ghaziabad - UPPCB"
16-Jan-2018 - 00:00,208.21,416.09,0.0,18.24,74.52,28.91,74.11,85.47,107.67,51.36,2.76,37.91,0.47,6.23,1.64,31.65,55.66,745.28,239.35,1.22,17-Jan-2018 - 00:00,"Vasundhara, Ghaziabad - UPPCB"
17-Jan-2018 - 00:00,342.26,507.36,0.0,15.17,64.09,10.85,35.6,78.92,73.38,68.66,2.85,24.79,0.49,5.53,1.32,31.88,80.41,746.77,133.94,1.07,18-Jan-2018 - 00:00,"Vasundhara, Ghaziabad - UPPCB"
18-Jan-2018 - 00:00,481.92,676.7,0.0,18.42,59.09,25.59,76.62,124.88,125.92,75.29,4.03,33.64,0.68,7.75,1.98,31.62,75.88,747.04,173.42,0.49,19-Jan-2018 - 00:00,"Vasundhara, Ghaziabad - UPPCB"
19-Jan-2018 - 00:00,358.93,505.28,0.0,19.32,65.6,26.28,80.01,103.6,120.15,63.88,3.07,30.67,0.64,7.98,2.38,31.43,68.98,747.69,278.38,1.12,20-Jan-2018 - 00:00,"Vasundhara, Ghaziabad - UPPCB"
20-Jan-2018 - 00:00,218.14,368.96,0.0,18.0,71.25,27.7,21.14,82.47,61.05,48.47,1.83,32.12,0.33,6.58,0.93,31.4,61.61,746.77,274.3,1.3,21-Jan-2018 - 00:00,"Vasundhara, Ghaziabad - UPPCB"
21-Jan-2018 - 00:00,285.75,429.64,0.0,17.89,69.12,28.99,110.67,95.62,140.83,49.4,3.47,51.31,0.54,6.61,1.93,31.33,60.99,746.38,155.95,0.58,22-Jan-2018 - 00:00,"Vasundhara, Ghaziabad - UPPCB"
22-Jan-2018 - 00:00,317.19,525.3,0.0,18.09,64.97,23.03,92.7,98.26,127.63,53.5,3.3,34.62,0.59,6.79,1.8,31.26,64.56,744.95,141.07,0.79,23-Jan-2018 - 00:00,"Vasundhara, Ghaziabad - UPPCB"
23-Jan-2018 - 00:00,217.71,331.03,0.02,15.53,31.43,15.32,16.7,74.46,53.19,55.31,1.47,27.6,0.31,4.9,0.61,31.53,76.02,742.73,145.76,1.51,24-Jan-2018 - 00:00,"Vasundhara, Ghaziabad - UPPCB"
24-Jan-2018 - 00:00,182.17,241.47,0.0,15.23,59.99,26.25,17.02,69.03,50.56,58.51,1.17,30.77,0.27,5.78,0.61,31.69,80.15,745.22,225.03,1.17,25-Jan-2018 - 00:00,"Vasundhara, Ghaziabad - UPPCB"
25-Jan-2018 - 00:00,185.77,265.23,0.0,15.28,70.51,16.32,27.93,80.12,65.32,60.39,1.34,19.23,0.33,5.86,0.67,31.77,82.68,744.68,262.2,1.15,26-Jan-2018 - 00:00,"Vasundhara, Ghaziabad - UPPCB"
26-Jan-2018 - 00:00,234.57,325.22,0.0,13.61,61.29,44.25,16.94,59.88,45.63,54.32,1.32,56.35,0.34,5.29,0.64,31.89,87.7,745.68,187.29,1.32,27-Jan-2018 - 00:00,"Vasundhara, Ghaziabad - UPPCB"
27-Jan-2018 - 00:00,261.45,409.03,0.0,14.46,63.81,38.35,34.54,71.9,66.33,49.4,1.6,44.56,0.35,5.29,0.99,31.78,78.21,745.7,207.2,1.11,28-Jan-2018 - 00:00,"Vasundhara, Ghaziabad - UPPCB"
28-Jan-2018 - 00:00,233.53,380.47,0.0,15.31,70.64,53.48,38.04,79.04,72.98,52.67,1.85,65.24,0.39,6.08,1.1,31.33,75.83,746.45,211.11,1.1,29-Jan-2018 - 00:00,"Vasundhara, Ghaziabad - UPPCB"
29-Jan-2018 - 00:00,257.47,411.44,0.0,16.89,73.45,46.27,70.53,86.84,103.53,59.67,1.97,46.96,0.42,6.26,1.42,31.19,69.81,747.81,267.02,1.2,30-Jan-2018 - 00:00,"Vasundhara, Ghaziabad - UPPCB"
30-Jan-2018 - 00:00,138.47,282.96,0.0,20.27,75.71,35.35,12.92,77.18,51.55,52.11,1.01,25.51,0.24,5.3,0.57,30.89,55.74,746.88,273.78,1.88,31-Jan-2018 - 00:00,"Vasundhara, Ghaziabad - UPPCB"
31-Jan-2018 - 00:00,154.81,300.22,0.0,20.22,72.45,21.49,12.38,76.28,50.64,55.89,1.1,17.68,0.25,4.78,0.47,31.07,60.45,745.99,270.51,2.05,01-Feb-2018 - 00:00,"Vasundhara, Ghaziabad - UPPCB"
01-Feb-2018 - 00:00,217.81,406.91,0.0,21.73,71.66,43.59,38.65,95.91,82.45,58.98,1.42,25.88,0.35,6.0,0.81,31.29,56.8,746.19,272.97,1.19,02-Feb-2018 - 00:00,"Vasundhara, Ghaziabad - UPPCB"
02-Feb-2018 - 00:00,150.75,322.7,0.0,21.4,73.26,63.43,25.4,79.56,62.96,58.78,0.98,48.5,0.26,5.2,0.7,30.98,60.79,744.4,259.85,1.31,03-Feb-2018 - 00:00,"Vasundhara, Ghaziabad - UPPCB"
03-Feb-2018 - 00:00,117.48,286.17,0.0,20.08,75.33,51.96,11.95,82.96,53.85,49.2,0.89,35.24,0.22,4.85,0.56,31.03,52.05,746.83,235.07,1.49,04-Feb-2018 - 00:00,"Vasundhara, Ghaziabad - UPPCB"
04-Feb-2018 - 00:00,131.84,275.56,0.0,18.92,77.94,50.81,16.06,82.32,56.85,43.86,0.89,35.66,0.19,4.51,0.48,31.34,53.86,747.31,264.23,1.63,05-Feb-2018 - 00:00,"Vasundhara, Ghaziabad - UPPCB"
05-Feb-2018 - 00:00,163.12,334.02,0.0,18.54,60.33,51.16,23.52,97.95,71.22,43.37,1.14,43.55,0.28,4.9,0.88,31.49,48.07,749.58,267.58,1.19,06-Feb-2018 - 00:00,"Vasundhara, Ghaziabad - UPPCB"
06-Feb-2018 - 00:00,142.51,327.33,0.0,19.02,53.49,76.35,15.25,87.6,58.99,46.21,0.88,77.1,0.27,4.62,0.78,31.45,51.22,749.27,255.33,1.85,07-Feb-2018 - 00:00,"Vasundhara, Ghaziabad - UPPCB"
07-Feb-2018 - 00:00,137.27,301.22,0.0,18.84,79.31,44.42,16.36,80.56,56.15,41.14,1.02,34.87,0.22,4.86,0.44,30.85,48.99,746.26,265.82,1.69,08-Feb-2018 - 00:00,"Vasundhara, Ghaziabad - UPPCB"
08-Feb-2018 - 00:00,242.65,434.48,0.0,18.4,69.49,57.21,71.1,94.13,107.88,49.72,1.65,59.08,0.38,6.56,0.9,31.15,55.52,745.39,252.79,0.99,09-Feb-2018 - 00:00,"Vasundhara, Ghaziabad - UPPCB"
09-Feb-2018 - 00:00,206.52,400.74,0.0,18.92,73.91,61.74,38.1,101.08,84.75,51.59,1.61,49.78,0.36,6.16,0.88,31.1,54.59,745.45,249.44,1.08,10-Feb-2018 - 00:00,"Vasundhara, Ghaziabad - UPPCB"
10-Feb-2018 - 00:00,265.94,533.14,0.0,19.61,69.22,50.88,162.03,96.46,183.04,55.67,3.06,50.23,0.51,8.64,1.62,31.07,51.39,747.82,153.91,0.62,11-Feb-2018 - 00:00,"Vasundhara, Ghaziabad - UPPCB"
11-Feb-2018 - 00:00,133.33,304.4,0.0,20.01,64.68,40.38,21.26,76.84,58.16,48.16,1.01,17.9,0.27,4.44,0.96,31.15,50.25,747.17,174.7,1.51,12-Feb-2018 - 00:00,"Vasundhara, Ghaziabad - UPPCB"
12-Feb-2018 - 00:00,71.15,165.51,0.0,17.34,40.11,16.19,4.02,41.19,25.19,46.05,0.8,13.06,0.1,2.48,0.24,31.11,75.21,749.52,142.88,2.5,13-Feb-2018 - 00:00,"Vasundhara, Ghaziabad - UPPCB"
13-Feb-2018 - 00:00,130.78,224.25,0.0,18.42,69.44,34.45,28.43,67.72,59.13,52.88,1.05,21.92,0.23,4.58,0.61,31.16,77.27,753.67,180.24,1.2,14-Feb-2018 - 00:00,"Vasundhara, Ghaziabad - UPPCB"
14-Feb-2018 - 00:00,71.81,179.39,0.0,18.7,79.28,47.12,7.76,60.46,38.47,37.42,0.58,24.71,0.13,3.97,0.43,31.19,62.94,753.22,267.5,2.23,15-Feb-2018 - 00:00,"Vasundhara, Ghaziabad - UPPCB"
15-Feb-2018 - 00:00,95.7,190.38,0.0,19.51,76.02,37.86,7.47,62.46,39.29,38.23,0.72,30.8,0.16,4.31,0.33,31.18,64.73,751.01,269.46,2.16,16-Feb-2018 - 00:00,"Vasundhara, Ghaziabad - UPPCB"
16-Feb-2018 - 00:00,126.68,243.1,0.0,20.62,69.93,36.77,10.55,75.93,48.96,41.08,0.99,22.63,0.21,4.66,0.37,31.05,65.81,749.58,269.34,1.51,17-Feb-2018 - 00:00,"Vasundhara, Ghaziabad - UPPCB"
17-Feb-2018 - 00:00,141.42,271.6,0.0,21.43,71.46,33.82,13.45,81.23,54.14,42.83,1.05,26.68,0.21,5.09,0.25,30.96,64.0,744.38,263.97,1.45,18-Feb-2018 - 00:00,"Vasundhara, Ghaziabad - UPPCB"
18-Feb-2018 - 00:00,150.18,287.16,0.0,21.29,77.9,29.23,37.11,79.4,72.41,41.42,1.26,22.56,0.21,5.1,0.16,30.98,60.49,743.71,254.21,1.18,19-Feb-2018 - 00:00,"Vasundhara, Ghaziabad - UPPCB"
19-Feb-2018 - 00:00,244.39,456.97,0.0,21.78,71.35,40.62,116.87,105.18,150.96,45.43,2.29,48.94,0.41,6.5,0.89,31.01,54.66,745.24,239.5,0.79,20-Feb-2018 - 00:00,"Vasundhara, Ghaziabad - UPPCB"
20-Feb-2018 - 00:00,200.71,421.28,0.0,22.97,73.31,34.9,76.9,99.11,115.24,48.37,2.04,16.22,0.37,6.01,0.68,31.14,57.33,744.65,235.33,0.93,21-Feb-2018 - 00:00,"Vasundhara, Ghaziabad - UPPCB"
21-Feb-2018 - 00:00,211.99,463.48,0.0,24.98,68.85,53.62,88.48,108.16,129.47,51.4,2.37,29.87,0.42,7.3,0.83,31.57,55.43,742.49,179.05,0.92,22-Feb-2018 - 00:00,"Vasundhara, Ghaziabad - UPPCB"
22-Feb-2018 - 00:00,194.19,377.05,0.0,25.44,66.31,47.23,53.86,93.08,93.3,58.77,1.69,22.43,0.36,6.51,0.27,31.55,59.28,741.53,175.74,0.79,23-Feb-2018 - 00:00,"Vasundhara, Ghaziabad - UPPCB"
23-Feb-2018 - 00:00,219.66,426.73,0.0,25.94,60.52,60.48,36.54,89.08,77.1,59.58,1.7,15.85,0.37,5.71,0.27,31.63,59.91,741.77,79.15,0.74,24-Feb-2018 - 00:00,"Vasundhara, Ghaziabad - UPPCB"
24-Feb-2018 - 00:00,178.06,371.8,0.0,25.86,56.6,30.38,16.45,80.56,56.23,55.08,1.4,11.86,0.3,4.84,0.16,31.53,60.47,743.76,126.15,1.02,25-Feb-2018 - 00:00,"Vasundhara, Ghaziabad - UPPCB"
25-Feb-2018 - 00:00,115.59,246.78,0.0,24.42,66.43,40.18,17.01,63.75,47.74,49.37,0.92,33.63,0.22,4.48,0.31,31.47,61.94,746.85,179.03,1.73,26-Feb-2018 - 00:00,"Vasundhara, Ghaziabad - UPPCB"
26-Feb-2018 - 00:00,65.16,120.89,0.0,23.21,80.0,21.92,10.81,62.12,41.83,42.14,0.58,17.71,0.11,4.46,0.09,30.88,63.66,744.74,264.61,2.34,27-Feb-2018 - 00:00,"Vasundhara, Ghaziabad - UPPCB"
27-Feb-2018 - 00:00,88.95,289.83,0.0,24.99,71.21,28.41,18.33,73.34,53.91,44.83,0.92,21.49,0.16,5.11,0.08,30.88,61.75,744.11,260.19,1.6,28-Feb-2018 - 00:00,"Vasundhara, Ghaziabad - UPPCB"
28-Feb-2018 - 00:00,201.16,336.67,0.0,25.8,64.53,44.38,29.01,83.81,68.16,56.5,1.22,34.53,0.29,6.4,0.56,31.16,63.76,744.33,217.08,1.17,01-Mar-2018 - 00:00,"Vasundhara, Ghaziabad - UPPCB"
01-Mar-2018 - 00:00,202.91,307.18,0.0,25.18,63.04,40.91,25.98,80.84,64.11,52.17,1.21,36.34,0.26,5.87,0.28,30.9,59.36,742.8,226.67,1.1,02-Mar-2018 - 00:00,"Vasundhara, Ghaziabad - UPPCB"
02-Mar-2018 - 00:00,460.23,299.66,0.0,26.28,72.34,30.78,49.24,80.16,82.68,57.26,1.92,46.95,0.32,5.72,0.11,30.88,60.13,741.15,233.84,1.06,03-Mar-2018 - 00:00,"Vasundhara, Ghaziabad - UPPCB"
03-Mar-2018 - 00:00,130.9,225.0,0.0,27.01,63.65,43.83,22.44,67.32,54.05,48.38,1.05,51.61,0.23,4.94,0.05,31.1,55.47,738.99,196.65,0.94,04-Mar-2018 - 00:00,"Vasundhara, Ghaziabad - UPPCB"
04-Mar-2018 - 00:00,132.83,238.75,0.0,25.31,68.31,39.4,21.48,63.74,51.38,41.76,0.96,44.94,0.23,4.7,0.11,31.02,56.59,740.53,212.66,1.49,05-Mar-2018 - 00:00,"Vasundhara, Ghaziabad - UPPCB"
05-Mar-2018 - 00:00,158.88,183.57,0.0,24.6,80.43,36.16,17.79,62.47,47.69,38.95,0.81,44.06,0.17,4.41,0.33,31.19,56.6,744.19,247.4,1.57,06-Mar-2018 - 00:00,"Vasundhara, Ghaziabad - UPPCB"
06-Mar-2018 - 00:00,134.28,177.17,0.0,24.2,80.99,27.23,11.67,65.41,44.28,37.53,0.73,36.57,0.13,4.64,0.27,30.89,56.74,744.89,264.68,1.85,07-Mar-2018 - 00:00,"Vasundhara, Ghaziabad - UPPCB"
07-Mar-2018 - 00:00,108.82,199.0,0.0,24.8,82.64,29.29,18.93,72.93,54.18,39.76,0.88,27.38,0.19,5.29,0.32,31.0,54.62,743.84,264.57,1.61,08-Mar-2018 - 00:00,"Vasundhara, Ghaziabad - UPPCB"
08-Mar-2018 - 00:00,249.31,479.68,0.0,25.7,70.89,38.26,90.83,94.31,124.0,50.26,2.43,27.39,0.44,6.2,0.9,30.99,57.0,744.82,118.27,0.75,09-Mar-2018 - 00:00,"Vasundhara, Ghaziabad - UPPCB"
09-Mar-2018 - 00:00,153.29,342.97,0.0,26.59,76.17,54.01,63.28,81.4,94.55,63.2,0.99,47.98,0.42,6.15,1.2,31.28,51.73,744.8,222.42,1.31,10-Mar-2018 - 00:00,"Vasundhara, Ghaziabad - UPPCB"
10-Mar-2018 - 00:00,76.0,207.47,0.0,27.04,82.74,38.61,15.55,65.95,47.73,60.87,0.81,46.34,0.17,5.04,0.52,31.53,48.27,743.73,256.33,1.93,11-Mar-2018 - 00:00,"Vasundhara, Ghaziabad - UPPCB"
11-Mar-2018 - 00:00,84.25,220.12,0.0,27.15,79.24,50.4,13.91,64.96,45.86,49.15,0.93,47.4,0.17,4.18,0.27,30.93,50.31,742.76,266.77,1.46,12-Mar-2018 - 00:00,"Vasundhara, Ghaziabad - UPPCB"
12-Mar-2018 - 00:00,110.18,275.93,0.0,28.31,78.4,44.5,14.56,72.0,50.13,52.43,1.01,69.15,0.19,4.71,0.28,31.09,51.52,742.74,248.97,1.42,13-Mar-2018 - 00:00,"Vasundhara, Ghaziabad - UPPCB"
13-Mar-2018 - 00:00,122.55,338.73,0.0,29.78,79.53,61.25,41.97,84.25,78.93,54.66,1.6,52.34,0.25,5.21,0.19,31.42,46.52,741.11,221.47,1.06,14-Mar-2018 - 00:00,"Vasundhara, Ghaziabad - UPPCB"
14-Mar-2018 - 00:00,129.8,424.88,0.0,28.91,67.84,32.87,40.97,84.43,78.22,53.44,1.7,34.47,0.31,5.19,0.19,31.16,43.55,739.33,161.74,0.89,15-Mar-2018 - 00:00,"Vasundhara, Ghaziabad - UPPCB"
15-Mar-2018 - 00:00,118.55,394.6,0.0,27.64,68.45,36.2,17.91,60.45,46.71,56.97,1.21,22.19,0.26,4.71,0.24,31.12,50.9,739.54,199.81,1.61,16-Mar-2018 - 00:00,"Vasundhara, Ghaziabad - UPPCB"
16-Mar-2018 - 00:00,159.22,373.86,0.0,26.57,69.5,68.13,15.47,63.37,46.29,50.24,1.11,49.27,0.26,3.96,0.4,30.57,51.72,740.79,195.23,1.53,17-Mar-2018 - 00:00,"Vasundhara, Ghaziabad - UPPCB"
17-Mar-2018 - 00:00,67.81,213.79,0.0,26.38,82.83,34.48,6.35,56.21,35.06,42.59,0.7,29.64,0.14,3.74,0.35,30.88,44.72,741.98,260.14,1.85,18-Mar-2018 - 00:00,"Vasundhara, Ghaziabad - UPPCB"
18-Mar-2018 - 00:00,90.78,228.56,0.0,27.08,82.67,42.68,5.28,60.4,36.42,43.15,0.86,52.38,0.18,3.67,0.31,31.07,42.46,743.28,250.2,1.62,19-Mar-2018 - 00:00,"Vasundhara, Ghaziabad - UPPCB"
19-Mar-2018 - 00:00,93.36,263.25,0.0,28.39,78.26,51.24,17.68,72.43,52.9,46.85,0.96,38.24,0.18,4.23,0.64,31.36,41.35,744.57,222.82,1.33,20-Mar-2018 - 00:00,"Vasundhara, Ghaziabad - UPPCB"
20-Mar-2018 - 00:00,135.74,363.73,0.0,29.49,72.73,46.05,40.38,94.04,82.83,51.06,1.59,40.42,0.27,5.41,0.33,31.06,44.09,741.69,184.74,0.88,21-Mar-2018 - 00:00,"Vasundhara, Ghaziabad - UPPCB"
21-Mar-2018 - 00:00,152.27,337.2,0.0,27.64,69.01,48.64,17.61,57.36,44.83,58.3,1.36,34.49,0.35,4.41,0.32,30.86,55.56,739.48,151.65,1.66,22-Mar-2018 - 00:00,"Vasundhara, Ghaziabad - UPPCB"
22-Mar-2018 - 00:00,123.32,222.9,0.0,25.9,76.18,39.48,5.2,42.0,25.94,45.61,1.03,32.68,0.17,3.06,0.29,29.86,58.8,740.68,164.59,1.75,23-Mar-2018 - 00:00,"Vasundhara, Ghaziabad - UPPCB"
23-Mar-2018 - 00:00,66.49,193.04,0.0,26.24,90.06,46.93,4.56,47.47,28.96,44.6,0.65,47.17,0.12,3.17,0.11,28.82,55.1,741.96,256.1,1.61,24-Mar-2018 - 00:00,"Vasundhara, Ghaziabad - UPPCB"
24-Mar-2018 - 00:00,75.84,229.31,0.0,27.75,91.51,39.58,4.52,47.1,28.73,46.07,0.78,43.31,0.14,3.58,0.11,29.11,52.36,744.32,261.64,1.86,25-Mar-2018 - 00:00,"Vasundhara, Ghaziabad - UPPCB"
25-Mar-2018 - 00:00,74.35,210.51,0.0,28.42,91.15,27.05,3.58,48.06,28.48,45.1,0.74,36.14,0.12,3.49,0.15,29.13,51.17,745.44,265.65,1.81,26-Mar-2018 - 00:00,"Vasundhara, Ghaziabad - UPPCB"
26-Mar-2018 - 00:00,83.52,245.17,0.0,29.31,90.38,42.31,6.5,60.54,37.49,45.75,0.84,52.04,0.16,3.53,0.08,28.94,46.91,743.75,267.4,1.74,27-Mar-2018 - 00:00,"Vasundhara, Ghaziabad - UPPCB"
27-Mar-2018 - 00:00,127.0,347.62,0.0,30.73,92.57,47.05,41.6,83.17,78.06,46.57,1.64,39.07,0.26,4.96,0.17,28.78,39.25,740.35,217.71,1.17,28-Mar-2018 - 00:00,"Vasundhara, Ghaziabad - UPPCB"
28-Mar-2018 - 00:00,133.29,402.03,0.0,31.71,90.12,47.15,127.11,76.92,144.25,57.93,2.25,73.31,0.41,5.36,0.14,28.81,38.91,739.54,211.44,1.56,29-Mar-2018 - 00:00,"Vasundhara, Ghaziabad - UPPCB"
29-Mar-2018 - 00:00,88.12,257.42,0.0,31.09,88.98,48.09,7.18,63.94,39.84,48.69,0.79,57.61,0.17,4.16,0.04,28.83,39.36,738.98,260.52,1.73,30-Mar-2018 - 00:00,"Vasundhara, Ghaziabad - UPPCB"
30-Mar-2018 - 00:00,91.47,288.34,0.0,31.13,91.6,39.58,8.93,78.18,48.85,46.59,1.0,54.55,0.18,3.99,0.22,28.83,39.35,736.69,238.52,1.61,31-Mar-2018 - 00:00,"Vasundhara, Ghaziabad - UPPCB"
31-Mar-2018 - 00:00,102.83,332.88,0.0,27.89,84.36,34.48,5.25,50.92,31.36,48.04,0.95,34.17,0.2,2.77,0.01,28.83,50.12,739.5,115.67,1.82,01-Apr-2018 - 00:00,"Vasundhara, Ghaziabad - UPPCB"
01-Apr-2018 - 00:00,70.31,221.71,0.0,29.3,85.59,18.07,3.03,44.53,26.14,46.05,0.87,37.63,0.15,2.5,0.03,28.79,49.27,741.02,125.85,1.62,02-Apr-2018 - 00:00,"Vasundhara, Ghaziabad - UPPCB"
02-Apr-2018 - 00:00,92.4,270.86,0.0,30.5,81.83,31.37,5.07,58.42,35.2,47.64,1.07,33.02,0.19,2.89,0.07,28.76,47.59,741.36,121.91,1.26,03-Apr-2018 - 00:00,"Vasundhara, Ghaziabad - UPPCB"
03-Apr-2018 - 00:00,94.56,272.82,0.0,32.24,97.9,33.79,10.07,53.4,36.18,47.47,0.85,38.72,0.18,2.78,0.02,28.89,45.18,739.81,139.44,1.23,04-Apr-2018 - 00:00,"Vasundhara, Ghaziabad - UPPCB"
04-Apr-2018 - 00:00,140.83,363.7,0.0,33.04,115.49,45.99,15.44,73.44,51.62,54.76,1.47,44.03,0.3,3.72,0.01,28.88,45.12,737.46,101.66,0.9,05-Apr-2018 - 00:00,"Vasundhara, Ghaziabad - UPPCB"
05-Apr-2018 - 00:00,176.93,430.72,0.0,33.02,108.51,54.96,29.91,79.94,66.85,63.1,1.77,47.31,0.47,4.65,0.13,29.04,45.58,736.17,120.39,1.05,06-Apr-2018 - 00:00,"Vasundhara, Ghaziabad - UPPCB"
06-Apr-2018 - 00:00,96.74,265.02,0.01,31.44,87.54,45.3,10.39,60.94,40.86,54.64,0.84,27.27,0.26,3.45,0.15,29.29,43.72,738.04,151.22,1.81,07-Apr-2018 - 00:00,"Vasundhara, Ghaziabad - UPPCB"
07-Apr-2018 - 00:00,44.28,147.08,0.0,29.42,126.32,23.41,3.82,41.67,25.27,50.58,0.41,30.33,0.13,2.39,0.02,29.23,51.76,740.53,137.56,1.68,08-Apr-2018 - 00:00,"Vasundhara, Ghaziabad - UPPCB"
08-Apr-2018 - 00:00,45.75,161.14,0.0,30.2,122.34,18.86,2.66,33.02,19.72,49.59,0.26,28.73,0.11,2.4,0.01,29.29,51.17,741.21,128.03,2.13,09-Apr-2018 - 00:00,"Vasundhara, Ghaziabad - UPPCB"
09-Apr-2018 - 00:00,54.5,156.52,0.03,27.42,86.68,21.1,35.36,51.95,55.73,50.76,1.31,18.72,0.14,2.67,0.13,29.15,62.41,742.46,141.19,1.69,10-Apr-2018 - 00:00,"Vasundhara, Ghaziabad - UPPCB"
10-Apr-2018 - 00:00,72.28,215.32,0.0,29.62,116.02,21.8,8.04,45.2,30.57,57.43,1.17,39.74,0.16,3.06,0.04,29.0,56.61,740.45,168.06,1.44,11-Apr-2018 - 00:00,"Vasundhara, Ghaziabad - UPPCB"
11-Apr-2018 - 00:00,41.32,127.43,0.0,27.3,105.06,20.71,3.73,34.69,21.48,50.56,0.79,28.31,0.11,2.29,0.02,28.94,61.38,740.46,116.66,2.11,12-Apr-2018 - 00:00,"Vasundhara, Ghaziabad - UPPCB"
12-Apr-2018 - 00:00,57.21,160.4,0.02,29.25,127.25,31.24,19.32,56.17,45.58,45.0,1.36,39.41,0.14,3.33,0.17,28.95,50.75,739.55,190.46,1.37,13-Apr-2018 - 00:00,"Vasundhara, Ghaziabad - UPPCB"
13-Apr-2018 - 00:00,96.52,244.41,0.0,30.58,138.0,57.68,32.83,70.06,63.96,47.37,1.63,66.88,0.23,4.42,0.59,29.08,34.19,740.52,215.98,1.23,14-Apr-2018 - 00:00,"Vasundhara, Ghaziabad - UPPCB"
14-Apr-2018 - 00:00,104.81,289.5,0.0,32.02,127.44,70.85,25.87,75.78,61.34,48.5,1.58,72.48,0.25,4.68,0.36,29.12,31.67,739.24,247.76,1.3,15-Apr-2018 - 00:00,"Vasundhara, Ghaziabad - UPPCB"
15-Apr-2018 - 00:00,113.28,346.26,0.0,33.68,122.55,54.56,83.98,85.66,113.83,55.73,2.57,63.69,0.25,5.4,0.37,29.18,34.2,738.64,260.16,0.82,16-Apr-2018 - 00:00,"Vasundhara, Ghaziabad - UPPCB"
16-Apr-2018 - 00:00,135.32,399.56,0.0,33.39,87.78,39.19,59.66,77.03,89.48,61.63,2.43,44.06,0.34,4.83,0.03,29.17,37.27,739.12,111.14,1.18,17-Apr-2018 - 00:00,"Vasundhara, Ghaziabad - UPPCB"
17-Apr-2018 - 00:00,76.95,293.29,0.0,34.14,114.9,43.58,15.72,61.71,45.6,50.02,1.26,57.82,0.18,4.42,0.24,29.14,34.26,740.12,174.44,1.56,18-Apr-2018 - 00:00,"Vasundhara, Ghaziabad - UPPCB"
18-Apr-2018 - 00:00,58.5,285.82,0.0,33.92,124.15,51.11,7.72,54.98,35.52,43.07,0.86,55.05,0.1,3.87,0.22,29.18,30.58,739.26,255.49,2.14,19-Apr-2018 - 00:00,"Vasundhara, Ghaziabad - UPPCB"
19-Apr-2018 - 00:00,83.98,319.62,0.0,35.13,116.91,57.77,14.95,70.84,49.84,44.59,1.2,55.73,0.14,4.18,0.22,29.04,29.56,736.01,247.49,1.38,20-Apr-2018 - 00:00,"Vasundhara, Ghaziabad - UPPCB"
20-Apr-2018 - 00:00,77.34,384.44,0.0,34.14,106.67,26.66,5.35,43.38,27.42,42.75,0.89,40.32,0.14,2.48,0.05,29.2,30.82,735.01,170.65,2.33,21-Apr-2018 - 00:00,"Vasundhara, Ghaziabad - UPPCB"
21-Apr-2018 - 00:00,154.73,571.87,0.0,32.9,114.39,51.67,2.89,44.27,24.32,40.17,0.98,57.46,0.1,3.26,0.17,28.94,28.14,739.15,243.24,1.98,22-Apr-2018 - 00:00,"Vasundhara, Ghaziabad - UPPCB"
22-Apr-2018 - 00:00,51.2,246.51,0.0,30.68,130.43,31.19,3.6,47.29,28.09,39.6,0.68,54.47,0.09,3.16,0.22,28.92,29.54,740.35,247.81,2.26,23-Apr-2018 - 00:00,"Vasundhara, Ghaziabad - UPPCB"
23-Apr-2018 - 00:00,62.85,245.35,0.0,32.08,128.9,33.06,21.79,59.77,49.5,38.63,1.08,66.73,0.12,3.33,0.12,28.94,25.59,739.25,261.53,1.66,24-Apr-2018 - 00:00,"Vasundhara, Ghaziabad - UPPCB"
24-Apr-2018 - 00:00,117.94,348.32,0.0,33.85,123.96,43.95,55.34,83.77,89.56,44.69,1.8,55.85,0.24,4.8,0.34,28.88,25.81,738.14,249.73,1.22,25-Apr-2018 - 00:00,"Vasundhara, Ghaziabad - UPPCB"
25-Apr-2018 - 00:00,111.35,367.11,0.0,35.61,123.15,28.11,127.07,97.94,155.32,50.2,2.94,47.25,0.31,5.56,0.07,28.92,24.36,735.48,230.33,0.97,26-Apr-2018 - 00:00,"Vasundhara, Ghaziabad - UPPCB"
26-Apr-2018 - 00:00,120.69,434.8,0.0,36.48,103.95,44.07,40.94,87.68,79.92,50.64,1.99,59.68,0.26,4.35,0.0,28.79,25.35,733.94,125.54,1.08,27-Apr-2018 - 00:00,"Vasundhara, Ghaziabad - UPPCB"
27-Apr-2018 - 00:00,81.08,350.47,0.0,33.74,103.5,21.83,3.28,34.92,21.23,62.12,1.04,52.97,0.13,2.27,0.0,28.66,49.04,737.3,133.74,2.04,28-Apr-2018 - 00:00,"Vasundhara, Ghaziabad - UPPCB"
28-Apr-2018 - 00:00,69.21,339.71,0.0,34.14,101.61,22.55,1.65,30.8,17.72,53.84,0.95,54.35,0.1,1.84,0.01,28.52,49.19,736.98,129.03,2.21,29-Apr-2018 - 00:00,"Vasundhara, Ghaziabad - UPPCB"
29-Apr-2018 - 00:00,81.92,283.11,0.0,34.89,98.72,24.02,4.76,45.97,28.33,52.11,1.28,52.43,0.14,2.62,0.0,28.55,46.68,734.06,140.91,1.27,30-Apr-2018 - 00:00,"Vasundhara, Ghaziabad - UPPCB"
30-Apr-2018 - 00:00,70.35,229.94,0.0,34.59,111.84,25.87,4.09,47.1,28.37,52.56,1.0,54.59,0.11,2.35,0.0,28.72,46.21,732.5,148.46,1.83,01-May-2018 - 00:00,"Vasundhara, Ghaziabad - UPPCB"
01-May-2018 - 00:00,43.61,171.1,0.0,31.91,109.91,16.65,1.6,23.47,13.79,56.23,1.19,51.13,0.1,1.42,0.0,28.7,58.16,735.94,132.65,2.53,02-May-2018 - 00:00,"Vasundhara, Ghaziabad - UPPCB"
02-May-2018 - 00:00,42.3,168.46,0.0,31.22,101.93,16.87,2.64,28.02,17.05,50.45,0.93,39.47,0.09,1.46,0.01,28.71,56.71,737.26,137.99,2.63,03-May-2018 - 00:00,"Vasundhara, Ghaziabad - UPPCB"
03-May-2018 - 00:00,68.23,164.21,0.0,30.26,91.5,15.9,2.2,27.5,16.42,40.83,0.71,37.53,0.08,1.49,0.0,28.9,55.88,737.85,139.77,2.64,04-May-2018 - 00:00,"Vasundhara, Ghaziabad - UPPCB"
04-May-2018 - 00:00,41.94,150.43,0.0,31.53,113.32,17.31,1.92,28.11,16.51,45.87,1.18,39.06,0.09,1.65,0.0,28.81,56.98,738.1,121.33,2.09,05-May-2018 - 00:00,"Vasundhara, Ghaziabad - UPPCB"
05-May-2018 - 00:00,426.54,251.22,0.0,34.91,112.57,26.6,9.99,58.6,39.28,43.82,2.26,51.07,0.15,3.19,0.01,28.81,45.7,737.17,165.97,0.99,06-May-2018 - 00:00,"Vasundhara, Ghaziabad - UPPCB"
06-May-2018 - 00:00,99.29,315.6,0.0,34.08,109.87,45.72,9.7,55.45,37.37,46.63,2.08,43.46,0.18,3.01,0.02,28.87,41.99,737.8,99.16,2.04,07-May-2018 - 00:00,"Vasundhara, Ghaziabad - UPPCB"
07-May-2018 - 00:00,159.85,422.7,0.0,35.13,106.66,65.05,24.65,68.69,56.58,43.53,2.49,87.42,0.25,3.97,0.26,28.98,37.39,735.84,170.8,1.05,08-May-2018 - 00:00,"Vasundhara, Ghaziabad - UPPCB"
08-May-2018 - 00:00,52.97,150.75,0.0,31.22,104.43,28.42,2.55,35.49,20.96,38.05,1.45,63.5,0.08,2.49,0.03,28.92,45.02,736.64,211.99,2.21,09-May-2018 - 00:00,"Vasundhara, Ghaziabad - UPPCB"
09-May-2018 - 00:00,93.19,208.12,0.01,30.14,96.15,49.06,8.64,62.8,40.44,40.92,1.95,46.57,0.16,3.37,0.11,28.86,51.25,738.33,151.6,1.15,10-May-2018 - 00:00,"Vasundhara, Ghaziabad - UPPCB"
10-May-2018 - 00:00,100.69,242.66,0.0,33.4,116.16,28.43,26.04,76.61,60.85,50.73,1.87,51.47,0.16,3.38,0.09,28.62,45.34,738.99,189.18,1.07,11-May-2018 - 00:00,"Vasundhara, Ghaziabad - UPPCB"
11-May-2018 - 00:00,145.96,333.26,0.0,36.46,108.92,42.51,13.8,92.09,60.2,56.13,1.97,54.06,0.19,3.84,0.03,28.48,38.97,735.91,188.2,1.09,12-May-2018 - 00:00,"Vasundhara, Ghaziabad - UPPCB"
12-May-2018 - 00:00,153.64,368.0,0.0,36.36,93.23,41.83,5.29,64.0,38.35,61.02,1.64,43.79,0.19,3.07,0.0,28.52,45.46,735.21,133.16,1.45,13-May-2018 - 00:00,"Vasundhara, Ghaziabad - UPPCB"
13-May-2018 - 00:00,68.36,210.34,0.01,33.12,99.11,21.81,2.5,25.22,15.46,70.09,0.89,28.19,0.08,1.81,0.0,28.48,55.68,735.49,126.0,2.83,14-May-2018 - 00:00,"Vasundhara, Ghaziabad - UPPCB"
14-May-2018 - 00:00,83.42,148.54,0.0,30.53,81.33,22.17,3.55,41.92,24.42,47.5,1.4,32.37,0.06,1.82,0.04,28.88,54.36,736.8,142.21,1.57,15-May-2018 - 00:00,"Vasundhara, Ghaziabad - UPPCB"
15-May-2018 - 00:00,69.5,197.64,0.0,33.25,109.17,27.26,3.7,43.04,25.9,54.07,1.34,32.69,0.12,2.14,0.03,28.56,54.77,735.59,131.12,1.53,16-May-2018 - 00:00,"Vasundhara, Ghaziabad - UPPCB"
16-May-2018 - 00:00,74.82,239.47,0.01,35.33,121.61,25.99,8.61,60.37,39.12,50.55,1.11,41.85,0.13,3.05,0.08,28.45,42.91,734.43,218.24,1.8,17-May-2018 - 00:00,"Vasundhara, Ghaziabad - UPPCB"
17-May-2018 - 00:00,114.33,347.32,0.0,36.67,114.69,54.14,5.0,61.08,36.55,48.05,1.21,53.74,0.12,3.19,0.44,28.64,33.59,734.43,174.34,1.48,18-May-2018 - 00:00,"Vasundhara, Ghaziabad - UPPCB"
18-May-2018 - 00:00,101.16,287.71,0.0,35.79,104.84,56.09,10.61,65.01,43.2,50.23,1.38,37.24,0.16,3.23,0.12,28.61,38.12,734.48,111.21,1.2,19-May-2018 - 00:00,"Vasundhara, Ghaziabad - UPPCB"
19-May-2018 - 00:00,108.18,339.88,0.0,36.17,104.52,32.68,39.87,83.42,76.79,56.42,1.81,51.11,0.22,4.06,0.1,28.66,39.84,734.2,204.34,1.14,20-May-2018 - 00:00,"Vasundhara, Ghaziabad - UPPCB"
20-May-2018 - 00:00,100.49,317.04,0.0,36.38,115.77,32.76,23.96,70.48,56.96,52.22,1.37,43.41,0.17,3.62,0.28,28.67,32.83,735.54,191.32,1.49,21-May-2018 - 00:00,"Vasundhara, Ghaziabad - UPPCB"
21-May-2018 - 00:00,82.83,300.79,0.0,37.45,124.51,41.83,4.21,55.47,32.93,44.56,1.06,45.84,0.15,3.03,0.35,28.9,22.29,735.8,198.15,2.13,22-May-2018 - 00:00,"Vasundhara, Ghaziabad - UPPCB"
22-May-2018 - 00:00,93.8,322.98,0.0,38.52,120.18,38.55,59.12,80.44,90.84,47.76,2.19,45.81,0.17,3.69,0.35,28.96,23.92,734.66,176.71,1.28,23-May-2018 - 00:00,"Vasundhara, Ghaziabad - UPPCB"
23-May-2018 - 00:00,175.04,470.79,0.0,38.45,114.35,77.84,66.99,91.58,103.17,63.8,2.55,64.44,0.32,5.46,1.3,28.81,31.95,733.64,137.74,1.03,24-May-2018 - 00:00,"Vasundhara, Ghaziabad - UPPCB"
24-May-2018 - 00:00,158.56,432.39,0.0,36.9,102.03,53.31,57.05,80.45,87.81,62.6,2.45,54.42,0.27,4.03,0.28,28.87,37.49,733.02,154.7,1.17,25-May-2018 - 00:00,"Vasundhara, Ghaziabad - UPPCB"
25-May-2018 - 00:00,92.0,298.32,0.0,38.56,127.35,45.43,34.15,87.65,74.37,50.87,1.65,49.22,0.24,4.36,0.63,29.0,22.73,733.16,239.69,1.27,26-May-2018 - 00:00,"Vasundhara, Ghaziabad - UPPCB"
26-May-2018 - 00:00,101.94,308.1,0.0,39.46,127.01,42.79,44.56,98.1,88.4,51.74,1.79,46.37,0.23,4.75,0.42,29.03,22.25,732.11,223.88,0.98,27-May-2018 - 00:00,"Vasundhara, Ghaziabad - UPPCB"
27-May-2018 - 00:00,81.7,315.49,0.0,39.2,121.04,20.4,9.34,75.22,47.61,49.69,1.32,44.75,0.17,3.3,0.0,29.0,23.77,731.46,178.94,1.44,28-May-2018 - 00:00,"Vasundhara, Ghaziabad - UPPCB"
28-May-2018 - 00:00,114.56,332.5,0.0,37.65,112.48,40.15,22.63,74.09,57.81,54.27,1.96,39.19,0.21,2.93,0.03,28.81,33.44,730.09,117.49,1.1,29-May-2018 - 00:00,"Vasundhara, Ghaziabad - UPPCB"
29-May-2018 - 00:00,95.78,341.7,0.0,38.15,118.14,21.48,15.53,55.67,42.23,64.44,1.42,45.74,0.18,2.96,0.0,28.64,39.69,729.03,160.38,1.81,30-May-2018 - 00:00,"Vasundhara, Ghaziabad - UPPCB"
30-May-2018 - 00:00,51.61,303.28,0.0,35.25,112.0,17.26,2.94,26.44,16.46,69.77,0.83,34.78,0.07,1.38,0.0,28.69,49.68,731.08,148.73,2.57,31-May-2018 - 00:00,"Vasundhara, Ghaziabad - UPPCB"
31-May-2018 - 00:00,67.78,259.33,0.0,36.75,114.39,19.0,3.27,34.8,21.17,56.06,1.06,30.54,0.11,2.23,0.0,28.72,47.75,732.61,152.64,1.67,01-Jun-2018 - 00:00,"Vasundhara, Ghaziabad - UPPCB"
01-Jun-2018 - 00:00,59.08,236.6,0.0,34.42,116.73,14.38,2.51,20.96,13.19,60.71,0.87,25.65,0.09,1.4,0.0,28.78,57.19,733.9,130.82,2.74,02-Jun-2018 - 00:00,"Vasundhara, Ghaziabad - UPPCB"
02-Jun-2018 - 00:00,37.73,148.29,0.0,32.14,114.43,14.02,2.08,24.06,14.48,46.48,0.66,30.21,0.06,1.43,0.0,28.68,55.99,734.72,139.53,2.33,03-Jun-2018 - 00:00,"Vasundhara, Ghaziabad - UPPCB"
03-Jun-2018 - 00:00,50.68,144.3,0.0,33.82,117.31,19.92,3.25,24.74,15.8,50.97,0.8,23.57,0.08,1.61,0.0,28.46,59.88,732.22,126.35,2.01,04-Jun-2018 - 00:00,"Vasundhara, Ghaziabad - UPPCB"
04-Jun-2018 - 00:00,53.34,186.46,0.0,36.14,110.89,12.08,2.32,18.61,11.79,52.18,0.86,18.04,0.09,1.44,0.0,28.44,55.73,731.23,137.73,2.53,05-Jun-2018 - 00:00,"Vasundhara, Ghaziabad - UPPCB"
05-Jun-2018 - 00:00,48.16,156.8,0.0,36.44,110.35,14.02,2.33,16.78,10.82,49.3,0.83,16.8,0.08,1.31,0.0,28.5,54.84,733.65,132.58,2.41,06-Jun-2018 - 00:00,"Vasundhara, Ghaziabad - UPPCB"
06-Jun-2018 - 00:00,52.74,156.91,0.0,33.3,71.06,14.58,2.97,22.83,14.56,51.14,0.84,62.9,0.09,1.88,0.02,28.63,65.66,735.24,103.47,1.83,07-Jun-2018 - 00:00,"Vasundhara, Ghaziabad - UPPCB"
07-Jun-2018 - 00:00,69.22,173.05,0.0,36.01,127.98,22.39,3.29,25.18,16.07,51.77,1.1,57.41,0.09,2.29,0.02,28.55,57.82,731.05,122.19,1.34,08-Jun-2018 - 00:00,"Vasundhara, Ghaziabad - UPPCB"
08-Jun-2018 - 00:00,69.01,219.57,0.0,35.75,120.85,12.93,2.7,17.29,11.4,59.6,0.91,52.73,0.09,1.6,0.0,29.13,62.09,727.9,137.15,2.55,09-Jun-2018 - 00:00,"Vasundhara, Ghaziabad - UPPCB"
09-Jun-2018 - 00:00,53.96,118.21,0.21,32.07,104.24,15.48,16.82,28.6,28.31,54.97,0.91,43.87,0.1,1.6,0.0,28.96,74.4,727.44,144.84,2.13,10-Jun-2018 - 00:00,"Vasundhara, Ghaziabad - UPPCB"
10-Jun-2018 - 00:00,76.06,172.32,0.0,34.11,142.33,23.96,13.49,48.87,36.96,55.59,1.08,66.79,0.12,3.16,0.08,29.03,64.01,727.72,170.26,1.12,11-Jun-2018 - 00:00,"Vasundhara, Ghaziabad - UPPCB"
11-Jun-2018 - 00:00,74.47,261.88,0.0,37.0,141.89,25.4,6.72,45.35,29.59,58.36,1.06,55.9,0.09,2.82,0.02,28.94,53.92,725.62,258.25,1.76,12-Jun-2018 - 00:00,"Vasundhara, Ghaziabad - UPPCB"
12-Jun-2018 - 00:00,134.98,491.12,0.0,38.8,124.71,16.09,12.73,55.09,39.66,49.31,0.99,36.02,0.09,3.29,0.01,28.88,47.41,723.3,254.05,1.59,13-Jun-2018 - 00:00,"Vasundhara, Ghaziabad - UPPCB"
13-Jun-2018 - 00:00,263.03,922.14,0.0,39.68,118.69,8.16,11.7,37.64,29.53,44.19,0.67,17.05,0.07,2.66,0.0,28.89,42.49,723.31,252.99,2.02,14-Jun-2018 - 00:00,"Vasundhara, Ghaziabad - UPPCB"
14-Jun-2018 - 00:00,197.58,847.65,0.0,38.75,113.12,11.81,13.7,47.22,36.25,36.87,0.65,15.82,0.04,2.7,0.0,28.84,40.3,725.32,254.81,2.0,15-Jun-2018 - 00:00,"Vasundhara, Ghaziabad - UPPCB"
15-Jun-2018 - 00:00,140.31,700.82,0.0,37.7,120.38,9.75,6.9,37.8,25.71,32.95,0.67,22.42,0.03,2.38,0.01,28.9,42.14,727.69,216.29,1.91,16-Jun-2018 - 00:00,"Vasundhara, Ghaziabad - UPPCB"
16-Jun-2018 - 00:00,134.97,607.39,0.0,35.49,105.57,15.91,3.43,28.81,18.11,38.7,0.72,31.91,0.1,2.31,0.03,29.03,55.98,730.12,142.99,1.67,17-Jun-2018 - 00:00,"Vasundhara, Ghaziabad - UPPCB"
17-Jun-2018 - 00:00,77.93,273.07,0.0,32.4,131.41,33.28,2.48,21.99,13.72,41.62,0.6,40.96,0.06,1.93,0.05,29.04,64.2,731.33,110.25,2.04,18-Jun-2018 - 00:00,"Vasundhara, Ghaziabad - UPPCB"
18-Jun-2018 - 00:00,78.04,214.58,0.0,33.67,118.97,43.26,3.87,36.86,22.75,37.73,0.87,49.34,0.12,2.51,0.09,29.1,56.01,731.2,175.51,1.66,19-Jun-2018 - 00:00,"Vasundhara, Ghaziabad - UPPCB"
19-Jun-2018 - 00:00,65.2,179.62,0.0,33.65,189.03,31.03,2.95,33.4,20.16,35.32,0.7,77.82,0.1,2.59,0.18,29.04,59.48,731.78,217.31,1.65,20-Jun-2018 - 00:00,"Vasundhara, Ghaziabad - UPPCB"
20-Jun-2018 - 00:00,342.57,239.41,0.0,37.38,37.9,48.51,1.75,37.69,18.61,50.15,1.51,53.27,0.09,2.14,0.06,28.89,50.3,730.77,69.03,1.4,21-Jun-2018 - 00:00,"Vasundhara, Ghaziabad - UPPCB"
21-Jun-2018 - 00:00,83.91,316.76,0.0,37.64,118.32,37.93,3.24,42.27,25.12,45.53,0.96,63.89,0.1,2.64,0.15,29.03,47.74,731.56,148.89,1.27,22-Jun-2018 - 00:00,"Vasundhara, Ghaziabad - UPPCB"
22-Jun-2018 - 00:00,101.79,319.52,0.0,39.25,117.23,40.96,13.68,61.25,43.71,46.57,1.39,87.89,0.14,3.59,0.23,28.67,45.44,730.19,130.57,1.0,23-Jun-2018 - 00:00,"Vasundhara, Ghaziabad - UPPCB"
23-Jun-2018 - 00:00,81.35,278.4,0.0,38.86,113.4,39.75,5.05,56.15,33.97,46.26,1.06,75.07,0.11,3.07,0.2,28.7,44.91,729.82,163.82,1.4,24-Jun-2018 - 00:00,"Vasundhara, Ghaziabad - UPPCB"
24-Jun-2018 - 00:00,76.54,253.3,0.0,38.31,128.25,46.0,3.41,44.47,26.42,43.71,1.03,65.45,0.1,2.78,0.34,28.79,43.9,729.23,170.21,1.48,25-Jun-2018 - 00:00,"Vasundhara, Ghaziabad - UPPCB"
25-Jun-2018 - 00:00,81.71,329.91,0.0,38.26,128.09,21.82,4.54,44.04,27.12,42.55,0.85,48.45,0.07,2.54,0.03,28.77,45.79,727.09,225.35,1.82,26-Jun-2018 - 00:00,"Vasundhara, Ghaziabad - UPPCB"
26-Jun-2018 - 00:00,60.9,205.58,0.01,34.1,47.46,28.56,5.78,47.99,30.23,42.03,0.92,28.86,0.08,2.65,0.12,28.92,57.59,727.86,186.08,1.4,27-Jun-2018 - 00:00,"Vasundhara, Ghaziabad - UPPCB"
27-Jun-2018 - 00:00,51.06,112.8,0.07,32.01,109.73,15.48,3.32,32.64,20.07,53.63,0.78,35.57,0.07,2.13,0.0,28.77,73.89,730.09,134.38,1.78,28-Jun-2018 - 00:00,"Vasundhara, Ghaziabad - UPPCB"
28-Jun-2018 - 00:00,26.38,56.03,0.6,30.9,109.18,8.8,5.02,29.85,19.95,56.35,0.68,22.81,0.04,1.74,0.01,28.91,80.49,731.58,136.09,2.21,29-Jun-2018 - 00:00,"Vasundhara, Ghaziabad - UPPCB"
29-Jun-2018 - 00:00,36.3,80.46,0.01,32.19,114.7,8.86,2.36,26.63,16.08,45.89,0.6,30.28,0.02,1.45,0.0,28.99,74.79,731.43,138.0,2.41,30-Jun-2018 - 00:00,"Vasundhara, Ghaziabad - UPPCB"
30-Jun-2018 - 00:00,39.77,87.51,0.0,33.19,115.16,10.79,3.13,35.29,21.32,43.37,0.72,36.21,0.06,2.02,0.04,29.0,72.28,731.9,173.05,1.53,01-Jul-2018 - 00:00,"Vasundhara, Ghaziabad - UPPCB"
01-Jul-2018 - 00:00,31.22,79.18,0.03,34.3,101.91,9.61,6.26,39.85,26.29,44.75,0.79,27.1,0.05,2.54,0.0,28.97,70.06,730.53,243.93,1.47,02-Jul-2018 - 00:00,"Vasundhara, Ghaziabad - UPPCB"
02-Jul-2018 - 00:00,31.5,104.78,0.15,33.97,112.5,11.61,4.74,36.49,23.26,41.04,0.63,38.58,0.01,2.18,0.08,28.91,66.6,728.27,236.43,1.88,03-Jul-2018 - 00:00,"Vasundhara, Ghaziabad - UPPCB"
03-Jul-2018 - 00:00,41.69,106.15,0.0,32.37,111.19,19.66,3.45,33.18,20.45,37.86,0.58,38.7,0.04,2.14,0.03,29.03,73.3,728.75,119.36,1.47,04-Jul-2018 - 00:00,"Vasundhara, Ghaziabad - UPPCB"
04-Jul-2018 - 00:00,40.33,104.82,0.0,32.86,122.78,12.59,2.01,27.88,16.46,39.1,0.61,53.59,0.04,2.23,0.08,28.97,70.55,729.0,121.9,1.57,05-Jul-2018 - 00:00,"Vasundhara, Ghaziabad - UPPCB"
05-Jul-2018 - 00:00,58.51,170.18,0.0,33.79,117.5,22.34,6.2,47.11,30.11,38.4,0.84,45.86,0.1,2.74,0.13,28.89,66.94,730.35,170.07,1.27,06-Jul-2018 - 00:00,"Vasundhara, Ghaziabad - UPPCB"
06-Jul-2018 - 00:00,72.83,208.23,0.0,34.95,121.45,28.78,2.37,41.21,23.3,48.63,0.81,62.55,0.1,3.24,0.37,28.96,62.6,730.47,204.04,1.45,07-Jul-2018 - 00:00,"Vasundhara, Ghaziabad - UPPCB"
07-Jul-2018 - 00:00,71.93,186.94,0.0,35.65,135.77,34.98,0.59,30.94,16.86,57.16,0.78,60.32,0.08,3.33,0.44,28.92,60.02,729.78,173.42,1.51,08-Jul-2018 - 00:00,"Vasundhara, Ghaziabad - UPPCB"
08-Jul-2018 - 00:00,72.96,188.34,0.0,37.02,138.71,22.88,0.86,30.67,17.0,59.48,0.79,73.6,0.08,2.48,0.24,28.8,56.2,728.76,136.94,1.13,09-Jul-2018 - 00:00,"Vasundhara, Ghaziabad - UPPCB"
09-Jul-2018 - 00:00,64.62,161.41,0.0,35.7,110.69,8.02,0.8,22.47,12.59,60.08,0.64,53.14,0.05,2.1,0.03,28.94,68.08,728.75,144.91,1.95,10-Jul-2018 - 00:00,"Vasundhara, Ghaziabad - UPPCB"
10-Jul-2018 - 00:00,40.18,107.27,0.0,34.59,114.19,11.41,0.89,20.31,11.49,54.01,0.57,36.68,0.01,1.71,0.05,28.99,73.15,729.44,133.94,1.91,11-Jul-2018 - 00:00,"Vasundhara, Ghaziabad - UPPCB"
11-Jul-2018 - 00:00,40.39,102.25,0.0,32.54,67.27,5.61,1.27,29.63,16.33,47.79,0.72,24.88,0.05,2.0,0.0,29.19,77.53,728.88,149.51,1.76,12-Jul-2018 - 00:00,"Vasundhara, Ghaziabad - UPPCB"
12-Jul-2018 - 00:00,50.83,137.8,0.0,33.33,98.6,8.72,0.99,30.53,16.03,51.47,0.88,36.05,0.06,2.45,0.17,29.05,72.82,728.39,148.09,1.65,13-Jul-2018 - 00:00,"Vasundhara, Ghaziabad - UPPCB"
13-Jul-2018 - 00:00,31.88,65.84,0.13,30.71,92.4,10.15,0.72,31.8,17.38,45.24,0.82,21.49,0.03,1.96,0.05,29.18,83.52,729.54,121.9,1.47,14-Jul-2018 - 00:00,"Vasundhara, Ghaziabad - UPPCB"
14-Jul-2018 - 00:00,35.17,60.7,0.0,30.15,109.55,24.79,0.93,32.16,17.82,42.52,0.94,12.94,0.06,2.27,0.02,29.09,86.77,729.24,107.52,1.46,15-Jul-2018 - 00:00,"Vasundhara, Ghaziabad - UPPCB"
15-Jul-2018 - 00:00,41.99,88.18,0.0,31.86,96.84,6.18,0.87,32.4,17.92,42.24,0.98,18.81,0.07,2.38,0.01,29.12,82.5,728.85,137.7,1.35,16-Jul-2018 - 00:00,"Vasundhara, Ghaziabad - UPPCB"
16-Jul-2018 - 00:00,45.49,99.95,0.0,32.28,85.73,10.04,0.88,30.61,16.91,51.05,0.95,21.58,0.05,2.16,0.2,29.61,83.68,729.46,130.85,1.8,17-Jul-2018 - 00:00,"Vasundhara, Ghaziabad - UPPCB"
17-Jul-2018 - 00:00,28.04,80.83,0.0,33.96,106.62,16.98,0.86,26.24,14.65,50.18,0.83,16.68,0.03,2.03,0.12,29.89,75.03,729.7,113.45,1.63,18-Jul-2018 - 00:00,"Vasundhara, Ghaziabad - UPPCB"
18-Jul-2018 - 00:00,34.88,89.25,0.0,33.71,119.32,11.56,0.92,27.36,15.28,52.61,0.85,18.02,0.06,2.16,0.09,29.91,75.36,730.43,106.73,1.86,19-Jul-2018 - 00:00,"Vasundhara, Ghaziabad - UPPCB"
19-Jul-2018 - 00:00,32.98,90.11,0.0,33.96,128.01,22.35,0.89,30.23,16.74,44.43,0.79,17.52,0.06,2.11,0.04,30.07,74.32,730.18,126.94,1.59,20-Jul-2018 - 00:00,"Vasundhara, Ghaziabad - UPPCB"
20-Jul-2018 - 00:00,51.47,92.2,0.32,31.22,54.06,16.37,0.9,46.46,25.41,48.84,1.19,20.3,0.11,3.34,0.19,30.02,85.5,729.67,161.83,1.16,21-Jul-2018 - 00:00,"Vasundhara, Ghaziabad - UPPCB"
21-Jul-2018 - 00:00,42.78,77.24,0.19,30.39,70.33,16.89,0.95,41.16,22.61,47.17,1.09,30.05,0.1,2.94,0.05,30.07,86.51,730.08,118.39,1.02,22-Jul-2018 - 00:00,"Vasundhara, Ghaziabad - UPPCB"
22-Jul-2018 - 00:00,29.74,41.86,1.06,28.95,85.76,4.59,0.8,31.66,17.49,42.43,0.77,19.36,0.05,2.69,0.03,30.23,93.05,730.98,117.81,0.84,23-Jul-2018 - 00:00,"Vasundhara, Ghaziabad - UPPCB"
23-Jul-2018 - 00:00,214.25,72.47,0.0,33.05,136.48,11.89,0.94,29.57,13.61,53.88,1.46,21.83,0.04,1.4,0.0,30.18,74.96,730.33,126.04,1.91,24-Jul-2018 - 00:00,"Vasundhara, Ghaziabad - UPPCB"
24-Jul-2018 - 00:00,37.71,77.32,0.0,33.39,108.25,11.51,1.02,35.76,19.83,47.94,0.83,26.29,0.07,2.52,0.04,29.93,75.95,730.84,134.71,1.14,25-Jul-2018 - 00:00,"Vasundhara, Ghaziabad - UPPCB"
25-Jul-2018 - 00:00,35.92,69.56,0.0,30.83,51.8,3.99,1.04,44.21,24.02,43.88,0.91,15.77,0.06,2.6,0.1,30.21,86.11,730.48,210.03,1.39,26-Jul-2018 - 00:00,"Vasundhara, Ghaziabad - UPPCB"
26-Jul-2018 - 00:00,35.59,53.01,2.03,28.44,30.54,5.21,0.97,38.4,21.17,45.43,0.86,40.5,0.08,2.98,0.19,30.03,94.61,730.46,198.93,1.2,27-Jul-2018 - 00:00,"Vasundhara, Ghaziabad - UPPCB"
27-Jul-2018 - 00:00,72.57,44.38,0.4,27.85,37.72,11.54,1.01,42.2,23.0,41.15,0.98,33.79,0.07,3.09,0.31,33.1,96.39,729.5,157.46,1.26,28-Jul-2018 - 00:00,"Vasundhara, Ghaziabad - UPPCB"
28-Jul-2018 - 00:00,47.02,86.44,0.14,29.11,74.53,21.04,1.2,39.66,21.92,33.16,1.18,61.23,0.08,2.43,0.28,30.91,89.66,730.07,250.98,1.65,29-Jul-2018 - 00:00,"Vasundhara, Ghaziabad - UPPCB"
29-Jul-2018 - 00:00,70.67,177.03,0.0,31.98,120.67,5.54,1.14,42.14,23.15,44.94,1.12,60.41,0.08,3.01,0.0,30.63,80.04,730.82,229.6,1.09,30-Jul-2018 - 00:00,"Vasundhara, Ghaziabad - UPPCB"
30-Jul-2018 - 00:00,52.31,169.66,0.02,32.29,106.52,9.33,1.27,40.35,22.06,49.1,1.17,49.22,0.07,2.67,0.04,30.66,76.22,730.38,215.7,1.26,31-Jul-2018 - 00:00,"Vasundhara, Ghaziabad - UPPCB"
31-Jul-2018 - 00:00,59.78,218.4,0.0,32.23,74.48,5.6,1.13,50.61,27.55,47.45,1.05,20.09,0.06,2.8,0.01,30.6,74.89,729.67,230.33,1.5,01-Aug-2018 - 00:00,"Vasundhara, Ghaziabad - UPPCB"
01-Aug-2018 - 00:00,60.01,244.9,0.0,33.27,122.74,11.61,1.02,42.7,23.17,43.08,1.05,27.07,0.06,2.53,0.03,30.22,68.56,730.07,238.94,1.35,02-Aug-2018 - 00:00,"Vasundhara, Ghaziabad - UPPCB"
02-Aug-2018 - 00:00,69.91,307.76,0.0,33.89,105.89,2.27,1.03,39.56,21.51,40.15,1.0,20.69,0.04,2.47,0.01,30.37,66.03,731.45,250.0,1.56,03-Aug-2018 - 00:00,"Vasundhara, Ghaziabad - UPPCB"
03-Aug-2018 - 00:00,62.09,275.98,0.0,33.54,92.52,6.09,0.95,41.5,22.7,34.76,0.88,14.58,0.04,2.43,0.01,30.34,64.71,731.93,246.54,1.41,04-Aug-2018 - 00:00,"Vasundhara, Ghaziabad - UPPCB"
04-Aug-2018 - 00:00,65.01,266.78,0.0,33.65,96.36,9.5,0.96,41.9,22.99,31.82,0.97,20.1,0.03,2.17,0.16,30.52,63.82,731.61,235.47,1.31,05-Aug-2018 - 00:00,"Vasundhara, Ghaziabad - UPPCB"
05-Aug-2018 - 00:00,59.67,285.12,0.02,31.05,54.93,3.94,1.32,34.25,19.23,32.8,0.8,10.74,0.04,1.56,0.08,30.57,76.83,731.82,207.78,1.75,06-Aug-2018 - 00:00,"Vasundhara, Ghaziabad - UPPCB"
06-Aug-2018 - 00:00,49.28,111.38,0.01,28.88,60.43,8.68,1.46,23.64,13.67,48.53,0.77,13.6,0.03,1.85,0.09,30.49,88.01,732.15,114.43,1.23,07-Aug-2018 - 00:00,"Vasundhara, Ghaziabad - UPPCB"
07-Aug-2018 - 00:00,43.27,95.18,0.01,30.07,85.28,12.38,1.54,29.96,17.14,36.94,0.89,24.02,0.04,1.89,0.05,30.45,84.2,732.02,103.54,1.02,08-Aug-2018 - 00:00,"Vasundhara, Ghaziabad - UPPCB"
08-Aug-2018 - 00:00,33.02,66.12,0.26,30.97,105.9,9.25,1.43,28.52,16.31,34.88,0.9,33.09,0.04,1.92,0.14,30.51,83.98,732.62,112.33,1.28,09-Aug-2018 - 00:00,"Vasundhara, Ghaziabad - UPPCB"
09-Aug-2018 - 00:00,32.72,81.26,0.0,32.81,131.04,7.19,1.51,27.44,15.83,37.19,0.87,21.58,0.05,1.62,0.05,30.2,75.95,734.89,123.86,1.58,10-Aug-2018 - 00:00,"Vasundhara, Ghaziabad - UPPCB"
10-Aug-2018 - 00:00,85.78,127.41,0.04,32.87,79.59,7.37,1.89,55.38,30.46,36.85,1.5,34.39,0.08,2.38,0.09,30.2,77.18,733.6,189.6,0.97,11-Aug-2018 - 00:00,"Vasundhara, Ghaziabad - UPPCB"
11-Aug-2018 - 00:00,38.62,112.17,0.06,33.44,106.19,6.87,1.65,44.87,25.06,46.46,1.06,24.8,0.04,2.52,0.13,29.98,75.4,729.95,234.97,1.25,12-Aug-2018 - 00:00,"Vasundhara, Ghaziabad - UPPCB"
12-Aug-2018 - 00:00,31.83,99.71,0.23,31.27,63.72,7.1,1.42,40.61,22.76,35.05,0.91,30.84,0.04,2.25,0.06,30.09,80.09,728.59,197.32,1.03,13-Aug-2018 - 00:00,"Vasundhara, Ghaziabad - UPPCB"
13-Aug-2018 - 00:00,33.04,101.56,0.0,31.42,77.74,8.83,1.31,34.35,19.27,33.46,0.84,37.0,0.04,2.23,0.08,30.12,79.65,729.83,169.67,0.9,14-Aug-2018 - 00:00,"Vasundhara, Ghaziabad - UPPCB"
14-Aug-2018 - 00:00,51.8,139.85,0.0,32.66,94.54,8.16,1.49,35.25,19.92,37.13,0.89,25.66,0.08,2.28,0.11,30.24,78.25,730.82,135.81,1.12,15-Aug-2018 - 00:00,"Vasundhara, Ghaziabad - UPPCB"
15-Aug-2018 - 00:00,40.1,117.9,0.0,32.21,102.53,7.95,1.32,29.45,16.74,37.14,0.82,29.07,0.02,1.66,0.07,30.83,76.93,732.51,175.51,1.49,16-Aug-2018 - 00:00,"Vasundhara, Ghaziabad - UPPCB"
16-Aug-2018 - 00:00,38.79,106.03,0.0,32.13,100.62,22.52,1.52,34.33,19.43,34.3,1.0,31.86,0.04,2.22,0.22,31.03,78.12,734.03,110.04,0.97,17-Aug-2018 - 00:00,"Vasundhara, Ghaziabad - UPPCB"
17-Aug-2018 - 00:00,29.03,76.11,0.0,32.88,114.67,6.22,1.52,24.48,14.26,32.8,0.88,16.74,0.04,1.84,0.03,31.0,79.58,731.74,114.74,1.71,18-Aug-2018 - 00:00,"Vasundhara, Ghaziabad - UPPCB"
18-Aug-2018 - 00:00,32.0,83.82,0.43,31.87,107.09,3.67,1.43,31.12,17.5,34.37,0.93,16.98,0.04,2.04,0.04,30.9,82.49,731.42,133.96,1.52,19-Aug-2018 - 00:00,"Vasundhara, Ghaziabad - UPPCB"
19-Aug-2018 - 00:00,52.68,114.9,0.0,30.43,52.58,8.32,1.68,55.29,30.68,34.45,1.44,17.8,0.11,2.79,0.08,30.86,87.81,731.22,165.93,0.84,20-Aug-2018 - 00:00,"Vasundhara, Ghaziabad - UPPCB"
20-Aug-2018 - 00:00,70.3,143.57,0.0,32.17,98.16,5.61,1.58,44.72,24.96,45.3,1.53,34.76,0.11,2.85,0.03,30.86,82.11,732.76,158.6,1.12,21-Aug-2018 - 00:00,"Vasundhara, Ghaziabad - UPPCB"
21-Aug-2018 - 00:00,26.16,76.35,0.0,32.61,119.52,6.69,1.56,27.93,16.05,33.44,0.83,19.01,0.02,1.61,0.01,30.74,77.96,732.54,129.09,1.46,22-Aug-2018 - 00:00,"Vasundhara, Ghaziabad - UPPCB"
22-Aug-2018 - 00:00,28.84,77.28,0.0,32.57,95.15,6.94,1.47,26.55,15.32,30.4,0.88,23.04,0.03,1.79,0.05,30.67,78.97,731.98,150.04,1.51,23-Aug-2018 - 00:00,"Vasundhara, Ghaziabad - UPPCB"
23-Aug-2018 - 00:00,85.91,46.02,0.6,30.22,91.5,7.0,1.38,26.22,14.01,30.41,0.97,20.51,0.02,1.69,0.06,30.75,88.23,732.82,217.14,1.57,24-Aug-2018 - 00:00,"Vasundhara, Ghaziabad - UPPCB"
24-Aug-2018 - 00:00,120.42,147.69,0.0,33.09,109.6,10.42,2.69,56.72,26.34,46.14,2.2,3.13,0.08,2.69,0.14,30.68,75.96,731.26,242.76,1.01,25-Aug-2018 - 00:00,"Vasundhara, Ghaziabad - UPPCB"
25-Aug-2018 - 00:00,21.07,89.21,0.0,31.96,100.33,5.6,1.35,41.51,23.08,38.8,0.71,11.1,0.03,2.52,0.02,30.61,75.5,731.17,252.84,1.38,26-Aug-2018 - 00:00,"Vasundhara, Ghaziabad - UPPCB"
26-Aug-2018 - 00:00,20.58,76.21,0.0,31.83,121.1,7.34,1.44,29.62,16.93,34.43,0.63,26.03,0.0,2.14,0.04,30.52,75.75,730.89,180.52,1.68,27-Aug-2018 - 00:00,"Vasundhara, Ghaziabad - UPPCB"
27-Aug-2018 - 00:00,18.67,49.64,0.03,30.36,66.08,8.06,1.42,31.83,18.07,31.04,0.98,12.98,0.02,1.81,0.04,30.69,84.27,732.7,91.4,0.93,28-Aug-2018 - 00:00,"Vasundhara, Ghaziabad - UPPCB"
28-Aug-2018 - 00:00,24.28,56.11,0.02,30.22,80.91,6.4,1.61,29.02,16.71,30.63,0.87,14.65,4.01,12.39,2.19,30.78,87.81,733.74,112.35,1.39,29-Aug-2018 - 00:00,"Vasundhara, Ghaziabad - UPPCB"
29-Aug-2018 - 00:00,28.89,61.95,0.01,29.94,75.17,8.15,1.49,32.02,18.19,30.6,0.87,15.43,1.18,21.23,1.21,31.19,88.43,734.8,137.78,1.32,30-Aug-2018 - 00:00,"Vasundhara, Ghaziabad - UPPCB"
30-Aug-2018 - 00:00,45.47,105.4,0.0,32.26,103.75,11.45,1.44,40.58,22.64,30.76,1.13,32.12,1.76,25.91,2.05,31.17,80.36,732.65,227.62,1.09,31-Aug-2018 - 00:00,"Vasundhara, Ghaziabad - UPPCB"
31-Aug-2018 - 00:00,46.08,155.62,0.0,32.26,90.26,7.94,14.9,33.57,28.11,30.0,0.85,27.13,1.24,24.12,1.14,30.54,79.02,732.75,185.96,1.48,01-Sep-2018 - 00:00,"Vasundhara, Ghaziabad - UPPCB"
01-Sep-2018 - 00:00,55.85,119.89,0.05,29.28,46.15,15.77,13.99,43.52,34.53,31.61,1.28,50.13,2.41,26.68,2.6,31.03,88.35,734.98,181.88,1.09,02-Sep-2018 - 00:00,"Vasundhara, Ghaziabad - UPPCB"
02-Sep-2018 - 00:00,46.29,90.79,0.28,28.16,44.74,8.39,13.26,35.98,29.82,33.09,1.04,39.14,1.75,25.63,1.89,31.46,92.8,734.64,152.13,1.07,03-Sep-2018 - 00:00,"Vasundhara, Ghaziabad - UPPCB"
03-Sep-2018 - 00:00,46.04,70.34,0.17,27.8,40.82,8.36,22.3,50.23,44.84,30.06,1.62,14.41,2.22,28.03,3.4,31.45,94.18,735.0,155.07,0.61,04-Sep-2018 - 00:00,"Vasundhara, Ghaziabad - UPPCB"
04-Sep-2018 - 00:00,61.0,123.49,0.0,28.98,68.76,9.71,39.25,52.64,59.96,30.45,1.76,39.41,3.02,33.33,4.03,31.35,89.99,735.47,187.26,0.65,05-Sep-2018 - 00:00,"Vasundhara, Ghaziabad - UPPCB"
05-Sep-2018 - 00:00,45.19,119.41,0.02,29.58,88.74,8.37,20.16,49.68,42.86,30.55,1.33,31.09,2.36,27.75,2.73,31.34,85.93,734.67,243.3,1.01,06-Sep-2018 - 00:00,"Vasundhara, Ghaziabad - UPPCB"
06-Sep-2018 - 00:00,48.53,148.48,0.53,30.71,102.5,13.79,29.71,44.56,47.85,32.27,1.32,37.94,2.22,27.96,3.0,31.14,82.26,734.14,235.98,1.09,07-Sep-2018 - 00:00,"Vasundhara, Ghaziabad - UPPCB"
07-Sep-2018 - 00:00,37.96,106.55,0.0,29.67,80.17,13.63,33.16,55.16,56.29,34.89,1.46,35.7,2.37,28.27,3.31,30.82,85.08,736.05,163.51,0.88,08-Sep-2018 - 00:00,"Vasundhara, Ghaziabad - UPPCB"
08-Sep-2018 - 00:00,27.96,78.27,0.0,29.67,80.33,26.88,9.44,30.23,23.75,32.85,0.94,14.55,1.06,19.81,0.89,30.43,85.85,736.3,98.27,1.56,09-Sep-2018 - 00:00,"Vasundhara, Ghaziabad - UPPCB"
09-Sep-2018 - 00:00,17.52,52.5,0.0,29.54,110.77,8.12,15.67,21.71,23.78,27.41,0.73,16.16,0.61,14.5,0.51,30.55,82.48,737.75,148.58,2.22,10-Sep-2018 - 00:00,"Vasundhara, Ghaziabad - UPPCB"
10-Sep-2018 - 00:00,31.04,84.98,0.0,30.09,72.6,9.99,7.55,34.53,24.51,25.86,0.93,21.74,0.89,19.57,0.89,30.65,82.71,739.18,178.84,1.19,11-Sep-2018 - 00:00,"Vasundhara, Ghaziabad - UPPCB"
11-Sep-2018 - 00:00,29.74,92.03,0.0,31.01,94.93,6.72,21.53,45.48,41.69,26.61,1.14,27.78,1.48,26.05,1.89,30.48,81.21,738.54,228.34,1.11,12-Sep-2018 - 00:00,"Vasundhara, Ghaziabad - UPPCB"
12-Sep-2018 - 00:00,28.0,114.88,0.0,31.84,116.45,6.77,17.08,39.2,34.59,27.04,0.85,24.83,1.14,26.05,1.4,30.26,75.84,735.8,248.27,1.59,13-Sep-2018 - 00:00,"Vasundhara, Ghaziabad - UPPCB"
13-Sep-2018 - 00:00,24.05,120.28,0.0,31.86,112.15,10.61,20.12,40.83,38.1,25.71,0.8,21.62,0.95,26.86,0.9,30.31,70.08,735.67,253.09,1.65,14-Sep-2018 - 00:00,"Vasundhara, Ghaziabad - UPPCB"
14-Sep-2018 - 00:00,33.23,135.51,0.0,31.66,114.09,9.76,12.52,44.94,34.09,24.29,0.82,33.88,1.05,25.31,1.08,30.37,69.93,738.14,261.01,1.42,15-Sep-2018 - 00:00,"Vasundhara, Ghaziabad - UPPCB"
15-Sep-2018 - 00:00,42.59,158.14,0.0,32.03,116.04,12.15,12.61,42.89,33.06,25.44,0.96,37.48,1.74,28.03,1.59,30.32,66.54,739.75,257.58,1.47,16-Sep-2018 - 00:00,"Vasundhara, Ghaziabad - UPPCB"
16-Sep-2018 - 00:00,44.99,155.73,0.0,31.85,112.88,10.46,8.41,37.38,26.73,28.3,0.82,36.53,1.56,25.68,1.28,30.27,69.06,738.42,242.54,1.75,17-Sep-2018 - 00:00,"Vasundhara, Ghaziabad - UPPCB"
17-Sep-2018 - 00:00,57.12,183.54,0.0,31.74,114.02,14.5,8.03,40.14,27.88,29.32,0.91,36.33,1.85,25.16,1.32,30.28,71.21,737.45,224.25,1.64,18-Sep-2018 - 00:00,"Vasundhara, Ghaziabad - UPPCB"
18-Sep-2018 - 00:00,58.19,193.21,0.0,31.95,116.1,14.41,5.44,42.38,26.96,28.79,0.88,37.09,1.83,29.78,1.49,30.15,66.67,737.47,246.88,1.65,19-Sep-2018 - 00:00,"Vasundhara, Ghaziabad - UPPCB"
19-Sep-2018 - 00:00,69.12,215.39,0.0,31.96,114.71,26.47,11.8,58.04,40.46,30.97,1.09,84.63,2.52,33.64,2.15,30.22,65.34,737.33,238.6,1.4,20-Sep-2018 - 00:00,"Vasundhara, Ghaziabad - UPPCB"
20-Sep-2018 - 00:00,104.58,243.59,0.0,32.44,109.09,26.32,14.71,57.78,42.69,35.58,1.28,72.0,2.39,30.75,2.7,30.33,66.74,737.71,126.62,0.95,21-Sep-2018 - 00:00,"Vasundhara, Ghaziabad - UPPCB"
21-Sep-2018 - 00:00,33.62,102.08,0.02,30.03,93.21,10.53,11.14,29.08,24.14,30.07,0.77,25.16,0.91,17.92,0.6,30.4,75.49,740.47,127.88,2.06,22-Sep-2018 - 00:00,"Vasundhara, Ghaziabad - UPPCB"
22-Sep-2018 - 00:00,19.02,44.62,0.17,26.86,42.24,10.65,5.57,28.68,19.79,29.45,0.76,16.01,0.73,16.82,0.47,30.62,89.71,740.61,102.92,2.15,23-Sep-2018 - 00:00,"Vasundhara, Ghaziabad - UPPCB"
23-Sep-2018 - 00:00,28.77,50.91,0.09,27.58,58.25,8.45,3.15,24.77,15.74,26.6,0.76,18.49,0.66,14.75,0.34,30.47,90.42,740.36,123.43,2.41,24-Sep-2018 - 00:00,"Vasundhara, Ghaziabad - UPPCB"
24-Sep-2018 - 00:00,21.29,42.31,0.09,26.31,35.77,4.39,11.1,36.34,28.35,23.81,0.91,18.95,1.19,20.93,1.49,30.56,94.29,738.36,171.45,1.51,25-Sep-2018 - 00:00,"Vasundhara, Ghaziabad - UPPCB"
25-Sep-2018 - 00:00,27.73,65.52,0.0,25.32,41.44,3.94,15.26,42.32,34.92,22.8,1.05,21.59,1.57,28.35,1.7,30.56,93.45,739.69,256.25,1.11,26-Sep-2018 - 00:00,"Vasundhara, Ghaziabad - UPPCB"
26-Sep-2018 - 00:00,48.99,143.81,0.0,28.62,115.35,10.12,34.22,53.85,56.47,24.56,1.48,40.45,2.49,30.3,2.95,30.45,82.18,739.36,269.98,0.85,27-Sep-2018 - 00:00,"Vasundhara, Ghaziabad - UPPCB"
27-Sep-2018 - 00:00,91.66,240.58,0.0,29.87,108.0,12.3,63.65,58.27,82.74,33.31,2.31,72.2,3.85,40.01,6.19,30.51,79.71,740.07,209.89,0.69,28-Sep-2018 - 00:00,"Vasundhara, Ghaziabad - UPPCB"
28-Sep-2018 - 00:00,105.42,290.11,0.0,31.29,106.59,11.45,85.44,77.72,110.79,39.3,2.78,74.58,4.45,41.95,7.44,32.63,69.73,740.75,197.11,0.46,29-Sep-2018 - 00:00,"Vasundhara, Ghaziabad - UPPCB"
29-Sep-2018 - 00:00,104.6,262.44,0.0,31.47,102.05,25.47,23.96,67.38,55.33,38.84,1.67,82.05,3.48,36.63,4.1,30.66,70.2,741.45,208.97,0.81,30-Sep-2018 - 00:00,"Vasundhara, Ghaziabad - UPPCB"
30-Sep-2018 - 00:00,71.58,182.28,0.0,30.66,109.45,33.71,7.12,47.5,31.06,32.11,1.12,111.41,2.42,26.76,2.05,30.65,68.97,740.92,272.48,1.2,01-Oct-2018 - 00:00,"Vasundhara, Ghaziabad - UPPCB"
01-Oct-2018 - 00:00,77.8,221.49,0.0,31.14,110.06,14.08,22.5,62.98,50.73,30.84,1.28,92.15,2.56,30.41,2.7,30.61,65.5,740.68,245.57,0.9,02-Oct-2018 - 00:00,"Vasundhara, Ghaziabad - UPPCB"
02-Oct-2018 - 00:00,82.36,242.95,0.0,31.65,106.79,21.38,23.16,67.49,54.73,35.37,1.54,71.95,2.82,31.96,3.26,30.7,63.56,741.35,217.92,0.81,03-Oct-2018 - 00:00,"Vasundhara, Ghaziabad - UPPCB"
03-Oct-2018 - 00:00,95.14,265.17,0.0,31.6,102.09,29.56,46.62,72.5,76.46,36.58,1.73,92.14,3.27,30.12,3.54,30.63,59.43,740.72,156.24,0.6,04-Oct-2018 - 00:00,"Vasundhara, Ghaziabad - UPPCB"
04-Oct-2018 - 00:00,123.73,316.66,0.0,31.11,84.13,29.95,55.88,73.05,84.3,39.87,2.42,73.41,3.92,35.95,4.84,30.62,63.3,742.14,176.67,0.71,05-Oct-2018 - 00:00,"Vasundhara, Ghaziabad - UPPCB"
05-Oct-2018 - 00:00,152.03,333.65,0.0,30.06,126.45,31.76,75.95,73.09,100.63,41.85,2.75,86.43,4.9,39.05,7.56,30.65,68.77,744.27,110.97,0.56,06-Oct-2018 - 00:00,"Vasundhara, Ghaziabad - UPPCB"
06-Oct-2018 - 00:00,,,,,,,,,,,,,,,,,,,,,07-Oct-2018 - 00:00,"Vasundhara, Ghaziabad - UPPCB"
07-Oct-2018 - 00:00,,,,,,,,,,,,,,,,,,,,,08-Oct-2018 - 00:00,"Vasundhara, Ghaziabad - UPPCB"
08-Oct-2018 - 00:00,97.85,295.25,0.0,32.81,113.21,28.68,15.5,88.71,59.6,37.64,1.66,69.37,2.72,29.97,3.31,30.24,50.0,739.98,136.65,0.7,09-Oct-2018 - 00:00,"Vasundhara, Ghaziabad - UPPCB"
09-Oct-2018 - 00:00,111.88,300.38,0.0,30.44,104.82,19.61,21.02,68.99,53.78,40.86,1.7,33.68,2.09,23.27,1.79,30.51,61.39,740.09,136.55,1.24,10-Oct-2018 - 00:00,"Vasundhara, Ghaziabad - UPPCB"
10-Oct-2018 - 00:00,91.14,238.31,0.0,30.01,93.01,11.61,9.57,57.7,38.47,43.2,1.3,26.32,,,,30.5,69.17,740.58,137.54,1.44,11-Oct-2018 - 00:00,"Vasundhara, Ghaziabad - UPPCB"
11-Oct-2018 - 00:00,63.65,186.86,0.0,27.2,77.35,16.93,5.99,47.1,29.92,36.32,0.95,23.15,,,,30.64,69.27,742.52,136.98,1.73,12-Oct-2018 - 00:00,"Vasundhara, Ghaziabad - UPPCB"
12-Oct-2018 - 00:00,74.96,197.78,0.0,27.06,99.89,51.82,17.35,64.81,48.57,28.5,1.09,36.32,,,,30.59,57.35,744.46,110.66,0.72,13-Oct-2018 - 00:00,"Vasundhara, Ghaziabad - UPPCB"
13-Oct-2018 - 00:00,266.59,435.41,0.0,24.85,70.02,52.49,33.93,87.85,74.3,39.94,1.86,51.17,,,,30.66,65.95,745.32,143.36,0.45,14-Oct-2018 - 00:00,"Vasundhara, Ghaziabad - UPPCB"
14-Oct-2018 - 00:00,108.63,332.07,0.0,28.13,21.3,39.46,53.26,112.59,103.19,33.47,1.8,47.57,,,,30.65,51.63,743.1,292.03,0.57,15-Oct-2018 - 00:00,"Vasundhara, Ghaziabad - UPPCB"
15-Oct-2018 - 00:00,134.99,330.62,0.0,28.34,95.58,37.31,44.91,93.8,86.4,38.85,1.8,82.66,,,,30.54,56.53,744.12,163.85,0.7,16-Oct-2018 - 00:00,"Vasundhara, Ghaziabad - UPPCB"
16-Oct-2018 - 00:00,152.12,379.18,0.0,29.05,79.11,20.33,49.78,106.29,97.01,44.14,2.27,47.41,,,,30.56,59.8,743.72,142.82,0.5,17-Oct-2018 - 00:00,"Vasundhara, Ghaziabad - UPPCB"
17-Oct-2018 - 00:00,154.57,387.69,0.0,29.31,94.6,19.4,94.83,93.63,126.9,44.61,2.77,48.57,,,,30.49,56.81,742.34,140.78,0.69,18-Oct-2018 - 00:00,"Vasundhara, Ghaziabad - UPPCB"
18-Oct-2018 - 00:00,160.75,394.42,0.0,28.76,84.94,10.92,110.6,91.14,138.39,48.68,3.18,22.99,,,,30.58,61.71,741.76,134.21,0.75,19-Oct-2018 - 00:00,"Vasundhara, Ghaziabad - UPPCB"
19-Oct-2018 - 00:00,147.83,353.93,0.0,28.64,80.83,20.29,63.67,92.26,100.85,46.83,2.23,47.18,,,,30.57,58.26,743.35,200.41,0.68,20-Oct-2018 - 00:00,"Vasundhara, Ghaziabad - UPPCB"
20-Oct-2018 - 00:00,162.19,323.9,0.0,28.34,86.51,17.22,20.8,82.92,61.01,43.35,1.53,44.87,,,,30.59,48.68,745.71,156.15,0.75,21-Oct-2018 - 00:00,"Vasundhara, Ghaziabad - UPPCB"
21-Oct-2018 - 00:00,167.68,338.36,0.0,27.32,81.69,30.79,30.88,90.52,73.26,45.49,1.63,88.31,,,,30.59,50.75,746.4,217.24,0.96,22-Oct-2018 - 00:00,"Vasundhara, Ghaziabad - UPPCB"
22-Oct-2018 - 00:00,151.46,306.06,0.0,26.17,83.85,30.53,44.86,108.48,94.18,42.61,1.86,76.6,,,,30.6,53.06,745.62,269.24,0.83,23-Oct-2018 - 00:00,"Vasundhara, Ghaziabad - UPPCB"
23-Oct-2018 - 00:00,142.91,331.0,0.0,27.4,86.07,18.0,71.95,113.82,119.04,44.36,2.32,49.66,,,,30.63,51.33,745.0,202.67,0.58,24-Oct-2018 - 00:00,"Vasundhara, Ghaziabad - UPPCB"
24-Oct-2018 - 00:00,195.59,406.45,0.0,27.03,71.62,33.47,96.73,117.93,141.36,50.45,3.01,44.22,,,,30.75,56.54,744.94,132.86,0.56,25-Oct-2018 - 00:00,"Vasundhara, Ghaziabad - UPPCB"
25-Oct-2018 - 00:00,180.91,366.3,0.0,26.37,79.64,22.64,81.57,105.82,122.6,50.27,2.68,24.6,,,,30.8,59.49,746.4,95.11,0.52,26-Oct-2018 - 00:00,"Vasundhara, Ghaziabad - UPPCB"
26-Oct-2018 - 00:00,249.22,468.9,0.0,25.88,68.89,18.74,134.92,104.87,165.48,52.27,3.78,30.91,,,,30.8,59.85,748.3,140.6,0.55,27-Oct-2018 - 00:00,"Vasundhara, Ghaziabad - UPPCB"
27-Oct-2018 - 00:00,276.19,525.46,0.0,25.82,63.46,14.51,232.73,111.6,248.57,56.84,5.31,27.15,,,,30.79,65.81,748.5,150.25,0.59,28-Oct-2018 - 00:00,"Vasundhara, Ghaziabad - UPPCB"
28-Oct-2018 - 00:00,341.74,553.62,0.0,26.28,81.02,8.19,148.74,91.17,169.42,60.05,4.42,43.76,,,,30.75,64.27,747.94,169.15,0.81,29-Oct-2018 - 00:00,"Vasundhara, Ghaziabad - UPPCB"
29-Oct-2018 - 00:00,354.54,577.47,0.0,26.24,67.93,15.28,143.91,88.13,163.88,61.17,4.29,65.48,,,,30.69,64.56,747.21,144.9,0.58,30-Oct-2018 - 00:00,"Vasundhara, Ghaziabad - UPPCB"
30-Oct-2018 - 00:00,341.17,555.37,0.0,26.07,57.34,8.88,158.36,84.97,169.01,61.43,4.39,51.83,,,,30.61,67.62,747.12,102.95,0.5,31-Oct-2018 - 00:00,"Vasundhara, Ghaziabad - UPPCB"
31-Oct-2018 - 00:00,204.47,394.46,0.0,25.72,65.4,6.07,124.2,78.41,142.18,67.41,3.05,43.24,,,,30.75,68.36,747.66,96.59,0.51,01-Nov-2018 - 00:00,"Vasundhara, Ghaziabad - UPPCB"
01-Nov-2018 - 00:00,232.53,413.7,0.0,25.6,63.59,7.43,173.95,87.24,187.82,71.84,4.56,35.62,,,,30.56,68.59,746.53,92.55,0.48,02-Nov-2018 - 00:00,"Vasundhara, Ghaziabad - UPPCB"
02-Nov-2018 - 00:00,192.16,341.41,0.0,26.0,64.77,4.47,39.68,91.03,80.67,67.09,2.07,20.15,,,,30.37,63.72,744.91,123.89,0.74,03-Nov-2018 - 00:00,"Vasundhara, Ghaziabad - UPPCB"
03-Nov-2018 - 00:00,143.77,260.09,0.0,25.67,64.72,4.69,14.44,76.46,52.41,62.2,1.36,19.28,,,,30.39,66.64,743.86,119.27,1.69,04-Nov-2018 - 00:00,"Vasundhara, Ghaziabad - UPPCB"
04-Nov-2018 - 00:00,99.11,166.55,0.0,24.56,73.51,7.34,8.98,70.04,44.56,55.07,1.0,20.54,,,,30.41,64.59,745.33,186.03,1.57,05-Nov-2018 - 00:00,"Vasundhara, Ghaziabad - UPPCB"
05-Nov-2018 - 00:00,421.6,533.49,0.0,22.71,58.53,7.92,20.47,92.51,65.84,62.29,2.26,15.65,,,,30.63,70.78,745.79,267.94,1.11,06-Nov-2018 - 00:00,"Vasundhara, Ghaziabad - UPPCB"
06-Nov-2018 - 00:00,176.69,301.1,0.0,23.61,78.58,10.35,17.42,90.94,62.53,49.07,1.4,18.61,,,,30.61,48.9,746.17,265.51,1.76,07-Nov-2018 - 00:00,"Vasundhara, Ghaziabad - UPPCB"
07-Nov-2018 - 00:00,244.82,297.74,0.0,22.9,87.49,26.73,53.93,76.5,84.54,40.0,1.84,43.56,,,,30.68,46.5,746.85,247.29,1.07,08-Nov-2018 - 00:00,"Vasundhara, Ghaziabad - UPPCB"
08-Nov-2018 - 00:00,748.09,643.93,0.0,21.87,63.69,34.41,121.1,103.15,153.32,63.98,3.37,32.33,,,,30.64,59.55,747.04,137.21,0.44,09-Nov-2018 - 00:00,"Vasundhara, Ghaziabad - UPPCB"
09-Nov-2018 - 00:00,316.59,470.06,0.0,22.93,74.59,17.45,87.52,105.75,127.4,65.35,3.23,39.54,,,,30.54,61.8,745.29,205.83,0.47,10-Nov-2018 - 00:00,"Vasundhara, Ghaziabad - UPPCB"
10-Nov-2018 - 00:00,303.0,491.5,0.0,22.57,65.38,16.46,134.85,118.97,172.9,70.1,3.78,30.3,,,,30.62,68.08,746.11,161.1,0.5,11-Nov-2018 - 00:00,"Vasundhara, Ghaziabad - UPPCB"
11-Nov-2018 - 00:00,299.58,483.7,0.0,23.83,71.35,11.78,93.76,120.26,140.2,68.81,3.69,34.94,,,,30.46,65.6,746.48,146.0,0.59,12-Nov-2018 - 00:00,"Vasundhara, Ghaziabad - UPPCB"
12-Nov-2018 - 00:00,315.1,528.84,0.0,23.72,70.61,13.34,99.94,113.9,141.83,70.38,3.66,34.24,,,,30.44,71.42,744.5,96.65,0.59,13-Nov-2018 - 00:00,"Vasundhara, Ghaziabad - UPPCB"
13-Nov-2018 - 00:00,295.65,482.54,0.0,23.46,47.11,12.82,74.28,120.18,124.32,73.66,3.39,30.67,,,,30.61,73.05,742.36,121.71,0.73,14-Nov-2018 - 00:00,"Vasundhara, Ghaziabad - UPPCB"
14-Nov-2018 - 00:00,162.43,253.19,0.05,22.21,67.41,14.58,48.77,93.34,89.3,62.73,2.16,29.6,,,,30.51,75.05,743.22,167.77,1.02,15-Nov-2018 - 00:00,"Vasundhara, Ghaziabad - UPPCB"
15-Nov-2018 - 00:00,103.26,169.89,0.0,23.16,74.74,29.03,36.68,72.74,67.58,51.01,1.11,45.22,,,,30.79,72.46,746.57,187.23,1.16,16-Nov-2018 - 00:00,"Vasundhara, Ghaziabad - UPPCB"
16-Nov-2018 - 00:00,118.8,200.49,0.0,22.27,87.64,15.75,6.82,82.07,49.2,42.77,1.04,40.24,,,,31.2,60.25,745.68,266.85,1.74,17-Nov-2018 - 00:00,"Vasundhara, Ghaziabad - UPPCB"
17-Nov-2018 - 00:00,144.81,256.85,0.0,22.23,81.88,18.2,41.9,99.06,86.76,44.35,1.89,47.69,,,,31.17,60.61,744.14,246.91,1.07,18-Nov-2018 - 00:00,"Vasundhara, Ghaziabad - UPPCB"
18-Nov-2018 - 00:00,202.22,331.67,0.0,22.77,75.5,17.8,110.64,105.59,146.12,59.33,2.7,49.07,,,,30.99,65.0,745.31,164.52,0.94,19-Nov-2018 - 00:00,"Vasundhara, Ghaziabad - UPPCB"
19-Nov-2018 - 00:00,222.12,330.53,0.0,22.85,59.55,19.86,4.58,82.52,47.62,53.74,1.5,43.34,,,,31.19,67.12,747.55,136.55,1.32,20-Nov-2018 - 00:00,"Vasundhara, Ghaziabad - UPPCB"
20-Nov-2018 - 00:00,260.2,400.02,0.0,23.52,71.7,27.03,42.25,118.58,97.42,58.68,2.35,41.59,,,,31.28,68.62,747.75,206.27,0.82,21-Nov-2018 - 00:00,"Vasundhara, Ghaziabad - UPPCB"
21-Nov-2018 - 00:00,208.9,314.18,0.0,23.52,78.19,15.31,40.0,110.97,91.53,49.48,1.99,29.51,,,,31.15,57.44,748.06,255.63,0.9,22-Nov-2018 - 00:00,"Vasundhara, Ghaziabad - UPPCB"
22-Nov-2018 - 00:00,163.37,311.06,0.0,23.07,67.88,24.25,130.59,122.81,171.1,47.96,3.34,30.97,,,,31.11,55.45,748.65,214.85,0.5,23-Nov-2018 - 00:00,"Vasundhara, Ghaziabad - UPPCB"
23-Nov-2018 - 00:00,205.9,355.37,0.0,23.04,64.4,45.48,70.62,105.84,113.7,52.16,2.24,73.58,,,,31.13,53.54,749.83,283.19,1.29,24-Nov-2018 - 00:00,"Vasundhara, Ghaziabad - UPPCB"
24-Nov-2018 - 00:00,104.36,214.64,0.0,22.57,80.1,19.26,19.92,86.05,61.95,39.55,1.18,25.61,,,,31.13,53.29,748.46,270.28,1.62,25-Nov-2018 - 00:00,"Vasundhara, Ghaziabad - UPPCB"
25-Nov-2018 - 00:00,211.84,388.61,0.0,22.02,72.68,31.04,106.05,107.88,143.59,50.41,3.08,52.41,,,,31.25,59.36,748.26,284.7,0.76,26-Nov-2018 - 00:00,"Vasundhara, Ghaziabad - UPPCB"
26-Nov-2018 - 00:00,276.44,464.82,0.0,22.03,69.61,27.96,158.77,110.77,200.97,61.99,2.9,34.0,,,,31.3,66.96,747.35,256.03,0.69,27-Nov-2018 - 00:00,"Vasundhara, Ghaziabad - UPPCB"
27-Nov-2018 - 00:00,238.71,416.16,0.0,22.42,67.81,9.86,174.32,105.24,216.25,60.73,3.78,16.37,,,,31.37,67.75,749.23,147.15,0.76,28-Nov-2018 - 00:00,"Vasundhara, Ghaziabad - UPPCB"
28-Nov-2018 - 00:00,244.0,412.36,0.0,22.46,56.99,17.15,128.74,98.92,157.29,58.73,2.92,19.91,,,,31.38,72.15,750.02,170.18,0.5,29-Nov-2018 - 00:00,"Vasundhara, Ghaziabad - UPPCB"
29-Nov-2018 - 00:00,246.23,377.52,0.0,22.13,59.71,20.03,95.82,107.04,134.83,57.39,3.04,50.45,,,,31.45,70.41,750.26,244.54,0.77,30-Nov-2018 - 00:00,"Vasundhara, Ghaziabad - UPPCB"
30-Nov-2018 - 00:00,218.9,366.48,0.0,21.92,65.62,23.82,62.88,100.02,104.32,47.57,2.41,32.76,,,,31.41,64.72,749.65,276.21,0.88,01-Dec-2018 - 00:00,"Vasundhara, Ghaziabad - UPPCB"
01-Dec-2018 - 00:00,166.2,323.24,0.0,21.24,67.45,16.22,102.72,91.45,132.15,41.05,3.03,25.69,,,,31.49,61.53,747.02,245.28,0.88,02-Dec-2018 - 00:00,"Vasundhara, Ghaziabad - UPPCB"
02-Dec-2018 - 00:00,255.21,437.25,0.0,20.75,62.65,17.45,190.21,98.86,207.22,45.13,5.1,37.38,,,,31.56,63.18,746.42,163.56,0.51,03-Dec-2018 - 00:00,"Vasundhara, Ghaziabad - UPPCB"
03-Dec-2018 - 00:00,266.72,443.15,0.0,20.5,62.45,22.44,137.08,75.5,149.25,42.85,3.59,50.86,,,,31.58,62.95,747.28,193.03,0.61,04-Dec-2018 - 00:00,"Vasundhara, Ghaziabad - UPPCB"
04-Dec-2018 - 00:00,328.34,499.09,0.0,20.24,59.5,20.79,93.05,75.24,95.84,64.47,3.73,34.01,,,,31.67,66.47,749.1,123.65,0.56,05-Dec-2018 - 00:00,"Vasundhara, Ghaziabad - UPPCB"
05-Dec-2018 - 00:00,305.66,487.72,0.0,19.8,60.27,23.69,176.97,100.8,197.5,76.68,4.23,40.08,,,,31.72,68.6,746.61,226.65,0.61,06-Dec-2018 - 00:00,"Vasundhara, Ghaziabad - UPPCB"
06-Dec-2018 - 00:00,277.6,443.81,0.0,19.67,53.59,28.8,122.05,109.22,157.33,73.26,3.57,49.81,,,,31.63,68.94,746.02,199.74,0.59,07-Dec-2018 - 00:00,"Vasundhara, Ghaziabad - UPPCB"
07-Dec-2018 - 00:00,306.69,430.05,0.0,17.29,37.88,29.85,84.01,113.82,128.84,70.29,2.6,86.21,,,,32.1,78.88,746.98,261.14,0.58,08-Dec-2018 - 00:00,"Vasundhara, Ghaziabad - UPPCB"
08-Dec-2018 - 00:00,240.28,385.47,0.0,21.06,75.39,33.2,52.18,117.69,104.95,68.39,2.46,37.41,,,,31.76,59.66,748.16,211.75,0.75,09-Dec-2018 - 00:00,"Vasundhara, Ghaziabad - UPPCB"
09-Dec-2018 - 00:00,273.8,401.85,0.0,18.7,53.36,33.49,87.24,117.48,133.42,65.33,3.11,36.24,,,,32.22,63.14,746.69,194.06,0.52,10-Dec-2018 - 00:00,"Vasundhara, Ghaziabad - UPPCB"
10-Dec-2018 - 00:00,303.02,464.28,0.0,18.19,50.95,29.45,98.3,120.22,143.86,68.48,3.35,19.16,,,,32.32,70.5,746.26,136.69,0.73,11-Dec-2018 - 00:00,"Vasundhara, Ghaziabad - UPPCB"
11-Dec-2018 - 00:00,318.82,480.62,0.0,18.06,44.58,26.39,95.67,121.09,142.19,68.38,3.44,15.21,,,,32.4,75.78,747.31,125.31,0.5,12-Dec-2018 - 00:00,"Vasundhara, Ghaziabad - UPPCB"
12-Dec-2018 - 00:00,215.36,320.78,0.0,18.59,46.78,16.87,52.9,94.93,93.51,61.28,2.09,14.18,,,,32.4,72.48,748.68,124.22,1.1,13-Dec-2018 - 00:00,"Vasundhara, Ghaziabad - UPPCB"
13-Dec-2018 - 00:00,118.93,167.48,0.02,17.51,66.79,48.95,19.96,81.04,59.33,51.1,1.23,44.12,,,,32.64,76.42,751.62,224.43,1.34,14-Dec-2018 - 00:00,"Vasundhara, Ghaziabad - UPPCB"
14-Dec-2018 - 00:00,118.51,177.82,0.0,17.77,69.74,43.96,18.55,87.26,61.5,52.14,1.06,37.48,,,,32.67,73.6,753.72,268.38,1.22,15-Dec-2018 - 00:00,"Vasundhara, Ghaziabad - UPPCB"
15-Dec-2018 - 00:00,143.27,209.4,0.0,17.57,70.14,45.09,18.13,91.52,63.43,53.98,1.24,37.1,,,,32.72,72.2,753.27,269.91,1.21,16-Dec-2018 - 00:00,"Vasundhara, Ghaziabad - UPPCB"
16-Dec-2018 - 00:00,192.1,275.74,0.0,17.66,70.14,34.63,37.19,103.3,85.17,59.71,1.72,34.17,,,,32.71,68.3,753.61,273.29,0.92,17-Dec-2018 - 00:00,"Vasundhara, Ghaziabad - UPPCB"
17-Dec-2018 - 00:00,221.21,339.22,0.0,17.34,63.33,67.22,47.54,106.48,95.29,61.72,1.98,73.33,,,,32.87,63.44,752.16,269.48,1.05,18-Dec-2018 - 00:00,"Vasundhara, Ghaziabad - UPPCB"
18-Dec-2018 - 00:00,192.59,286.18,0.0,17.11,69.76,36.99,29.27,107.97,81.23,61.35,1.63,36.44,,,,32.97,62.08,750.4,281.9,1.23,19-Dec-2018 - 00:00,"Vasundhara, Ghaziabad - UPPCB"
19-Dec-2018 - 00:00,212.36,311.39,0.0,17.31,81.4,32.88,64.12,125.16,118.69,59.53,2.18,34.03,,,,33.0,63.44,749.61,249.89,0.91,20-Dec-2018 - 00:00,"Vasundhara, Ghaziabad - UPPCB"
20-Dec-2018 - 00:00,326.88,454.98,0.0,16.71,65.21,38.47,130.55,122.08,171.06,68.16,3.25,73.03,,,,33.08,65.78,749.95,250.7,0.7,21-Dec-2018 - 00:00,"Vasundhara, Ghaziabad - UPPCB"
21-Dec-2018 - 00:00,282.33,389.22,0.0,16.04,60.68,31.41,67.2,125.74,121.52,71.28,2.46,46.58,,,,33.23,68.07,748.72,273.92,0.83,22-Dec-2018 - 00:00,"Vasundhara, Ghaziabad - UPPCB"
22-Dec-2018 - 00:00,421.05,536.03,0.0,15.68,87.03,26.54,136.76,138.73,185.37,75.62,4.23,35.39,,,,33.15,70.47,749.34,164.31,0.56,23-Dec-2018 - 00:00,"Vasundhara, Ghaziabad - UPPCB"
23-Dec-2018 - 00:00,566.02,669.32,0.0,15.56,75.42,26.27,170.69,121.11,203.19,86.86,4.65,30.19,,,,33.18,74.58,750.06,146.06,0.51,24-Dec-2018 - 00:00,"Vasundhara, Ghaziabad - UPPCB"
24-Dec-2018 - 00:00,345.81,616.73,0.0,15.84,59.08,32.27,174.79,113.3,202.47,89.02,4.91,52.34,,,,33.13,72.31,749.19,192.07,0.77,25-Dec-2018 - 00:00,"Vasundhara, Ghaziabad - UPPCB"
25-Dec-2018 - 00:00,260.6,357.27,0.0,15.5,62.71,26.91,25.4,102.94,75.4,72.77,1.97,33.84,,,,32.59,72.48,748.55,271.01,1.21,26-Dec-2018 - 00:00,"Vasundhara, Ghaziabad - UPPCB"
26-Dec-2018 - 00:00,283.52,403.89,0.0,15.24,64.4,21.0,104.05,107.55,141.8,62.9,3.06,24.31,,,,32.0,66.64,747.24,256.66,0.96,27-Dec-2018 - 00:00,"Vasundhara, Ghaziabad - UPPCB"
27-Dec-2018 - 00:00,317.04,459.81,0.0,15.69,59.49,35.94,109.92,100.33,142.73,62.24,3.15,38.82,,,,31.55,62.99,748.26,182.3,0.85,28-Dec-2018 - 00:00,"Vasundhara, Ghaziabad - UPPCB"
28-Dec-2018 - 00:00,258.43,362.19,0.0,14.59,58.84,21.93,43.45,90.96,83.57,61.61,1.91,25.3,,,,31.87,69.44,748.7,273.61,1.37,29-Dec-2018 - 00:00,"Vasundhara, Ghaziabad - UPPCB"
29-Dec-2018 - 00:00,296.85,418.69,0.0,14.8,64.27,17.83,100.71,105.01,137.73,62.89,2.69,25.21,,,,31.85,67.05,751.01,264.26,0.92,30-Dec-2018 - 00:00,"Vasundhara, Ghaziabad - UPPCB"
30-Dec-2018 - 00:00,470.31,526.0,0.0,15.88,57.92,15.48,132.79,120.29,171.95,77.62,3.83,31.36,,,,31.7,65.39,753.06,179.92,0.54,31-Dec-2018 - 00:00,"Vasundhara, Ghaziabad - UPPCB"
31-Dec-2018 - 00:00,379.0,495.0,0.0,13.45,19.0,18.2,42.2,117.55,96.85,88.3,2.83,8.2,,,,31.05,75.0,753.0,341.5,0.35,01-Jan-2019 - 00:00,"Vasundhara, Ghaziabad - UPPCB"
